,PC1,PC2,PC3
1,0.6901864299779282,-0.5245833445020068,0.3698425112441721
3,0.6901864299779237,-0.5245833445020611,0.3698425112442156
5,0.6292296528928377,-0.5589730195349457,0.22421805678200366
7,0.690186429977901,-0.5245833445020252,0.3698425112442245
9,0.6901864299778887,-0.5245833445020095,0.36984251124426154
11,0.6901864299779341,-0.5245833445020361,0.36984251124421
13,0.6292296528928412,-0.5589730195349591,0.22421805678200504
15,0.6901864299779313,-0.5245833445020355,0.3698425112442079
17,0.6901864299779313,-0.5245833445020355,0.3698425112442079
19,0.6292296528928419,-0.5589730195349593,0.2242180567820057
21,0.6412742658621817,-0.5466162953328759,0.3259981032799241
23,0.6251980120369715,-0.5347921248827893,0.34064550607587274
25,0.6251980120369715,-0.5347921248827893,0.34064550607587274
27,0.6284199006148811,-0.5590849841410663,0.2240926631170856
29,0.6412742658621817,-0.5466162953328759,0.3259981032799241
31,0.6284199006148811,-0.5590849841410663,0.2240926631170856
33,0.6412742658621817,-0.5466162953328759,0.3259981032799241
35,0.6412742658621817,-0.5466162953328759,0.3259981032799241
37,0.6412742658621817,-0.5466162953328759,0.3259981032799241
39,-2.3444693960910143,-0.385069371064603,0.22694189546769064
41,-2.3444693960910143,-0.385069371064603,0.22694189546769064
43,-2.3444693960910143,-0.385069371064603,0.22694189546769064
45,-2.3444693960910143,-0.385069371064603,0.22694189546769064
47,-2.3444693960910143,-0.385069371064603,0.22694189546769064
49,-2.3444693960910143,-0.385069371064603,0.22694189546769064
51,-2.3444693960910143,-0.385069371064603,0.22694189546769064
53,-2.3444693960910143,-0.385069371064603,0.22694189546769064
55,-2.3444693960910143,-0.385069371064603,0.22694189546769064
57,-2.3444693960910143,-0.385069371064603,0.22694189546769064
59,-2.3444693960910143,-0.385069371064603,0.22694189546769064
61,-2.3444693960910143,-0.385069371064603,0.22694189546769064
63,-2.3444693960910143,-0.385069371064603,0.22694189546769064
65,-2.3444693960910143,-0.385069371064603,0.22694189546769064
67,-2.3444693960910143,-0.385069371064603,0.22694189546769064
69,-2.3444693960910143,-0.385069371064603,0.22694189546769064
71,-2.3444693960910143,-0.385069371064603,0.22694189546769064
73,-2.3444693960910143,-0.385069371064603,0.22694189546769064
75,-2.3444693960910143,-0.385069371064603,0.22694189546769064
77,-2.3444693960910143,-0.385069371064603,0.22694189546769064
79,-2.3444693960910143,-0.385069371064603,0.22694189546769064
81,-2.3444693960910143,-0.385069371064603,0.22694189546769064
83,-2.3444693960910143,-0.385069371064603,0.22694189546769064
85,-2.3444693960910143,-0.385069371064603,0.22694189546769064
87,-2.3444693960910143,-0.385069371064603,0.22694189546769064
89,-2.3444693960910143,-0.385069371064603,0.22694189546769064
91,-2.3444693960910143,-0.385069371064603,0.22694189546769064
93,-2.3444693960910143,-0.385069371064603,0.22694189546769064
95,-2.3444693960910143,-0.385069371064603,0.22694189546769064
97,-2.3444693960910143,-0.385069371064603,0.22694189546769064
99,-2.3444693960910143,-0.385069371064603,0.22694189546769064
101,-2.3444693960910143,-0.385069371064603,0.22694189546769064
103,-2.3444693960910143,-0.385069371064603,0.22694189546769064
105,-2.3444693960910143,-0.385069371064603,0.22694189546769064
107,-2.3444693960910143,-0.385069371064603,0.22694189546769064
109,-2.3444693960910143,-0.385069371064603,0.22694189546769064
111,-2.3444693960910143,-0.385069371064603,0.22694189546769064
113,-2.3444693960910143,-0.385069371064603,0.22694189546769064
115,-2.3444693960910143,-0.385069371064603,0.22694189546769064
117,-2.3444693960910143,-0.385069371064603,0.22694189546769064
119,-2.3444693960910143,-0.385069371064603,0.22694189546769064
189,-2.3444693960910143,-0.385069371064603,0.22694189546769064
191,-2.3444693960910143,-0.385069371064603,0.22694189546769064
193,-2.3444693960910143,-0.385069371064603,0.22694189546769064
195,-2.3444693960910143,-0.385069371064603,0.22694189546769064
197,-2.3444693960910143,-0.385069371064603,0.22694189546769064
199,-2.3444693960910143,-0.385069371064603,0.22694189546769064
201,-2.3444693960910143,-0.385069371064603,0.22694189546769064
203,-2.3444693960910143,-0.385069371064603,0.22694189546769064
205,0.37086689305924286,8.686388233754348,-0.2431227662231194
207,0.7217779428699508,9.94382264566396,-0.3546405589761752
209,0.6582678584150887,9.905852774647197,-0.36260217082069807
211,0.6019060145188829,9.703457508960682,-0.34444365364558555
213,0.4780829068020811,9.259087028947558,-0.3048200723610752
215,0.46682473040248484,9.21870482331535,-0.3012373685750353
217,-0.2749125497945646,7.082608945519045,-0.4749787104224376
219,-0.25266395002638703,7.16288960384476,-0.4825246498622905
221,-0.2749125497945646,7.082608945519045,-0.4749787104224376
223,-0.24124849205327997,7.204080532295069,-0.48639637012517517
225,-0.24124849205327997,7.204080532295069,-0.48639637012517517
227,-0.24124849205327997,7.204080532295069,-0.48639637012517517
229,0.4932214887157785,8.715634989199872,-0.9957614606251043
231,0.4932214887157785,8.715634989199872,-0.9957614606251043
233,0.4932214887157785,8.715634989199872,-0.9957614606251043
235,-2.3444693960910143,-0.385069371064603,0.22694189546769064
237,-2.3444693960910143,-0.385069371064603,0.22694189546769064
239,-2.3444693960910143,-0.385069371064603,0.22694189546769064
241,-2.3444693960910143,-0.385069371064603,0.22694189546769064
243,-2.3444693960910143,-0.385069371064603,0.22694189546769064
245,-2.3444693960910143,-0.385069371064603,0.22694189546769064
247,-1.9279951233186965,-0.13607782027860024,0.27915102936357883
249,-1.9279951233186965,-0.13607782027860024,0.27915102936357883
251,-1.9279951233186965,-0.13607782027860024,0.27915102936357883
253,-1.9605478634442153,-0.15553966408525857,0.27507022418784033
255,-1.9605478634442153,-0.15553966408525857,0.27507022418784033
257,-1.9605478634442153,-0.15553966408525857,0.27507022418784033
259,-1.9605478634442153,-0.15553966408525857,0.27507022418784033
261,-1.9602511491364598,-0.15536227172165226,0.27510742023579615
263,-1.9351831610771029,-0.14037523019220693,0.27824993834712963
265,-1.9351831610771029,-0.14037523019220693,0.27824993834712963
267,-1.9351831610771029,-0.14037523019220693,0.27824993834712963
269,-1.9351831610771029,-0.14037523019220693,0.27824993834712963
271,-1.9370628669036307,-0.14149902318343552,0.2780142987900238
273,-1.9370628669036307,-0.14149902318343552,0.2780142987900238
275,-1.940929152015164,-0.1438105040806669,0.2775296220398274
277,-2.07669069310924,-0.22497632599109185,0.2605105816325759
279,-2.07669069310924,-0.22497632599109185,0.2605105816325759
321,-2.0756152257214797,-0.22433335159818207,0.26064540201529607
323,-2.0756152257214797,-0.22433335159818207,0.26064540201529607
325,-2.0749383435946607,-0.22392867370695468,0.26073025582716675
327,-2.0749383435946607,-0.22392867370695468,0.26073025582716675
329,-2.0749383435946607,-0.22392867370695468,0.26073025582716675
331,-2.0749383435946607,-0.22392867370695468,0.26073025582716675
333,-2.074257796953228,-0.22352180496448842,0.26081556902187725
335,-2.0749383435946607,-0.22392867370695468,0.26073025582716675
337,-2.0741212450952426,-0.22344016664705751,0.26083268713625635
339,-2.0741212450952426,-0.22344016664705751,0.26083268713625635
341,-2.3444693960910143,-0.385069371064603,0.22694189546769064
343,-2.3444693960910143,-0.385069371064603,0.22694189546769064
345,-2.3444693960910143,-0.385069371064603,0.22694189546769064
347,-2.3444693960910143,-0.385069371064603,0.22694189546769064
349,-2.3444693960910143,-0.385069371064603,0.22694189546769064
351,-2.3444693960910143,-0.385069371064603,0.22694189546769064
353,-2.3444693960910143,-0.385069371064603,0.22694189546769064
355,-2.3444693960910143,-0.385069371064603,0.22694189546769064
357,-2.3444693960910143,-0.385069371064603,0.22694189546769064
359,-2.3444693960910143,-0.385069371064603,0.22694189546769064
361,-2.3444693960910143,-0.385069371064603,0.22694189546769064
363,-2.3444693960910143,-0.385069371064603,0.22694189546769064
365,-2.3444693960910143,-0.385069371064603,0.22694189546769064
367,-2.3444693960910143,-0.385069371064603,0.22694189546769064
369,-2.3444693960910143,-0.385069371064603,0.22694189546769064
371,-2.3444693960910143,-0.385069371064603,0.22694189546769064
373,-2.3444693960910143,-0.385069371064603,0.22694189546769064
375,-2.3444693960910143,-0.385069371064603,0.22694189546769064
377,-2.3444693960910143,-0.385069371064603,0.22694189546769064
379,-2.3444693960910143,-0.385069371064603,0.22694189546769064
381,-2.3444693960910143,-0.385069371064603,0.22694189546769064
383,-2.3444693960910143,-0.385069371064603,0.22694189546769064
385,-2.3444693960910143,-0.385069371064603,0.22694189546769064
387,-2.3444693960910143,-0.385069371064603,0.22694189546769064
389,-2.3444693960910143,-0.385069371064603,0.22694189546769064
391,-2.3444693960910143,-0.385069371064603,0.22694189546769064
393,-2.3444693960910143,-0.385069371064603,0.22694189546769064
395,-2.3444693960910143,-0.385069371064603,0.22694189546769064
397,-2.3444693960910143,-0.385069371064603,0.22694189546769064
399,-2.3444693960910143,-0.385069371064603,0.22694189546769064
401,-2.3444693960910143,-0.385069371064603,0.22694189546769064
403,-2.3444693960910143,-0.385069371064603,0.22694189546769064
405,-2.3444693960910143,-0.385069371064603,0.22694189546769064
407,-2.3444693960910143,-0.385069371064603,0.22694189546769064
409,-2.3444693960910143,-0.385069371064603,0.22694189546769064
411,-2.3444693960910143,-0.385069371064603,0.22694189546769064
413,-2.3444693960910143,-0.385069371064603,0.22694189546769064
415,-2.3444693960910143,-0.385069371064603,0.22694189546769064
417,-2.3444693960910143,-0.385069371064603,0.22694189546769064
419,-2.3444693960910143,-0.385069371064603,0.22694189546769064
421,-2.3444693960910143,-0.385069371064603,0.22694189546769064
423,-2.3444693960910143,-0.385069371064603,0.22694189546769064
425,-2.3444693960910143,-0.385069371064603,0.22694189546769064
427,-2.3444693960910143,-0.385069371064603,0.22694189546769064
429,-2.3444693960910143,-0.385069371064603,0.22694189546769064
431,-2.3444693960910143,-0.385069371064603,0.22694189546769064
433,-2.3444693960910143,-0.385069371064603,0.22694189546769064
435,-2.3444693960910143,-0.385069371064603,0.22694189546769064
437,-2.3444693960910143,-0.385069371064603,0.22694189546769064
439,-2.3444693960910143,-0.385069371064603,0.22694189546769064
441,-2.3444693960910143,-0.385069371064603,0.22694189546769064
443,-2.3444693960910143,-0.385069371064603,0.22694189546769064
445,-2.3444693960910143,-0.385069371064603,0.22694189546769064
447,-2.3444693960910143,-0.385069371064603,0.22694189546769064
449,-2.3444693960910143,-0.385069371064603,0.22694189546769064
451,-2.3444693960910143,-0.385069371064603,0.22694189546769064
453,-2.3444693960910143,-0.385069371064603,0.22694189546769064
455,-2.3444693960910143,-0.385069371064603,0.22694189546769064
457,-2.3444693960910143,-0.385069371064603,0.22694189546769064
459,-2.3444693960910143,-0.385069371064603,0.22694189546769064
461,-2.3444693960910143,-0.385069371064603,0.22694189546769064
463,-2.3444693960910143,-0.385069371064603,0.22694189546769064
465,-2.3444693960910143,-0.385069371064603,0.22694189546769064
477,-0.7016874047498439,2.750372958084924,-1.1128060852078228
479,-0.7016874047498439,2.750372958084924,-1.1128060852078228
481,-0.955319502124264,2.2259075757792894,-0.8769751377650394
483,-1.0207520515533688,2.091185993699928,-0.8165521057269975
485,-1.237601431325141,1.9241298288110669,-0.8168814301389377
487,-1.237601431325141,1.9241298288110669,-0.8168814301389377
489,-1.2314870469882166,1.936885940531713,-0.8226475532862052
491,-2.0623490978105554,1.4401502618873068,-0.9268042585050904
493,-2.3444693960910143,-0.385069371064603,0.22694189546769064
495,-2.3444693960910143,-0.385069371064603,0.22694189546769064
497,-2.3444693960910143,-0.385069371064603,0.22694189546769064
499,-2.3444693960910143,-0.385069371064603,0.22694189546769064
501,-2.3444693960910143,-0.385069371064603,0.22694189546769064
503,-2.3444693960910143,-0.385069371064603,0.22694189546769064
505,-2.3444693960910143,-0.385069371064603,0.22694189546769064
507,-2.3444693960910143,-0.385069371064603,0.22694189546769064
509,-2.3444693960910143,-0.385069371064603,0.22694189546769064
511,-2.3444693960910143,-0.385069371064603,0.22694189546769064
513,-2.3444693960910143,-0.385069371064603,0.22694189546769064
515,-2.3444693960910143,-0.385069371064603,0.22694189546769064
517,-2.3444693960910143,-0.385069371064603,0.22694189546769064
519,-2.3444693960910143,-0.385069371064603,0.22694189546769064
521,-2.3444693960910143,-0.385069371064603,0.22694189546769064
523,-2.3444693960910143,-0.385069371064603,0.22694189546769064
525,-2.3444693960910143,-0.385069371064603,0.22694189546769064
527,-2.3444693960910143,-0.385069371064603,0.22694189546769064
529,-2.3444693960910143,-0.385069371064603,0.22694189546769064
531,-2.3444693960910143,-0.385069371064603,0.22694189546769064
533,-2.3444693960910143,-0.385069371064603,0.22694189546769064
535,1.1678104298199203,0.6786102248751358,-1.6345754384958975
537,1.1547138789672664,0.6682825581477324,-1.6212831615573875
539,1.1562574280582054,0.661125656319356,-1.6213282226050267
541,1.1562574280582054,0.661125656319356,-1.6213282226050267
543,1.1562574280582054,0.661125656319356,-1.6213282226050267
545,1.1562574280582054,0.661125656319356,-1.6213282226050267
547,1.1552453670841094,0.6606192189861083,-1.620481565277182
549,1.066390535722007,0.5202335677045958,-1.422098161432702
551,1.066390535722007,0.5202335677045958,-1.422098161432702
553,1.0463690188138424,0.508362199037182,-1.4262284908411165
555,1.0463690188138424,0.508362199037182,-1.4262284908411165
557,1.0463690188138424,0.508362199037182,-1.4262284908411165
559,1.0463690188138424,0.508362199037182,-1.4262284908411165
561,1.0463690188138424,0.508362199037182,-1.4262284908411165
563,1.0463690188138424,0.508362199037182,-1.4262284908411165
565,1.0461837401910778,0.5082415468691307,-1.4260894944850857
567,1.0441486283353165,0.5069164490333717,-1.4245627926258915
569,1.0441486283353165,0.5069164490333717,-1.4245627926258915
571,1.0447031226832262,0.5072774624266924,-1.4249787558793
573,1.0432918034654624,0.4996311366410833,-1.4230705591443629
575,1.0432918034654624,0.4996311366410833,-1.4230705591443629
577,1.0432918034654624,0.4996311366410833,-1.4230705591443629
579,1.0432918034654624,0.4996311366410833,-1.4230705591443629
581,1.0429526944967866,0.4966804225636478,-1.4225141416464016
583,1.0429526944967866,0.4966804225636478,-1.4225141416464016
585,1.0429526944967866,0.4966804225636478,-1.4225141416464016
587,1.0429526944967866,0.4966804225636478,-1.4225141416464016
589,1.0427645978453015,0.4959594880287551,-1.4222551951902682
591,1.0427645978453015,0.4959594880287551,-1.4222551951902682
593,1.0427645978453015,0.4959594880287551,-1.4222551951902682
595,1.0427645978453015,0.4959594880287551,-1.4222551951902682
597,1.0434057476448166,0.49442284366584766,-1.4224685844041305
599,1.0434057476448166,0.49442284366584766,-1.4224685844041305
601,1.0468428776863001,0.4541490163187988,-1.4193304395600785
603,1.0729741648765105,0.41235492096618803,-1.4176324785998853
605,1.0733067624469834,0.4130327086696637,-1.41796656045409
607,1.0733067624469834,0.4130327086696637,-1.41796656045409
609,1.0729741648765105,0.41235492096618803,-1.4176324785998853
611,1.0729741648765105,0.41235492096618803,-1.4176324785998853
613,1.0729741648765105,0.41235492096618803,-1.4176324785998853
615,1.0714576295446754,0.4113894564139398,-1.4165116824839266
617,1.066411861950915,0.41264132178661705,-1.4245253018388147
619,1.067158425681649,0.4121111204846736,-1.424971774532736
621,1.067158425681649,0.4121111204846736,-1.424971774532736
623,1.067158425681649,0.4121111204846736,-1.424971774532736
625,1.0684640891473909,0.4104815264960962,-1.4256408425459262
627,1.0661300747588465,0.4054005206421692,-1.3915253832972025
629,1.0661300747588465,0.4054005206421692,-1.3915253832972025
631,1.0661300747588465,0.4054005206421692,-1.3915253832972025
633,1.0661300747588465,0.4054005206421692,-1.3915253832972025
635,1.066230836728544,0.4053734393879541,-1.3893109611357348
637,1.066230836728544,0.4053734393879541,-1.3893109611357348
639,1.066230836728544,0.4053734393879541,-1.3893109611357348
641,1.066230836728544,0.4053734393879541,-1.3893109611357348
643,1.0659468191585348,0.4051939884486039,-1.389102387648667
645,1.0659468191585348,0.4051939884486039,-1.389102387648667
647,1.0659468191585348,0.4051939884486039,-1.389102387648667
649,1.0775137125204837,0.4185521649976483,-1.3928177546382337
651,1.0670114981643828,0.41574535307955396,-1.4046761414664901
653,1.0670114981643828,0.41574535307955396,-1.4046761414664901
655,1.0670114981643828,0.41574535307955396,-1.4046761414664901
657,1.067158132588497,0.4158383496229407,-1.4047840924036437
659,1.0662787444463346,0.41528066306872,-1.404136705676012
661,1.0662787444463346,0.41528066306872,-1.404136705676012
663,1.0662787444463346,0.41528066306872,-1.404136705676012
665,-2.3444693960910143,-0.385069371064603,0.22694189546769064
667,-2.3444693960910143,-0.385069371064603,0.22694189546769064
669,-2.3444693960910143,-0.385069371064603,0.22694189546769064
671,-2.3444693960910143,-0.385069371064603,0.22694189546769064
673,-2.3444693960910143,-0.385069371064603,0.22694189546769064
675,-2.3444693960910143,-0.385069371064603,0.22694189546769064
677,-2.3444693960910143,-0.385069371064603,0.22694189546769064
679,-2.3444693960910143,-0.385069371064603,0.22694189546769064
681,-2.3444693960910143,-0.385069371064603,0.22694189546769064
683,-2.3444693960910143,-0.385069371064603,0.22694189546769064
685,-2.3444693960910143,-0.385069371064603,0.22694189546769064
687,-2.3444693960910143,-0.385069371064603,0.22694189546769064
689,-2.3444693960910143,-0.385069371064603,0.22694189546769064
691,-2.3444693960910143,-0.385069371064603,0.22694189546769064
693,-2.3444693960910143,-0.385069371064603,0.22694189546769064
695,-2.3444693960910143,-0.385069371064603,0.22694189546769064
697,-2.3444693960910143,-0.385069371064603,0.22694189546769064
699,-2.3444693960910143,-0.385069371064603,0.22694189546769064
701,-2.3444693960910143,-0.385069371064603,0.22694189546769064
703,-2.3444693960910143,-0.385069371064603,0.22694189546769064
705,-2.3444693960910143,-0.385069371064603,0.22694189546769064
707,-2.3444693960910143,-0.385069371064603,0.22694189546769064
709,-2.3444693960910143,-0.385069371064603,0.22694189546769064
711,-2.3444693960910143,-0.385069371064603,0.22694189546769064
713,-2.3444693960910143,-0.385069371064603,0.22694189546769064
715,-2.3444693960910143,-0.385069371064603,0.22694189546769064
717,-2.3444693960910143,-0.385069371064603,0.22694189546769064
719,-2.3444693960910143,-0.385069371064603,0.22694189546769064
721,-2.3444693960910143,-0.385069371064603,0.22694189546769064
723,-2.3444693960910143,-0.385069371064603,0.22694189546769064
725,-2.3444693960910143,-0.385069371064603,0.22694189546769064
727,-2.3444693960910143,-0.385069371064603,0.22694189546769064
729,-2.3444693960910143,-0.385069371064603,0.22694189546769064
731,-2.3444693960910143,-0.385069371064603,0.22694189546769064
733,-2.3444693960910143,-0.385069371064603,0.22694189546769064
735,-2.3444693960910143,-0.385069371064603,0.22694189546769064
737,-2.3444693960910143,-0.385069371064603,0.22694189546769064
739,-2.3444693960910143,-0.385069371064603,0.22694189546769064
741,-2.3444693960910143,-0.385069371064603,0.22694189546769064
743,-2.3444693960910143,-0.385069371064603,0.22694189546769064
745,-2.3444693960910143,-0.385069371064603,0.22694189546769064
747,-2.3444693960910143,-0.385069371064603,0.22694189546769064
749,-2.3444693960910143,-0.385069371064603,0.22694189546769064
751,-2.3444693960910143,-0.385069371064603,0.22694189546769064
753,-2.3444693960910143,-0.385069371064603,0.22694189546769064
755,-2.3444693960910143,-0.385069371064603,0.22694189546769064
757,-2.3444693960910143,-0.385069371064603,0.22694189546769064
759,-2.3444693960910143,-0.385069371064603,0.22694189546769064
761,-2.3444693960910143,-0.385069371064603,0.22694189546769064
763,-2.3444693960910143,-0.385069371064603,0.22694189546769064
765,-2.3444693960910143,-0.385069371064603,0.22694189546769064
767,-2.3444693960910143,-0.385069371064603,0.22694189546769064
769,-2.3444693960910143,-0.385069371064603,0.22694189546769064
771,-2.3444693960910143,-0.385069371064603,0.22694189546769064
773,-2.3444693960910143,-0.385069371064603,0.22694189546769064
775,-2.3444693960910143,-0.385069371064603,0.22694189546769064
777,-2.3444693960910143,-0.385069371064603,0.22694189546769064
779,-2.3444693960910143,-0.385069371064603,0.22694189546769064
781,-2.3444693960910143,-0.385069371064603,0.22694189546769064
783,-2.3444693960910143,-0.385069371064603,0.22694189546769064
785,-2.3444693960910143,-0.385069371064603,0.22694189546769064
787,-2.3444693960910143,-0.385069371064603,0.22694189546769064
789,-2.3444693960910143,-0.385069371064603,0.22694189546769064
791,-2.3444693960910143,-0.385069371064603,0.22694189546769064
793,-2.3444693960910143,-0.385069371064603,0.22694189546769064
795,-2.3444693960910143,-0.385069371064603,0.22694189546769064
797,-2.3444693960910143,-0.385069371064603,0.22694189546769064
799,-2.3444693960910143,-0.385069371064603,0.22694189546769064
801,-2.3444693960910143,-0.385069371064603,0.22694189546769064
803,-2.3444693960910143,-0.385069371064603,0.22694189546769064
805,-2.3444693960910143,-0.385069371064603,0.22694189546769064
807,-2.3444693960910143,-0.385069371064603,0.22694189546769064
809,-2.3444693960910143,-0.385069371064603,0.22694189546769064
811,-2.3444693960910143,-0.385069371064603,0.22694189546769064
813,-2.3444693960910143,-0.385069371064603,0.22694189546769064
815,-2.3444693960910143,-0.385069371064603,0.22694189546769064
817,-2.3444693960910143,-0.385069371064603,0.22694189546769064
819,-2.3444693960910143,-0.385069371064603,0.22694189546769064
821,-2.3444693960910143,-0.385069371064603,0.22694189546769064
823,-2.3444693960910143,-0.385069371064603,0.22694189546769064
825,-2.3444693960910143,-0.385069371064603,0.22694189546769064
827,-2.3444693960910143,-0.385069371064603,0.22694189546769064
829,-2.3444693960910143,-0.385069371064603,0.22694189546769064
831,-2.3444693960910143,-0.385069371064603,0.22694189546769064
833,-2.3444693960910143,-0.385069371064603,0.22694189546769064
835,-2.3444693960910143,-0.385069371064603,0.22694189546769064
837,-2.3444693960910143,-0.385069371064603,0.22694189546769064
839,-2.3444693960910143,-0.385069371064603,0.22694189546769064
841,-2.3444693960910143,-0.385069371064603,0.22694189546769064
843,-2.3444693960910143,-0.385069371064603,0.22694189546769064
845,-2.3444693960910143,-0.385069371064603,0.22694189546769064
847,-2.3444693960910143,-0.385069371064603,0.22694189546769064
849,-2.3444693960910143,-0.385069371064603,0.22694189546769064
851,-2.3444693960910143,-0.385069371064603,0.22694189546769064
853,-2.3444693960910143,-0.385069371064603,0.22694189546769064
855,-2.3444693960910143,-0.385069371064603,0.22694189546769064
857,-2.3444693960910143,-0.385069371064603,0.22694189546769064
859,-2.3444693960910143,-0.385069371064603,0.22694189546769064
861,-2.3444693960910143,-0.385069371064603,0.22694189546769064
863,-2.3444693960910143,-0.385069371064603,0.22694189546769064
865,-2.3444693960910143,-0.385069371064603,0.22694189546769064
867,-2.3444693960910143,-0.385069371064603,0.22694189546769064
869,-2.3444693960910143,-0.385069371064603,0.22694189546769064
871,-2.3444693960910143,-0.385069371064603,0.22694189546769064
873,-2.3444693960910143,-0.385069371064603,0.22694189546769064
875,-2.3444693960910143,-0.385069371064603,0.22694189546769064
877,-2.3444693960910143,-0.385069371064603,0.22694189546769064
879,-2.3444693960910143,-0.385069371064603,0.22694189546769064
881,-2.3444693960910143,-0.385069371064603,0.22694189546769064
883,-2.3444693960910143,-0.385069371064603,0.22694189546769064
885,-2.3444693960910143,-0.385069371064603,0.22694189546769064
887,-2.3444693960910143,-0.385069371064603,0.22694189546769064
889,-2.3444693960910143,-0.385069371064603,0.22694189546769064
891,-2.3444693960910143,-0.385069371064603,0.22694189546769064
893,-2.3444693960910143,-0.385069371064603,0.22694189546769064
895,-2.3444693960910143,-0.385069371064603,0.22694189546769064
897,-2.3444693960910143,-0.385069371064603,0.22694189546769064
899,-2.3444693960910143,-0.385069371064603,0.22694189546769064
901,-2.3444693960910143,-0.385069371064603,0.22694189546769064
903,-2.3444693960910143,-0.385069371064603,0.22694189546769064
905,-2.3444693960910143,-0.385069371064603,0.22694189546769064
907,-2.3444693960910143,-0.385069371064603,0.22694189546769064
909,-2.3444693960910143,-0.385069371064603,0.22694189546769064
911,-2.3444693960910143,-0.385069371064603,0.22694189546769064
913,-2.3444693960910143,-0.385069371064603,0.22694189546769064
915,-2.3444693960910143,-0.385069371064603,0.22694189546769064
917,-2.3444693960910143,-0.385069371064603,0.22694189546769064
919,-2.3444693960910143,-0.385069371064603,0.22694189546769064
921,-2.3444693960910143,-0.385069371064603,0.22694189546769064
923,-2.3444693960910143,-0.385069371064603,0.22694189546769064
925,-2.3444693960910143,-0.385069371064603,0.22694189546769064
927,-2.3444693960910143,-0.385069371064603,0.22694189546769064
929,-2.3444693960910143,-0.385069371064603,0.22694189546769064
931,-2.3444693960910143,-0.385069371064603,0.22694189546769064
933,-2.3444693960910143,-0.385069371064603,0.22694189546769064
935,-2.3444693960910143,-0.385069371064603,0.22694189546769064
937,-2.3444693960910143,-0.385069371064603,0.22694189546769064
939,-2.3444693960910143,-0.385069371064603,0.22694189546769064
941,-2.3444693960910143,-0.385069371064603,0.22694189546769064
943,-2.3444693960910143,-0.385069371064603,0.22694189546769064
945,-2.3444693960910143,-0.385069371064603,0.22694189546769064
947,-2.3444693960910143,-0.385069371064603,0.22694189546769064
949,-2.3444693960910143,-0.385069371064603,0.22694189546769064
955,2.584602668453267,-1.060938386902184,-0.03984652508963674
957,2.5815423299957105,-1.0109392805926383,-0.06388795717880554
959,2.5815184246158847,-1.010940872325835,-0.06387903194670345
961,2.5827930211600827,-0.9902579749717159,-0.077315890231095
963,2.588312837131787,-0.9914663409191243,-0.07197169848668643
965,2.588312837131787,-0.9914663409191243,-0.07197169848668643
967,2.5827930211600827,-0.9902579749717159,-0.077315890231095
969,2.5827930211600827,-0.9902579749717159,-0.077315890231095
971,2.5828169902962497,-0.9902557385305233,-0.07732521186241072
973,2.5824722936750053,-0.9894071464462157,-0.08336445509669764
975,2.5880884536760767,-0.9906290747125865,-0.07795965294059513
977,2.588064385402152,-0.9906313345808395,-0.07795028719773378
979,2.588064385402152,-0.9906313345808395,-0.07795028719773378
981,2.6567166833214197,-0.9613553611574384,-0.0844803421813645
983,2.654742447928597,-1.0088683975614876,-0.06610381215644301
985,2.660316293847664,-1.010088591430129,-0.06070730953788115
987,2.660316293847664,-1.010088591430129,-0.06070730953788115
989,2.654742447928597,-1.0088683975614876,-0.06610381215644301
991,2.660316293847664,-1.010088591430129,-0.06070730953788115
993,2.654742447928597,-1.0088683975614876,-0.06610381215644301
995,2.660316293847664,-1.010088591430129,-0.06070730953788115
997,2.660316293847664,-1.010088591430129,-0.06070730953788115
999,2.660750223418742,-1.0100741488716871,-0.060866111350327164
1001,2.660750223418742,-1.0100741488716871,-0.060866111350327164
1003,2.655176377499675,-1.008853955003046,-0.06626261396888915
1005,1.0671809109232806,0.3482075435374832,-0.6594079878701479
1007,1.0809473080605077,0.35653072299337785,-0.660757446885713
1009,1.0809473080605077,0.35653072299337785,-0.660757446885713
1011,0.8024405590630584,0.8344045504800007,-0.9649618328591821
1013,0.8024405590630584,0.8344045504800007,-0.9649618328591821
1015,0.8024405590630584,0.8344045504800007,-0.9649618328591821
1017,0.8024405590630584,0.8344045504800007,-0.9649618328591821
1019,0.8024405590630584,0.8344045504800007,-0.9649618328591821
1021,0.8024405590630584,0.8344045504800007,-0.9649618328591821
1023,0.8024405590630584,0.8344045504800007,-0.9649618328591821
1025,0.7951673542901512,0.940795994959215,-1.0399412964895174
1027,0.7951673542901512,0.940795994959215,-1.0399412964895174
1029,0.7951673542901512,0.940795994959215,-1.0399412964895174
1031,0.7970169570442347,0.9425953340936587,-1.0405738023852125
1033,0.7970169570442347,0.9425953340936587,-1.0405738023852125
1035,0.7956293761026934,0.9412453505004466,-1.0400993130754224
1037,0.7956293761026934,0.9412453505004466,-1.0400993130754224
1039,0.7956293761026934,0.9412453505004466,-1.0400993130754224
1041,0.7956293761026934,0.9412453505004466,-1.0400993130754224
1043,0.7956293761026934,0.9412453505004466,-1.0400993130754224
1045,0.8016587232984113,0.9471161595398802,-1.042160216872664
1047,0.8007283320908994,0.9462094136100273,-1.0418423431397914
1049,0.799798961948165,0.9453039611054304,-1.0415247654000181
1051,0.799798961948165,0.9453039611054304,-1.0415247654000181
1053,0.799798961948165,0.9453039611054304,-1.0415247654000181
1055,0.799798961948165,0.9453039611054304,-1.0415247654000181
1057,0.799798961948165,0.9453039611054304,-1.0415247654000181
1059,0.799798961948165,0.9453039611054304,-1.0415247654000181
1061,0.799798961948165,0.9453039611054304,-1.0415247654000181
1063,0.799798961948165,0.9453039611054304,-1.0415247654000181
1065,0.799798961948165,0.9453039611054304,-1.0415247654000181
1067,0.799798961948165,0.9453039611054304,-1.0415247654000181
1069,0.799798961948165,0.9453039611054304,-1.0415247654000181
1071,0.799798961948165,0.9453039611054304,-1.0415247654000181
1073,0.7862080140757204,0.9320968457518787,-1.036874505377183
1075,0.7866651647700345,0.9325400491473348,-1.0370311083743524
1077,0.786436558505108,0.932318408454126,-1.0369527978989703
1079,0.786436558505108,0.932318408454126,-1.0369527978989703
1081,0.786436558505108,0.932318408454126,-1.0369527978989703
1083,0.786436558505108,0.932318408454126,-1.0369527978989703
1085,0.7862080140757204,0.9320968457518787,-1.036874505377183
1087,0.786436558505108,0.932318408454126,-1.0369527978989703
1089,0.786436558505108,0.932318408454126,-1.0369527978989703
1091,0.786436558505108,0.932318408454126,-1.0369527978989703
1093,0.7862080140757204,0.9320968457518787,-1.036874505377183
1095,0.7871225629314451,0.9329835646859139,-1.03718778322031
1097,0.7871225629314451,0.9329835646859139,-1.03718778322031
1099,0.7871225629314451,0.9329835646859139,-1.03718778322031
1101,0.7871225629314451,0.9329835646859139,-1.03718778322031
1103,0.7634381228016672,0.9101129822318065,-1.0290579481673614
1105,0.7576748121962823,0.9045770315560197,-1.0270743486236393
1107,0.7576748121962823,0.9045770315560197,-1.0270743486236393
1109,0.7578957495062788,0.9047890414001528,-1.0271504287229223
1111,0.7576748121962823,0.9045770315560197,-1.0270743486236393
1113,0.7576748121962823,0.9045770315560197,-1.0270743486236393
1115,0.7576748121962823,0.9045770315560197,-1.0270743486236393
1117,0.7576748121962823,0.9045770315560197,-1.0270743486236393
1119,0.7576748121962823,0.9045770315560197,-1.0270743486236393
1121,0.7576748121962823,0.9045770315560197,-1.0270743486236393
1123,0.7576748121962823,0.9045770315560197,-1.0270743486236393
1125,0.7578957495062788,0.9047890414001528,-1.0271504287229223
1127,0.7578957495062788,0.9047890414001528,-1.0271504287229223
1129,0.7578957495062788,0.9047890414001528,-1.0271504287229223
1131,0.7578957495062788,0.9047890414001528,-1.0271504287229223
1133,0.7578957495062788,0.9047890414001528,-1.0271504287229223
1135,0.7578957495062788,0.9047890414001528,-1.0271504287229223
1137,0.7578957495062788,0.9047890414001528,-1.0271504287229223
1139,0.7578957495062788,0.9047890414001528,-1.0271504287229223
1141,0.7578957495062788,0.9047890414001528,-1.0271504287229223
1143,0.7578957495062788,0.9047890414001528,-1.0271504287229223
1145,0.7551918163192228,0.9230053963690968,-1.0379110584251698
1147,1.8368261039385185,0.9955026213001282,3.9661556737039825
1149,1.8368261039385185,0.9955026213001282,3.9661556737039825
1151,1.8368261039385185,0.9955026213001282,3.9661556737039825
1153,1.8368261039385185,0.9955026213001282,3.9661556737039825
1179,1.8347521541357712,0.9964148196823525,3.963749539971445
1181,1.8110641596368175,0.8987449814168382,3.8784465154365013
1183,1.8110641596368175,0.8987449814168382,3.8784465154365013
1185,1.8114530686685602,0.8987192833249384,3.878962599411284
1187,1.8114530686685602,0.8987192833249384,3.878962599411284
1189,1.8114530686685602,0.8987192833249384,3.878962599411284
1191,1.81148321439338,0.898700632533021,3.8789399514546643
1193,1.811850655972365,0.8968543778153807,3.8795400676938785
1195,1.811850655972365,0.8968543778153807,3.8795400676938785
1197,1.811850655972365,0.8968543778153807,3.8795400676938785
1199,2.3822323352097237,0.6068973450910649,3.4691230163687328
1201,2.3822323352097237,0.6068973450910649,3.4691230163687328
1203,2.3822323352097237,0.6068973450910649,3.4691230163687328
1205,2.3822323352097237,0.6068973450910649,3.4691230163687328
1207,2.37742373205241,0.607002467381833,3.4647784151116587
1209,2.37742373205241,0.607002467381833,3.4647784151116587
1211,2.37742373205241,0.607002467381833,3.4647784151116587
1213,2.37742373205241,0.607002467381833,3.4647784151116587
1215,2.3769884648947213,0.6070969838721791,3.4643624451002863
1217,2.3769837201726323,0.6070987922185133,3.464352403109192
1256,-1.5586568410765846,0.30861593901955253,1.5908438845141168
1258,-1.5586568410765846,0.30861593901955253,1.5908438845141168
1260,-1.5518011195803243,0.31378002625175533,1.6002812336495358
1262,-1.5518011195803243,0.31378002625175533,1.6002812336495358
1264,-1.5518011195803243,0.31378002625175533,1.6002812336495358
1266,-1.5366407947001541,0.32515223740013705,1.6210269211970647
1268,-1.5366407947001541,0.32515223740013705,1.6210269211970647
1270,-1.5366407947001541,0.32515223740013705,1.6210269211970647
1272,3.4555541190643844,0.5057413283542629,1.4686802071371272
1274,3.4555541190643844,0.5057413283542629,1.4686802071371272
1276,3.4555541190643844,0.5057413283542629,1.4686802071371272
1278,3.4555541190643844,0.5057413283542629,1.4686802071371272
1280,3.4555541190643844,0.5057413283542629,1.4686802071371272
1282,3.4555541190643844,0.5057413283542629,1.4686802071371272
1284,3.4555541190643844,0.5057413283542629,1.4686802071371272
1286,3.4555541190643844,0.5057413283542629,1.4686802071371272
1288,3.455915088978212,0.5059747417491034,1.4687330034630992
1290,3.455915088978212,0.5059747417491034,1.4687330034630992
1292,3.455915088978212,0.5059747417491034,1.4687330034630992
1294,3.455915088978212,0.5059747417491034,1.4687330034630992
1296,3.4553335897454405,0.5055987373739529,1.4686479481409402
1298,3.455915088978212,0.5059747417491034,1.4687330034630992
1300,3.4553335897454405,0.5055987373739529,1.4686479481409402
1302,-2.0889282995250635,-0.09605507483836706,0.8588309772188454
1304,-0.43738163989274054,3.299278163998172,-1.360261811625077
1306,-0.43738163989274054,3.299278163998172,-1.360261811625077
1308,-0.43738163989274054,3.299278163998172,-1.360261811625077
1310,-0.43738163989274054,3.299278163998172,-1.360261811625077
1312,-0.43738163989274054,3.299278163998172,-1.360261811625077
1314,-0.43738163989274054,3.299278163998172,-1.360261811625077
1316,-0.43738163989274054,3.299278163998172,-1.360261811625077
1318,-0.43738163989274054,3.299278163998172,-1.360261811625077
1320,-0.43738163989274054,3.299278163998172,-1.360261811625077
1322,-0.43738163989274054,3.299278163998172,-1.360261811625077
1324,-0.43738163989274054,3.299278163998172,-1.360261811625077
1326,-0.43738163989274054,3.299278163998172,-1.360261811625077
1328,-0.43738163989274054,3.299278163998172,-1.360261811625077
1330,-0.43738163989274054,3.299278163998172,-1.360261811625077
1332,-0.43738163989274054,3.299278163998172,-1.360261811625077
1334,-0.43738163989274054,3.299278163998172,-1.360261811625077
1336,-0.43738163989274054,3.299278163998172,-1.360261811625077
1338,-0.43738163989274054,3.299278163998172,-1.360261811625077
1340,-0.43738163989274054,3.299278163998172,-1.360261811625077
1342,-0.6509321702348532,2.855639598532241,-1.1602244494414047
1344,-0.43738163989274054,3.299278163998172,-1.360261811625077
1346,-0.6509321702348532,2.855639598532241,-1.1602244494414047
1348,-0.6509321702348532,2.855639598532241,-1.1602244494414047
1350,-0.6509321702348532,2.855639598532241,-1.1602244494414047
1352,-0.6509321702348532,2.855639598532241,-1.1602244494414047
1354,-2.3444693960910143,-0.385069371064603,0.22694189546769064
1356,-2.3444693960910143,-0.385069371064603,0.22694189546769064
1358,-2.3444693960910143,-0.385069371064603,0.22694189546769064
1360,-2.3444693960910143,-0.385069371064603,0.22694189546769064
1362,-2.3444693960910143,-0.385069371064603,0.22694189546769064
1364,-2.3444693960910143,-0.385069371064603,0.22694189546769064
1366,-2.3444693960910143,-0.385069371064603,0.22694189546769064
1368,-2.3444693960910143,-0.385069371064603,0.22694189546769064
1370,-2.3444693960910143,-0.385069371064603,0.22694189546769064
1372,-2.3444693960910143,-0.385069371064603,0.22694189546769064
1374,-2.3444693960910143,-0.385069371064603,0.22694189546769064
1376,-2.3444693960910143,-0.385069371064603,0.22694189546769064
1378,-2.3444693960910143,-0.385069371064603,0.22694189546769064
1380,-2.3444693960910143,-0.385069371064603,0.22694189546769064
1382,-2.3444693960910143,-0.385069371064603,0.22694189546769064
1384,-2.3444693960910143,-0.385069371064603,0.22694189546769064
1386,-2.3444693960910143,-0.385069371064603,0.22694189546769064
1388,-2.3444693960910143,-0.385069371064603,0.22694189546769064
1390,-2.3444693960910143,-0.385069371064603,0.22694189546769064
1392,-2.3444693960910143,-0.385069371064603,0.22694189546769064
1394,-2.3444693960910143,-0.385069371064603,0.22694189546769064
1396,-2.3444693960910143,-0.385069371064603,0.22694189546769064
1398,-2.3444693960910143,-0.385069371064603,0.22694189546769064
1400,-2.3444693960910143,-0.385069371064603,0.22694189546769064
1402,-2.3444693960910143,-0.385069371064603,0.22694189546769064
1404,-2.3444693960910143,-0.385069371064603,0.22694189546769064
1406,-2.0443039033795993,-0.20561369658763784,0.2645705832989384
1434,-1.8911109357951927,2.5480012641938963,-1.627091944441786
1436,-1.8911109357951927,2.5480012641938963,-1.627091944441786
1438,-1.8911109357951927,2.5480012641938963,-1.627091944441786
1440,-1.8911109357951927,2.5480012641938963,-1.627091944441786
1442,-1.8911109357951927,2.5480012641938963,-1.627091944441786
1444,-1.8911109357951927,2.5480012641938963,-1.627091944441786
1446,-1.8911109357951927,2.5480012641938963,-1.627091944441786
1448,-1.8911109357951927,2.5480012641938963,-1.627091944441786
1450,-1.8911109357951927,2.5480012641938963,-1.627091944441786
1452,-1.8911109357951927,2.5480012641938963,-1.627091944441786
1454,-1.8911109357951927,2.5480012641938963,-1.627091944441786
1456,-1.8911109357951927,2.5480012641938963,-1.627091944441786
1458,-1.8911109357951927,2.5480012641938963,-1.627091944441786
1460,-1.8911109357951927,2.5480012641938963,-1.627091944441786
1462,-1.8911109357951927,2.5480012641938963,-1.627091944441786
1464,-1.8911109357951927,2.5480012641938963,-1.627091944441786
1466,-0.3398271578313663,0.10116130268191166,0.9434881435147088
1468,-0.3329076429571909,0.10297700999331565,0.9464100567096689
1470,-0.33675954938297364,0.10196619283734235,0.9447833130895192
1472,-0.33906140990458444,0.10136221310105216,0.9438114196487197
1474,1.5119218130524306,0.7842446896416482,-1.0649439587694896
1476,1.5119218130524306,0.7842446896416482,-1.0649439587694896
1478,1.5119218130524306,0.7842446896416482,-1.0649439587694896
1480,1.5119218130524306,0.7842446896416482,-1.0649439587694896
1482,1.5119218130524306,0.7842446896416482,-1.0649439587694896
1484,1.5119218130524306,0.7842446896416482,-1.0649439587694896
1486,1.5119218130524306,0.7842446896416482,-1.0649439587694896
1488,1.5119218130524306,0.7842446896416482,-1.0649439587694896
1490,1.5119218130524306,0.7842446896416482,-1.0649439587694896
1492,1.5120474908472739,0.784400220774331,-1.0650058399125293
1494,1.5119218130524306,0.7842446896416482,-1.0649439587694896
1496,1.5119218130524306,0.7842446896416482,-1.0649439587694896
1498,1.5119218130524306,0.7842446896416482,-1.0649439587694896
1500,1.5119218130524306,0.7842446896416482,-1.0649439587694896
1502,1.5119218130524306,0.7842446896416482,-1.0649439587694896
1504,1.5119218130524306,0.7842446896416482,-1.0649439587694896
1506,1.5119218130524306,0.7842446896416482,-1.0649439587694896
1508,1.5145650942560314,0.7875176484229164,-1.066245516157525
1510,1.5145650942560314,0.7875176484229164,-1.066245516157525
1512,1.5145650942560314,0.7875176484229164,-1.066245516157525
1514,1.5145650942560314,0.7875176484229164,-1.066245516157525
1516,1.5144390306326507,0.7873614685364596,-1.0661834392797858
1518,1.5144390306326507,0.7873614685364596,-1.0661834392797858
1520,1.5145650942560314,0.7875176484229164,-1.066245516157525
1522,1.5145650942560314,0.7875176484229164,-1.066245516157525
1524,1.5145650942560314,0.7875176484229164,-1.066245516157525
1526,1.5145650942560314,0.7875176484229164,-1.066245516157525
1528,1.5145650942560314,0.7875176484229164,-1.066245516157525
1530,1.489374374238604,0.5757038710641089,-0.9721641793749567
1532,1.5145650942560314,0.7875176484229164,-1.066245516157525
1534,1.5145650942560314,0.7875176484229164,-1.066245516157525
1536,1.489374374238604,0.5757038710641089,-0.9721641793749567
1538,1.489374374238604,0.5757038710641089,-0.9721641793749567
1540,1.4903456321010415,0.43205236313443895,-0.035602459783669514
1542,1.4827409160192062,0.42161735453562,-0.03738178935380162
1544,1.4827409160192062,0.42161735453562,-0.03738178935380162
1546,1.481683973608511,0.4187990611501037,-0.03858063274709184
1548,1.4584548915323876,0.41789353382269645,-0.05488884099986545
1550,1.4573394441263074,0.4147741263461855,-0.055919981006087346
1552,1.4573394441263074,0.4147741263461855,-0.055919981006087346
1554,1.4483819399249411,0.25782586638767324,-0.003573727657760309
1556,1.4483819399249411,0.25782586638767324,-0.003573727657760309
1558,1.4483819399249411,0.25782586638767324,-0.003573727657760309
1560,1.4489767157865345,0.2564121427596251,-0.004258837661765712
1562,1.450342772388775,0.2572288475937298,-0.004087589071592303
1564,1.4390608167993537,0.2088204228496998,0.01677841941519195
1566,1.4388262933411087,0.20693454996652158,0.01582281655726581
1568,1.3966289483719994,0.20297651878824693,-0.0019497784650789663
1570,1.4425358360045686,0.20870034093209242,0.016567272673274944
1572,1.4002560134767443,0.20677327966186895,-0.0013170629858344253
1574,1.4395661197969905,0.20376719551503367,0.013773107011419816
1576,1.397215603357545,0.20145934345392566,-0.003030358436814774
1578,1.4015910236490274,0.2079496536627189,-0.0011892617273916285
1580,1.389388762845583,0.17558982935470793,-0.013033889775992248
1582,1.3983318165260947,0.20052761167140423,-0.004002484624884737
1584,1.4025073640300403,0.19443363820300158,-0.008664072474388445
1586,1.3904392772601983,0.18167059557162518,-0.010519444328819441
1588,1.4019078214959821,0.19496815986148205,-0.008151776254046698
1590,1.3890193291086659,0.17626508002766283,-0.012723112047901839
1592,1.3328407143783716,-0.03611807415532401,-0.016226990823114552
1594,1.3898241141351237,0.17573074840423883,-0.013103874991319877
1596,1.3328407143783716,-0.03611807415532401,-0.016226990823114552
1598,1.3534744014162452,0.20403464453430967,-0.06432258904129025
1600,1.3661596937038882,0.22104410307064487,-0.07447078843801205
1602,1.3953973914561573,0.2348507993386035,-0.05536562519217137
1604,-0.8331774309358937,0.14672187181079657,1.1102124423773216
1606,-0.8331774309358937,0.14672187181079657,1.1102124423773216
1608,-0.6587443709910861,-0.0712245242988619,0.940905751180918
1610,-0.298780479262915,-0.017211279621499518,1.203007950695699
1612,-0.21721287184887272,-0.03348226414631178,1.2856431436970739
1614,-0.21721287184887272,-0.03348226414631178,1.2856431436970739
1616,-0.21539914308218688,-0.03250326907167151,1.285972002341602
1618,-0.21539914308218688,-0.03250326907167151,1.285972002341602
1620,-0.21539914308218688,-0.03250326907167151,1.285972002341602
1622,-0.21539914308218688,-0.03250326907167151,1.285972002341602
1624,-0.20883908359459494,-0.022591218624219367,1.2763358104803766
1626,-0.8331774309358937,0.14672187181079657,1.1102124423773216
1628,-0.8331774309358937,0.14672187181079657,1.1102124423773216
1630,-0.8331774309358937,0.14672187181079657,1.1102124423773216
1632,-0.8331774309358937,0.14672187181079657,1.1102124423773216
1634,-0.8331774309358937,0.14672187181079657,1.1102124423773216
1636,-0.8331774309358937,0.14672187181079657,1.1102124423773216
1638,-0.21334346327918646,-0.032494583057573835,1.260193046533615
1640,-0.8331774309358937,0.14672187181079657,1.1102124423773216
1642,-0.8331774309358937,0.14672187181079657,1.1102124423773216
1644,-0.8331774309358937,0.14672187181079657,1.1102124423773216
1646,-0.6987297219950743,1.144535296915467,0.45821615495438967
1648,-0.8331774309358937,0.14672187181079657,1.1102124423773216
1650,-0.21334346327918646,-0.032494583057573835,1.260193046533615
1652,-0.6987297219950743,1.144535296915467,0.45821615495438967
1654,-0.6987297219950743,1.144535296915467,0.45821615495438967
1656,3.047630660129723,-0.5151035638775653,0.8682485631298992
1658,3.037428626903403,-0.5028683592686677,0.8585976408074737
1660,3.0374238221042984,-0.5028679142177067,0.8586009927589616
1662,3.031439143480515,-0.4905000170237371,0.8522414118189336
1664,3.037428626903403,-0.5028683592686677,0.8585976408074737
1666,3.037428626903403,-0.5028683592686677,0.8585976408074737
1668,3.037428626903403,-0.5028683592686677,0.8585976408074737
1670,3.0370623362243174,-0.5030572535565755,0.858561147927561
1672,3.0372000780641097,-0.5029916241522298,0.8585731790675254
1674,3.035531542263581,-0.5038255283910746,0.856728978047045
1676,3.03666623263584,-0.5033357093556097,0.8584624913471748
1678,3.0351458659023858,-0.504089308257367,0.8566383484828258
1680,3.0351029133190512,-0.5041213271480618,0.8566261125070799
1682,3.059014033233599,-0.5125451119004744,0.8368926018964582
1684,3.059014033233599,-0.5125451119004744,0.8368926018964582
1686,3.059014033233599,-0.5125451119004744,0.8368926018964582
1688,3.0651376204428487,-0.5121973662116621,0.8399845788525699
1690,3.0646288054903983,-0.5120859794072424,0.8394919528878179
1692,3.0651376204428487,-0.5121973662116621,0.8399845788525699
1694,3.0651376204428487,-0.5121973662116621,0.8399845788525699
1696,3.0651376204428487,-0.5121973662116621,0.8399845788525699
1749,1.1058318287835667,-0.4733921314340053,-0.5739080516032802
1751,2.0193837844091003,-0.19318425345401344,0.31150839638067
1753,2.0227874629424334,-0.19120467874650612,0.31063481827448286
1755,2.022749918831416,-0.19122653531404757,0.31064469801209105
1757,2.022749918831416,-0.19122653531404757,0.31064469801209105
1759,2.022749918831416,-0.19122653531404757,0.31064469801209105
1761,2.0220994510627475,-0.19160509662579212,0.31081587193310184
1763,2.0220994510627475,-0.19160509662579212,0.31081587193310184
1765,2.2761134107125485,1.529435420166647,0.35394612028415684
1767,2.2761134107125485,1.529435420166647,0.35394612028415684
1769,2.0220994510627475,-0.19160509662579212,0.31081587193310184
1771,2.019524564549472,-0.19195482349424112,0.30975167293579076
1773,2.019586985831168,-0.1919185424452062,0.30973524512267114
1775,2.019524564549472,-0.19195482349424112,0.30975167293579076
1777,2.019524564549472,-0.19195482349424112,0.30975167293579076
1779,2.019524564549472,-0.19195482349424112,0.30975167293579076
1781,2.019524564549472,-0.19195482349424112,0.30975167293579076
1783,2.019524564549472,-0.19195482349424112,0.30975167293579076
1785,2.019524564549472,-0.19195482349424112,0.30975167293579076
1787,2.019524564549472,-0.19195482349424112,0.30975167293579076
1789,2.019524564549472,-0.19195482349424112,0.30975167293579076
1791,2.019524564549472,-0.19195482349424112,0.30975167293579076
1793,2.019524564549472,-0.19195482349424112,0.30975167293579076
1795,2.019524564549472,-0.19195482349424112,0.30975167293579076
1797,2.019524564549472,-0.19195482349424112,0.30975167293579076
1799,2.019524564549472,-0.19195482349424112,0.30975167293579076
1801,2.019524564549472,-0.19195482349424112,0.30975167293579076
1803,2.019524564549472,-0.19195482349424112,0.30975167293579076
1805,2.019524564549472,-0.19195482349424112,0.30975167293579076
1807,2.0204452233135624,-0.1539541672799122,0.2897731310531807
1809,2.0069470991815566,-0.158633619567377,0.2887607932351311
1811,2.1548772699021965,-0.27482084189279404,0.6274079394862512
1813,2.1548772699021965,-0.27482084189279404,0.6274079394862512
1815,2.1548772699021965,-0.27482084189279404,0.6274079394862512
1817,2.1552054626221806,-0.26211527484370506,0.622515363335236
1819,2.1552054626221806,-0.26211527484370506,0.622515363335236
1821,2.1552054626221806,-0.26211527484370506,0.622515363335236
1823,2.11329959207668,-0.38343102357479925,0.5856936198890739
1825,2.11329959207668,-0.38343102357479925,0.5856936198890739
1827,1.6763880197585252,0.2711443169988477,1.1676633487686106
1829,1.8717592078111394,0.04852780733561954,0.9765540545936691
1831,1.8733213314200574,0.04951850757021674,0.9769062920373592
1833,1.8747111389113045,0.046964197643329875,0.9690100057523882
1835,1.865300305047431,0.030555074605863822,0.9623504463985173
1837,1.879742377348652,0.04989720316295228,0.9696972431366879
1839,1.8724541984019265,-0.15054747319872772,0.6940143022509921
1841,1.8853575277753696,-0.11825076365689809,0.7292420340983669
1843,1.8853575277753696,-0.11825076365689809,0.7292420340983669
1845,1.878942671252538,-0.1537488956854638,0.6892218168814361
1847,1.8913102591982978,-0.12129981852531184,0.7247262132214117
1849,1.8913102591982978,-0.12129981852531184,0.7247262132214117
1851,1.8795878438828706,-0.12327235608886616,0.7067185361805347
1853,1.8599275995376525,-0.2510897406126729,0.6979454413396696
1855,1.8586578156753795,-0.2514678974398913,0.697611397442783
1857,1.8705064422600104,-0.17481142855907114,0.6491558008933727
1859,1.8196182703816353,-0.205857082538059,0.5353496577723673
1861,1.8702216385729693,-0.17491397471398645,0.6490934125256664
1863,1.907705194231221,-0.15961361872568514,0.5702087006578738
1865,1.9073431611199831,-0.15955486986950815,0.5703028485980802
1867,1.9088818714588158,-0.16284382759690677,0.5668619026178936
1869,1.8884516691991595,-0.1427734315784433,0.7119566530498032
1871,1.8835797110277257,-0.1539999036545199,0.6918969857696546
1873,1.8836805412580868,-0.1549818363028232,0.6909103416995561
1875,1.8750847728759412,-0.1584904185254271,0.6882692414847238
1877,1.8742595178687338,-0.15878701057090064,0.6880775083880286
1879,1.873485035512893,-0.1592500393230818,0.6879804194304158
1881,1.878077037833487,-0.1603749617110382,0.6847812574705306
1883,1.878077037833487,-0.1603749617110382,0.6847812574705306
1885,1.88298799445983,-0.14660058467477796,0.7146175149337877
1887,1.883998968634949,-0.14696473810587685,0.7152118048956451
1889,1.8815940717346828,-0.14826031450652213,0.7136508141800557
1891,1.8815940717346828,-0.14826031450652213,0.7136508141800557
1893,1.9378743551982685,0.5262287044673153,0.35393055468506257
1895,1.9378743551982685,0.5262287044673153,0.35393055468506257
1897,-1.797185033581722,2.2508562772377467,-0.6324729578614262
1899,-2.241128643593598,2.101986100275067,-0.7349719917875456
1901,-2.241128643593598,2.101986100275067,-0.7349719917875456
1903,-1.809354419053653,2.192243977148511,-0.6133630556845895
1905,-1.634303750804383,1.9480077255080441,-0.451177513138926
1907,-1.634303750804383,1.9480077255080441,-0.451177513138926
1909,-1.642110523957422,1.9155856654489505,-0.4409998055116325
1911,-1.9537910843674728,0.722559999741226,-0.07542213274255184
1913,-2.311662059818349,-0.17281738269403957,0.09277452687569111
1915,-2.311662059818349,-0.17281738269403957,0.09277452687569111
1917,-2.311662059818349,-0.17281738269403957,0.09277452687569111
1919,-2.311662059818349,-0.17281738269403957,0.09277452687569111
1921,-2.311662059818349,-0.17281738269403957,0.09277452687569111
1923,-2.311662059818349,-0.17281738269403957,0.09277452687569111
1925,-2.2103537265653506,0.3091842663976599,-0.057265793327933426
1927,-2.2103537265653506,0.3091842663976599,-0.057265793327933426
1929,-2.2103537265653506,0.3091842663976599,-0.057265793327933426
1931,-2.2103537265653506,0.3091842663976599,-0.057265793327933426
1933,-2.2103537265653506,0.3091842663976599,-0.057265793327933426
1935,-2.2091304467693162,0.31551660959838107,-0.05985807448949298
1937,-2.2091304467693162,0.31551660959838107,-0.05985807448949298
1939,-2.2091304467693162,0.31551660959838107,-0.05985807448949298
1941,-2.2091304467693162,0.31551660959838107,-0.05985807448949298
1943,-2.2091304467693162,0.31551660959838107,-0.05985807448949298
1945,-2.2091304467693162,0.31551660959838107,-0.05985807448949298
1947,-2.2091304467693162,0.31551660959838107,-0.05985807448949298
1949,-2.2091304467693162,0.31551660959838107,-0.05985807448949298
1951,-2.2091304467693162,0.31551660959838107,-0.05985807448949298
1953,-2.2091304467693162,0.31551660959838107,-0.05985807448949298
1955,-2.2091304467693162,0.31551660959838107,-0.05985807448949298
1957,-2.2091304467693162,0.31551660959838107,-0.05985807448949298
1959,-2.2091304467693162,0.31551660959838107,-0.05985807448949298
1961,-2.2091304467693162,0.31551660959838107,-0.05985807448949298
1963,-2.2091304467693162,0.31551660959838107,-0.05985807448949298
1965,-2.2091304467693162,0.31551660959838107,-0.05985807448949298
1967,-2.2091304467693162,0.31551660959838107,-0.05985807448949298
1969,-2.2091304467693162,0.31551660959838107,-0.05985807448949298
1971,-2.2091304467693162,0.31551660959838107,-0.05985807448949298
1973,-2.2091304467693162,0.31551660959838107,-0.05985807448949298
1975,-2.2091304467693162,0.31551660959838107,-0.05985807448949298
1977,-2.2091304467693162,0.31551660959838107,-0.05985807448949298
1979,-2.2091304467693162,0.31551660959838107,-0.05985807448949298
1981,-2.2091304467693162,0.31551660959838107,-0.05985807448949298
1983,-2.2091304467693162,0.31551660959838107,-0.05985807448949298
1985,-2.2091304467693162,0.31551660959838107,-0.05985807448949298
1987,-2.2091304467693162,0.31551660959838107,-0.05985807448949298
1989,-2.2091304467693162,0.31551660959838107,-0.05985807448949298
1991,-2.2091304467693162,0.31551660959838107,-0.05985807448949298
1993,-2.2091304467693162,0.31551660959838107,-0.05985807448949298
1995,-2.2091304467693162,0.31551660959838107,-0.05985807448949298
1997,-2.2091304467693162,0.31551660959838107,-0.05985807448949298
1999,-2.2091304467693162,0.31551660959838107,-0.05985807448949298
2001,-2.2091304467693162,0.31551660959838107,-0.05985807448949298
2003,-2.2091304467693162,0.31551660959838107,-0.05985807448949298
2005,-2.2091304467693162,0.31551660959838107,-0.05985807448949298
2007,-2.2091304467693162,0.31551660959838107,-0.05985807448949298
2009,-2.2091304467693162,0.31551660959838107,-0.05985807448949298
2011,-2.2091304467693162,0.31551660959838107,-0.05985807448949298
2013,-2.2091304467693162,0.31551660959838107,-0.05985807448949298
2015,-2.2091304467693162,0.31551660959838107,-0.05985807448949298
2017,-2.2091304467693162,0.31551660959838107,-0.05985807448949298
2019,-2.2091304467693162,0.31551660959838107,-0.05985807448949298
2021,-2.2091304467693162,0.31551660959838107,-0.05985807448949298
2023,-2.2091304467693162,0.31551660959838107,-0.05985807448949298
2025,-2.2091304467693162,0.31551660959838107,-0.05985807448949298
2027,-2.2091304467693162,0.31551660959838107,-0.05985807448949298
2029,-2.2091304467693162,0.31551660959838107,-0.05985807448949298
2031,-2.2091304467693162,0.31551660959838107,-0.05985807448949298
2033,-2.2091304467693162,0.31551660959838107,-0.05985807448949298
2035,-2.2091304467693162,0.31551660959838107,-0.05985807448949298
2037,-2.2091304467693162,0.31551660959838107,-0.05985807448949298
2039,-2.2091304467693162,0.31551660959838107,-0.05985807448949298
2041,-2.2091304467693162,0.31551660959838107,-0.05985807448949298
2043,-2.2091304467693162,0.31551660959838107,-0.05985807448949298
2045,-2.2091304467693162,0.31551660959838107,-0.05985807448949298
2047,-2.2091304467693162,0.31551660959838107,-0.05985807448949298
2049,-2.2091304467693162,0.31551660959838107,-0.05985807448949298
2051,-2.1424063570750804,0.35578505476038214,-0.05167839310443214
2053,-2.1424063570750804,0.35578505476038214,-0.05167839310443214
2055,-2.1424063570750804,0.35578505476038214,-0.05167839310443214
2057,-2.1424063570750804,0.35578505476038214,-0.05167839310443214
2059,-2.1424063570750804,0.35578505476038214,-0.05167839310443214
2061,-2.1424063570750804,0.35578505476038214,-0.05167839310443214
2063,-2.1424063570750804,0.35578505476038214,-0.05167839310443214
2065,-2.1424063570750804,0.35578505476038214,-0.05167839310443214
2067,-2.1424063570750804,0.35578505476038214,-0.05167839310443214
2069,-2.1424063570750804,0.35578505476038214,-0.05167839310443214
2071,-2.1424063570750804,0.35578505476038214,-0.05167839310443214
2073,-2.1424063570750804,0.35578505476038214,-0.05167839310443214
2075,-2.1424063570750804,0.35578505476038214,-0.05167839310443214
2077,-2.1424063570750804,0.35578505476038214,-0.05167839310443214
2079,-2.1452566485004523,0.34460808587354885,-0.04739204966037234
2081,-2.1459701138365572,0.3418133250381496,-0.046320583014138335
2083,1.378092637938926,-0.32115358424722545,0.09915150317807156
2085,1.3716978406170446,-0.3466079904200211,0.08279164372538464
2087,1.3694427613791615,-0.3457959544641792,0.08407711440511678
2089,1.330256482191321,-0.336544172125341,0.043577800822950014
2091,1.3272920116217712,-0.33816358132006735,0.04284815212373075
2093,1.3386439826663035,-0.3444182963776414,0.049871472333788774
2095,1.328660285957671,-0.3402647554657922,0.04064779484067619
2097,1.3436097368159894,-0.305523265682869,0.017417151357526264
2099,1.3436097368159894,-0.305523265682869,0.017417151357526264
2101,1.3101860417333249,-0.34319864424976093,-0.783608803876973
2103,1.3101860417333249,-0.34319864424976093,-0.783608803876973
2105,1.3101860417333249,-0.34319864424976093,-0.783608803876973
2107,1.3101860417333249,-0.34319864424976093,-0.783608803876973
2109,1.3101860417333249,-0.34319864424976093,-0.783608803876973
2111,1.3101860417333249,-0.34319864424976093,-0.783608803876973
2113,-2.3444693960910143,-0.385069371064603,0.22694189546769064
2115,-2.3444693960910143,-0.385069371064603,0.22694189546769064
2117,-2.3444693960910143,-0.385069371064603,0.22694189546769064
2163,0.4101323523544578,-0.06330597709304155,-0.6177190002085906
2165,0.4101323523544578,-0.06330597709304155,-0.6177190002085906
2167,0.37629707604050844,-0.1001548289218839,-0.6144381700808197
2169,0.37621916122250176,-0.10017555803186481,-0.6144081409046946
2171,0.4027391584279535,-0.11480637644504474,-0.6324298183180886
2173,0.524337882522532,-0.1277228664784769,-0.48844576947869567
2175,0.524337882522532,-0.1277228664784769,-0.48844576947869567
2177,0.524337882522532,-0.1277228664784769,-0.48844576947869567
2179,0.524337882522532,-0.1277228664784769,-0.48844576947869567
2181,0.5280383997497817,-0.13010904362290998,-0.491074281061336
2183,-0.005154812763142912,1.3312448624541808,-1.0665731004332737
2185,0.6199581372695664,1.3834392104033617,0.17384759040823194
2187,0.6105228892405647,1.3668995059355302,0.17293301321595558
2189,0.6309163476819052,1.3145369427164457,0.1430984359679364
2191,0.6303582771331139,1.3139209002978576,0.1431438234858732
2193,3.148761879130218,0.05928640513496549,1.0786792583553648
2195,3.14878269772256,0.05929892971051794,1.078681962157667
2197,3.149287643443526,0.05984637925762083,1.0799202869316171
2199,3.148735478381533,0.0592455629936144,1.0786591693751482
2201,3.148685484701354,0.059190697552041587,1.0786362172809267
2203,3.1485387543075203,0.058933407216229354,1.078500619479241
2205,3.1484444097771993,0.05887732378289149,1.0784891669530579
2207,3.155761362434413,0.04381347950189339,1.1080750852978294
2209,3.163547119316457,0.0495567154757117,1.1279497693320406
2211,3.163566221231711,0.04953034195175914,1.1279254688075282
2213,3.1636054934441002,0.04965124585421893,1.1279993852849162
2215,3.163594356827633,0.04944946141883131,1.127860229074115
2217,3.163563550203599,0.049468977167405385,1.1278829504956747
2219,3.147286292452074,-0.005455142190177005,1.1238881177791784
2221,3.1468103876121494,-0.006018866833065829,1.122731538659708
2223,3.1462023087541633,-0.014287569838406932,1.1217924334816818
2225,3.146178974089032,-0.014353803127109458,1.1217508270030647
2227,3.146178974089032,-0.014353803127109458,1.1217508270030647
2229,3.146178974089032,-0.014353803127109458,1.1217508270030647
2231,3.1459586781534257,-0.014556527895259479,1.1216651400999518
2233,3.1459586781534257,-0.014556527895259479,1.1216651400999518
2235,3.143524484187917,-0.013668828501996303,1.1210229600236243
2237,3.1434500039978555,-0.013964215829152492,1.1208202748345522
2239,3.143491556613487,-0.014006076758479116,1.1207796213124894
2241,3.1436070992466507,-0.014039438192650832,1.1207183411622401
2243,3.14368905714058,-0.014034000165440201,1.1206976185117665
2245,3.14169085949074,-0.014289911827962729,1.1194284059828885
2247,3.1416875092766787,-0.014266939005570897,1.1194443331174833
2249,3.14169085949074,-0.014289911827962729,1.1194284059828885
2251,3.1312189360886973,-0.033292663017564006,1.129201042157295
2253,3.130021640758624,-0.0324264900100355,1.128516873779824
2255,3.131181782822654,-0.03328714381679406,1.1292184435577277
2257,3.1305234181036057,-0.031873428766158465,1.1295881036774371
2259,3.131658187548055,-0.03281995800954939,1.1297904408033563
2261,3.128920195971029,-0.03493167652553076,1.124491968283587
2263,3.129931173267847,-0.035167819650175736,1.1260951651783748
2265,3.129730060590379,-0.035424657331602154,1.1251438574158312
2267,3.129044302119089,-0.034981251927547315,1.1252444919539386
2269,2.7332639902852573,-0.24136220572307623,0.9119327156982773
2271,2.7320851860281357,-0.24073056123170486,0.9133209804194823
2273,2.726803644156371,-0.2377409872772111,0.9064525840362258
2275,2.727900496390269,-0.23798110377666962,0.9075145376744054
2277,2.7310944210891956,-0.2408041606878718,0.9125563144982906
2279,2.7310944210891956,-0.2408041606878718,0.9125563144982906
2281,2.731081038924231,-0.2408328028566989,0.9125374305250707
2283,2.727900496390269,-0.23798110377666962,0.9075145376744054
2285,2.726803644156371,-0.2377409872772111,0.9064525840362258
2287,2.727900496390269,-0.23798110377666962,0.9075145376744054
2289,2.7265386373185256,-0.23911815416212848,0.9069884140403484
2291,2.7265386373185256,-0.23911815416212848,0.9069884140403484
2293,2.7254417850846275,-0.2388780376626699,0.9059264604021687
2295,2.7254417850846275,-0.2388780376626699,0.9059264604021687
2297,2.7254417850846275,-0.2388780376626699,0.9059264604021687
2299,2.7265386373185256,-0.23911815416212848,0.9069884140403484
2301,2.7265386373185256,-0.23911815416212848,0.9069884140403484
2303,2.726527613824349,-0.23916903087111355,0.9069531643681269
2305,3.5552462036132364,0.07809925195232038,2.1447069320601733
2307,3.5552462036132364,0.07809925195232038,2.1447069320601733
2309,3.5609077359855825,0.08518785883926565,2.1598231996870845
2311,3.561098308814852,0.08534607546027233,2.159800723494326
2313,2.3980483519065072,-0.05631324795237756,1.8953940755098884
2315,2.3980483519065072,-0.05631324795237756,1.8953940755098884
2317,-0.533091090728271,4.86981729932457,0.6371132774859304
2319,-0.5675028703629363,4.76243557686158,0.628989593645568
2321,-0.5741383823840763,4.741739840597674,0.6274235835148928
2395,0.545901626273682,-0.6544274837382805,-1.3457941130962185
2397,0.545901626273682,-0.6544274837382805,-1.3457941130962185
2399,0.545901626273682,-0.6544274837382805,-1.3457941130962185
2437,0.5847526813901421,-0.6367315929251258,-1.345266760431312
2439,0.5847526813901421,-0.6367315929251258,-1.345266760431312
2441,0.5847526813901421,-0.6367315929251258,-1.345266760431312
2443,0.5847526813901421,-0.6367315929251258,-1.345266760431312
2445,0.5847526813901421,-0.6367315929251258,-1.345266760431312
2447,0.5847526813901421,-0.6367315929251258,-1.345266760431312
2449,0.5847526813901421,-0.6367315929251258,-1.345266760431312
2451,0.5847526813901421,-0.6367315929251258,-1.345266760431312
2453,0.5847526813901421,-0.6367315929251258,-1.345266760431312
2455,0.5847526813901421,-0.6367315929251258,-1.345266760431312
2457,0.7000336003148012,-0.5951259820928545,-1.4140374931849722
2459,0.5847526813901421,-0.6367315929251258,-1.345266760431312
2461,0.7000336003148012,-0.5951259820928545,-1.4140374931849722
2463,0.7000336003148012,-0.5951259820928545,-1.4140374931849722
2465,0.7000336003148012,-0.5951259820928545,-1.4140374931849722
2467,2.0884602015941325,-1.3519599580482389,0.11656177922062327
2469,1.7353617534312125,-1.3808235867081566,-0.20763182650980636
2471,1.7353617534312125,-1.3808235867081566,-0.20763182650980636
2473,1.7271165339124026,-1.3943079557036993,-0.20936464490261292
2475,1.7271165339124026,-1.3943079557036993,-0.20936464490261292
2477,1.7271165339124026,-1.3943079557036993,-0.20936464490261292
2479,1.7172328043196738,-1.3981948102028197,-0.21162342653244023
2481,2.308703740079066,-0.1608060903571062,1.8578710709735868
2483,2.3115306286723194,-0.07140174739343598,1.8225743349307901
2485,2.3115306286723194,-0.07140174739343598,1.8225743349307901
2487,2.3115306286723194,-0.07140174739343598,1.8225743349307901
2489,2.3123708669087177,-0.07111324915333969,1.8229000620166944
2491,2.3140074796795504,-0.07265398091525373,1.8208794468705298
2493,2.2975783090326116,-0.07854227719030395,1.815645293508248
2495,2.2975783090326116,-0.07854227719030395,1.815645293508248
2497,2.4263821410603414,-0.18631022309223835,1.956397894640435
2499,2.4263821410603414,-0.18631022309223835,1.956397894640435
2501,2.4240786599574875,-0.18553055721862505,1.9609037087603625
2503,2.4142887022142663,-0.18781270447232903,1.956157737973336
2505,2.4142887022142663,-0.18781270447232903,1.956157737973336
2507,2.4142887022142663,-0.18781270447232903,1.956157737973336
2509,2.4142887022142663,-0.18781270447232903,1.956157737973336
2511,2.4306423974639015,-0.20125960119003183,1.9767038066815523
2513,2.434711725279512,-0.20178775796025775,1.9762603936319227
2515,2.434711725279512,-0.20178775796025775,1.9762603936319227
2517,2.434711725279512,-0.20178775796025775,1.9762603936319227
2519,2.7171303775719178,-0.3562296083144783,2.3802671858086
2521,2.716705151409469,-0.35613652028087645,2.379855489085645
2523,0.5386613641875299,3.2809033299281,-2.4949598513358096
2525,2.4261072568720983,-0.2159229912061721,2.004113808173955
2527,2.4261072568720983,-0.2159229912061721,2.004113808173955
2529,1.843756132942438,-1.0017516362809775,0.429635916237881
2531,1.843756132942438,-1.0017516362809775,0.429635916237881
2533,1.863356775177119,-1.0214939176993707,0.4119683012036493
2539,1.3479528020239802,2.7717134375096846,-0.5844508139229619
2541,0.7622459823055573,0.004926001564541905,-0.2371598946823795
2543,0.7507778502204917,0.0024972004028990225,-0.2429830558335228
2545,0.7504472076039879,0.0022007566385962808,-0.24290841154563864
2547,0.8496122483037224,-0.895156962535755,-0.359441690099249
2549,0.5524946050396675,1.6137044405216043,-2.01787915659261
2551,0.5524946050396675,1.6137044405216043,-2.01787915659261
2553,0.5524946050396675,1.6137044405216043,-2.01787915659261
2555,0.5524946050396675,1.6137044405216043,-2.01787915659261
2557,0.5490006610123506,1.540839232310474,-2.0119435232197036
2559,0.5490006610123506,1.540839232310474,-2.0119435232197036
2561,1.1487200164456146,-0.017680564584795597,1.178998293495714
2563,1.1699583396906883,-0.021991056900288436,1.1991771443452681
2565,1.1812845671796897,-0.024809406271080733,1.2105267364882941
2567,1.1812845671796897,-0.024809406271080733,1.2105267364882941
2569,1.166532451319519,-0.023841854334045152,1.1986189135229766
2571,1.166532451319519,-0.023841854334045152,1.1986189135229766
2573,1.1699583396906883,-0.021991056900288436,1.1991771443452681
2575,1.166532451319519,-0.023841854334045152,1.1986189135229766
2577,1.1694095863700822,-0.01881802093874178,1.2113500795444638
2579,1.166532451319519,-0.023841854334045152,1.1986189135229766
2581,1.1694095863700822,-0.01881802093874178,1.2113500795444638
2583,1.1694095863700822,-0.01881802093874178,1.2113500795444638
2585,1.169095761220957,-0.018952015436370654,1.2112750168672277
2587,1.1744310834304759,-0.021805703244819133,1.2183438108760312
2589,1.1671108178866594,-0.01979917842644893,1.210800209175418
2591,1.1671108178866594,-0.01979917842644893,1.210800209175418
2593,1.173388934383444,-0.022250142871196078,1.2180944886394043
2595,3.9815070250719464,0.43221920659362384,3.369707185560779
2597,2.148156758004595,1.121015800009864,0.11048109297172681
2599,2.1234976961342213,1.1360133562056887,0.08796807528160269
2601,2.1234976961342213,1.1360133562056887,0.08796807528160269
2603,0.7702587896952307,2.087550923059082,1.2888879304513294
2605,1.9195570697968183,0.5714054796351524,0.12130636396287196
2607,1.955897250994832,0.5109353035007185,0.2051143708236574
2609,1.9194642019995771,0.5729906926692153,0.12013794711044579
2611,1.955350894947295,0.5088519836630426,0.2044834135056038
2613,1.9551334024936429,0.5077774922290992,0.20418168855129046
2615,1.9552831894092018,0.5085310761299011,0.20439769482279638
2617,1.955181261535818,0.5078171099716057,0.20418185094076116
2619,1.955288537097213,0.5085390415034354,0.2043987978175064
2667,2.163155447811134,2.0559968320587414,-0.9786379739491442
2685,2.115609740025263,1.9935642299287426,-0.9707719590583747
2687,2.1255777371890554,2.0096428441346186,-0.9749723172976485
2689,2.115609740025263,1.9935642299287426,-0.9707719590583747
2691,2.115804167781187,1.9938775198347078,-0.9708538728549833
2693,2.115804167781187,1.9938775198347078,-0.9708538728549833
2695,2.115609740025263,1.9935642299287426,-0.9707719590583747
2697,2.115804167781187,1.9938775198347078,-0.9708538728549833
2699,2.115804167781187,1.9938775198347078,-0.9708538728549833
2701,2.119115674452324,1.999215493179055,-0.97224912606813
2703,1.7476072413219554,0.7104205305304102,0.7652198516294734
2705,1.7403003467064277,0.6833703447560633,0.7717683430620004
2707,1.7403003467064277,0.6833703447560633,0.7717683430620004
2709,1.7402625749312677,0.6833318915720756,0.771768934320053
2711,1.7402625749312677,0.6833318915720756,0.771768934320053
2713,1.7338719464237113,0.678642381379301,0.7659382742256817
2715,1.7338719464237113,0.678642381379301,0.7659382742256817
2717,1.7338719464237113,0.678642381379301,0.7659382742256817
2719,1.7338719464237113,0.678642381379301,0.7659382742256817
2721,1.7329658323849118,0.6777198396790663,0.7659534281263698
2723,1.7553535706712855,0.6189883918064513,0.7329221630444472
2725,1.7553535706712855,0.6189883918064513,0.7329221630444472
2727,1.7549578700568311,0.6185944545771975,0.7329262281102374
2729,1.7549578700568311,0.6185944545771975,0.7329262281102374
2731,1.7511808444078347,0.6168367628979732,0.728332290888983
2733,1.7511808444078347,0.6168367628979732,0.728332290888983
2735,1.7511808444078347,0.6168367628979732,0.728332290888983
2737,1.7511808444078347,0.6168367628979732,0.728332290888983
2739,1.7511808444078347,0.6168367628979732,0.728332290888983
2741,1.7511808444078347,0.6168367628979732,0.728332290888983
2743,1.7510369140804836,0.6166934278282822,0.7283339292637863
2745,1.7510369140804836,0.6166934278282822,0.7283339292637863
2747,1.7497785027015098,0.6154406172392194,0.728348158782421
2749,1.7510369140804836,0.6166934278282822,0.7283339292637863
2751,1.7510369140804836,0.6166934278282822,0.7283339292637863
2753,1.743772161259132,0.6133597808003209,0.7252730780911228
2755,1.7331552798070293,0.6050269393384883,0.728768888633984
2757,1.7331552798070293,0.6050269393384883,0.728768888633984
2759,1.7488083798152423,0.895598521221146,0.6483472043079492
2761,1.7488421935769656,0.8956362826191326,0.6483454642006201
2763,1.7485995321981043,0.8951090671367027,0.6482795605262863
2765,1.7473365469973101,0.8880836585681262,0.6425891262331563
2767,1.7473365469973101,0.8880836585681262,0.6425891262331563
2769,1.7465988351326363,0.8872625309519915,0.6426264888260637
2771,1.7465653169761959,0.887225228462322,0.6426281850118226
2773,1.7465653169761959,0.887225228462322,0.6426281850118226
2775,1.7465653169761959,0.887225228462322,0.6426281850118226
2777,1.7447614977718027,0.8806084670061228,0.6415758742005437
2779,1.6797619197841347,0.7379068406309337,0.7012915657139942
2781,1.6797619197841347,0.7379068406309337,0.7012915657139942
2783,1.6797619197841347,0.7379068406309337,0.7012915657139942
2785,1.6788300518367762,0.7369224660801972,0.7013256571838683
2787,1.6797619197841347,0.7379068406309337,0.7012915657139942
2789,1.6790629278633067,0.7371684273679946,0.7013171456169053
2791,1.6790629278633067,0.7371684273679946,0.7013171456169053
2793,1.6788300518367762,0.7369224660801972,0.7013256571838683
2795,1.6788300518367762,0.7369224660801972,0.7013256571838683
2797,1.7209807359081064,-0.3372262372031912,-0.5175400780307627
2799,1.7093070874824345,-0.32209415536732194,-0.529307559857642
2801,1.7093070874824345,-0.32209415536732194,-0.529307559857642
2803,1.708635673766033,-0.322388256590504,-0.5292261556091294
2805,1.708523825857935,-0.32243723910051486,-0.5292125901644269
2807,1.7076296011768728,-0.32282874628719643,-0.5291040864638075
2809,1.7108758986054364,-0.32140654187004813,-0.5294975802782496
2811,1.7102592156533318,-0.3216769060391261,-0.5294229165166471
2813,1.7102592156533318,-0.3216769060391261,-0.5294229165166471
2815,1.7102592156533318,-0.3216769060391261,-0.5294229165166471
2817,1.7102592156533318,-0.3216769060391261,-0.5294229165166471
2819,1.7091391815922228,-0.3221677138246876,-0.5292872069345699
2821,1.7088034747477778,-0.3223147644263421,-0.5292465048102178
2823,1.7057621697832266,-0.34373617425410186,-0.5158282626930809
2825,1.7091391815922228,-0.3221677138246876,-0.5292872069345699
2827,1.7057621697832266,-0.34373617425410186,-0.5158282626930809
2829,1.7209807359081064,-0.3372262372031912,-0.5175400780307627
2831,1.7029597434550028,-0.34851222103317914,-0.5196931208788445
2833,1.7209807359081064,-0.3372262372031912,-0.5175400780307627
2835,1.7209807359081064,-0.3372262372031912,-0.5175400780307627
2837,1.7209807359081064,-0.3372262372031912,-0.5175400780307627
2839,1.7219732574459077,-0.3372137485512284,-0.5177944535032108
2841,1.7219732574459077,-0.3372137485512284,-0.5177944535032108
2843,1.7219732574459077,-0.3372137485512284,-0.5177944535032108
2845,1.7219732574459077,-0.3372137485512284,-0.5177944535032108
2847,1.7219732574459077,-0.3372137485512284,-0.5177944535032108
2849,1.7055108967593307,-0.3474180653835135,-0.5199789574040107
2851,1.7055108967593307,-0.3474180653835135,-0.5199789574040107
2853,1.7060497387049347,-0.3472491337485966,-0.5201270460335592
2855,1.7055108967593307,-0.3474180653835135,-0.5199789574040107
2857,1.7029597434550028,-0.34851222103317914,-0.5196931208788445
2859,1.7030729565033431,-0.3484636987871059,-0.5197058201949435
2861,1.7039792346722147,-0.3480751633400528,-0.5198074299018016
2863,1.7042626560046248,-0.3479536155295797,-0.5198391884658825
2865,1.7042626560046248,-0.3479536155295797,-0.5198391884658825
2867,1.7040925912296545,-0.34802655167888075,-0.5198201330115286
2869,1.7040359109553675,-0.3480508587530496,-0.5198137814040092
2871,1.7040359109553675,-0.3480508587530496,-0.5198137814040092
2873,1.7039792346722147,-0.3480751633400528,-0.5198074299018016
2875,1.7040359109553675,-0.3480508587530496,-0.5198137814040092
2877,1.7040359109553675,-0.3480508587530496,-0.5198137814040092
2879,1.7040359109553675,-0.3480508587530496,-0.5198137814040092
2881,1.7039792346722147,-0.3480751633400528,-0.5198074299018016
2883,0.30301964813112325,-0.22175036315225852,0.8654597279548136
2885,0.30301964813112325,-0.22175036315225852,0.8654597279548136
2887,0.30301964813112325,-0.22175036315225852,0.8654597279548136
2889,0.30301964813112325,-0.22175036315225852,0.8654597279548136
2891,0.30301964813112325,-0.22175036315225852,0.8654597279548136
2893,0.3425807990830177,-0.4334059998006347,0.4464623576147677
2895,0.31225227294312774,-0.4338499475775379,0.42927957786026116
2897,0.24317867939109084,-0.44013863273384707,0.40294167196587566
2899,1.278713790998885,-0.680883537600438,0.5181989292590911
2901,1.278713790998885,-0.680883537600438,0.5181989292590911
2903,1.278713790998885,-0.680883537600438,0.5181989292590911
2905,1.4253103742888227,-0.7941755021003827,0.5522733992655219
2907,1.278713790998885,-0.680883537600438,0.5181989292590911
2909,1.2776568607343077,-0.6812868618467892,0.5182509603466775
2911,1.42472275625492,-0.7943768329381631,0.5523103927967573
2913,1.4252330285800814,-0.7942020090717231,0.5522782661321662
2915,1.42472275625492,-0.7943768329381631,0.5523103927967573
2917,1.4326746158171473,-0.7999971037772057,0.5413866423687903
2919,1.4312571858209526,-0.8031194279934465,0.5380592257370334
2921,1.42472275625492,-0.7943768329381631,0.5523103927967573
2923,1.4316376553350765,-0.7997814552569512,0.5418432057119789
2925,1.4326746158171473,-0.7999971037772057,0.5413866423687903
2927,1.4329798329120746,-0.8019001228320369,0.538400818685047
2929,1.4329646233305982,-0.8019052680321228,0.5384018002351516
2931,1.4329646233305982,-0.8019052680321228,0.5384018002351516
2933,1.4329646233305982,-0.8019052680321228,0.5384018002351516
2935,1.4329798329120746,-0.8019001228320369,0.538400818685047
2937,1.4329646233305982,-0.8019052680321228,0.5384018002351516
2939,1.4312571858209526,-0.8031194279934465,0.5380592257370334
2941,1.4312571858209526,-0.8031194279934465,0.5380592257370334
2943,1.4312571858209526,-0.8031194279934465,0.5380592257370334
2945,1.4312571858209526,-0.8031194279934465,0.5380592257370334
2947,1.4303393868779997,-0.8059260588385831,0.5550451948690417
2949,1.4312571858209526,-0.8031194279934465,0.5380592257370334
2951,1.4303393868779997,-0.8059260588385831,0.5550451948690417
2953,-2.3444693960910143,-0.385069371064603,0.22694189546769064
2955,-2.3444693960910143,-0.385069371064603,0.22694189546769064
2957,-2.3444693960910143,-0.385069371064603,0.22694189546769064
2959,-2.3444693960910143,-0.385069371064603,0.22694189546769064
2961,-2.3444693960910143,-0.385069371064603,0.22694189546769064
2963,-2.3444693960910143,-0.385069371064603,0.22694189546769064
2965,-2.3444693960910143,-0.385069371064603,0.22694189546769064
2967,-2.3444693960910143,-0.385069371064603,0.22694189546769064
2969,-2.3444693960910143,-0.385069371064603,0.22694189546769064
2971,-2.3444693960910143,-0.385069371064603,0.22694189546769064
3001,-0.529922984447496,0.15211206934838126,0.6444415745150707
3003,-0.529922984447496,0.15211206934838126,0.6444415745150707
3005,-0.529922984447496,0.15211206934838126,0.6444415745150707
3007,-0.529922984447496,0.15211206934838126,0.6444415745150707
3009,-0.5356216050334988,0.14346965230084543,0.6270263983122738
3011,-0.529922984447496,0.15211206934838126,0.6444415745150707
3013,-0.529922984447496,0.15211206934838126,0.6444415745150707
3015,-0.529922984447496,0.15211206934838126,0.6444415745150707
3017,-0.529922984447496,0.15211206934838126,0.6444415745150707
3019,-0.529922984447496,0.15211206934838126,0.6444415745150707
3021,-0.529922984447496,0.15211206934838126,0.6444415745150707
3023,-0.529922984447496,0.15211206934838126,0.6444415745150707
3025,-0.529922984447496,0.15211206934838126,0.6444415745150707
3027,-0.529922984447496,0.15211206934838126,0.6444415745150707
3029,-0.529922984447496,0.15211206934838126,0.6444415745150707
3031,-0.529922984447496,0.15211206934838126,0.6444415745150707
3033,-0.529922984447496,0.15211206934838126,0.6444415745150707
3035,1.1404258527339672,-0.6826534313549042,-0.03718120827339828
3037,1.1407775738814656,-0.6843578631276804,-0.038716878535910174
3039,1.1409958432877993,-0.7097321209443392,-0.06573549891733158
3041,1.1409958432877993,-0.7097321209443392,-0.06573549891733158
3043,1.1410540936619753,-0.709783314391194,-0.06579069565951506
3045,1.138173471292956,-0.7115652259141244,-0.06662454806945062
3047,1.1380802081088883,-0.7116102754103409,-0.06663936304014555
3049,1.1378267072569772,-0.7118413953528052,-0.06676870522493362
3051,1.138104930779924,-0.7116765169526207,-0.06670204284871342
3053,1.1381689799480001,-0.7117997324523202,-0.06682044172238397
3055,1.1536893833355455,-0.7164275389251503,-0.05386764543150903
3057,1.1590295150650354,-0.7212291607104683,-0.04922865810224047
3059,1.1590295150650354,-0.7212291607104683,-0.04922865810224047
3061,1.1595603031184567,-0.7211641198160698,-0.049396970471582195
3063,1.1596160151688801,-0.7211463960018839,-0.04939485087160592
3065,1.1523599428510511,-0.719674938241591,-0.05642900681353706
3067,1.1525406025106324,-0.7196040681987022,-0.05645927788811506
3069,1.1524292412044561,-0.7196394832345556,-0.05646350861622175
3071,1.150852438832099,-0.718808973992065,-0.055434013729575335
3073,1.150902925941024,-0.7187974049619994,-0.055438373336106316
3075,1.150892494063663,-0.7187470230930203,-0.05539322279820005
3077,1.1546791581642057,-0.7185739866585065,-0.05373244877502738
3079,1.154501685454506,-0.7185238537463187,-0.05364889008037801
3081,1.1549757769640885,-0.7186455197303717,-0.053911444993754415
3083,1.1550623934035296,-0.7185690915377072,-0.053868922050266985
3085,1.1548828306983638,-0.7183598572370444,-0.05364965222629952
3087,1.149791766049319,-0.7276729810935566,-0.0631989582184579
3089,1.1531886603724606,-0.7178146499937034,-0.03501674735546843
3091,1.1531886603724606,-0.7178146499937034,-0.03501674735546843
3093,1.1526986481668966,-0.7183056409782285,-0.03532905340591405
3095,1.1530073843274051,-0.718989545607239,-0.03603388123726514
3097,1.1530704485719319,-0.7189254163782433,-0.035993731551091715
3099,1.5211009336679286,-1.0129722355424187,0.3494562030800877
3101,1.519120237237283,-1.0125386330217523,0.34753852655480155
3103,1.519120237237283,-1.0125386330217523,0.34753852655480155
3105,1.519120237237283,-1.0125386330217523,0.34753852655480155
3107,1.519120237237283,-1.0125386330217523,0.34753852655480155
3109,1.519120237237283,-1.0125386330217523,0.34753852655480155
3111,1.5468526510876537,-1.0302467346941722,0.33709724678508696
3113,1.5468526510876537,-1.0302467346941722,0.33709724678508696
3115,1.5466460565732403,-1.030264092196145,0.33708850413717906
3117,1.5466460565732403,-1.030264092196145,0.33708850413717906
3119,1.555827674958983,-1.0344596261894827,0.34387452836729027
3121,1.5597577892255798,-1.033707607611022,0.340321065713663
3123,1.5584403435163212,-1.03411856081542,0.33991488769022515
3125,1.5584403435163212,-1.03411856081542,0.33991488769022515
3127,1.495744375628681,-1.0509555076103434,0.3066946263701826
3129,1.5092884702308562,-1.058777803286101,0.30899411507370755
3131,1.585691410995275,-0.9426904540662633,0.3288925612502212
3133,1.585691410995275,-0.9426904540662633,0.3288925612502212
3135,1.5786598474999824,-0.94386332355688,0.326062480639811
3137,1.5786598474999824,-0.94386332355688,0.326062480639811
3139,1.6239696449512375,-1.0148561796888413,0.38640340636370396
3141,1.6237986877432264,-1.014407675867383,0.3868729857350573
3143,1.6237986877432264,-1.014407675867383,0.3868729857350573
3145,1.6456167926751006,-0.985677780489299,0.4504688422330354
3147,1.674096094555708,-0.9528255324321752,0.5147710463513456
3149,1.674096094555708,-0.9528255324321752,0.5147710463513456
3151,1.674096094555708,-0.9528255324321752,0.5147710463513456
3153,1.6734267783981265,-0.953330077042304,0.5142889946545868
3155,1.6734267783981265,-0.953330077042304,0.5142889946545868
3157,1.6735731336649173,-0.9533043062062547,0.5143014001967653
3159,1.673646321988712,-0.95329141755462,0.5143076054145637
3161,1.6801150367210138,-0.9661124847220394,0.5226693902377653
3163,1.6801150367210138,-0.9661124847220394,0.5226693902377653
3165,1.6694070101616767,-0.9640847116420607,0.5071970665090055
3167,1.6847145888120192,-0.9675461102739903,0.5188232253377884
3169,1.6697631042784302,-0.9640232718976343,0.5072258061134987
3171,1.6840976720208103,-0.9691371292977584,0.5143159221426099
3173,1.6839640033613335,-0.9694860810019061,0.5139644615986231
3175,1.6789636230094942,-0.9709721556675553,0.5016088777916958
3177,0.7410806069599212,-0.30708341067752215,-0.12964241686208344
3179,0.7410806069599212,-0.30708341067752215,-0.12964241686208344
3181,0.7410806069599212,-0.30708341067752215,-0.12964241686208344
3183,0.8463121498610578,-0.18081976116503914,0.1419415743606659
3185,0.8544652683758446,-0.17625330899819824,0.14297863354790227
3187,0.8544652683758446,-0.17625330899819824,0.14297863354790227
3189,0.8544652683758446,-0.17625330899819824,0.14297863354790227
3191,0.8544652683758446,-0.17625330899819824,0.14297863354790227
3193,0.8544652683758446,-0.17625330899819824,0.14297863354790227
3195,0.8544652683758446,-0.17625330899819824,0.14297863354790227
3197,0.8544652683758446,-0.17625330899819824,0.14297863354790227
3199,1.0904325294780972,-0.24418279031323029,0.3937925112535945
3201,1.0988422206902377,-0.254252918146501,0.3709711943164813
3203,1.0871445102988369,-0.25388050908667353,0.37527010446251885
3205,1.1013258372248116,-0.24272561709998233,0.3789802995850686
3207,1.1013258372248116,-0.24272561709998233,0.3789802995850686
3209,1.0925623577189605,-0.3065263021833046,0.4176698890206956
3211,1.0925623577189605,-0.3065263021833046,0.4176698890206956
3213,1.1097111864837086,-0.30511424932629677,0.4121473382759288
3215,1.1097111864837086,-0.30511424932629677,0.4121473382759288
3217,1.1097111864837086,-0.30511424932629677,0.4121473382759288
3219,1.1120018867982915,-0.3040785335326201,0.4127739222357785
3221,1.1097111864837086,-0.30511424932629677,0.4121473382759288
3223,1.1121279952171748,-0.30403676879105024,0.41279485662772836
3225,1.1113716318846152,-0.3042872208652578,0.41266931647406085
3227,1.1113716318846152,-0.3042872208652578,0.41266931647406085
3229,0.7859922467204571,1.1621229427853026,2.6637819182656504
3231,1.1510928666877558,0.7804479695009624,1.6119853176635044
3233,0.6387560295345502,0.9735356412799807,2.6512555153193245
3235,0.6387560295345502,0.9735356412799807,2.6512555153193245
3237,-0.3877981934684153,-0.4276582995698771,0.055010978739379796
3239,1.0086960278735289,2.749234102515151,1.75202029278064
3241,1.0085793640277223,2.7490988432196213,1.751989029319585
3243,1.0085793640277223,2.7490988432196213,1.751989029319585
3245,1.0085793640277223,2.7490988432196213,1.751989029319585
3247,1.0085793640277223,2.7490988432196213,1.751989029319585
3249,1.0085793640277223,2.7490988432196213,1.751989029319585
3251,1.0085793640277223,2.7490988432196213,1.751989029319585
3253,1.0171995289004405,2.749948503066975,1.7589445481022408
3255,1.0171995289004405,2.749948503066975,1.7589445481022408
3257,1.0171995289004405,2.749948503066975,1.7589445481022408
3259,1.0171995289004405,2.749948503066975,1.7589445481022408
3261,1.0099570829700193,2.750696144545376,1.7523582054015623
3263,1.0171995289004405,2.749948503066975,1.7589445481022408
3265,1.0093730139822392,2.7500189905129337,1.7522017035226032
3267,1.0093730139822392,2.7500189905129337,1.7522017035226032
3269,1.0087426981774636,2.749288211684168,1.7520327993382663
3271,1.0087426981774636,2.749288211684168,1.7520327993382663
3273,1.0087426981774636,2.749288211684168,1.7520327993382663
3275,1.0087426981774636,2.749288211684168,1.7520327993382663
3277,1.0087426981774636,2.749288211684168,1.7520327993382663
3279,1.0087426981774636,2.749288211684168,1.7520327993382663
3281,1.0087426981774636,2.749288211684168,1.7520327993382663
3283,1.0087426981774636,2.749288211684168,1.7520327993382663
3285,1.0087426981774636,2.749288211684168,1.7520327993382663
3287,1.008556033300664,2.749071793696231,1.751982777130102
3289,1.008556033300664,2.749071793696231,1.751982777130102
3291,1.008556033300664,2.749071793696231,1.751982777130102
3293,1.008556033300664,2.749071793696231,1.751982777130102
3295,1.0086260275238295,2.749152944601989,1.7520015342012516
3297,1.0086260275238295,2.749152944601989,1.7520015342012516
3299,1.0086260275238295,2.749152944601989,1.7520015342012516
3301,1.0085327032542188,2.7490447449513105,1.751976525108174
3303,1.0070409942303116,2.747315242528464,1.7515767437989953
3305,1.0070409942303116,2.747315242528464,1.7515767437989953
3307,1.0070642807959598,2.747342241540643,1.7515829851164835
3309,1.0070642807959598,2.747342241540643,1.7515829851164835
3311,1.0070642807959598,2.747342241540643,1.7515829851164835
3313,1.0070642807959598,2.747342241540643,1.7515829851164835
3315,1.0070642807959598,2.747342241540643,1.7515829851164835
3317,1.0070642807959598,2.747342241540643,1.7515829851164835
3319,1.0070642807959598,2.747342241540643,1.7515829851164835
3321,-1.7767598480521485,0.21723605978819152,0.6691138174331845
3323,-0.41645057176911304,1.302647607142817,2.1001505468690094
3325,1.4088354180861038,-0.02794355473890482,1.4228283466215734
3327,1.4170483111812935,-0.02343956345211778,1.4242169309444896
3329,1.4170483111812935,-0.02343956345211778,1.4242169309444896
3331,1.3827274139332106,-0.04220214953620434,1.4183623124208349
3333,1.4982196764396927,0.08287108100785835,1.6176976386829263
3335,1.497542985708149,0.08269491145095242,1.617403751359621
3337,1.497542985708149,0.08269491145095242,1.617403751359621
3339,1.4972048231946762,0.08260687650605492,1.6172568908513993
3341,1.4972048231946762,0.08260687650605492,1.6172568908513993
3343,1.4968667824699455,0.08251887475268163,1.6171100857273166
3345,1.4968667824699455,0.08251887475268163,1.6171100857273166
3347,1.3205625368190568,-0.001734513581764948,1.392653061326977
3349,1.3063106627492358,-0.005376052000159679,1.3865757751576329
3351,1.2892554633578197,-0.013847272412024212,1.3829226613226404
3353,1.4660384901195933,0.08443049957125502,1.6110455827458148
3355,1.5922031390149822,0.018512156861226082,1.4453687249994813
3357,1.5922031390149822,0.018512156861226082,1.4453687249994813
3359,1.5922031390149822,0.018512156861226082,1.4453687249994813
3361,1.5922031390149822,0.018512156861226082,1.4453687249994813
3363,1.5922031390149822,0.018512156861226082,1.4453687249994813
3365,1.550781204529077,0.01489512326485879,1.4593968909327921
3367,1.550781204529077,0.01489512326485879,1.4593968909327921
3369,1.550781204529077,0.01489512326485879,1.4593968909327921
3371,1.550781204529077,0.01489512326485879,1.4593968909327921
3373,1.536723169543549,0.010317321546564048,1.452072683229719
3375,1.5671297328026474,0.01957016702570049,1.4638467688445669
3377,-0.05930188885997962,0.8072779737425164,1.3399588806068026
3379,-0.6354025091523647,0.18169381382473676,1.4136223627008873
3381,-0.6420446484407306,0.16948501951148937,1.4073728035518247
3383,-0.6352800318252966,0.177992281476205,1.4263354214701212
3385,-0.6336616730226183,0.17776869835804276,1.4319954496590084
3387,-0.562630059741143,0.24043434447283055,1.5496416204911194
3389,-1.8050530449248494,-0.02335180890969013,0.7800710018897894
3391,-1.806943520858259,-0.02455028375087297,0.7782282542840581
3393,-1.806943520858259,-0.02455028375087297,0.7782282542840581
3395,-1.806943520858259,-0.02455028375087297,0.7782282542840581
3397,-1.806943520858259,-0.02455028375087297,0.7782282542840581
3399,-1.806943520858259,-0.02455028375087297,0.7782282542840581
3401,-1.806943520858259,-0.02455028375087297,0.7782282542840581
3403,-1.806943520858259,-0.02455028375087297,0.7782282542840581
3405,-1.8056847546449533,-0.023752232543932557,0.779455311741648
3407,-1.8056847546449533,-0.023752232543932557,0.779455311741648
3409,-1.8056847546449533,-0.023752232543932557,0.779455311741648
3411,-1.8056847546449533,-0.023752232543932557,0.779455311741648
3413,-1.8056847546449533,-0.023752232543932557,0.779455311741648
3415,-1.8056847546449533,-0.023752232543932557,0.779455311741648
3417,-1.8056847546449533,-0.023752232543932557,0.779455311741648
3419,-1.8056847546449533,-0.023752232543932557,0.779455311741648
3421,-1.812225069559806,-0.027900988449978213,0.7730766634311813
3423,-1.8050530449248494,-0.02335180890969013,0.7800710018897894
3425,-1.812225069559806,-0.027900988449978213,0.7730766634311813
3427,-1.8050530449248494,-0.02335180890969013,0.7800710018897894
3429,-1.8056847546449533,-0.023752232543932557,0.779455311741648
3431,-1.8056847546449533,-0.023752232543932557,0.779455311741648
3433,-1.8050530449248494,-0.02335180890969013,0.7800710018897894
3435,-1.7645365517407392,0.0005871773623228427,0.7785324684035887
3437,-1.8050530449248494,-0.02335180890969013,0.7800710018897894
3439,-1.812225069559806,-0.027900988449978213,0.7730766634311813
3441,-1.8050530449248494,-0.02335180890969013,0.7800710018897894
3443,-1.8050530449248494,-0.02335180890969013,0.7800710018897894
3445,-1.8050530449248494,-0.02335180890969013,0.7800710018897894
3447,-1.812225069559806,-0.027900988449978213,0.7730766634311813
3449,-1.812225069559806,-0.027900988449978213,0.7730766634311813
3451,-1.812225069559806,-0.027900988449978213,0.7730766634311813
3453,-1.812225069559806,-0.027900988449978213,0.7730766634311813
3455,-1.812225069559806,-0.027900988449978213,0.7730766634311813
3457,-1.812225069559806,-0.027900988449978213,0.7730766634311813
3459,-1.812225069559806,-0.027900988449978213,0.7730766634311813
3461,-1.7645365517407392,0.0005871773623228427,0.7785324684035887
3463,-1.7645365517407392,0.0005871773623228427,0.7785324684035887
3465,-1.812225069559806,-0.027900988449978213,0.7730766634311813
3467,-1.812225069559806,-0.027900988449978213,0.7730766634311813
3469,-1.8125323577488683,-0.028096048324203236,0.7727767827903579
3471,-1.7645365517407392,0.0005871773623228427,0.7785324684035887
3473,-1.7699726048604312,-0.0028553985017955273,0.7734583409691734
3475,-1.7699726048604312,-0.0028553985017955273,0.7734583409691734
3477,-1.7645365517407392,0.0005871773623228427,0.7785324684035887
3479,-1.7699726048604312,-0.0028553985017955273,0.7734583409691734
3481,-1.7699726048604312,-0.0028553985017955273,0.7734583409691734
3483,-1.7699726048604312,-0.0028553985017955273,0.7734583409691734
3485,-1.732233417142903,0.018311464560932026,0.7483127214284642
3487,-1.7699726048604312,-0.0028553985017955273,0.7734583409691734
3489,-1.731348383818152,0.018873566331858046,0.7490945877267012
3491,-1.7317912470378005,0.018592304637327917,0.7487033468468731
3493,-1.732233417142903,0.018311464560932026,0.7483127214284642
3495,0.48553734117826586,0.28304471024278105,1.0331890606871617
3497,0.48553734117826586,0.28304471024278105,1.0331890606871617
3499,0.48553734117826586,0.28304471024278105,1.0331890606871617
3501,0.4560468967356554,0.2829855372289995,1.0118680535163513
3503,0.4515328637462172,0.28130809512985966,1.0104599780736339
3505,0.4240269704202146,0.27113329049838913,1.0018753119431762
3507,0.4515328637462172,0.28130809512985966,1.0104599780736339
3509,0.42559965470566824,0.27171289910559154,1.002366350577396
3511,0.42559965470566824,0.27171289910559154,1.002366350577396
3513,0.4515328637462172,0.28130809512985966,1.0104599780736339
3515,0.4227101881624643,0.27064819373934806,1.0014641563944138
3517,0.40647033532779925,0.2646804481317661,0.9963921748500448
3519,0.423621588991388,0.2709839303721305,1.001748736233169
3521,0.4227101881624643,0.27064819373934806,1.0014641563944138
3523,0.423621588991388,0.2709839303721305,1.001748736233169
3525,0.3978758475327105,0.26153334165658704,0.9937071436444326
3527,0.39238965695074257,0.2595284475993796,0.9919929185460294
3529,0.40647033532779925,0.2646804481317661,0.9963921748500448
3531,0.390682509657976,0.2589052199642709,0.9914594604570742
3533,0.390926176458089,0.2589941567809613,0.9915356038204781
3535,0.3976792971530558,0.2614614594355027,0.9936457326202536
3537,0.3978758475327105,0.26153334165658704,0.9937071436444326
3539,0.39204795105718415,0.25940367690334765,0.9918861420184656
3541,0.3976792971530558,0.2614614594355027,0.9936457326202536
3543,0.3976792971530558,0.2614614594355027,0.9936457326202536
3545,0.39248731262633957,0.2595641078821858,0.9920234339322433
3547,0.3976792971530558,0.2614614594355027,0.9936457326202536
3549,0.3976792971530558,0.2614614594355027,0.9936457326202536
3551,0.3976792971530558,0.2614614594355027,0.9936457326202536
3553,0.39248731262633957,0.2595641078821858,0.9920234339322433
3555,0.39238965695074257,0.2595284475993796,0.9919929185460294
3557,0.39238965695074257,0.2595284475993796,0.9919929185460294
3559,0.39238965695074257,0.2595284475993796,0.9919929185460294
3561,0.3824877134462562,0.255917761944154,0.9888984635451296
3563,0.3859207982264407,0.25716846367489343,0.9899714020368552
3565,0.3855817028847426,0.25704487397601916,0.9898654279163539
3567,0.3824877134462562,0.255917761944154,0.9888984635451296
3569,0.3824877134462562,0.255917761944154,0.9888984635451296
3571,0.3824877134462562,0.255917761944154,0.9888984635451296
3573,0.3824877134462562,0.255917761944154,0.9888984635451296
3575,0.392331306050075,0.25170801839160634,0.9829300264519492
3577,0.392331306050075,0.25170801839160634,0.9829300264519492
3579,1.2680601773624942,2.8415783379799766,-1.59761503155442
3581,1.2680601773624942,2.8415783379799766,-1.59761503155442
3583,1.2680601773624942,2.8415783379799766,-1.59761503155442
3585,1.2680601773624942,2.8415783379799766,-1.59761503155442
3587,1.2680601773624942,2.8415783379799766,-1.59761503155442
3589,1.2680601773624942,2.8415783379799766,-1.59761503155442
3591,1.2680601773624942,2.8415783379799766,-1.59761503155442
3593,1.2680601773624942,2.8415783379799766,-1.59761503155442
3595,1.2680601773624942,2.8415783379799766,-1.59761503155442
3597,1.2680601773624942,2.8415783379799766,-1.59761503155442
3599,1.2680601773624942,2.8415783379799766,-1.59761503155442
3601,1.2680601773624942,2.8415783379799766,-1.59761503155442
3603,1.2680601773624942,2.8415783379799766,-1.59761503155442
3605,1.2680601773624942,2.8415783379799766,-1.59761503155442
3607,1.2680601773624942,2.8415783379799766,-1.59761503155442
3613,-0.5289147425873613,-1.2647318699069263,-0.9000824756369119
3615,-0.24278268778400075,-1.1223712016705805,-0.8830773616122183
3617,-0.23785511173415705,-1.1392603009272853,-0.8954322416210991
3619,-0.24209855011286183,-1.1880127352050467,-0.9238024416087038
3621,0.3762998663689219,-1.212013454472722,-0.7003239563334916
3623,0.3762998663689219,-1.212013454472722,-0.7003239563334916
3625,0.3762998663689219,-1.212013454472722,-0.7003239563334916
3627,0.6513380614983723,-1.103662391305438,-0.7686017508818149
3629,0.6513380614983723,-1.103662391305438,-0.7686017508818149
3631,1.218253281581785,-0.08408932978280917,0.9612473184771371
3633,1.218358262467441,-0.0842006615485983,0.961141838971941
3635,1.2678494343457554,-0.16921638204185915,0.9839004622408769
3637,1.2678494343457554,-0.16921638204185915,0.9839004622408769
3639,1.2678494343457554,-0.16921638204185915,0.9839004622408769
3641,1.2678494343457554,-0.16921638204185915,0.9839004622408769
3643,1.2677924989523537,-0.16924336315886154,0.9838905289529928
3645,1.2677924989523537,-0.16924336315886154,0.9838905289529928
3647,1.2968904739316118,-0.19376443730710083,0.9910789355004472
3649,1.3598064884590113,-0.15673692796093885,0.9847466238796265
3651,1.3426417101895205,-0.16824019117462122,0.9752441685543561
3653,1.3461178447399786,-0.169382749744209,0.981984602568336
3655,1.3534467637320533,-0.1621997283040976,0.9781558911427988
3657,1.3438124515683256,-0.16903753468869537,0.9742804386673416
3659,-0.6773662800787358,5.644712044806028,-2.183268916474546
3661,-0.6773662800787358,5.644712044806028,-2.183268916474546
3663,-0.7213311497754851,5.386031716308546,-2.0896700024923143
3665,-0.6805502056008098,5.629169430705062,-2.176903083571236
3667,-0.7131651091271543,5.42553704156986,-2.105862690382826
3669,-0.7131651091271543,5.42553704156986,-2.105862690382826
3671,-0.7131651091271543,5.42553704156986,-2.105862690382826
3673,-0.7131651091271543,5.42553704156986,-2.105862690382826
3675,-0.7131651091271543,5.42553704156986,-2.105862690382826
3677,-0.7131651091271543,5.42553704156986,-2.105862690382826
3679,-0.7131651091271543,5.42553704156986,-2.105862690382826
3681,-0.7213311497754851,5.386031716308546,-2.0896700024923143
3683,-0.7131651091271543,5.42553704156986,-2.105862690382826
3685,-0.7213311497754851,5.386031716308546,-2.0896700024923143
3687,-0.7131651091271543,5.42553704156986,-2.105862690382826
3689,-0.7213311497754851,5.386031716308546,-2.0896700024923143
3691,-0.7131651091271543,5.42553704156986,-2.105862690382826
3693,-0.7213311497754851,5.386031716308546,-2.0896700024923143
3695,-0.7081566987997056,5.388207541032462,-2.085183421420961
3697,-0.7434310842757835,5.520332901460559,-2.130620527637771
3699,-0.990137161285817,6.206400418905273,-2.5232583500157935
3701,-0.7423546750218482,5.447426133368691,-2.094028821691325
3703,-0.990137161285817,6.206400418905273,-2.5232583500157935
3705,-0.7423546750218482,5.447426133368691,-2.094028821691325
3707,-0.7423546750218482,5.447426133368691,-2.094028821691325
3709,-0.7483430986877305,5.580052535378995,-2.162281651024455
3711,-0.7416977300291454,5.612633115530472,-2.175619831179287
3713,-0.762918602661737,5.508682175974949,-2.1330634791553718
3715,-0.762918602661737,5.508682175974949,-2.1330634791553718
3717,-0.7660894167918697,5.493172556898207,-2.1267140604029753
3719,-0.7581165856258149,5.532181959845932,-2.1426839819935304
3721,-0.7660894167918697,5.493172556898207,-2.1267140604029753
3723,-0.7770004788407836,5.439848651516734,-2.1048841064220554
3725,-0.7785360502792407,5.432349891133603,-2.1018142466185443
3727,-0.7785360502792407,5.432349891133603,-2.1018142466185443
3729,-0.7785360502792407,5.432349891133603,-2.1018142466185443
3731,-0.7785360502792407,5.432349891133603,-2.1018142466185443
3733,-0.784622095617081,5.402643724993293,-2.089653100184704
3735,-0.7891286793028391,5.380661720003404,-2.0806541144147555
3737,-0.7891286793028391,5.380661720003404,-2.0806541144147555
3739,-0.8255279557762532,5.121118041903399,-1.967220230778098
3741,-0.8255279557762532,5.121118041903399,-1.967220230778098
3743,-0.8255279557762532,5.121118041903399,-1.967220230778098
3745,-0.8255279557762532,5.121118041903399,-1.967220230778098
3747,-0.8268319591956355,5.114813388041301,-1.9646398540930197
3749,0.40888416012538,-1.096023027879995,-1.039936453288751
3751,0.40888416012538,-1.096023027879995,-1.039936453288751
3753,0.40888416012538,-1.096023027879995,-1.039936453288751
3755,0.6586625163182891,-1.1652794680010985,-0.7595190785003162
3757,0.7034492346326111,-1.1451806607265598,-0.7588592072271858
3759,0.6704228721584777,-1.1497620400374087,-0.7518315627988748
3761,0.6950213741407872,-1.1083934362137524,-0.7530847783809389
3763,0.6950213741407872,-1.1083934362137524,-0.7530847783809389
3765,0.6972386819020004,-1.08784985962868,-0.7615301313232296
3767,0.6972386819020004,-1.08784985962868,-0.7615301313232296
3769,0.7130673653303649,-1.0801141760575341,-0.760865428646545
3771,0.7130673653303649,-1.0801141760575341,-0.760865428646545
3773,0.7127611443597601,-1.08084536082095,-0.7612852312923805
3775,0.7127611443597601,-1.08084536082095,-0.7612852312923805
3777,0.9703745907493991,-1.1495154532431597,-0.5058076031546066
3779,0.9618705688744844,-1.1441694599455425,-0.5100355303205146
3781,0.9607720363141482,-1.1450609651960912,-0.5102883742636222
3783,1.0338638415404156,-1.1580743338566253,-0.4438755564096715
3785,1.0338638415404156,-1.1580743338566253,-0.4438755564096715
3787,1.0326650665194197,-1.1574172854582545,-0.4431802809687292
3789,1.0326650665194197,-1.1574172854582545,-0.4431802809687292
3791,1.0326650665194197,-1.1574172854582545,-0.4431802809687292
3793,1.0311642625963735,-1.157290547568824,-0.4426671256853426
3795,1.0308645046396816,-1.1572652246759634,-0.4425646259792634
3797,1.0225777975020685,-1.1536641479860956,-0.45521711539382875
3799,1.0225777975020685,-1.1536641479860956,-0.45521711539382875
3801,1.0225777975020685,-1.1536641479860956,-0.45521711539382875
3803,1.0242833722942082,-1.1456142432058105,-0.4501886405892252
3805,1.1015514679410623,-1.1801887587409754,-0.355804690141824
3807,1.0566287836639632,-1.1788050693145975,-0.3922039874642641
3837,1.4305131977121766,-1.174460032075828,-0.11331497102492791
3839,1.430769737636685,-1.1752328885587884,-0.11392430704875804
3841,1.430769737636685,-1.1752328885587884,-0.11392430704875804
3843,1.4232900410047824,-1.1767436593593026,-0.11962655247033092
3845,1.4232900410047824,-1.1767436593593026,-0.11962655247033092
3847,1.3471228077231796,-1.160537453866921,-0.15958594945263857
3849,1.3478329919911463,-1.1613811780099397,-0.16043575600031376
3851,-1.1545850736096033,2.1551326701293565,0.46256282256809156
3853,-1.1581472814175364,2.1450944056154224,0.4620544666994205
3855,-1.1550681729693308,2.1537707265472172,0.46249401491031794
3857,-1.157475600260217,2.146986445505589,0.4621504965082533
3859,-1.1580513909524062,2.1453644954164104,0.4620681810810404
3861,-1.7136378480087986,0.6029973204474882,0.41954350419380393
3863,-1.7027726549563715,0.6087015969414609,0.42079731975141343
3865,-1.7136622336184897,0.6029482832876079,0.41953573685595885
3867,-1.7027236761343678,0.6087996265442776,0.4208128642426623
3869,-1.6669588249005798,0.7105301817821366,0.44888309565411805
3871,-1.6226454427163088,0.8149169512588366,0.49755127028633317
3873,-1.667981363698002,0.7084015326677462,0.4485396934128087
3875,-1.6225384499710238,0.8151453066267861,0.4975912283157025
3877,-1.6226454427163088,0.8149169512588366,0.49755127028633317
3879,-1.7583577845321936,0.5367841128320491,0.4456842377629971
3881,-1.6226454427163088,0.8149169512588366,0.49755127028633317
3883,-1.7576641595079143,0.5381460172420005,0.4459541709781095
3885,-1.7542424052616545,0.6262765586519565,0.4061806508141917
3887,-1.7542424052616545,0.6262765586519565,0.4061806508141917
3889,-1.7542424052616545,0.6262765586519565,0.4061806508141917
3891,-1.7542424052616545,0.6262765586519565,0.4061806508141917
3893,-1.7543401705781685,0.6260685752245054,0.40615030199049607
3895,-1.7543401705781685,0.6260685752245054,0.40615030199049607
3897,-1.754503030797407,0.6257221381425009,0.4060997444477505
3899,-1.7546332452560711,0.625445170079598,0.40605931984509014
3901,-1.754503030797407,0.6257221381425009,0.4060997444477505
3903,-1.754503030797407,0.6257221381425009,0.4060997444477505
3905,1.010373288502601,-0.756081427889739,-0.4131409784787441
3907,1.1776643185104425,-0.822731887738316,-0.27822897287739884
3909,1.1640772540155417,-0.8219117042810344,-0.2882965060434499
3911,1.1777390910523915,-0.8227837760372811,-0.2782813073941196
3913,1.2036489207422256,-0.8354869385143326,-0.2609025169875346
3915,1.1777581440132023,-0.822776996087046,-0.27828615579437227
3917,1.205417694480645,-0.8342666638786019,-0.26452736753056927
3919,1.1984959628831398,-0.8367021650224389,-0.26223083898780364
3921,1.206260378225733,-0.8552704192250951,-0.24526072672986748
3923,1.2008631250981845,-0.854786579073202,-0.24966848974764508
3925,1.200966483205952,-0.8547529562638405,-0.2496952982276356
3927,1.206260378225733,-0.8552704192250951,-0.24526072672986748
3929,1.205872071096825,-0.8552609804217851,-0.24509499118182973
3931,1.2049454884239827,-0.8529676294980466,-0.24726519482994908
3933,1.2049454884239827,-0.8529676294980466,-0.24726519482994908
3935,1.201458101942858,-0.8555870715943483,-0.2471818226589922
3937,1.192752681342435,-0.8583451127904547,-0.25326106782777913
3939,1.2008793237920299,-0.8561745515059812,-0.25206252768716836
3941,1.2026506398399912,-0.8547065212277429,-0.24652581558856723
3943,1.2026842706682561,-0.854695818557173,-0.24653456535110763
3945,1.1990501469482755,-0.8569043634542008,-0.25128609944010605
3947,1.1993774583677952,-0.8579499362726536,-0.24975501784851095
3949,1.1967496302834355,-0.8581019441188518,-0.25088206990327994
3951,1.19762219518064,-0.8581441934705569,-0.250550630353731
3953,1.194398623230763,-0.8570788161225666,-0.2528193295720564
3955,1.1947684210767116,-0.8570486026079492,-0.25329871212997557
3957,1.1863733963852674,-0.8588876684419314,-0.2571794241205681
3959,1.1863733963852674,-0.8588876684419314,-0.2571794241205681
3961,1.1872087217540588,-0.8659826406023812,-0.26037012154650935
3963,1.1935138101584337,-0.796970621134849,-0.25339315917519883
3965,1.1942175169068647,-0.796960860118971,-0.2538515215797048
3967,1.19339153416314,-0.7968825051840513,-0.2533003381067613
3969,1.19339153416314,-0.7968825051840513,-0.2533003381067613
3971,-1.9603200144006012,2.100242737710541,-1.344057690091147
3973,-1.9603200144006012,2.100242737710541,-1.344057690091147
3975,-1.9603200144006012,2.100242737710541,-1.344057690091147
3977,-1.969440675744611,2.0412352495855854,-1.306758254313296
3979,-1.969440675744611,2.0412352495855854,-1.306758254313296
3981,-1.969440675744611,2.0412352495855854,-1.306758254313296
3983,-1.9777508970767315,1.9874710248133503,-1.272773156611945
3985,-2.3444693960910143,-0.385069371064603,0.22694189546769064
3987,-2.3444693960910143,-0.385069371064603,0.22694189546769064
3989,-2.3444693960910143,-0.385069371064603,0.22694189546769064
3991,-2.3444693960910143,-0.385069371064603,0.22694189546769064
3993,-2.3444693960910143,-0.385069371064603,0.22694189546769064
3995,-2.3444693960910143,-0.385069371064603,0.22694189546769064
3997,-2.3444693960910143,-0.385069371064603,0.22694189546769064
3999,-2.3444693960910143,-0.385069371064603,0.22694189546769064
4001,-2.3444693960910143,-0.385069371064603,0.22694189546769064
4003,-2.3444693960910143,-0.385069371064603,0.22694189546769064
4005,-2.3444693960910143,-0.385069371064603,0.22694189546769064
4007,-2.3444693960910143,-0.385069371064603,0.22694189546769064
4009,-2.3444693960910143,-0.385069371064603,0.22694189546769064
4011,-2.3444693960910143,-0.385069371064603,0.22694189546769064
4013,-2.3444693960910143,-0.385069371064603,0.22694189546769064
4015,-2.3444693960910143,-0.385069371064603,0.22694189546769064
4017,-2.3444693960910143,-0.385069371064603,0.22694189546769064
4019,-2.3444693960910143,-0.385069371064603,0.22694189546769064
4021,-2.3444693960910143,-0.385069371064603,0.22694189546769064
4023,-2.3444693960910143,-0.385069371064603,0.22694189546769064
4025,-2.3444693960910143,-0.385069371064603,0.22694189546769064
4027,-2.3444693960910143,-0.385069371064603,0.22694189546769064
4029,-2.3444693960910143,-0.385069371064603,0.22694189546769064
4031,-2.3444693960910143,-0.385069371064603,0.22694189546769064
4033,-2.3444693960910143,-0.385069371064603,0.22694189546769064
4035,-2.3444693960910143,-0.385069371064603,0.22694189546769064
4037,-2.3444693960910143,-0.385069371064603,0.22694189546769064
4039,-2.3444693960910143,-0.385069371064603,0.22694189546769064
4041,-0.6094327081992843,-0.9928234994370339,-0.683263356203688
4043,-0.6509148995444113,-0.9842640391997338,-0.665613411135302
4045,-0.6509148995444113,-0.9842640391997338,-0.665613411135302
4047,-0.6509148995444113,-0.9842640391997338,-0.665613411135302
4049,-0.6815676629354093,-0.9777590594890565,-0.6524477402275407
4051,-0.6732411331763414,-0.9795414343503754,-0.6560345995677558
4053,-0.6732411331763414,-0.9795414343503754,-0.6560345995677558
4055,-0.6732411331763414,-0.9795414343503754,-0.6560345995677558
4057,-0.6732411331763414,-0.9795414343503754,-0.6560345995677558
4059,-0.6732411331763414,-0.9795414343503754,-0.6560345995677558
4061,-0.6732411331763414,-0.9795414343503754,-0.6560345995677558
4063,-0.6677709434131378,-0.9827056546861314,-0.6592304497689114
4065,-0.6990615728503788,-0.975928784373312,-0.6456983100106161
4067,-0.7220349636334821,-0.9708478007699326,-0.6356908362936603
4069,-0.7245220148974901,-0.9702923256664255,-0.6346037349892713
4071,-0.7245220148974901,-0.9702923256664255,-0.6346037349892713
4073,-0.7245220148974901,-0.9702923256664255,-0.6346037349892713
4075,-0.7245220148974901,-0.9702923256664255,-0.6346037349892713
4077,-0.7245220148974901,-0.9702923256664255,-0.6346037349892713
4079,-0.7245220148974901,-0.9702923256664255,-0.6346037349892713
4081,-0.7245220148974901,-0.9702923256664255,-0.6346037349892713
4083,-0.7245220148974901,-0.9702923256664255,-0.6346037349892713
4085,1.5723080156435276,0.09228768763983196,-1.4916940587772787
4087,1.3640414468670183,-0.31162692060356023,0.0055369386073688305
4089,1.3640414468670183,-0.31162692060356023,0.0055369386073688305
4091,1.290471502412257,-0.36657724529692093,-0.06620703131871114
4093,1.2681273323456752,-0.3855865726096937,-0.08509876298949177
4095,0.8694332182390111,-0.4545587195752742,-0.32336851726484966
4097,0.6143949685745401,-0.7462017596488426,-0.955844041176028
4099,0.6143949685745401,-0.7462017596488426,-0.955844041176028
4101,0.6143949685745401,-0.7462017596488426,-0.955844041176028
4103,0.6143949685745401,-0.7462017596488426,-0.955844041176028
4105,0.6143949685745401,-0.7462017596488426,-0.955844041176028
4107,0.6374754569921091,-0.7702257262784395,-0.9727070132754357
4109,0.39286737198446126,-0.710578593126587,-0.8891549992485267
4111,0.38988225758346184,-0.7095778483783485,-0.8875077125485595
4113,0.38988225758346184,-0.7095778483783485,-0.8875077125485595
4115,0.38988225758346184,-0.7095778483783485,-0.8875077125485595
4117,0.46162676327086627,-0.5294521319448858,-1.0257817318280855
4119,1.3722142072544994,-0.3934061552204296,0.7116877047083444
4121,1.3674762603988375,-0.395011492025612,0.7118789497878164
4123,1.3674762603988375,-0.395011492025612,0.7118789497878164
4125,1.3066343067859727,-0.4173493306834524,0.6884921814036856
4127,1.3066343067859727,-0.4173493306834524,0.6884921814036856
4129,1.3063986945999508,-0.4174448901241049,0.6884921378406023
4131,1.3066413637342456,-0.4174652634224961,0.6884284295125168
4133,1.311766048876742,-0.4181512809550842,0.6887702506459537
4135,1.301681718251522,-0.41651071764937564,0.683372969933862
4137,1.301681718251522,-0.41651071764937564,0.683372969933862
4139,1.301681718251522,-0.41651071764937564,0.683372969933862
4141,1.301681718251522,-0.41651071764937564,0.683372969933862
4143,1.3040164406183279,-0.41834090858781237,0.6837399998542211
4145,1.3040164406183279,-0.41834090858781237,0.6837399998542211
4147,1.3040164406183279,-0.41834090858781237,0.6837399998542211
4149,1.3040164406183279,-0.41834090858781237,0.6837399998542211
4151,1.3040164406183279,-0.41834090858781237,0.6837399998542211
4153,1.311766048876742,-0.4181512809550842,0.6887702506459537
4155,1.3475215382281474,-0.4078539155555372,0.6494096160569406
4159,1.3475215382281474,-0.4078539155555372,0.6494096160569406
4161,1.3475215382281474,-0.4078539155555372,0.6494096160569406
4163,1.3475215382281474,-0.4078539155555372,0.6494096160569406
4165,1.4937827370719607,-0.002708517750547874,-0.035470035016683624
4167,-2.231648210420944,-0.31761857321696796,0.24108513737728565
4169,-2.231648210420944,-0.31761857321696796,0.24108513737728565
4171,-2.2321833017624613,-0.3179384806677927,0.24101805843070426
4173,-2.232801115326276,-0.31830784407726986,0.24094060944241216
4175,-2.2333252172988898,-0.31862118147038804,0.2408749081209808
4177,-2.2333252172988898,-0.31862118147038804,0.2408749081209808
4179,-2.2333252172988898,-0.31862118147038804,0.2408749081209808
4181,-2.2333252172988898,-0.31862118147038804,0.2408749081209808
4183,-2.2333252172988898,-0.31862118147038804,0.2408749081209808
4185,-2.2333252172988898,-0.31862118147038804,0.2408749081209808
4187,-2.2333252172988898,-0.31862118147038804,0.2408749081209808
4189,-2.2333252172988898,-0.31862118147038804,0.2408749081209808
4191,-2.2333252172988898,-0.31862118147038804,0.2408749081209808
4193,-2.2333252172988898,-0.31862118147038804,0.2408749081209808
4195,-2.233412083787009,-0.3186731151023125,0.2408640185549121
4197,-2.2321833017624613,-0.3179384806677927,0.24101805843070426
4199,-2.2301036753121135,-0.31669516397626973,0.2412787599983591
4201,-2.045327808195028,-0.20622584399869798,0.2644422267902651
4203,-2.045327808195028,-0.20622584399869798,0.2644422267902651
4205,-2.045327808195028,-0.20622584399869798,0.2644422267902651
4207,-2.045327808195028,-0.20622584399869798,0.2644422267902651
4209,-2.045327808195028,-0.20622584399869798,0.2644422267902651
4211,-2.0449873525290263,-0.2060223006112826,0.2644849062463897
4213,-2.0449873525290263,-0.2060223006112826,0.2644849062463897
4215,-2.0449873525290263,-0.2060223006112826,0.2644849062463897
4217,-2.0449873525290263,-0.2060223006112826,0.2644849062463897
4219,-2.0449873525290263,-0.2060223006112826,0.2644849062463897
4221,-2.0463441399446114,-0.2068334638085783,0.2643148196396542
4223,-2.0463441399446114,-0.2068334638085783,0.2643148196396542
4225,-2.0463441399446114,-0.2068334638085783,0.2643148196396542
4227,-2.0463441399446114,-0.2068334638085783,0.2643148196396542
4229,-2.0463441399446114,-0.2068334638085783,0.2643148196396542
4231,-2.0463441399446114,-0.2068334638085783,0.2643148196396542
4233,-2.0463441399446114,-0.2068334638085783,0.2643148196396542
4235,-2.0463441399446114,-0.2068334638085783,0.2643148196396542
4237,-2.0463441399446114,-0.2068334638085783,0.2643148196396542
4239,-2.0463441399446114,-0.2068334638085783,0.2643148196396542
4241,-2.0463441399446114,-0.2068334638085783,0.2643148196396542
4243,-2.0463441399446114,-0.2068334638085783,0.2643148196396542
4245,-2.0463441399446114,-0.2068334638085783,0.2643148196396542
4247,-2.0463441399446114,-0.2068334638085783,0.2643148196396542
4249,-2.0463441399446114,-0.2068334638085783,0.2643148196396542
4251,-2.0463441399446114,-0.2068334638085783,0.2643148196396542
4253,-2.0480214408644537,-0.2078362478566453,0.2641045535223144
4255,-2.0480214408644537,-0.2078362478566453,0.2641045535223144
4257,-2.0480214408644537,-0.2078362478566453,0.2641045535223144
4259,-2.0480214408644537,-0.2078362478566453,0.2641045535223144
4261,-2.042926758231332,-0.20479036240220996,0.264743221947087
4263,-2.042926758231332,-0.20479036240220996,0.264743221947087
4265,-2.042926758231332,-0.20479036240220996,0.264743221947087
4267,-2.042926758231332,-0.20479036240220996,0.264743221947087
4269,-2.042926758231332,-0.20479036240220996,0.264743221947087
4271,-2.042926758231332,-0.20479036240220996,0.264743221947087
4273,-2.042926758231332,-0.20479036240220996,0.264743221947087
4275,-2.042926758231332,-0.20479036240220996,0.264743221947087
4277,-2.042926758231332,-0.20479036240220996,0.264743221947087
4279,-2.042926758231332,-0.20479036240220996,0.264743221947087
4281,-2.038175326653955,-0.20194969157510403,0.26533886048621924
4283,-2.038175326653955,-0.20194969157510403,0.26533886048621924
4285,-2.038175326653955,-0.20194969157510403,0.26533886048621924
4287,-2.038175326653955,-0.20194969157510403,0.26533886048621924
4289,-1.8131407891227325,-0.05065682594070129,0.3673200009648782
4291,-1.8131407891227325,-0.05065682594070129,0.3673200009648782
4293,-1.8131720230502988,-0.05067735568254626,0.3673079119363901
4295,-1.8126717283897578,-0.05034850040355551,0.3675016235212697
4297,-1.800687596798966,-0.04440797884526363,0.3636135276492809
4299,-1.8189039426292595,-0.0562837312038195,0.3569929509365626
4301,-1.8189039426292595,-0.0562837312038195,0.3569929509365626
4303,-1.8189039426292595,-0.0562837312038195,0.3569929509365626
4305,-1.8189039426292595,-0.0562837312038195,0.3569929509365626
4307,-1.8189039426292595,-0.0562837312038195,0.3569929509365626
4309,-1.8189039426292595,-0.0562837312038195,0.3569929509365626
4311,-1.8195141273220152,-0.05668076003135723,0.3567745654307968
4313,-1.8195141273220152,-0.05668076003135723,0.3567745654307968
4315,-1.8132656972867258,-0.050738925969552706,0.36727165917879406
4317,-1.8132656972867258,-0.050738925969552706,0.36727165917879406
4319,-1.8195141273220152,-0.05668076003135723,0.3567745654307968
4321,-1.8132656972867258,-0.050738925969552706,0.36727165917879406
4323,-1.8122957330632048,-0.05010132649616988,0.36764731033177817
4325,-1.8196200658758739,-0.056749686041707395,0.35673667205709797
4327,-1.8122957330632048,-0.05010132649616988,0.36764731033177817
4329,-1.8196200658758739,-0.056749686041707395,0.35673667205709797
4331,-1.8122957330632048,-0.05010132649616988,0.36764731033177817
4333,-1.8196200658758739,-0.056749686041707395,0.35673667205709797
4335,-1.8122957330632048,-0.05010132649616988,0.36764731033177817
4337,-1.8196200658758739,-0.056749686041707395,0.35673667205709797
4339,-1.8196200658758739,-0.056749686041707395,0.35673667205709797
4341,-1.8122957330632048,-0.05010132649616988,0.36764731033177817
4343,-1.8122957330632048,-0.05010132649616988,0.36764731033177817
4345,-1.8122957330632048,-0.05010132649616988,0.36764731033177817
4347,-1.8122957330632048,-0.05010132649616988,0.36764731033177817
4349,-1.8196200658758739,-0.056749686041707395,0.35673667205709797
4351,-1.8122957330632048,-0.05010132649616988,0.36764731033177817
4353,-1.8211239139653184,-0.057727963484039364,0.3561994621537378
4355,-1.8122957330632048,-0.05010132649616988,0.36764731033177817
4357,-1.8122957330632048,-0.05010132649616988,0.36764731033177817
4359,-1.1392847632295358,0.035167717996697004,0.7151201810647698
4361,-1.2094286953012776,-0.0005586512174351286,0.6911109520987153
4363,0.2428259166692328,0.9062477278804295,2.782248898397722
4365,0.2428259166692328,0.9062477278804295,2.782248898397722
4367,0.2428259166692328,0.9062477278804295,2.782248898397722
4369,0.2428259166692328,0.9062477278804295,2.782248898397722
4371,0.2428259166692328,0.9062477278804295,2.782248898397722
4373,0.2428259166692328,0.9062477278804295,2.782248898397722
4375,0.2428259166692328,0.9062477278804295,2.782248898397722
4377,0.2428259166692328,0.9062477278804295,2.782248898397722
4379,0.2428259166692328,0.9062477278804295,2.782248898397722
4381,0.2428259166692328,0.9062477278804295,2.782248898397722
4383,0.2428259166692328,0.9062477278804295,2.782248898397722
4385,0.2428259166692328,0.9062477278804295,2.782248898397722
4387,0.2428259166692328,0.9062477278804295,2.782248898397722
4389,0.2428259166692328,0.9062477278804295,2.782248898397722
4391,0.2428259166692328,0.9062477278804295,2.782248898397722
4393,0.2428259166692328,0.9062477278804295,2.782248898397722
4395,0.2428259166692328,0.9062477278804295,2.782248898397722
4397,0.2428259166692328,0.9062477278804295,2.782248898397722
4399,0.2428259166692328,0.9062477278804295,2.782248898397722
4401,0.2428259166692328,0.9062477278804295,2.782248898397722
4403,0.2428259166692328,0.9062477278804295,2.782248898397722
4405,0.2428259166692328,0.9062477278804295,2.782248898397722
4407,0.2428259166692328,0.9062477278804295,2.782248898397722
4409,0.2428259166692328,0.9062477278804295,2.782248898397722
4411,0.2428259166692328,0.9062477278804295,2.782248898397722
4413,0.2428259166692328,0.9062477278804295,2.782248898397722
4415,0.2428259166692328,0.9062477278804295,2.782248898397722
4417,0.2428259166692328,0.9062477278804295,2.782248898397722
4419,0.2428259166692328,0.9062477278804295,2.782248898397722
4421,0.2428259166692328,0.9062477278804295,2.782248898397722
4423,0.2428259166692328,0.9062477278804295,2.782248898397722
4425,0.2428259166692328,0.9062477278804295,2.782248898397722
4427,0.2428259166692328,0.9062477278804295,2.782248898397722
4429,0.2428259166692328,0.9062477278804295,2.782248898397722
4431,0.2428259166692328,0.9062477278804295,2.782248898397722
4433,0.2428259166692328,0.9062477278804295,2.782248898397722
4435,0.2428259166692328,0.9062477278804295,2.782248898397722
4437,0.2428259166692328,0.9062477278804295,2.782248898397722
4439,0.2428259166692328,0.9062477278804295,2.782248898397722
4441,0.2428259166692328,0.9062477278804295,2.782248898397722
4443,0.2428259166692328,0.9062477278804295,2.782248898397722
4445,0.2428259166692328,0.9062477278804295,2.782248898397722
4447,0.2428259166692328,0.9062477278804295,2.782248898397722
4449,0.2428259166692328,0.9062477278804295,2.782248898397722
4451,0.2428259166692328,0.9062477278804295,2.782248898397722
4453,0.2428259166692328,0.9062477278804295,2.782248898397722
4455,0.2428259166692328,0.9062477278804295,2.782248898397722
4457,0.2428259166692328,0.9062477278804295,2.782248898397722
4459,0.2428259166692328,0.9062477278804295,2.782248898397722
4461,0.2428259166692328,0.9062477278804295,2.782248898397722
4463,0.2428259166692328,0.9062477278804295,2.782248898397722
4465,0.2428259166692328,0.9062477278804295,2.782248898397722
4467,0.2428259166692328,0.9062477278804295,2.782248898397722
4469,0.2428259166692328,0.9062477278804295,2.782248898397722
4471,0.2428259166692328,0.9062477278804295,2.782248898397722
4473,0.2428259166692328,0.9062477278804295,2.782248898397722
4475,0.2428259166692328,0.9062477278804295,2.782248898397722
4477,0.2428259166692328,0.9062477278804295,2.782248898397722
4479,0.2428259166692328,0.9062477278804295,2.782248898397722
4481,0.2428259166692328,0.9062477278804295,2.782248898397722
4483,0.2428259166692328,0.9062477278804295,2.782248898397722
4485,0.2428259166692328,0.9062477278804295,2.782248898397722
4487,0.24032718473633274,0.9047567467441353,2.780172184724372
4489,0.24032718473633274,0.9047567467441353,2.780172184724372
4491,0.24032718473633274,0.9047567467441353,2.780172184724372
4493,0.24032718473633274,0.9047567467441353,2.780172184724372
4495,0.24032718473633274,0.9047567467441353,2.780172184724372
4497,0.24032718473633274,0.9047567467441353,2.780172184724372
4499,0.24032718473633274,0.9047567467441353,2.780172184724372
4501,3.3608382270384527,1.3947735825118264,4.593051183853149
4503,-1.990591743459664,-0.17350157137638436,0.27130392922792057
4505,-1.990591743459664,-0.17350157137638436,0.27130392922792057
4507,-1.9916234778615773,-0.1741183997509715,0.2711745912038072
4509,-1.9916234778615773,-0.1741183997509715,0.2711745912038072
4511,-1.9916234778615773,-0.1741183997509715,0.2711745912038072
4513,-1.9916234778615773,-0.1741183997509715,0.2711745912038072
4515,-1.9916234778615773,-0.1741183997509715,0.2711745912038072
4517,-1.9935217627234216,-0.17525330032583258,0.2709366225824447
4519,-1.9935217627234216,-0.17525330032583258,0.2709366225824447
4521,-1.9935217627234216,-0.17525330032583258,0.2709366225824447
4523,-1.99323121065063,-0.1750795920900111,0.27097304613382295
4525,-1.9932796734488254,-0.17510856585397905,0.2709669708468598
4527,-1.9932796734488254,-0.17510856585397905,0.2709669708468598
4529,-1.9932796734488254,-0.17510856585397905,0.2709669708468598
4531,-1.9937151649410034,-0.1753689269592877,0.27091237771803495
4533,-1.9937151649410034,-0.1753689269592877,0.27091237771803495
4535,-1.993666836789662,-0.17534003369471912,0.27091843612569483
4537,-1.993666836789662,-0.17534003369471912,0.27091843612569483
4539,-1.993666836789662,-0.17534003369471912,0.27091843612569483
4541,-1.993666836789662,-0.17534003369471912,0.27091843612569483
4543,-1.993666836789662,-0.17534003369471912,0.27091843612569483
4545,-1.993666836789662,-0.17534003369471912,0.27091843612569483
4547,-1.993666836789662,-0.17534003369471912,0.27091843612569483
4549,-1.993666836789662,-0.17534003369471912,0.27091843612569483
4551,-1.993666836789662,-0.17534003369471912,0.27091843612569483
4553,-1.993666836789662,-0.17534003369471912,0.27091843612569483
4555,-1.993666836789662,-0.17534003369471912,0.27091843612569483
4557,-1.993666836789662,-0.17534003369471912,0.27091843612569483
4559,-1.993666836789662,-0.17534003369471912,0.27091843612569483
4561,-1.993666836789662,-0.17534003369471912,0.27091843612569483
4563,-1.993666836789662,-0.17534003369471912,0.27091843612569483
4565,-1.994245791374735,-0.17568616503918896,0.27084585849142595
4567,-1.994245791374735,-0.17568616503918896,0.27084585849142595
4569,-1.994245791374735,-0.17568616503918896,0.27084585849142595
4571,-2.3444693960910143,-0.385069371064603,0.22694189546769064
4573,-2.3444693960910143,-0.385069371064603,0.22694189546769064
4575,-2.3444693960910143,-0.385069371064603,0.22694189546769064
4577,-2.3444693960910143,-0.385069371064603,0.22694189546769064
4579,-2.3444693960910143,-0.385069371064603,0.22694189546769064
4581,-2.3444693960910143,-0.385069371064603,0.22694189546769064
4583,-2.3444693960910143,-0.385069371064603,0.22694189546769064
4585,-2.3444693960910143,-0.385069371064603,0.22694189546769064
4587,-2.3444693960910143,-0.385069371064603,0.22694189546769064
4589,-2.3444693960910143,-0.385069371064603,0.22694189546769064
4591,-2.3444693960910143,-0.385069371064603,0.22694189546769064
4593,-2.3444693960910143,-0.385069371064603,0.22694189546769064
4595,-1.9803614572960035,-0.16738533567251204,0.2725863959132127
4597,-2.3444693960910143,-0.385069371064603,0.22694189546769064
4599,-2.3444693960910143,-0.385069371064603,0.22694189546769064
4601,-2.3444693960910143,-0.385069371064603,0.22694189546769064
4603,-2.3444693960910143,-0.385069371064603,0.22694189546769064
4605,-2.3444693960910143,-0.385069371064603,0.22694189546769064
4607,-2.3444693960910143,-0.385069371064603,0.22694189546769064
4609,-2.3444693960910143,-0.385069371064603,0.22694189546769064
4611,-2.3444693960910143,-0.385069371064603,0.22694189546769064
4613,-2.3444693960910143,-0.385069371064603,0.22694189546769064
4615,-2.3444693960910143,-0.385069371064603,0.22694189546769064
4617,-2.3444693960910143,-0.385069371064603,0.22694189546769064
4619,-2.3444693960910143,-0.385069371064603,0.22694189546769064
4621,-2.016613286895402,-0.1890587014982054,0.26804187359992054
4623,-2.0153607023628286,-0.18830983659670725,0.26819889735349317
4625,-2.0153607023628286,-0.18830983659670725,0.26819889735349317
4627,-2.018020201725037,-0.1898998336596775,0.26786550303030177
4629,-2.018020201725037,-0.1898998336596775,0.26786550303030177
4631,-2.018020201725037,-0.1898998336596775,0.26786550303030177
4633,-2.0255654200180184,-0.1944107860200304,0.26691963593145357
4653,-2.229548264852073,-0.31636310862301176,0.24134838614568954
4655,-2.229548264852073,-0.31636310862301176,0.24134838614568954
4657,-2.229548264852073,-0.31636310862301176,0.24134838614568954
4659,-2.229548264852073,-0.31636310862301176,0.24134838614568954
4661,-2.229548264852073,-0.31636310862301176,0.24134838614568954
4663,-2.229548264852073,-0.31636310862301176,0.24134838614568954
4665,-2.229548264852073,-0.31636310862301176,0.24134838614568954
4667,-2.2308358174186487,-0.31713287936571877,0.2411869788061704
4669,-2.231648210420944,-0.31761857321696796,0.24108513737728565
4671,-2.231648210420944,-0.31761857321696796,0.24108513737728565
4673,-2.2294551645678995,-0.3163074480800913,0.24136005717922018
4675,-2.231648210420944,-0.31761857321696796,0.24108513737728565
4677,-2.2294551645678995,-0.3163074480800913,0.24136005717922018
4679,-2.2294551645678995,-0.3163074480800913,0.24136005717922018
4681,-2.2294551645678995,-0.3163074480800913,0.24136005717922018
4683,-2.2294551645678995,-0.3163074480800913,0.24136005717922018
4685,-2.23169299856207,-0.31764535006597183,0.24107952274461825
4687,-2.23169299856207,-0.31764535006597183,0.24107952274461825
4689,-2.23169299856207,-0.31764535006597183,0.24107952274461825
4691,-2.23169299856207,-0.31764535006597183,0.24107952274461825
4693,-2.3444693960910143,-0.385069371064603,0.22694189546769064
4695,-2.3444693960910143,-0.385069371064603,0.22694189546769064
4697,-2.3444693960910143,-0.385069371064603,0.22694189546769064
4699,-2.3444693960910143,-0.385069371064603,0.22694189546769064
4701,-2.3444693960910143,-0.385069371064603,0.22694189546769064
4703,-2.3444693960910143,-0.385069371064603,0.22694189546769064
4705,-2.3444693960910143,-0.385069371064603,0.22694189546769064
4707,-2.3444693960910143,-0.385069371064603,0.22694189546769064
4709,-2.3444693960910143,-0.385069371064603,0.22694189546769064
4711,-2.3444693960910143,-0.385069371064603,0.22694189546769064
4713,0.19864455132189204,-0.736637914858881,-0.727344179701649
4715,0.19864455132189204,-0.736637914858881,-0.727344179701649
4717,0.19864455132189204,-0.736637914858881,-0.727344179701649
4719,0.19864455132189204,-0.736637914858881,-0.727344179701649
4721,0.19864455132189204,-0.736637914858881,-0.727344179701649
4723,0.15877336896976843,-0.733880344985537,-0.7141389126824851
4725,0.15877336896976843,-0.733880344985537,-0.7141389126824851
4727,0.20459705738713369,-0.7735916046251626,-0.7568298822550861
4729,0.20459705738713369,-0.7735916046251626,-0.7568298822550861
4731,0.20459705738713369,-0.7735916046251626,-0.7568298822550861
4733,0.20459705738713369,-0.7735916046251626,-0.7568298822550861
4735,0.20459705738713369,-0.7735916046251626,-0.7568298822550861
4737,0.3924563174668285,-0.655356163697255,-0.7265178979193516
4739,0.3924563174668285,-0.655356163697255,-0.7265178979193516
4741,0.2991677258597285,-0.6495250209161586,-0.6960455677762223
4743,0.3924563174668285,-0.655356163697255,-0.7265178979193516
4745,0.32083999673643476,-0.6508839868414276,-0.7031273870994246
4747,0.3011101333547702,-0.6496469309718409,-0.6966803541915483
4749,0.3011101333547702,-0.6496469309718409,-0.6966803541915483
4751,0.3011101333547702,-0.6496469309718409,-0.6966803541915483
4753,0.3011101333547702,-0.6496469309718409,-0.6966803541915483
4755,0.2991677258597285,-0.6495250209161586,-0.6960455677762223
4757,0.2991677258597285,-0.6495250209161586,-0.6960455677762223
4759,0.2991677258597285,-0.6495250209161586,-0.6960455677762223
4761,0.2991677258597285,-0.6495250209161586,-0.6960455677762223
4763,0.2991677258597285,-0.6495250209161586,-0.6960455677762223
4765,0.12895434614382012,-0.6329183000404686,-0.6289716951049531
4767,0.29337301584443,-0.6491612000142006,-0.6941517526142663
4769,0.13067166347855216,-0.633026032123292,-0.6295322015380512
4771,0.13067166347855216,-0.633026032123292,-0.6295322015380512
4773,0.13067166347855216,-0.633026032123292,-0.6295322015380512
4775,0.13067166347855216,-0.633026032123292,-0.6295322015380512
4777,0.13067166347855216,-0.633026032123292,-0.6295322015380512
4779,0.13067166347855216,-0.633026032123292,-0.6295322015380512
4781,0.12895434614382012,-0.6329183000404686,-0.6289716951049531
4783,0.12895434614382012,-0.6329183000404686,-0.6289716951049531
4785,0.12895434614382012,-0.6329183000404686,-0.6289716951049531
4787,0.12895434614382012,-0.6329183000404686,-0.6289716951049531
4789,0.12895434614382012,-0.6329183000404686,-0.6289716951049531
4793,-0.2996028533743768,0.43237575541976747,-1.9121380671852923
4795,-0.2597431218635107,0.4077041060213257,-1.9356452504889619
4797,-0.2597431218635107,0.4077041060213257,-1.9356452504889619
4799,-0.2668006776415359,0.3950827745445849,-1.9226805216725191
4801,-0.2839615398646313,0.47822644614006704,-1.949576851770021
4803,-0.2839615398646313,0.47822644614006704,-1.949576851770021
4805,-0.2839615398646313,0.47822644614006704,-1.949576851770021
4807,-0.2839615398646313,0.47822644614006704,-1.949576851770021
4809,-0.30037996095325203,0.5474803224171101,-1.9701647577969816
4811,-0.30037996095325203,0.5474803224171101,-1.9701647577969816
4813,0.0303960835326278,0.7444765140034381,-1.9207709089948881
4815,0.0303960835326278,0.7444765140034381,-1.9207709089948881
4817,0.02237364730332501,0.7389312656068374,-1.9139400987019006
4819,0.05277643025572986,0.6783371932590329,-1.8940147041641093
4821,0.045995083683637236,0.6736898178596817,-1.8882879322502275
4823,0.045995083683637236,0.6736898178596817,-1.8882879322502275
4825,0.06097130911687709,0.660362725914803,-1.8969831803730015
4827,0.0297263185760464,0.7203422424852528,-1.916105540405994
4829,0.0833590825095114,-1.5586797356659452,-1.2719898108251109
4831,0.0833590825095114,-1.5586797356659452,-1.2719898108251109
4833,0.0833590825095114,-1.5586797356659452,-1.2719898108251109
4835,0.0833590825095114,-1.5586797356659452,-1.2719898108251109
4837,0.0833590825095114,-1.5586797356659452,-1.2719898108251109
4839,0.0833590825095114,-1.5586797356659452,-1.2719898108251109
4841,0.0833590825095114,-1.5586797356659452,-1.2719898108251109
4843,0.0833590825095114,-1.5586797356659452,-1.2719898108251109
4845,0.0833590825095114,-1.5586797356659452,-1.2719898108251109
4847,0.0833590825095114,-1.5586797356659452,-1.2719898108251109
4849,0.0833590825095114,-1.5586797356659452,-1.2719898108251109
4851,0.0833590825095114,-1.5586797356659452,-1.2719898108251109
4853,0.0833590825095114,-1.5586797356659452,-1.2719898108251109
4855,0.0833590825095114,-1.5586797356659452,-1.2719898108251109
4857,0.0833590825095114,-1.5586797356659452,-1.2719898108251109
4859,0.0833590825095114,-1.5586797356659452,-1.2719898108251109
4861,0.0833590825095114,-1.5586797356659452,-1.2719898108251109
4863,0.0833590825095114,-1.5586797356659452,-1.2719898108251109
4865,0.0833590825095114,-1.5586797356659452,-1.2719898108251109
4867,0.8604185105971364,0.26405923091277433,-0.7374656155390406
4869,0.6860976797806868,0.0815982488264126,-0.7458686871033634
4871,0.6629263840257217,0.18357103974880368,-0.8127377316827312
4873,0.6629263840257217,0.18357103974880368,-0.8127377316827312
4875,0.6629263840257217,0.18357103974880368,-0.8127377316827312
4877,1.2755747128713368,-1.2611201838108104,-0.4423202422750285
4879,1.2755747128713368,-1.2611201838108104,-0.4423202422750285
4881,1.2753772933039993,-1.2611069248969917,-0.4422524931874222
4883,1.275407287474077,-1.2611092772269692,-0.44226295103988345
4885,1.2752820726957301,-1.2611066175444474,-0.4422236673288858
4887,1.2755171279337685,-1.2609229577178689,-0.44216303823428815
4889,1.275530447569309,-1.260924002082493,-0.44216768199958373
4891,1.275530447569309,-1.260924002082493,-0.44216768199958373
4893,1.275530447569309,-1.260924002082493,-0.44216768199958373
4895,1.275530447569309,-1.260924002082493,-0.44216768199958373
4897,1.275530447569309,-1.260924002082493,-0.44216768199958373
4899,1.2753824662494442,-1.2609617402245716,-0.44214897334015235
4901,1.2753824662494442,-1.2609617402245716,-0.44214897334015235
4903,1.2753824662494442,-1.2609617402245716,-0.44214897334015235
4905,1.2753824662494442,-1.2609617402245716,-0.44214897334015235
4907,1.2751890180091234,-1.2610057581898242,-0.44212097548469187
4909,1.2750211762632835,-1.2609970330786078,-0.4420646212155555
4911,1.2794862381546928,-1.2620053805897447,-0.4376730901985639
4913,1.2794729595374088,-1.262004338655272,-0.43766846061801457
4915,1.2794729595374088,-1.262004338655272,-0.43766846061801457
4917,1.2794729595374088,-1.262004338655272,-0.43766846061801457
4919,1.2794729595374088,-1.262004338655272,-0.43766846061801457
4921,1.2808954262781045,-1.261899615240502,-0.43801883600916475
4923,1.2808954262781045,-1.261899615240502,-0.43801883600916475
4925,1.2808954262781045,-1.261899615240502,-0.43801883600916475
4927,1.2805681488830196,-1.2619131928864995,-0.4379308987877402
4929,-1.2800795878624252,-0.42904572862402657,-0.5037022463501326
4931,-1.2800795878624252,-0.42904572862402657,-0.5037022463501326
4933,-1.2800795878624252,-0.42904572862402657,-0.5037022463501326
4935,-1.2800795878624252,-0.42904572862402657,-0.5037022463501326
4937,-1.2800795878624252,-0.42904572862402657,-0.5037022463501326
4939,-1.2833562522647086,-0.4298459610665325,-0.5012510173927592
4941,-1.2833562522647086,-0.4298459610665325,-0.5012510173927592
4943,-1.2833562522647086,-0.4298459610665325,-0.5012510173927592
4945,-1.2833562522647086,-0.4298459610665325,-0.5012510173927592
4947,-1.2833562522647086,-0.4298459610665325,-0.5012510173927592
4949,-1.2833562522647086,-0.4298459610665325,-0.5012510173927592
4951,-1.2901616609984734,-0.43149091112251453,-0.4961625838164598
4953,-1.2833562522647086,-0.4298459610665325,-0.5012510173927592
4955,-1.2833562522647086,-0.4298459610665325,-0.5012510173927592
4957,-1.2901616609984734,-0.43149091112251453,-0.4961625838164598
4959,-1.2877206805609016,-0.43090355253434326,-0.4979873096945235
4961,-1.2877206805609016,-0.43090355253434326,-0.4979873096945235
4963,-1.2901616609984734,-0.43149091112251453,-0.4961625838164598
4965,-1.2877206805609016,-0.43090355253434326,-0.4979873096945235
4967,-1.2877206805609016,-0.43090355253434326,-0.4979873096945235
4969,-1.2877206805609016,-0.43090355253434326,-0.4979873096945235
4971,-1.2901616609984734,-0.43149091112251453,-0.4961625838164598
4973,-1.2877206805609016,-0.43090355253434326,-0.4979873096945235
4975,-1.2833562522647086,-0.4298459610665325,-0.5012510173927592
4977,-1.2833562522647086,-0.4298459610665325,-0.5012510173927592
4979,-1.2901616609984734,-0.43149091112251453,-0.4961625838164598
4981,-1.2877206805609016,-0.43090355253434326,-0.4979873096945235
4983,-1.2833562522647086,-0.4298459610665325,-0.5012510173927592
4985,0.20866226398979734,-1.6198189692513751,-1.351064261345973
4987,0.20866226398979734,-1.6198189692513751,-1.351064261345973
4989,0.20866226398979734,-1.6198189692513751,-1.351064261345973
4991,0.20866226398979734,-1.6198189692513751,-1.351064261345973
4993,0.20866226398979734,-1.6198189692513751,-1.351064261345973
4995,0.20866226398979734,-1.6198189692513751,-1.351064261345973
4997,0.20866226398979734,-1.6198189692513751,-1.351064261345973
4999,0.20866226398979734,-1.6198189692513751,-1.351064261345973
5001,0.20866226398979734,-1.6198189692513751,-1.351064261345973
5003,0.20866226398979734,-1.6198189692513751,-1.351064261345973
5005,0.20866226398979734,-1.6198189692513751,-1.351064261345973
5007,0.20866226398979734,-1.6198189692513751,-1.351064261345973
5009,0.20866226398979734,-1.6198189692513751,-1.351064261345973
5011,0.20866226398979734,-1.6198189692513751,-1.351064261345973
5013,0.20866226398979734,-1.6198189692513751,-1.351064261345973
5015,0.20866226398979734,-1.6198189692513751,-1.351064261345973
5017,0.20866226398979734,-1.6198189692513751,-1.351064261345973
5019,0.20866226398979734,-1.6198189692513751,-1.351064261345973
5021,0.20866226398979734,-1.6198189692513751,-1.351064261345973
5023,0.20866226398979734,-1.6198189692513751,-1.351064261345973
5025,0.20866226398979734,-1.6198189692513751,-1.351064261345973
5027,0.20866226398979734,-1.6198189692513751,-1.351064261345973
5029,0.20866226398979734,-1.6198189692513751,-1.351064261345973
5031,0.20866226398979734,-1.6198189692513751,-1.351064261345973
5033,0.20866226398979734,-1.6198189692513751,-1.351064261345973
5035,0.20866226398979734,-1.6198189692513751,-1.351064261345973
5037,0.20866226398979734,-1.6198189692513751,-1.351064261345973
5039,0.20866226398979734,-1.6198189692513751,-1.351064261345973
5041,0.20866226398979734,-1.6198189692513751,-1.351064261345973
5043,0.20866226398979734,-1.6198189692513751,-1.351064261345973
5045,0.20866226398979734,-1.6198189692513751,-1.351064261345973
5047,0.20866226398979734,-1.6198189692513751,-1.351064261345973
5049,0.20866226398979734,-1.6198189692513751,-1.351064261345973
5051,0.20866226398979734,-1.6198189692513751,-1.351064261345973
5053,0.20866226398979734,-1.6198189692513751,-1.351064261345973
5055,0.20866226398979734,-1.6198189692513751,-1.351064261345973
5057,0.20866226398979734,-1.6198189692513751,-1.351064261345973
5059,0.20866226398979734,-1.6198189692513751,-1.351064261345973
5061,0.20866226398979734,-1.6198189692513751,-1.351064261345973
5063,0.20866226398979734,-1.6198189692513751,-1.351064261345973
5065,0.20866226398979734,-1.6198189692513751,-1.351064261345973
5067,0.20866226398979734,-1.6198189692513751,-1.351064261345973
5069,0.20866226398979734,-1.6198189692513751,-1.351064261345973
5071,0.20866226398979734,-1.6198189692513751,-1.351064261345973
5073,0.20866226398979734,-1.6198189692513751,-1.351064261345973
5075,0.20866226398979734,-1.6198189692513751,-1.351064261345973
5077,0.20866226398979734,-1.6198189692513751,-1.351064261345973
5079,0.20866226398979734,-1.6198189692513751,-1.351064261345973
5081,0.20866226398979734,-1.6198189692513751,-1.351064261345973
5083,0.20866226398979734,-1.6198189692513751,-1.351064261345973
5085,0.20866226398979734,-1.6198189692513751,-1.351064261345973
5087,0.20866226398979734,-1.6198189692513751,-1.351064261345973
5089,0.20866226398979734,-1.6198189692513751,-1.351064261345973
5091,0.20866226398979734,-1.6198189692513751,-1.351064261345973
5093,0.20866226398979734,-1.6198189692513751,-1.351064261345973
5095,0.20866226398979734,-1.6198189692513751,-1.351064261345973
5097,0.20866226398979734,-1.6198189692513751,-1.351064261345973
5099,0.18797323476049765,-1.3515241559061868,-0.6487953167451374
5101,0.17608366770730732,-1.3556330414000637,-0.6480670454909504
5103,0.20905994374482428,-1.3570453260138455,-0.6255976497492631
5105,0.17613990573280516,-1.3555533553770787,-0.6480605834794616
5107,0.20928007738560508,-1.3570605551403694,-0.6256843477468427
5109,0.17635819243164497,-1.3555712339364556,-0.6481485909574061
5111,0.17649958190562132,-1.3555684069900145,-0.6482006033157215
5113,0.1762168582790631,-1.355574011679276,-0.6480965740324882
5115,0.17685540693351232,-1.3555957787835402,-0.6483434065979382
5117,0.1768811364559869,-1.3556026779817147,-0.6483554352430292
5119,0.20928007738560508,-1.3570605551403694,-0.6256843477468427
5121,0.2049876287943033,-1.3499345812278187,-0.6358545983272142
5123,0.20464309430333574,-1.34974931569018,-0.6356129508203866
5125,0.21605150809048848,-1.3523922250840685,-0.6244698490319169
5127,0.20439311911776303,-1.3497834806980469,-0.6355823512691537
5129,0.21605150809048848,-1.3523922250840685,-0.6244698490319169
5131,0.21535466085347213,-1.3522150157364423,-0.6241506701071389
5133,0.21605150809048848,-1.3523922250840685,-0.6244698490319169
5135,0.21507634920968735,-1.352817175212322,-0.6245088324963892
5137,0.21507634920968735,-1.352817175212322,-0.6245088324963892
5139,0.21507634920968735,-1.352817175212322,-0.6245088324963892
5141,0.21426349726718558,-1.352667430387228,-0.6241573036937537
5143,0.21915493467342764,-1.3549925719703184,-0.6114263344193323
5145,0.214973855855452,-1.3527910408474382,-0.6244618390952078
5147,0.214973855855452,-1.3527910408474382,-0.6244618390952078
5149,0.2149018394248214,-1.3527582601952353,-0.6244235063101293
5151,0.19018876451312183,-1.3545712273692267,-0.6516437292503939
5153,0.1902603092015989,-1.3546037932924386,-0.6516818109373491
5155,0.19018876451312183,-1.3545712273692267,-0.6516437292503939
5157,0.19018876451312183,-1.3545712273692267,-0.6516437292503939
5159,0.2140356776286574,-1.3526646434233314,-0.6240968348794206
5161,0.21330005309681355,-1.3524624456007264,-0.6237540883431341
5163,0.21401013321957182,-1.3526581226439367,-0.624085117726833
5165,0.2233583565245206,-1.3551344312557043,-0.6127584774879058
5167,0.2233583565245206,-1.3551344312557043,-0.6127584774879058
5169,0.21739315125214412,-1.354338196178606,-0.6104254155998544
5171,0.2341984225491423,-1.3570791378070737,-0.60193051520877
5173,0.21330005309681355,-1.3524624456007264,-0.6237540883431341
5175,0.2233583565245206,-1.3551344312557043,-0.6127584774879058
5177,0.23473750041928393,-1.3575210571483298,-0.6024075480689048
5179,0.22151226665912277,-1.355593095666127,-0.6125787092207015
5181,0.22153321194230105,-1.3556125445377418,-0.6125934772809709
5183,0.22057867949265705,-1.3554490409387843,-0.6122075365392459
5185,0.22133297768207197,-1.355561046247477,-0.6125013673880912
5187,0.22133297768207197,-1.355561046247477,-0.6125013673880912
5189,0.21967309285265826,-1.3550559811140708,-0.6116392938607645
5191,0.5890007683816909,-0.8875622211390964,-0.9428945711800446
5193,0.5890007683816909,-0.8875622211390964,-0.9428945711800446
5195,0.5890007683816909,-0.8875622211390964,-0.9428945711800446
5197,0.5890007683816909,-0.8875622211390964,-0.9428945711800446
5199,0.8163565418311178,0.1282265116118491,-1.726347255632574
5201,0.7453289825973497,0.3120251842266904,-1.6903313343769137
5203,0.8163565418311178,0.1282265116118491,-1.726347255632574
5205,0.8163565418311178,0.1282265116118491,-1.726347255632574
5207,0.8163565418311178,0.1282265116118491,-1.726347255632574
5209,0.8163565418311178,0.1282265116118491,-1.726347255632574
5211,0.8163565418311178,0.1282265116118491,-1.726347255632574
5213,0.8163565418311178,0.1282265116118491,-1.726347255632574
5215,0.8163565418311178,0.1282265116118491,-1.726347255632574
5217,0.8163565418311178,0.1282265116118491,-1.726347255632574
5219,0.8163565418311178,0.1282265116118491,-1.726347255632574
5221,0.8163565418311178,0.1282265116118491,-1.726347255632574
5223,0.8163565418311178,0.1282265116118491,-1.726347255632574
5225,0.8163565418311178,0.1282265116118491,-1.726347255632574
5227,0.8163565418311178,0.1282265116118491,-1.726347255632574
5229,0.8163565418311178,0.1282265116118491,-1.726347255632574
5231,0.8163565418311178,0.1282265116118491,-1.726347255632574
5233,0.8163565418311178,0.1282265116118491,-1.726347255632574
5235,0.8163565418311178,0.1282265116118491,-1.726347255632574
5237,0.8163565418311178,0.1282265116118491,-1.726347255632574
5239,0.8163565418311178,0.1282265116118491,-1.726347255632574
5241,0.8163565418311178,0.1282265116118491,-1.726347255632574
5243,0.8163565418311178,0.1282265116118491,-1.726347255632574
5245,0.8163565418311178,0.1282265116118491,-1.726347255632574
5247,0.8163565418311178,0.1282265116118491,-1.726347255632574
5249,0.8163565418311178,0.1282265116118491,-1.726347255632574
5251,0.8163565418311178,0.1282265116118491,-1.726347255632574
5253,0.8163565418311178,0.1282265116118491,-1.726347255632574
5255,0.8163565418311178,0.1282265116118491,-1.726347255632574
5257,0.8163565418311178,0.1282265116118491,-1.726347255632574
5259,0.8163565418311178,0.1282265116118491,-1.726347255632574
5261,0.8163565418311178,0.1282265116118491,-1.726347255632574
5263,0.8163565418311178,0.1282265116118491,-1.726347255632574
5265,0.8163565418311178,0.1282265116118491,-1.726347255632574
5267,0.8163565418311178,0.1282265116118491,-1.726347255632574
5269,0.8163565418311178,0.1282265116118491,-1.726347255632574
5271,0.8163565418311178,0.1282265116118491,-1.726347255632574
5273,0.8163565418311178,0.1282265116118491,-1.726347255632574
5275,0.8163565418311178,0.1282265116118491,-1.726347255632574
5277,0.8163565418311178,0.1282265116118491,-1.726347255632574
5279,0.8163565418311178,0.1282265116118491,-1.726347255632574
5375,-1.7586423741380706,0.47796099144837706,0.09546535672780966
5377,1.6200872649088356,-0.24416639241015065,0.6532416862460704
5379,1.612377840654287,-0.24682427154123332,0.6506982784623143
5381,1.6127726429747884,-0.2467070533494056,0.6508082598036513
5383,1.6127518917071206,-0.2468955746844217,0.6506058710111677
5385,1.6127518917071206,-0.2468955746844217,0.6506058710111677
5387,1.616802264074905,-0.2492935084101508,0.6469945409003303
5389,1.6166709609551777,-0.24933245466804713,0.6469579901881687
5391,1.6166709609551777,-0.24933245466804713,0.6469579901881687
5393,1.6166709609551777,-0.24933245466804713,0.6469579901881687
5395,1.6196320220278613,-0.24791003319706575,0.6483685810686567
5397,1.6133955745691388,-0.24780655690692246,0.6506698536787816
5399,1.6012879174173553,-0.24663343374665658,0.6395405172208685
5401,1.5989444116298859,-0.247326709355377,0.638889120618349
5403,1.5985544293347183,-0.24744201723480827,0.6387807543233074
5405,1.5380883878489138,-0.3666970677974454,0.638974550316844
5407,1.5394947534737613,-0.36595214797700376,0.6392010595345827
5409,1.5380883878489138,-0.3666970677974454,0.638974550316844
5411,1.5390915339040205,-0.36648101213605944,0.6393012639845106
5413,1.5381168535660183,-0.3662488700856697,0.6387524516681587
5415,1.54515425638311,-0.3647323832986374,0.6410459296676217
5417,1.5455282753307218,-0.3651852852565627,0.6404351112841111
5419,1.5360644149773672,-0.37753428315708276,0.6137195221480194
5421,1.53600164788271,-0.37566272807181134,0.6186746503752191
5423,1.5362973829402113,-0.37764032620444776,0.6135955183509455
5425,1.5350636475288655,-0.37851344671491194,0.6115399045538816
5427,1.5323338847866554,-0.3790947134395628,0.6106666157240179
5429,1.2878116536165243,-0.5451127650602945,0.49042919826817366
5431,1.3350428940643349,-0.4917462664720567,0.39165474041147896
5433,1.3114198838612006,-0.4692784915817989,0.43409152879611435
5435,1.3576662864063578,-0.4963337275057113,0.3761148114880812
5437,1.3573132442256328,-0.4964294448307101,0.376030213397557
5439,1.3573132442256328,-0.4964294448307101,0.376030213397557
5441,1.3573132442256328,-0.4964294448307101,0.376030213397557
5443,1.3346674926014324,-0.4982074798264649,0.3641468930175356
5445,1.335594045767397,-0.4979578951281581,0.3643677401862038
5447,1.335594045767397,-0.4979578951281581,0.3643677401862038
5449,1.055869571216954,-0.5380705243881246,0.2861116677747763
5451,1.055869571216954,-0.5380705243881246,0.2861116677747763
5453,1.055869571216954,-0.5380705243881246,0.2861116677747763
5455,1.055869571216954,-0.5380705243881246,0.2861116677747763
5457,1.055869571216954,-0.5380705243881246,0.2861116677747763
5459,1.055869571216954,-0.5380705243881246,0.2861116677747763
5461,1.0625972217534707,-0.5351487710535158,0.28596958216870144
5463,-1.942851970007484,-0.20732076887703815,0.21915722739517243
5465,-1.942851970007484,-0.20732076887703815,0.21915722739517243
5467,-1.9430768077375515,-0.20742650069702717,0.2191598967985675
5469,-1.9431032423260042,-0.207438931278328,0.21916021078889114
5471,-1.9815935148629564,-0.22542665792466088,0.21964919386541495
5473,-1.9815397079047337,-0.2254016673008921,0.21964846632372936
5475,-1.9816688173184216,-0.2254616314010254,0.21965021225966075
5477,-1.9816688173184216,-0.2254616314010254,0.21965021225966075
5479,-1.097403265848786,3.4169357820210724,-0.2622388046202729
5481,-0.7913674717660807,4.3957847876616905,-0.36227100144148916
5483,-0.8343495256831535,4.247303426419352,-0.3466790075125993
5485,-0.8992509958861276,4.02387979854423,-0.32303484919044717
5487,-0.8992509958861276,4.02387979854423,-0.32303484919044717
5489,2.893249714639253,-0.22541365318941864,1.348299273734415
5491,2.893903511002979,-0.2245479351691118,1.3502833773868703
5493,2.893903511002979,-0.2245479351691118,1.3502833773868703
5495,2.8939352978582895,-0.22453554804280662,1.3502916841479546
5497,2.894750682008769,-0.22464552718165237,1.3498220300569441
5499,2.894536574014704,-0.22471283217749102,1.3498207522313246
5501,2.8946255199397997,-0.2246781782684621,1.3498439958838702
5503,2.1811426888844383,-0.16141084045046308,0.7192615714952697
5505,2.181187448337148,-0.16139359811355375,0.719272472534664
5507,2.1813396467851014,-0.16133496568852107,0.7193095401940772
5509,2.1813396467851014,-0.16133496568852107,0.7193095401940772
5511,2.181238317671741,-0.16186207810996586,0.7193992433699882
5513,2.1814470961618313,-0.1612935702024051,0.7193357094400773
5515,2.171814229327807,-0.16563825047939792,0.7054789169954037
5517,-0.4507796756118441,-0.5687984481402383,-0.7825954009343251
5519,-0.4518563945236417,-0.5690242939288379,-0.7820038465090373
5521,0.15849487715298843,0.8098954903408708,1.9016445760969851
5523,1.3008482883178414,-0.15466068786194312,-0.11274153858955015
5525,1.3008482883178414,-0.15466068786194312,-0.11274153858955015
5527,1.2855934916732896,-0.16057967211241533,-0.11296222628564935
5529,1.2926115173738661,-0.16717546581027085,-0.11928512731320207
5531,0.5892722125111665,-1.2544447104375651,-0.4494254344700063
5533,0.5890678982841481,-1.254451206164034,-0.4493503452848101
5535,0.5892091939679163,-1.2545063545439217,-0.44943120161933875
5537,0.5892281770892238,-1.254463799353636,-0.44942009654719867
5539,0.6008590731926091,-1.260536332696681,-0.4456874446700019
5541,0.5892281770892238,-1.254463799353636,-0.44942009654719867
5543,0.5892508358175108,-1.2544430316295672,-0.44941613170089384
5545,0.5892508358175108,-1.2544430316295672,-0.44941613170089384
5547,-2.3444693960910143,-0.385069371064603,0.22694189546769064
5549,-2.3444693960910143,-0.385069371064603,0.22694189546769064
5551,-2.3444693960910143,-0.385069371064603,0.22694189546769064
5553,-2.3444693960910143,-0.385069371064603,0.22694189546769064
5555,-2.3444693960910143,-0.385069371064603,0.22694189546769064
5557,-2.3444693960910143,-0.385069371064603,0.22694189546769064
5559,-2.3444693960910143,-0.385069371064603,0.22694189546769064
5561,-2.3444693960910143,-0.385069371064603,0.22694189546769064
5563,-2.3444693960910143,-0.385069371064603,0.22694189546769064
5565,-2.3444693960910143,-0.385069371064603,0.22694189546769064
5615,2.144657850328873,0.7628082372078665,1.0118171908025144
5617,2.144657850328873,0.7628082372078665,1.0118171908025144
5619,2.144234676842508,0.7623420680982365,1.0108357438449926
5621,2.1440802657495768,0.7616357538449811,1.0112368290794824
5623,2.1440802657495768,0.7616357538449811,1.0112368290794824
5625,2.1440802657495768,0.7616357538449811,1.0112368290794824
5627,2.1440802657495768,0.7616357538449811,1.0112368290794824
5629,2.1440802657495768,0.7616357538449811,1.0112368290794824
5631,2.1440802657495768,0.7616357538449811,1.0112368290794824
5633,2.1440802657495768,0.7616357538449811,1.0112368290794824
5635,2.1440802657495768,0.7616357538449811,1.0112368290794824
5637,2.1440802657495768,0.7616357538449811,1.0112368290794824
5639,0.6898877296862069,1.1345762699581634,1.568535622258257
5641,2.03236628641469,0.17417820849530052,1.010816200444098
5643,2.03236628641469,0.17417820849530052,1.010816200444098
5645,2.03236628641469,0.17417820849530052,1.010816200444098
5647,2.03236628641469,0.17417820849530052,1.010816200444098
5649,2.03236628641469,0.17417820849530052,1.010816200444098
5651,2.0321004665093385,0.17406716323812188,1.0107411425613861
5653,2.0201932514409444,0.18842192683659026,0.9871894940038024
5655,2.0321004665093385,0.17406716323812188,1.0107411425613861
5657,2.0201932514409444,0.18842192683659026,0.9871894940038024
5659,2.03236628641469,0.17417820849530052,1.010816200444098
5661,2.0326080051237407,0.17427919368472058,1.0108844509973527
5663,2.0321004665093385,0.17406716323812188,1.0107411425613861
5665,2.0321004665093385,0.17406716323812188,1.0107411425613861
5667,2.028655648675822,0.17303301858184,1.0107857851319284
5669,2.028655648675822,0.17303301858184,1.0107857851319284
5671,2.028655648675822,0.17303301858184,1.0107857851319284
5673,2.028655648675822,0.17303301858184,1.0107857851319284
5675,2.028655648675822,0.17303301858184,1.0107857851319284
5677,2.028655648675822,0.17303301858184,1.0107857851319284
5679,2.028655648675822,0.17303301858184,1.0107857851319284
5681,2.028655648675822,0.17303301858184,1.0107857851319284
5683,2.028655648675822,0.17303301858184,1.0107857851319284
5685,2.028655648675822,0.17303301858184,1.0107857851319284
5687,2.028655648675822,0.17303301858184,1.0107857851319284
5689,2.028655648675822,0.17303301858184,1.0107857851319284
5691,2.028655648675822,0.17303301858184,1.0107857851319284
5693,2.028655648675822,0.17303301858184,1.0107857851319284
5695,0.3296830795682925,-1.383354923962156,-0.24589656521768286
5697,0.33152369830870737,-1.3847361645686853,-0.24741350464424883
5699,0.33170757695144343,-1.3870495505471567,-0.24913452146755224
5701,0.3313938230376232,-1.3869866833121256,-0.24898681630462974
5703,0.3313938230376232,-1.3869866833121256,-0.24898681630462974
5705,0.3313938230376232,-1.3869866833121256,-0.24898681630462974
5707,0.33562253066768954,-1.387914019088957,-0.2443769522691103
5709,0.33562253066768954,-1.387914019088957,-0.2443769522691103
5711,0.3310002428071863,-1.386925064394122,-0.24880564561317037
5713,0.329590268084355,-1.3866234411760232,-0.2481367975712328
5715,0.3294438692401748,-1.3865775794832922,-0.24806384382276908
5717,0.32951716138630444,-1.3866265907310298,-0.24812699176853933
5719,0.3372970507563396,-1.3884029532636655,-0.2387498728590944
5721,0.3337177650681078,-1.3867500577450038,-0.23647059399570902
5723,0.3338800165658708,-1.3867055217751094,-0.23650825025342162
5725,0.343165871339496,-1.3854156847034116,-0.2320719017695632
5727,0.343165871339496,-1.3854156847034116,-0.2320719017695632
5729,0.3428781581776396,-1.385326931316196,-0.23192947204967332
5731,0.3428781581776396,-1.385326931316196,-0.23192947204967332
5733,0.3429725288367358,-1.385452767834047,-0.23206082711178821
5735,0.3429725288367358,-1.385452767834047,-0.23206082711178821
5737,0.3429725288367358,-1.385452767834047,-0.23206082711178821
5739,0.3429725288367358,-1.385452767834047,-0.23206082711178821
5741,0.3429725288367358,-1.385452767834047,-0.23206082711178821
5743,0.3429725288367358,-1.385452767834047,-0.23206082711178821
5745,0.3429725288367358,-1.385452767834047,-0.23206082711178821
5747,0.3386515571206826,-1.3844318000998515,-0.2363946124804515
5749,0.3384384822568444,-1.3853246259303769,-0.2370876105975372
5751,0.33839886427074317,-1.3853210921320385,-0.23707015688052294
5753,0.33799773259716487,-1.385188178727691,-0.23686908708300475
5755,0.34513542056959523,-1.3870984397759858,-0.2278157292844216
5757,0.34513542056959523,-1.3870984397759858,-0.2278157292844216
5759,-0.12236110112509024,1.1098970434972482,2.2780011564778255
5761,0.7323190152623824,1.3754814859706903,3.5525669488742952
5763,0.7323190152623824,1.3754814859706903,3.5525669488742952
5765,-1.5058576019896446,0.0934625874359729,0.7648862602484836
5767,-1.5058576019896446,0.0934625874359729,0.7648862602484836
5769,-1.5058576019896446,0.0934625874359729,0.7648862602484836
5771,-1.5058576019896446,0.0934625874359729,0.7648862602484836
5773,-1.5058576019896446,0.0934625874359729,0.7648862602484836
5775,-1.5058576019896446,0.0934625874359729,0.7648862602484836
5777,-1.5102236938261868,0.09109358634142944,0.7619219740585647
5779,-1.5102236938261868,0.09109358634142944,0.7619219740585647
5781,-1.5102236938261868,0.09109358634142944,0.7619219740585647
5783,-1.5102236938261868,0.09109358634142944,0.7619219740585647
5785,-1.5119276553018222,0.09016868799205,0.760765029191656
5787,-1.5119276553018222,0.09016868799205,0.760765029191656
5789,-1.5325766120246687,0.07894514314378617,0.7467424281894829
5791,-1.5119276553018222,0.09016868799205,0.760765029191656
5793,-1.5325535895336528,0.07895767273015714,0.7467580647506968
5795,-1.5325766120246687,0.07894514314378617,0.7467424281894829
5797,-1.5325766120246687,0.07894514314378617,0.7467424281894829
5799,-1.5325766120246687,0.07894514314378617,0.7467424281894829
5801,-1.5325766120246687,0.07894514314378617,0.7467424281894829
5803,-1.5325766120246687,0.07894514314378617,0.7467424281894829
5805,-1.5325766120246687,0.07894514314378617,0.7467424281894829
5807,-1.5325766120246687,0.07894514314378617,0.7467424281894829
5809,-1.5325766120246687,0.07894514314378617,0.7467424281894829
5811,-1.5325766120246687,0.07894514314378617,0.7467424281894829
5813,-1.5325535895336528,0.07895767273015714,0.7467580647506968
5815,-1.5325535895336528,0.07895767273015714,0.7467580647506968
5817,-1.5325535895336528,0.07895767273015714,0.7467580647506968
5819,-1.5325535895336528,0.07895767273015714,0.7467580647506968
5821,-1.5325535895336528,0.07895767273015714,0.7467580647506968
5823,-1.5325535895336528,0.07895767273015714,0.7467580647506968
5825,-1.5325535895336528,0.07895767273015714,0.7467580647506968
5827,-1.5325535895336528,0.07895767273015714,0.7467580647506968
5829,-1.5325535895336528,0.07895767273015714,0.7467580647506968
5831,-1.5325535895336528,0.07895767273015714,0.7467580647506968
5833,-1.5325535895336528,0.07895767273015714,0.7467580647506968
5835,-1.5325535895336528,0.07895767273015714,0.7467580647506968
5837,-1.5325535895336528,0.07895767273015714,0.7467580647506968
5839,-1.5325535895336528,0.07895767273015714,0.7467580647506968
5841,-1.5325535895336528,0.07895767273015714,0.7467580647506968
5843,-1.5325535895336528,0.07895767273015714,0.7467580647506968
5845,-1.5325535895336528,0.07895767273015714,0.7467580647506968
5847,-1.5325535895336528,0.07895767273015714,0.7467580647506968
5849,-1.5325535895336528,0.07895767273015714,0.7467580647506968
5851,-1.5325535895336528,0.07895767273015714,0.7467580647506968
5853,-1.5335077815407692,0.07843834059711327,0.7461099875034488
5855,-1.5335077815407692,0.07843834059711327,0.7461099875034488
5857,-1.5335077815407692,0.07843834059711327,0.7461099875034488
5859,-1.5335077815407692,0.07843834059711327,0.7461099875034488
5861,-1.5335077815407692,0.07843834059711327,0.7461099875034488
5863,-1.5335077815407692,0.07843834059711327,0.7461099875034488
5865,-1.5335594422466912,0.07841022179844444,0.7460748999137237
5867,-1.5335077815407692,0.07843834059711327,0.7461099875034488
5869,-1.5335594422466912,0.07841022179844444,0.7460748999137237
5871,-1.5335594422466912,0.07841022179844444,0.7460748999137237
5873,-1.5335077815407692,0.07843834059711327,0.7461099875034488
5875,-1.5335594422466912,0.07841022179844444,0.7460748999137237
5877,-2.004595538984608,-0.27174715134990174,0.16128693775087063
5879,-2.0044450521437756,-0.27170137825105123,0.16124930402447937
5881,-2.004670730296868,-0.27177002308739884,0.1613057389015895
5883,-2.004670730296868,-0.27177002308739884,0.1613057389015895
5885,-2.004670730296868,-0.27177002308739884,0.1613057389015895
5887,-2.004670730296868,-0.27177002308739884,0.1613057389015895
5889,-2.004670730296868,-0.27177002308739884,0.1613057389015895
5891,-2.004670730296868,-0.27177002308739884,0.1613057389015895
5893,-2.0058690881908694,-0.27213463378315633,0.16160514011545832
5965,-0.47278054600980474,-0.9306081216904877,-0.6722904235782032
5967,-0.47278054600980474,-0.9306081216904877,-0.6722904235782032
5969,-0.47278054600980474,-0.9306081216904877,-0.6722904235782032
5971,-0.47278054600980474,-0.9306081216904877,-0.6722904235782032
5973,-0.4794228481175827,-0.9296433641867801,-0.6697446575101678
5975,-0.4794228481175827,-0.9296433641867801,-0.6697446575101678
5977,-0.4794228481175827,-0.9296433641867801,-0.6697446575101678
5979,-0.48468033831555823,-0.9288764013643008,-0.6677273702374651
5981,-0.48468033831555823,-0.9288764013643008,-0.6677273702374651
5983,-0.48468033831555823,-0.9288764013643008,-0.6677273702374651
5985,-0.48468033831555823,-0.9288764013643008,-0.6677273702374651
5987,-0.48962940697005064,-0.9281517171668914,-0.6658265784298459
5989,-0.48962940697005064,-0.9281517171668914,-0.6658265784298459
5991,-0.48962940697005064,-0.9281517171668914,-0.6658265784298459
5993,-0.49195842456019584,-0.9278097681361028,-0.6649314493291787
5995,-0.49195842456019584,-0.9278097681361028,-0.6649314493291787
5997,-0.4883312813547001,-0.9283420550492563,-0.6663253239862281
5999,-0.4883312813547001,-0.9283420550492563,-0.6663253239862281
6001,-0.48962940697005064,-0.9281517171668914,-0.6658265784298459
6003,-0.49195842456019584,-0.9278097681361028,-0.6649314493291787
6005,-0.49195842456019584,-0.9278097681361028,-0.6649314493291787
6007,-0.5318072373581321,-0.9218669220372491,-0.6495533738001132
6009,-0.5553219089511623,-0.9182764616727,-0.6404219883843781
6011,-0.5553219089511623,-0.9182764616727,-0.6404219883843781
6013,-0.5544004964703468,-0.9184183454823487,-0.6407806087428305
6015,-0.5544004964703468,-0.9184183454823487,-0.6407806087428305
6017,-0.5544004964703468,-0.9184183454823487,-0.6407806087428305
6019,-0.5875788713197264,-0.8875211311237762,-0.6102189313307855
6021,-0.5875788713197264,-0.8875211311237762,-0.6102189313307855
6023,-0.6166217663248561,-0.9086122788059282,-0.616410817931821
6025,-0.6166217663248561,-0.9086122788059282,-0.616410817931821
6027,-0.6166217663248561,-0.9086122788059282,-0.616410817931821
6029,-0.6166217663248561,-0.9086122788059282,-0.616410817931821
6237,-2.3444693960910143,-0.385069371064603,0.22694189546769064
6239,-2.3444693960910143,-0.385069371064603,0.22694189546769064
6249,-2.3444693960910143,-0.385069371064603,0.22694189546769064
6257,-2.3444693960910143,-0.385069371064603,0.22694189546769064
6281,-2.3444693960910143,-0.385069371064603,0.22694189546769064
6285,-2.3444693960910143,-0.385069371064603,0.22694189546769064
6359,-2.3444693960910143,-0.385069371064603,0.22694189546769064
6361,-2.3444693960910143,-0.385069371064603,0.22694189546769064
6363,-2.3444693960910143,-0.385069371064603,0.22694189546769064
6365,-2.3444693960910143,-0.385069371064603,0.22694189546769064
6367,-2.3444693960910143,-0.385069371064603,0.22694189546769064
6369,-2.3444693960910143,-0.385069371064603,0.22694189546769064
6371,-2.3444693960910143,-0.385069371064603,0.22694189546769064
6373,-0.5585415609191438,0.6129804095712462,1.3465078195089373
6377,-1.401210899450902,0.2897065727626982,0.833232461878672
6379,-1.1531547747552522,0.3271649599203369,0.37628486487471324
6383,-0.3009042411245985,0.6114222303115382,1.8051413043661089
6385,-0.707629957653757,0.41309297244568854,1.491036180851879
6389,0.929247571791772,-1.186856908898052,-1.2505632643703999
6391,0.929247571791772,-1.186856908898052,-1.2505632643703999
6411,1.5177531046430226,-1.378463710251258,-0.7917894075830765
6413,1.0282818348907186,-1.2273634140992618,-1.3109137408327391
6419,0.8997243094994215,-1.2132694688792194,-1.260038176214765
6461,0.9788734908134883,-1.1865408833880264,-1.2642719949744212
6469,0.9632746943734065,-1.192606612047128,-1.2639411001107386
6471,0.9673969840020995,-1.1929312458112338,-1.2653345543232999
6477,-1.338943809280394,0.4388110469438981,1.3336362927320038
6479,-1.382148745759044,0.40226904254458595,1.2810565521257844
6485,0.2656748099271937,-0.3847223633733333,0.9133073517459511
6501,-0.7555808523544059,0.10178825292250433,0.13693154162661425
6551,0.559217281481877,2.4135855165770432,-2.2667381188535076
6639,0.5079183590351845,-1.110666664564678,-1.082795800431242
6641,0.9102845720191505,-0.8056914562081879,0.19494296289518362
6643,-0.005222266120609697,-0.6152005112509631,-0.6089330988850472
6645,0.7780594056587461,-0.7632401352870388,-0.3040660680689663
6647,1.6747889803918852,-1.2392697428120483,-0.24167791468003522
6649,0.5519762168229708,-0.8672439103977991,0.02586554570843985
6651,0.584335821538455,-0.8843972043034268,0.0041853906444814315
6653,1.1769500004222964,-1.1868634286923625,-0.18216759833196045
6655,0.5172831414098721,-0.9171275072883034,-0.9602527674462326
6657,0.7961618858335161,-0.7622360169686094,-0.32180847797423245
6659,1.2358498470184793,-1.1166915454821977,-0.39611908081617486
6661,0.9808084021961384,-0.9227654680870957,-0.10623502892641801
6663,0.7734163950418215,-1.1584467605233375,-1.1948387842533668
6665,1.2402566179461403,-1.1229302761722588,-0.40933511893015856
6667,0.5457770493620874,-0.8140990348135221,-0.8984239180099907
6669,0.5828396065373853,-0.8842851361833626,0.004688171005972
6671,0.6360371838766464,-1.1266045240247329,-0.583113195114104
6673,-0.5457497864613352,-1.2477867617664256,-0.8631210199331716
6675,0.10694302847497303,-1.5677449705268245,-1.2795059541498577
6677,0.6934949682395404,-1.2181889328453066,-1.205794154292484
6679,0.9979076452109563,-0.9419339440942252,-0.7799764142674339
6681,0.9727261778600648,-0.8839402921033022,-0.7100954067519097
6685,1.8148105210049654,-0.9912967792165671,0.15583288400670545
6687,1.8077852237753855,-0.9919472651991627,0.15124716001910551
6713,0.5879358755567974,-1.1199682502231993,-0.45820150246649455
6731,-0.8498586880928285,2.4436075649346507,-0.9747657746994448
6733,-0.8331197564381602,2.1438838430398777,-0.7503349713683971
6737,-0.9237417622521497,1.6857702269683037,-0.47174137468534155
6747,-1.150048517622004,0.3290220536985409,0.37667426466525805
6761,-1.150048517622004,0.3290220536985409,0.37667426466525805
6763,1.1874484317408223,-1.109227187845897,-0.2620884123937548
6767,-0.5718564676888435,-1.2343952390469464,-0.8446753127459412
6769,0.5399360079397518,-1.2007404129297998,-1.1478234430837988
6771,-0.19086083946597265,-1.4181378082803222,-1.0786021061897961
6773,0.5988979027354356,-1.202567365570034,-1.1684914779358715
6797,-1.8592012478227853,-0.09494900425286135,0.2877750162261397
6813,-0.3078883957900511,1.3582568451212353,2.7971020736926215
6821,-1.1672095863494287,0.31876220958585916,0.37452295642472117
6823,-0.19334816361133578,-1.4193879822573792,-1.0844648393961813
6829,-0.1149996602594577,-1.458127566613271,-1.1354492287297824
6833,-0.05216500019543892,-1.4898276971992808,-1.1782428543589576
6835,-0.06536318551066139,-1.4821684457472468,-1.1662353069596232
6837,0.13749135129716616,-1.583071494849478,-1.3000541349582149
6839,2.289521598120463,-1.391832415000676,-0.46096309569044563
6841,2.2535765334066085,-1.3905713415375573,-0.4650418580606809
6843,-0.06536318551066139,-1.4821684457472468,-1.1662353069596232
6845,0.5971058724693689,-0.2565274051686882,-1.6287064646330447
6847,0.8196798701062111,-1.2216782294294464,-1.2516087672297942
6849,1.5622470077962172,-1.3719385880978292,-0.6337917447828347
6851,2.2305517549101332,-1.3905702765675003,-0.4706288141245794
6853,1.1071283617522205,-1.211581690664515,-1.3310033053893369
6855,-0.41709764561000195,-1.3082085650688575,-0.9372153290145863
6857,0.3525700364970408,-1.2374232963570924,-1.117569368930723
6859,2.2169813414650354,-1.3889477934933172,-0.47200757978648605
6863,1.0887221593517606,-1.2136631987157243,-1.3266165934006533
6865,0.12653467897970244,-1.5777854295757103,-1.293320845680253
6867,0.640225088363874,-1.2990588816574775,-1.2514787868819186
6869,0.6652130980116446,-1.3103613523983537,-1.267213838523128
6871,0.5192888206211204,-1.1778076383164893,-1.1285491226399178
6873,0.42386109382318016,-1.1850353220066747,-1.1028348318826189
6875,1.0865111754822125,-1.2156243748027953,-1.3271168310237023
6877,0.6280999446084117,-1.3031152958004393,-1.250668630071877
6881,0.613733228709735,-1.3015259531854926,-1.245498151890591
6883,1.0859124861222986,-1.2168513820140006,-1.3277153853921075
6885,1.0778926387775638,-1.236102692140326,-1.3391312403236397
6887,1.0890954074750714,-1.2183567116979304,-1.3295800791726282
6891,0.4639267370724131,-1.2780935697358027,-1.1825481207166348
6893,1.6157382757649965,-1.3256097211363949,-0.8224597051569035
6895,1.701028077902978,-1.3806171775359304,-0.6748987915083783
6897,1.0337313386301932,-1.293050689039557,-1.3651613326434386
6899,0.3408199193390316,-1.2589191731555198,-1.1296863573013105
6901,0.43198529333639335,-1.2883891231972253,-1.1804169991028157
6903,0.43198529333639335,-1.2883891231972253,-1.1804169991028157
6905,0.7916626534662974,-1.3203321681406675,-1.3121638023584974
6907,0.44804340508133045,-1.324467971924078,-1.2097967328772106
6909,0.33335413795570545,-1.2631112879606854,-1.1305900089723957
6911,2.13829603841559,-1.402093610705121,-0.5229351189746136
6913,1.0781963898965048,-1.2384122416509944,-1.3409089231925642
6915,1.0266861235071043,-1.2884366427981644,-1.3602338345337142
6917,1.0832036515235697,-1.243637243748962,-1.3459421078963691
6919,0.4308929495836477,-1.3300074730352993,-1.2097907033440853
6935,0.6062992371656071,-1.2533037213102665,-1.2107753535008243
6937,0.7968137651603271,-0.8967275112060703,-1.011100888563551
6941,0.8138673844560103,-1.139600400867524,-1.1921518884089908
6943,0.8138673844560103,-1.139600400867524,-1.1921518884089908
6945,0.8080789517362141,-1.1391386101674164,-1.1901909367633727
6947,0.8080789517362141,-1.1391386101674164,-1.1901909367633727
6949,0.8200112611523029,-1.0201883254783828,-1.1118723695680395
6975,-1.1936496244586257,0.3029548800050256,0.3712084383857879
7057,0.5613835735244906,-1.0273405439109755,-1.0385422964344209
7059,0.7139295369327657,-1.0947864711331647,-1.1277412506120021
7061,1.690974589904843,-1.4603278356569114,-0.02184243552843468
7063,1.5366145676127523,-1.2437256178317198,-0.15893051879047276
7065,1.5014149728662827,-1.374705498136982,-0.14347305762460585
7067,1.6223265450390825,-1.322496880442266,0.02528139892083902
7069,1.8846287825279844,-1.2490987860548353,-0.010684863509432976
7071,1.8967112650116584,-1.226284737670311,-0.07325620261354043
7073,1.725089642489517,-1.3366705429607473,-0.0886577125092585
7075,1.58865970320146,-1.4093222018155478,-0.01232943284254646
7077,1.844592212833249,-1.3455680829619705,-0.03828405540470728
7079,1.5764207271913453,-1.4445562637187421,-0.14861212356886577
7081,1.2324406933782162,-1.5174456273872914,0.22420922055650955
7083,2.009324709221142,-1.178796861108026,0.018300734097702245
7085,1.7094526037401845,-1.4190015686314692,-0.023505576363390804
7087,2.00731019636391,-1.1791746787754644,0.020444675420522637
7089,1.5913433067299838,-1.392482975604606,-0.13828252744584432
7091,2.0065528233139984,-1.1817708017687165,0.015363243473390853
7093,1.7678450547687024,-1.286888326613152,-0.13807345789273207
7095,1.7269586009125462,-1.3191780315673733,-0.14505377406280032
7097,1.9324341859703098,-1.1903528179309397,-0.04122028104157612
7103,1.3040376303807741,-1.6237478988996898,-0.17440988678418803
7111,1.6683374229668093,-1.404480679669429,-0.23966619058653577
7115,1.5656810074113425,-1.5222461378011145,-0.15621193690946233
7119,-2.3444693960910143,-0.385069371064603,0.22694189546769064
7121,1.6723789004084504,-1.4096979404772048,-0.22533305974830806
7125,1.7418486023970798,-1.3861897811489508,-0.2191721868562977
7127,1.630097596696108,-1.4859278618581169,-0.10635699335272256
7129,1.7763873704614874,-1.3053979958994004,-0.15866758415749138
7133,1.555467056490506,-1.5423611111052489,-0.17744517899820553
7193,0.7511485553910224,-1.2551232416385343,-1.251520785974949
7195,0.7111674328817579,-1.260957504461841,-1.2432140279691277
7197,0.7731096932412033,-1.2401328494078485,-1.247724285532646
7215,0.15364594769122514,7.408042894627277,0.04453126876633947
7217,0.6534761294589763,-1.340129998332253,-1.283157311800553
7219,-1.8263229949915767,2.9671565757898395,-1.8920457176427474
7221,0.8968160026322143,-0.19275924262766472,-1.1506162058299663
7223,0.850395609285644,-1.027666653761434,-1.1180979793158607
7225,0.9187761318453452,0.9047671619686831,-0.9033260805791724
7229,-0.9744198992334883,3.5011834445237455,0.5333019151621864
7231,0.5533740121703791,-0.8114974330322762,-0.8834387053803998
7233,1.3690428166641821,-0.9860530623768641,-1.2457146180485317
7235,-0.2022522521532491,-0.9300515106288355,-0.7359626558322423
7237,1.3711616284404142,-1.2691317823244441,0.23095217616915134
7239,1.045611365901989,-1.0811008038076602,-1.2159553351661114
7241,0.8714130267406645,-0.5210839439431678,-0.3445128421914473
7243,1.277410341814199,-0.6860117319256777,0.5295452955264409
7245,1.1487434770942397,-1.0017393977639253,-1.1896468215500362
7247,1.0768579928153903,-1.0000677668372697,-1.167420146129011
7249,1.0217515156548942,-0.793202418749502,-1.006092256053486
7251,0.7120978065118942,-0.5752688951129346,-0.3097063018376233
7255,1.2930191592484965,-0.9716303541723151,0.6604625366091804
7257,-0.24548970314521362,-1.3941809546508168,-1.052267282240349
7259,0.9552422174156412,-0.8567634032938339,-1.0312846146886372
7261,0.8705440356088257,-0.9067065896996807,-0.5037905887148822
7263,0.2823874638918648,-0.35459462853935075,0.41970740115840527
7265,0.6815851771262246,-0.6827213946353397,-0.42270612203529984
7267,1.157339308805378,-0.45530466458849095,-0.11045270631799244
7269,0.2332374140330114,-0.31487000058382114,0.4717169697983275
7271,0.9596602211101064,-0.9755241631986584,-1.1150751559790755
7273,0.2814917025715543,-0.3547847889497257,0.4193834951559855
7275,1.1493844535467936,-1.0053013322050663,-1.1924168546217198
7277,1.6915919230095937,-0.9947327982768432,-0.16332284917575704
7279,-0.3466739849948277,-1.34304574598531,-0.9830911404841994
7281,0.867682577592166,-0.5180012678033313,-0.3405661177234784
7283,-1.5539961571953598,0.08751962296207899,0.32603546707272835
7285,1.5332735117739944,-1.241583235096318,-0.329005621889424
7287,-0.13252101160057608,-0.8693177188219706,-0.709137007016557
7289,-0.13252101160057608,-0.8693177188219706,-0.709137007016557
7291,1.7447451330841204,-1.1336366633737862,0.2348454337258008
7293,0.15288854242130964,-0.751278940505903,-0.7044178150828108
7295,1.5355401855686897,-0.810043385856068,-0.02605873752861476
7297,0.3946314113079981,-0.3595076023887261,0.6645569530531847
7299,2.2670442582593595,-1.138900989439058,0.17701105917504822
7303,1.0838019739111528,-1.0167584251743282,-1.1799221625295693
7305,0.15288854242130964,-0.751278940505903,-0.7044178150828108
7307,2.273268617562368,-1.1522718792634676,0.18446651648779192
7309,0.3862714450023659,-1.1155847763327766,-1.050382711305668
7311,0.7624385644023307,-0.9201328405059066,-1.0125416968043666
7313,-0.42962132514361295,-1.2954902393335117,-0.9093793229103744
7315,0.28594978421494327,-1.0380223152149322,-0.9610447280432601
7317,0.8750993776917759,-1.0733547090324629,-1.1586610024706734
7319,0.8107822831074984,-0.8474715523800467,-0.9807023463760257
7321,0.8398701927881211,-0.4381802423041646,0.16581133062676923
7323,-0.5555674364098927,-1.2383452008738782,-0.84289444399998
7325,1.2640820102868053,-0.44439781509861015,-0.04614716848026109
7327,1.14951657133545,-1.005608356800525,-1.1926159317105587
7329,-0.20260082866687756,-0.7768432837908421,-0.6261011764671061
7331,1.623617105844057,-1.1249743891063966,0.053533284833712516
7333,0.023663342056101915,-0.7405164656262223,-0.6545214790405313
7335,0.9072564830996701,-0.9056971499651045,-1.0445066571917632
7337,-0.778389904355976,-1.128982311042726,-0.7003452412928778
7339,0.6112999680032059,-0.9223144200833885,-0.9761400715575796
7341,0.784491036592623,-0.24257832867984633,0.8700162896245995
7343,-1.3226017187703365,-0.8502061271408458,-0.316976120331337
7345,1.6213314594886836,-1.1261373103004921,0.05115404228569081
7347,0.8514962673403118,-0.47638362909417553,0.11323992147827702
7349,0.7542437030241983,-0.6123896687223427,-0.35786146263403096
7351,1.3887195106476584,-0.5887739864187489,0.29377047273638834
7353,1.019675671715029,-0.7930737184275811,-1.0054144125879618
7355,0.48287390511660194,-0.7279399379484757,-0.7865835638412315
7357,-0.43103694580882523,-1.302205220836874,-0.9308261823488113
7359,1.126252485627926,-0.9295883761293887,-1.132709609752225
7361,1.3901549096162251,-0.94350796586904,-0.4717843742779669
7363,1.3252076634661438,-0.9893634202088034,0.31749073456496363
7365,1.9079848664736652,-0.9227187589372722,-0.11371655013189201
7367,-0.8480630607470641,-1.0928058333725656,-0.6497982279820199
7369,-0.7011755404132192,-1.167339856387709,-0.7511307891485836
7371,0.15198983019684342,-0.9839649897099846,-0.8787195959995612
7375,1.9079848664736652,-0.9227187589372722,-0.11371655013189201
7381,0.10922052611389971,-1.1455537745757793,-0.9901827147711268
7383,1.9574148059483292,-1.4979781094277056,-0.13351357759033744
7385,0.9904692338213562,-1.2571335566105997,-0.25208117972627136
7387,0.7344880872898304,-1.1473926411058863,-1.1773807515698773
7391,0.7227926929452422,-1.1662296783106374,-1.1857986094346042
7393,-0.10995562829722164,-1.4634188146451086,-1.1471697142832342
7395,1.4012970785999008,-1.4205092374466408,-0.5837203497853591
7403,1.2392993030612305,-1.1492441494878523,-0.3126450593756112
7405,0.718439558827684,-1.1752839214901183,-1.1907380169320094
7409,-0.28862826201415664,3.4709087768789346,-2.5480781394604133
7411,-1.4210249859382165,0.17489619247322982,0.7406382209504596
7421,-0.1602533796446014,0.840805906098655,1.9360024489700882
7423,-1.090124960897605,-0.21819434600370605,0.020067966236827967
7427,0.3264760084091497,3.6714788935567584,-0.275561677248647
7435,-0.07275760104705567,0.9302757783394406,2.3575517310235696
7437,-0.08532677007139061,0.9239106606952734,2.3474485608985067
7439,-0.15634413570833616,0.8878764609056277,2.290244802234336
7447,2.2450411066263323,5.257328015388583,-4.008340214586182
7449,-1.3361105375468805,-0.8440571429977924,-0.30978566889833753
7451,-1.5073926483402802,0.11538180005324133,0.33187767388573647
7453,0.6752065666258068,1.5145608083827948,3.1500329225571955
7459,0.6752065666258068,1.5145608083827948,3.1500329225571955
7461,0.6752065666258068,1.5145608083827948,3.1500329225571955
7465,0.07273632242709371,0.6739063646495416,1.7772860561752033
7469,0.06332085034710211,0.669396405677713,1.770229455204482
7471,0.6535255549503537,1.5034867435652715,3.132594715174538
7473,-0.7735891085450471,-1.1001073132070376,-0.6092036329828341
7481,-1.2951049192592754,-0.8627222017862326,-0.3316120707217971
7483,0.6255684741355163,1.4891874200345263,3.1100814749686525
7485,0.6324595622173501,1.492714119011504,3.115633607036162
7495,0.6187408932395865,1.4856918587967913,3.10457862344628
7505,0.19371306828147467,1.3021185407543512,2.8592287260323634
7523,-1.5291927311792004,0.5369999739667531,2.242916742907993
7525,-1.8704579569135293,-0.6008313019440906,-0.025364119474936893
7529,-1.8928091075122215,-0.5906574390117525,-0.013467086469311516
7569,-2.3444693960910143,-0.385069371064603,0.22694189546769064
7641,-2.3444693960910143,-0.385069371064603,0.22694189546769064
7679,-2.3444693960910143,-0.385069371064603,0.22694189546769064
8237,-2.3444693960910143,-0.385069371064603,0.22694189546769064
8653,-2.3444693960910143,-0.385069371064603,0.22694189546769064
8751,-2.3444693960910143,-0.385069371064603,0.22694189546769064
8757,-2.3444693960910143,-0.385069371064603,0.22694189546769064
8825,-2.3444693960910143,-0.385069371064603,0.22694189546769064
8893,-2.3444693960910143,-0.385069371064603,0.22694189546769064
9137,-2.3444693960910143,-0.385069371064603,0.22694189546769064
9219,-2.3444693960910143,-0.385069371064603,0.22694189546769064
9351,-2.3444693960910143,-0.385069371064603,0.22694189546769064
9353,-2.3444693960910143,-0.385069371064603,0.22694189546769064
9355,-2.3444693960910143,-0.385069371064603,0.22694189546769064
9441,-2.3444693960910143,-0.385069371064603,0.22694189546769064
9443,-2.3444693960910143,-0.385069371064603,0.22694189546769064
9601,-2.3444693960910143,-0.385069371064603,0.22694189546769064
10351,-2.3444693960910143,-0.385069371064603,0.22694189546769064
10459,-2.3444693960910143,-0.385069371064603,0.22694189546769064
10709,-2.3444693960910143,-0.385069371064603,0.22694189546769064
10713,-2.3444693960910143,-0.385069371064603,0.22694189546769064
11081,-2.3444693960910143,-0.385069371064603,0.22694189546769064
11421,-2.3444693960910143,-0.385069371064603,0.22694189546769064
11819,-2.3444693960910143,-0.385069371064603,0.22694189546769064
12093,-2.3444693960910143,-0.385069371064603,0.22694189546769064
12097,-2.3444693960910143,-0.385069371064603,0.22694189546769064
12641,-2.3444693960910143,-0.385069371064603,0.22694189546769064
12839,-2.3444693960910143,-0.385069371064603,0.22694189546769064
13243,-2.3444693960910143,-0.385069371064603,0.22694189546769064
13621,-2.3444693960910143,-0.385069371064603,0.22694189546769064
13625,-2.3444693960910143,-0.385069371064603,0.22694189546769064
13685,-2.3444693960910143,-0.385069371064603,0.22694189546769064
13693,-2.3444693960910143,-0.385069371064603,0.22694189546769064
13735,-2.3444693960910143,-0.385069371064603,0.22694189546769064
13739,-2.3444693960910143,-0.385069371064603,0.22694189546769064
13997,-2.3444693960910143,-0.385069371064603,0.22694189546769064
14183,-1.118479043158431,0.13669641855578432,1.6201009752136457
14187,-1.0254510761477824,0.1762879296537184,1.7258136805389213
14189,-2.3444693960910143,-0.385069371064603,0.22694189546769064
14191,-1.5954982357178067,0.46200914475112814,2.078959849316383
14193,0.6878037718642895,1.0935400765482106,2.568698266511433
14195,-2.3444693960910143,-0.385069371064603,0.22694189546769064
14197,-0.7545746942552812,0.5654583644455977,0.42625078630495056
14205,-0.7780309704425369,0.28158675726068916,2.0069705150527093
14207,-0.4254305288047405,0.4316489885103663,2.4076494483045954
14209,-2.3444693960910143,-0.385069371064603,0.22694189546769064
14211,-2.3444693960910143,-0.385069371064603,0.22694189546769064
14213,-2.3444693960910143,-0.385069371064603,0.22694189546769064
14215,2.3292947872000984,0.8724470362617783,0.1083743194609338
14217,2.230116623924732,0.45263985199222917,-1.1170052578833398
14219,2.5191501722332745,-0.441811439309536,-0.42227902935163236
14223,2.1328008635606923,0.743003828073112,-0.6097071970394197
14225,1.4124253319182776,-0.5346587951866613,-0.9387222449929787
14227,2.2632315382656643,0.7903184312252123,1.594103530147431
14229,2.2835714076099145,0.8030057028274599,-0.27860463145498876
14231,1.6910008080598244,-0.44191280941934324,-0.9494436894534819
14233,1.2518327347385618,-0.6294065308766227,-0.9480424745569802
14235,2.1238163399448986,0.5116078327649795,1.181904298532477
14237,2.1190291772121768,0.5839030297853823,-0.6732929012286085
14239,2.5794751562611293,0.7282147290680155,-0.7256975092515164
14241,1.8000294956231848,-0.6838821425008528,-1.1507714677422456
14243,1.8000294956231848,-0.6838821425008528,-1.1507714677422456
14247,3.5025617887135807,0.3316279788375083,0.10540212973297126
14251,1.7614360100827786,-0.5407495866169113,-1.0410453020949744
14255,-1.0229325795921322,-0.9866104135147735,-0.47648350782927923
14259,2.404551104315591,0.6885424528922764,1.542105854068349
14261,2.153795542031161,0.6112592626051584,-0.6777581658611065
14267,1.1255008064242489,-0.32329505857967067,-0.6968675840573102
14271,0.007963147682986149,-0.3016408841760313,-0.3043823340481115
14275,2.434929540356153,0.6772057193970195,-0.9110043799115304
14283,1.7127251845409446,0.3271782477763361,-0.7318415133371837
14293,2.409336882960425,0.6414590889335093,1.4733009538030886
14339,1.3185315622093587,-1.0009492674021692,-1.2382539445313703
14401,2.368280220386816,0.2503421240792963,0.7384456332622021
14407,2.9144377954895813,2.4607962855872145,-1.0995283137378984
14409,2.368280220386816,0.2503421240792963,0.7384456332622021
14411,2.8159258240724854,2.0057830399311576,-0.6873450648283239
14417,2.234276027812772,0.2926601377777144,0.79318623611095
14419,0.4456121535856022,-0.7436597540983473,-0.8103370609145628
14427,1.7552178110264263,-0.7382661816443095,-1.1818152353467273
14429,1.0494004756640687,-0.6593026617398149,-0.9129399912740292
14431,2.792554704865293,1.9790636429383328,-0.6914433597254219
14441,1.607260176533927,-0.7546087799578705,-1.1412670106008873
14445,2.822692237623941,2.0027030837690774,-0.6909466801006976
14459,1.0715302937105162,-1.0354992253794477,0.2028327420006258
14465,1.7156733716812542,0.48888350215084037,1.6972248989200611
14469,1.0307987025815908,-0.6581980295961635,-0.9069013429554735
14473,1.857339787884517,-0.6046688913306132,0.8513831126168974
14475,1.8858733638669432,-0.7867068103995102,0.5727234627342431
14477,2.092009738040917,0.21522383472662956,0.37320287883014036
14479,1.1133267161936888,-1.0405969763265923,0.20575093868681923
14481,1.1451188464569233,-1.0443326684258376,0.20680632315724057
14483,1.0893523504739024,-1.0376881405606273,0.20419185093122347
14485,1.2090661421910467,-1.0519366363475513,0.2101297611768397
14487,1.258841009739349,-1.0578232094001603,0.21274627440260035
14489,1.2394119912015336,-1.0554251342592487,0.21078043013207987
14491,1.2250045942997696,-1.0538627708654493,0.21131275465750418
14493,1.6811640204072844,-0.160438977147782,0.47826614821043645
14523,-0.24811703366935292,-1.392190480109272,-1.0484719294190772
14525,1.3376819246133345,-0.9441192741682893,-1.2000498278910465
14531,1.8976248672444755,0.5379890652550979,-0.7463459842231196
14535,1.331977500045767,-0.9389715147134386,-1.1936890721845832
14541,0.9971962552505271,-0.20046737691653232,-1.6422560483004116
14543,0.9971962552505271,-0.20046737691653232,-1.6422560483004116
14547,1.3332416989633384,-0.9438402488001884,-1.1985972892146213
14551,1.1231774827489032,-1.120184951800323,-1.267943181229571
14553,1.1137894105799508,-1.115570362797747,-1.2619165456509702
14555,1.3459377725702188,-0.9790547916764196,-1.2213785456932373
14569,2.0006500796303364,1.8581258106319516,-0.6732848335472817
14571,1.3459377725702188,-0.9790547916764196,-1.2213785456932373
14573,0.9966039045987951,-0.20231566567124576,-1.641630479432646
14603,1.9222034822520806,0.9798790509831349,-0.5456080740644023
14607,1.7947783386800653,0.09955179045818219,-0.15594998782107922
14609,2.0073536114941457,0.5865545833657746,-0.3651719236685312
14611,2.173513773239424,-0.06318291309083447,0.6268721671189236
14633,1.230245931401508,-0.7311264088229921,-1.0137729747456936
14637,2.240107759389195,-0.14546128611412948,0.029953963525709556
14639,2.478851366972557,0.07147627014350234,0.09835939099713023
14641,1.6622177978880426,-0.7107619425096036,-1.133748137828491
14653,2.0591681510647217,0.1774219247631229,-0.7531810899409321
14661,-0.8706706711148973,0.4960497137602409,0.41169701720826685
14663,1.7036725728742046,-0.08151680529263512,-0.8090656253445768
14687,0.9931461020910012,-0.9587237097984485,-1.1068211272560153
14713,-0.16423619540690262,-1.4289266294236094,-1.0887609271990213
14721,0.1540460120300837,0.8543561404705952,2.0327227362006064
14729,0.24790504122681095,-0.7713927196020463,-0.7751237989233383
14761,-0.6643967297837898,0.19623906351813863,1.882785577544765
14763,-1.9602511491364598,-0.15536227172165226,0.27510742023579615
14767,-0.8669838362338051,-0.10138205357671168,0.037677748903610295
14771,2.5725114067339545,0.7172063958095439,1.6080694080745193
14781,1.1298320577604415,0.05282359062524541,-1.6011872646274024
14787,-0.24289391559472254,-0.2702219396338383,-0.22254570926490347
14789,1.1951326239650832,0.11619092317730438,-1.7149570852438851
14791,1.0733231481915047,-0.910789399443295,-1.0967701483387016
14795,-0.24289391559472254,-0.2702219396338383,-0.22254570926490347
14801,1.8004448489537555,-0.34214645343652694,0.28122999109125235
14803,0.12177338206919061,-0.800726692453221,-0.7464009760148946
14805,1.385857087530097,-0.4091477854354106,-0.7899909299988376
14809,1.9677958188572298,0.2067713408029984,-0.8527383615482869
14811,1.835523347146249,-0.22413764026493982,0.4030285706645013
14823,1.3892078711047011,-0.8680570724971889,-1.1591607859663848
14835,0.9346879845965664,-0.6132163976345574,-0.843024145352376
14913,-2.3444693960910143,-0.385069371064603,0.22694189546769064
14937,-2.3444693960910143,-0.385069371064603,0.22694189546769064
14939,1.737784508295759,0.33896316069917337,2.152789282440694
14941,1.3824311912587388,-0.737383868960613,-1.0617384981844469
14943,1.055131547857022,-0.5355792434087705,0.5030566586299923
14947,1.3233420012240351,-0.7871626922700381,-1.07766082409417
14949,1.6536317162592729,-0.18348361961247492,0.21426034839458008
14951,0.8202342776460815,0.4893686157107742,1.3917886381529352
14953,1.6158437881657133,0.13955737690094805,1.8796112547469097
14955,1.537443060222887,-0.24149837796487608,0.14454652140205845
14961,2.0385797248772692,-0.24423483492581627,0.939376365959481
14965,1.5834020480439583,-0.15422759352669674,1.1579920673836142
14975,1.6158437881657133,0.13955737690094805,1.8796112547469097
14977,1.5451560559131472,-0.20323847357924885,0.19806303158192531
14983,1.014106099575196,-0.9541493781443183,-1.1008256453474816
14985,1.0324168688003392,-0.9311130979696894,-1.0985041887842741
14987,1.0091806206626182,-0.949298295954058,-1.0968425285237657
15015,0.1817183436862166,-0.0048744737208476765,0.9994580565912948
15041,0.9476563763508399,-1.3034562187337413,-0.7618385008687834
15049,0.8686503675070978,-0.9488626053135394,-1.0594658886651513
15055,1.0556834361197576,-1.3181298417595173,-0.7630632011509358
15059,2.1246046669146983,-0.19128782585000645,0.4599586024024895
15061,1.8500739591405457,-0.17520174907492556,-0.3864926354311839
15079,1.65900114176904,-0.4087903878657797,0.23950480790553866
15093,2.544558861481001,0.4399158493988989,1.127166664317468
15111,1.6565791155484488,-0.48853604228786834,0.06783464740263506
15119,1.3197217794041904,-0.24162459744242504,-0.5007119974592129
15121,1.4908471959154928,-0.11438802066373531,-0.6188055911056073
15129,1.8660688316626868,0.6034773583308678,-1.864733281456517
15131,1.5647667476828877,-0.680652317960674,-1.0782546156061579
15133,2.2244566799241396,0.840695243368091,-0.6163529812540945
15135,1.907618694779724,0.5889699414512786,-1.8772038694426114
15139,1.924237832800611,0.8149355029927148,-2.0847228705063823
15155,2.9284551254741675,1.0729320695784428,2.2600185103438415
15157,2.8744136887294336,1.011105640100007,2.211974438258764
15183,2.1310841045803626,0.9555826445794666,-2.2223329120888855
15211,2.7248900172364476,-0.021724811359087826,-0.3002605217525145
15217,0.871479529348063,-0.7550643621153239,-0.9155300222410416
15219,2.453708428628693,-0.2054546557983904,-0.11035564977988778
15221,1.5437359856721928,-0.7791515706136831,-1.1432842166070194
15223,2.400203197060146,-0.18644190988345782,-0.0739134274700869
15231,2.196551100647807,-0.1496552592411234,0.47886111020569516
15245,1.2869840123730332,-0.8919195949919353,-1.1474685435035596
15249,1.3891235715001105,-0.8382125221756127,-1.1441309890617208
15251,2.0098729494745347,-0.4080296726399312,-0.10895612597058724
15261,1.9731113699543568,-0.428145526223332,-0.12502914173507876
15263,1.6260607138238572,1.3322756389024606,-2.3217947337772116
15271,1.477019114892659,-0.9413054271752493,-1.2428584574101809
15273,1.165548394835907,-1.0101659202956672,-1.1998986056192118
15275,1.3111091043009704,-0.8334517601131631,-1.1187063305681648
15281,1.5333477895619314,1.6951088888513781,-2.441898146463991
15285,1.9039816649912977,0.030117028166612145,-0.5383558236084335
15311,1.891800606522477,0.7621444438497522,-1.9815494855601448
15313,1.8687456686837172,0.7234769802202952,-1.944014948481382
15315,1.7236650746918911,-0.5726893635689829,-1.0549833395426733
15317,1.8647688286389943,0.7185383115130172,-1.9407173588985027
15319,1.9041829490111364,0.8465536255179424,-2.020622950827985
15323,1.85595123930968,0.7145692859664241,-1.9041895094374697
15325,1.6577761034223821,-0.6883365424553173,-1.120028028271428
15327,1.961597022982589,2.4653431645462436,-1.6727673443222881
15329,1.9665737827341934,2.4595511304580184,-1.6734789190761763
15333,1.9877453241512208,2.541881085652852,-1.6840223367839535
15335,1.9877453241512208,2.541881085652852,-1.6840223367839535
15337,1.9841271732412236,2.5356898381176514,-1.6822481700327743
15339,1.980526091625301,2.5411014931387133,-1.6825238759911847
15341,1.8231499160774216,-0.3820700576251399,-0.3473016479919544
15343,1.8247527035733486,-0.37843657679087495,-0.34793963728368976
15347,1.8268704327939658,-0.3797796518993195,-0.35241903947262715
15351,0.824127222651386,-0.9297441614671467,-1.0392294595036717
15353,0.8411309570780039,-0.9416383676673441,-1.0530607588396763
15363,2.299043254706455,-0.4328318225536533,0.004384525498101426
15367,3.3131731620696994,0.11539226138253408,1.6954179696507736
15369,0.3055173314543431,0.0057262203614614916,-0.18622345257045525
15375,3.0826853105410055,-0.029413997543719976,1.8361061755740749
15381,1.602516019690391,-0.7999038981040876,-1.1817346138563558
15385,1.5962587358800187,-0.8014525214660115,-1.1806936795176206
15391,2.115209985075538,-0.5039861462733393,0.4423500134452752
15393,1.3474860123061383,-0.21680942397818603,0.94328320375713
15395,2.3273243074206573,-0.4491211777255302,0.0433769599123232
15397,2.324420966340923,-0.4453905112634597,0.049679758523459044
15399,1.6341880222537923,-0.27140666169291056,1.23649059543349
15401,1.639090309367933,-0.26395037031051644,1.205675158951732
15403,2.362422063386311,-0.8463703953075181,-0.2743677045066806
15405,2.4760541212003604,-0.6517610282252225,0.03849873059372974
15407,2.2652527019888082,-0.6294231319100255,0.6449385918691951
15417,2.1257515995408083,-0.8004411402050496,-0.5438784464616663
15419,2.2175553140325808,-0.8358032335533264,-0.5344479784840089
15443,2.0733851199984983,0.36943651118912424,0.877152972141255
15445,3.589597462090191,0.4284292490771691,0.28087921279769446
15459,-2.3444693960910143,-0.385069371064603,0.22694189546769064
15465,2.5695952120334384,4.6099692892117705,-1.3185041585309651
15485,3.3301959352385957,3.1097324789260288,0.0787878340711296
15495,1.5361608528493182,-0.741519100727244,-1.1182396910850494
15541,1.5183404746891462,-0.6018901120240606,-1.0145973481890114
15563,-2.3444693960910143,-0.385069371064603,0.22694189546769064
15581,1.1151501442304264,-0.848538316962914,-1.0689752904481546
15663,1.7043750652125946,-0.8661876717878422,-1.2541661935568402
15673,1.690738161959285,-0.8653676005700867,-1.2497302049093302
15685,1.8710341683433132,0.45463083941937804,-1.7773261407335608
15707,-0.2660840914636466,-1.3877793032780015,-1.050272432670888
15785,0.31403213935781304,0.06075282657487928,-0.15397028691890433
15853,2.057098099057214,-0.06948484502329771,0.24812202126543006
15855,2.136499647612363,-0.07223245554088233,0.20849760962873687
15915,2.603123733270446,0.09570549442734419,0.9235322421577783
15993,2.700852014208337,1.061196382681254,0.33201667267227924
16145,1.2243397682011345,-0.7962165174338968,-1.0673370584727364
16279,2.37150553172131,-0.390968446428434,0.24397029575025286
16379,1.3642606389565162,-0.5260526667616229,-0.9060080668689067
16403,1.4281882207995884,-0.6220339010090119,-1.004551450931092
16409,1.531516521701715,-0.596595408015304,-1.0168888168894243
16517,2.035697060423509,0.17018011601083738,0.6454274486695879
16553,-0.40766208768004536,-1.3127587140713992,-0.9430076457889423
16599,2.399389327288512,0.4727789086646519,1.4864841411055383
16601,-0.388150002259322,-1.3221682417291885,-0.9549861576201887
16645,1.4558703837521536,-0.5629988101188161,-0.962220109024399
16647,-1.2399861894465645,0.2752522968475044,0.365399695604086
16733,2.2924260771643623,0.12076475919164825,0.4942275934537439
16735,2.2178657086219355,-0.13623118718597552,-0.02552166740096713
16739,0.7556643763412086,0.24198267260743034,-0.1503187550003042
16761,1.3559065775770405,-0.7286829242643382,-1.0432942786994055
16763,1.055798004459816,-0.8718794061900966,-1.055549067475371
16767,0.8125950842270999,-1.0535048403662648,-1.1114037019169813
16781,-1.2146822191109465,-0.8993292446471716,-0.3744193308599919
16783,0.8639814093896294,-0.9790539890180667,-1.0738091960589247
16795,1.675564151848379,-0.6819873712327779,-1.122226396937588
16797,2.8346611372265422,2.3457482269451164,-0.31343507213285593
16799,1.675564151848379,-0.6819873712327779,-1.122226396937588
16803,2.794122297840033,2.3537077409089697,-0.43295228151606263
16805,2.8360434417683775,2.3452574964537005,-0.3126994187116263
16819,2.7471131428723603,1.995324776447221,-0.43123167155399894
16829,2.7201263669299047,2.2184581519281013,-0.580393113048545
16831,2.3169756266767325,1.7433609034407545,-0.6044175329735696
16833,1.2375912029267435,-0.943832029795719,-1.1771306006974382
16835,2.2373921613528602,1.5457141057567163,-0.6646216173794948
16839,2.3727893795535806,2.0487949658820157,-0.38087373015416753
16841,1.2274536518755101,-0.943187489676942,-1.1738088722010718
16843,0.9972813512677519,-0.8747554591601945,-1.0520080996067407
16845,0.9972813512677519,-0.8747554591601945,-1.0520080996067407
16863,2.3361086778585465,2.0281640225110737,-0.3860290214477927
16865,1.2905468852487632,-0.9471876436325168,-1.194474596901084
16867,2.2322822359628627,1.5794964370026143,-0.4935306867965226
16869,1.41579712283182,-0.801187934715354,-1.1249104774841976
16871,0.9758283222047475,-1.1281325713113368,-1.2289884987712845
16873,0.9865607870701912,-1.128927489167339,-1.232582235091187
16895,0.9009755863155798,-0.47529140539165454,-0.7282653938094813
16919,1.4778018439193779,-0.5257102272259172,-0.9445674064708751
16921,2.1730261200558734,1.6219630903629296,-2.150988591875377
16923,-2.3444693960910143,-0.385069371064603,0.22694189546769064
16925,2.5694499001354307,1.3575795809737057,-0.08694218638506422
16927,2.343232762776087,0.34175126053904753,1.0842912694688254
16929,1.729561094682849,0.15101536135437832,-1.4997501779962066
16931,1.711139944383135,-0.6466656012499712,-1.0992304997961002
16933,1.9801952916518342,0.42197818410393156,-0.859467187995877
16935,2.5754906640043664,1.320885101385145,-0.11310755819841009
16937,2.358919650184139,0.32269159066588404,1.0581084827623757
16939,3.8474110822617504,0.4129041081386458,1.1167901486898413
16941,2.845838734606181,1.4755264731027635,-0.8998291665212257
16943,1.7065504622601002,-0.634026439325785,-1.0888410843991363
16945,2.34107105242383,2.4626263693959842,-1.696104313427017
16947,2.036058189370968,-0.302412356565985,-0.3580626030819928
16951,1.7080486310041803,0.3166717117452226,-1.6100817985214153
16953,1.6135498151893355,-0.5705934647822751,-1.0125471186598352
16955,2.18232176887505,-0.7011613526136422,-0.015437126037131921
16961,-2.3444693960910143,-0.385069371064603,0.22694189546769064
16963,3.5421282234135143,0.43255042084522133,0.5657264535591525
16967,1.9965325333590607,-0.23918547166424228,-0.2913793627965828
16971,1.6412096069729756,-0.5218892459218438,-0.9936482949584611
16973,2.4088546087081384,2.481205111977734,-1.6857872021637479
16977,1.6717387910582042,-0.5535102519606645,-1.0174354796705136
16979,2.4678729986930077,2.443839861245059,-1.7212097649552958
16981,1.6412096069729756,-0.5218892459218438,-0.9936482949584611
16985,1.9875965887385332,-0.24083694227625785,-0.2935925192155161
16987,2.1623300827995733,-0.21341513802845452,-0.1366947572465125
16989,2.158227896470356,-0.21755094374004064,-0.14235227285367105
16993,1.7040845920729057,-0.6868212927581516,-1.123057167905763
16995,1.4798878777645101,-0.471969054607495,-0.9022090909617946
17013,3.8756633773233933,-0.2651530359256264,0.8062266097508031
17015,3.8756633773233933,-0.2651530359256264,0.8062266097508031
17637,-1.1415763991116836,1.9166877060408,-0.7582919859528476
17641,-1.2268225366709449,1.6693151093468812,-0.6279923062181335
17643,-1.2313909891277888,1.5725750075362244,-0.5610832352259
17645,-1.2282940060731051,1.5788163153980397,-0.5638460711943366
17649,-1.0845523133766377,1.736066462290057,-0.5970170558685256
17651,-0.931321884932958,1.9024796441562182,-0.6315038395967842
17653,-1.018751455629848,1.8155250276232169,-0.6175667476487949
17655,-1.0993353125787497,1.7673475030513848,-0.6276687242950024
17657,-1.1257465956655879,1.714010789891619,-0.6040278131064929
17659,-1.0840201719342448,2.0782014163332985,-0.8423145829234945
17661,-1.0917364023443599,1.721617827462675,-0.5906291665399065
17665,-0.9728320476781042,2.645635118457238,-1.187976518284618
17667,-1.0917364023443599,1.721617827462675,-0.5906291665399065
17669,-1.1700645992273058,1.6247880325169972,-0.5645565892334016
17677,-1.093509779457502,1.7180527126789602,-0.5890534063932747
17681,-0.8871345777047935,2.6552900066505574,-1.1473865023841743
17687,-0.8871345777047935,2.6552900066505574,-1.1473865023841743
17689,-0.8871345777047935,2.6552900066505574,-1.1473865023841743
17697,-0.9242981686496795,2.40894725394405,-0.9911635804690928
17705,-0.9448212747678654,2.081440380543514,-0.767451725461533
17709,-0.8817141156309216,2.6665984256150446,-1.1524982274754958
17715,-0.8817141156309216,2.6665984256150446,-1.1524982274754958
17717,-0.7171844496852418,2.7182487899860264,-1.098339935673585
17719,-0.7246985415903003,2.7026756720905367,-1.0913278572006595
17771,-0.6814846273531179,1.5162108279270148,-1.0878730359420536
17781,-0.6814846273531179,1.5162108279270148,-1.0878730359420536
17997,2.071851009065393,0.4242055108384591,1.5731758708447114
17999,-1.15062247106475,0.6909332531118356,1.97160939271189
18001,0.8075587667021475,-0.9479325162643151,-1.035306405826534
18003,0.46570446031085433,-0.9971912612200193,-0.975274571483464
18005,1.9169323022505513,0.7299831175361012,-2.2088128343350384
18011,2.2130586579094915,0.8565610009403724,2.151776563749003
18015,2.3949743483648427,0.9650411024099884,2.414622583694623
18021,0.5438345549688381,1.0233372180074094,2.457514078206116
18031,1.092505100663367,-0.5614732351951978,0.5075484960680621
18035,0.5106064774859912,-0.7517896168272753,-0.8117425456986179
18043,3.099905786369009,1.0428374502462492,2.5273491591754675
18049,1.539243217543945,0.513279065635135,1.694949906676231
18051,0.3603684940367248,0.1255994755201689,0.30390241458786726
18053,0.42594609513387727,-1.1282723513779436,-1.055296436158734
18061,2.285550347036907,0.2387004246839754,0.8958350264536084
18151,-2.1338559070327094,0.9775262221513396,-0.6343733110483759
18153,-2.1325256861733584,0.9861322857470768,-0.6398133208944067
18159,-2.1338559070327094,0.9775262221513396,-0.6343733110483759
18315,1.4536239316005517,-0.12240806294573826,-0.6203531262866927
18323,1.4590399922323616,-0.10219744844142735,-0.6114098906661337
18333,2.054027895064828,-0.4888842316286257,0.04573231667523578
18343,0.27679537713892,-0.6395857599714477,-0.6560892995299823
18349,1.4069538165953597,-0.2468852281797668,-0.6874770203109201
18351,1.3976500001060346,-0.25537774825037696,-0.6900232958391639
18353,1.3270365260939856,-0.3166747980105784,-0.9455773885070169
18357,1.3280094167567211,-0.3162056207437194,-0.9456646185594515
18359,1.3013059176171025,-0.3434690230135253,-0.9470276110766062
18363,1.3990554607863097,-0.16116372241140775,-1.133996698633704
18367,1.3368414287886803,-0.32787325982471616,-0.9499896896062654
18371,1.270655873533065,-0.366072792026149,-0.9439232839674877
18373,1.3014740614108888,-0.34908427609218196,-0.9475589835391615
18377,1.3069682888833785,-0.13472159135636036,-1.094562044882575
18381,1.6990788563885355,-0.48552041267368906,-0.5047184581612254
18383,1.3086663861296675,-0.34837918824600894,-0.9495049339127729
18389,1.3440827838966425,-0.32749054801553207,-0.950853465791136
18393,1.8950895440409032,-0.5098262338221661,-0.42460151948048264
18403,1.3315664551691049,-0.3539666582769272,-0.9613846631412146
18413,1.3260277779471952,-0.34317496020545424,-0.9634717330726911
18417,1.3059297391231801,-0.35371767561437534,-0.9620690797041508
18419,0.12785323375231622,-1.5749764874343535,-1.2837386432174644
18421,1.345830264810812,0.935857414221547,-2.259341130782669
18423,0.9290885403088184,-0.9066409215573876,-1.0537358086025588
18645,0.7587664994384523,3.1701191353902423,1.7175023478046616
18647,-0.4269769136618471,0.5500734505167326,1.122521064265542
18649,-1.0235327745509275,0.8099860162667636,1.4742496843987076
18651,-0.32018022635592824,1.5760438852984417,1.8833907885922796
18653,-0.3326935602608876,1.5627213868200476,1.8769330643104318
18655,-2.059215341667166,-0.514912156463389,0.07510734513954936
18657,-0.2896095483064287,1.6086377175122195,1.8990005652081972
18659,0.07269390676628043,2.0241817468670575,2.2550123104706294
18661,0.07365854272919932,2.0252309956587404,2.255440080267895
18663,0.07269390676628043,2.0241817468670575,2.2550123104706294
18665,-0.28840468710620926,1.6099236475802274,1.8996109861260766
18667,-0.3471765962385658,1.5473157675284535,1.8694086669625254
18669,-0.3471765962385658,1.5473157675284535,1.8694086669625254
18671,-0.47866073965687644,0.9441854203229225,2.2482424228254505
18673,-0.4156709528473353,0.9814040924532176,2.305886639240397
18675,-0.417994839697102,0.980038252501354,2.3037700281124014
18677,-0.44707220885044907,0.949035781693877,2.237286569021895
18679,-0.44360974721549606,0.951068061135605,2.2404307820637257
18681,-0.44360974721549606,0.951068061135605,2.2404307820637257
18683,-2.067490465780563,-0.5111454609590105,0.07951201434295421
18689,-0.44129048651485553,0.9524286689613962,2.242535953884453
18705,-0.46855568830872174,0.9363990153021071,2.217740854783097
18707,-0.46855568830872174,0.9363990153021071,2.217740854783097
18709,-0.46855568830872174,0.9363990153021071,2.217740854783097
18711,-0.46855568830872174,0.9363990153021071,2.217740854783097
18717,-2.1754418122445864,-0.284015253249884,0.2481311605293552
18721,-2.175134698068571,-0.2838316432649373,0.24816966030277493
18735,-2.175747782765283,-0.2841981794938894,0.24809280412434376
18753,-2.1769603584988544,-0.2849231249036924,0.24794079586603893
18769,-2.181066912163438,-0.2873782517438794,0.24742599909672658
18771,-2.1807804553083643,-0.2872069918576365,0.24746190927240766
18783,-2.1813523415090703,-0.2875488973276648,0.24739021772942923
18873,-1.3999760396576066,0.17960144031585562,0.34534339907453304
19009,-1.4204702578704844,0.16734885352099096,0.3427742478622744
19157,-1.52042405138972,0.10759090043152311,0.33024405973202065
19195,-2.3444693960910143,-0.385069371064603,0.22694189546769064
19197,-2.3444693960910143,-0.385069371064603,0.22694189546769064
19199,-2.3444693960910143,-0.385069371064603,0.22694189546769064
19205,-2.3444693960910143,-0.385069371064603,0.22694189546769064
19207,-2.3444693960910143,-0.385069371064603,0.22694189546769064
19215,-2.3444693960910143,-0.385069371064603,0.22694189546769064
19219,-2.3444693960910143,-0.385069371064603,0.22694189546769064
19231,-2.3444693960910143,-0.385069371064603,0.22694189546769064
19239,-2.3444693960910143,-0.385069371064603,0.22694189546769064
19245,-2.3444693960910143,-0.385069371064603,0.22694189546769064
19247,-2.3444693960910143,-0.385069371064603,0.22694189546769064
19259,-2.3444693960910143,-0.385069371064603,0.22694189546769064
19261,-2.3444693960910143,-0.385069371064603,0.22694189546769064
19281,-2.3444693960910143,-0.385069371064603,0.22694189546769064
19283,-2.3444693960910143,-0.385069371064603,0.22694189546769064
19285,-2.3444693960910143,-0.385069371064603,0.22694189546769064
19287,-2.3444693960910143,-0.385069371064603,0.22694189546769064
19289,-2.3444693960910143,-0.385069371064603,0.22694189546769064
19291,-2.3444693960910143,-0.385069371064603,0.22694189546769064
19293,-2.3444693960910143,-0.385069371064603,0.22694189546769064
19295,-2.3444693960910143,-0.385069371064603,0.22694189546769064
19297,-2.3444693960910143,-0.385069371064603,0.22694189546769064
19299,-2.3444693960910143,-0.385069371064603,0.22694189546769064
19301,-2.3444693960910143,-0.385069371064603,0.22694189546769064
19303,-2.3444693960910143,-0.385069371064603,0.22694189546769064
19305,-2.3444693960910143,-0.385069371064603,0.22694189546769064
19307,-2.3444693960910143,-0.385069371064603,0.22694189546769064
19309,-2.3444693960910143,-0.385069371064603,0.22694189546769064
19311,-2.3444693960910143,-0.385069371064603,0.22694189546769064
19313,-2.3444693960910143,-0.385069371064603,0.22694189546769064
19315,-2.3444693960910143,-0.385069371064603,0.22694189546769064
19317,-2.3444693960910143,-0.385069371064603,0.22694189546769064
19319,-2.3444693960910143,-0.385069371064603,0.22694189546769064
19321,-2.3444693960910143,-0.385069371064603,0.22694189546769064
19323,-2.3444693960910143,-0.385069371064603,0.22694189546769064
19325,-2.3444693960910143,-0.385069371064603,0.22694189546769064
19327,-2.3444693960910143,-0.385069371064603,0.22694189546769064
19329,-2.3444693960910143,-0.385069371064603,0.22694189546769064
19331,-2.3444693960910143,-0.385069371064603,0.22694189546769064
19333,-2.3444693960910143,-0.385069371064603,0.22694189546769064
19335,-2.3444693960910143,-0.385069371064603,0.22694189546769064
19337,-2.3444693960910143,-0.385069371064603,0.22694189546769064
19339,-2.3444693960910143,-0.385069371064603,0.22694189546769064
19341,-2.3444693960910143,-0.385069371064603,0.22694189546769064
19343,-2.3444693960910143,-0.385069371064603,0.22694189546769064
19345,-2.3444693960910143,-0.385069371064603,0.22694189546769064
19347,-2.3444693960910143,-0.385069371064603,0.22694189546769064
19349,-2.3444693960910143,-0.385069371064603,0.22694189546769064
19351,-2.3444693960910143,-0.385069371064603,0.22694189546769064
19353,-2.3444693960910143,-0.385069371064603,0.22694189546769064
19355,-2.3444693960910143,-0.385069371064603,0.22694189546769064
19357,-2.3444693960910143,-0.385069371064603,0.22694189546769064
19359,-2.3444693960910143,-0.385069371064603,0.22694189546769064
19361,-2.3444693960910143,-0.385069371064603,0.22694189546769064
19363,-2.3444693960910143,-0.385069371064603,0.22694189546769064
19365,-2.3444693960910143,-0.385069371064603,0.22694189546769064
19367,-2.3444693960910143,-0.385069371064603,0.22694189546769064
19369,-2.3444693960910143,-0.385069371064603,0.22694189546769064
19373,-2.3444693960910143,-0.385069371064603,0.22694189546769064
19377,-2.3444693960910143,-0.385069371064603,0.22694189546769064
19379,-2.3444693960910143,-0.385069371064603,0.22694189546769064
19381,-2.3444693960910143,-0.385069371064603,0.22694189546769064
19383,-2.3444693960910143,-0.385069371064603,0.22694189546769064
19385,-2.3444693960910143,-0.385069371064603,0.22694189546769064
19387,-2.3444693960910143,-0.385069371064603,0.22694189546769064
19389,-2.3444693960910143,-0.385069371064603,0.22694189546769064
19393,-2.3444693960910143,-0.385069371064603,0.22694189546769064
19395,-2.3444693960910143,-0.385069371064603,0.22694189546769064
19397,-2.3444693960910143,-0.385069371064603,0.22694189546769064
19399,-2.3444693960910143,-0.385069371064603,0.22694189546769064
19401,-2.3444693960910143,-0.385069371064603,0.22694189546769064
19405,-2.3444693960910143,-0.385069371064603,0.22694189546769064
19407,-2.3444693960910143,-0.385069371064603,0.22694189546769064
19409,-2.3444693960910143,-0.385069371064603,0.22694189546769064
19411,-2.3444693960910143,-0.385069371064603,0.22694189546769064
19413,-2.3444693960910143,-0.385069371064603,0.22694189546769064
19415,-2.3444693960910143,-0.385069371064603,0.22694189546769064
19417,-2.3444693960910143,-0.385069371064603,0.22694189546769064
19419,-2.3444693960910143,-0.385069371064603,0.22694189546769064
19421,-2.3444693960910143,-0.385069371064603,0.22694189546769064
19423,-2.3444693960910143,-0.385069371064603,0.22694189546769064
19425,-2.3444693960910143,-0.385069371064603,0.22694189546769064
19427,-2.3444693960910143,-0.385069371064603,0.22694189546769064
19429,-2.3444693960910143,-0.385069371064603,0.22694189546769064
19431,-2.3444693960910143,-0.385069371064603,0.22694189546769064
19435,-2.0714983242223317,-0.22187203824530138,0.2611614959871381
19437,-2.3444693960910143,-0.385069371064603,0.22694189546769064
19439,-2.3444693960910143,-0.385069371064603,0.22694189546769064
19441,-2.3444693960910143,-0.385069371064603,0.22694189546769064
19443,-1.643344515523588,0.0341021905904728,0.3148347742369274
19445,-1.643344515523588,0.0341021905904728,0.3148347742369274
19447,-1.643344515523588,0.0341021905904728,0.3148347742369274
19449,-1.643344515523588,0.0341021905904728,0.3148347742369274
19451,-1.643344515523588,0.0341021905904728,0.3148347742369274
19453,-1.643344515523588,0.0341021905904728,0.3148347742369274
19455,-1.643344515523588,0.0341021905904728,0.3148347742369274
19459,-1.643344515523588,0.0341021905904728,0.3148347742369274
19461,-1.61581129257512,0.05056308704499087,0.31828633371485887
19463,-1.643344515523588,0.0341021905904728,0.3148347742369274
19465,-1.643344515523588,0.0341021905904728,0.3148347742369274
19473,-1.643344515523588,0.0341021905904728,0.3148347742369274
19475,-1.7241994030546701,-0.0142373711812051,0.30469882124961034
19477,-1.643344515523588,0.0341021905904728,0.3148347742369274
19481,-1.6483161310888461,0.03112988149376619,0.31421153347586533
19483,-1.6483161310888461,0.03112988149376619,0.31421153347586533
19485,-1.6483161310888461,0.03112988149376619,0.31421153347586533
19487,-1.6483161310888461,0.03112988149376619,0.31421153347586533
19489,-1.6483161310888461,0.03112988149376619,0.31421153347586533
19495,-1.6483161310888461,0.03112988149376619,0.31421153347586533
19501,-1.6483161310888461,0.03112988149376619,0.31421153347586533
19503,-1.6483161310888461,0.03112988149376619,0.31421153347586533
19505,-1.6195327173062017,0.048338211763362,0.3178198166338032
19507,-1.6483161310888461,0.03112988149376619,0.31421153347586533
19509,-1.6483161310888461,0.03112988149376619,0.31421153347586533
19511,-1.6483161310888461,0.03112988149376619,0.31421153347586533
19517,-1.6483161310888461,0.03112988149376619,0.31421153347586533
19519,-1.6483161310888461,0.03112988149376619,0.31421153347586533
19521,-1.6483161310888461,0.03112988149376619,0.31421153347586533
19523,-1.6483161310888461,0.03112988149376619,0.31421153347586533
19525,-1.6483161310888461,0.03112988149376619,0.31421153347586533
19533,-2.3444693960910143,-0.385069371064603,0.22694189546769064
19535,-2.3444693960910143,-0.385069371064603,0.22694189546769064
19537,-2.3444693960910143,-0.385069371064603,0.22694189546769064
19539,-2.3444693960910143,-0.385069371064603,0.22694189546769064
19541,-2.3444693960910143,-0.385069371064603,0.22694189546769064
19543,-2.3444693960910143,-0.385069371064603,0.22694189546769064
19545,-2.3444693960910143,-0.385069371064603,0.22694189546769064
19547,-2.3444693960910143,-0.385069371064603,0.22694189546769064
19549,-2.3444693960910143,-0.385069371064603,0.22694189546769064
19551,-2.3444693960910143,-0.385069371064603,0.22694189546769064
19553,-2.3444693960910143,-0.385069371064603,0.22694189546769064
19555,-2.3444693960910143,-0.385069371064603,0.22694189546769064
19557,-2.3444693960910143,-0.385069371064603,0.22694189546769064
19559,-2.3444693960910143,-0.385069371064603,0.22694189546769064
19561,-2.3444693960910143,-0.385069371064603,0.22694189546769064
19563,-2.3444693960910143,-0.385069371064603,0.22694189546769064
19565,-2.3444693960910143,-0.385069371064603,0.22694189546769064
19567,-2.3444693960910143,-0.385069371064603,0.22694189546769064
19569,-2.3444693960910143,-0.385069371064603,0.22694189546769064
19573,-2.3444693960910143,-0.385069371064603,0.22694189546769064
19575,-2.3444693960910143,-0.385069371064603,0.22694189546769064
19579,-2.3444693960910143,-0.385069371064603,0.22694189546769064
19581,-2.3444693960910143,-0.385069371064603,0.22694189546769064
19583,-2.3444693960910143,-0.385069371064603,0.22694189546769064
19585,-2.3444693960910143,-0.385069371064603,0.22694189546769064
19587,-2.3444693960910143,-0.385069371064603,0.22694189546769064
19589,-2.3444693960910143,-0.385069371064603,0.22694189546769064
19591,-2.3444693960910143,-0.385069371064603,0.22694189546769064
19593,-2.3444693960910143,-0.385069371064603,0.22694189546769064
19595,-2.3444693960910143,-0.385069371064603,0.22694189546769064
19597,-2.3444693960910143,-0.385069371064603,0.22694189546769064
19599,-2.3444693960910143,-0.385069371064603,0.22694189546769064
19601,-2.3444693960910143,-0.385069371064603,0.22694189546769064
19603,-2.3444693960910143,-0.385069371064603,0.22694189546769064
19605,-2.3444693960910143,-0.385069371064603,0.22694189546769064
19607,-2.3444693960910143,-0.385069371064603,0.22694189546769064
19609,-2.3444693960910143,-0.385069371064603,0.22694189546769064
19611,-2.3444693960910143,-0.385069371064603,0.22694189546769064
19613,-2.3444693960910143,-0.385069371064603,0.22694189546769064
19615,-2.3444693960910143,-0.385069371064603,0.22694189546769064
19617,-2.3444693960910143,-0.385069371064603,0.22694189546769064
19619,-2.3444693960910143,-0.385069371064603,0.22694189546769064
19623,-2.3444693960910143,-0.385069371064603,0.22694189546769064
19625,-2.3444693960910143,-0.385069371064603,0.22694189546769064
19627,-2.3444693960910143,-0.385069371064603,0.22694189546769064
19629,-2.3444693960910143,-0.385069371064603,0.22694189546769064
19631,-2.3444693960910143,-0.385069371064603,0.22694189546769064
19633,-2.3444693960910143,-0.385069371064603,0.22694189546769064
19635,-2.3444693960910143,-0.385069371064603,0.22694189546769064
19637,-2.3444693960910143,-0.385069371064603,0.22694189546769064
19639,-2.3444693960910143,-0.385069371064603,0.22694189546769064
19643,-2.3444693960910143,-0.385069371064603,0.22694189546769064
19645,-2.3444693960910143,-0.385069371064603,0.22694189546769064
19647,-2.3444693960910143,-0.385069371064603,0.22694189546769064
19649,-2.3444693960910143,-0.385069371064603,0.22694189546769064
19651,-2.3444693960910143,-0.385069371064603,0.22694189546769064
19653,-2.3444693960910143,-0.385069371064603,0.22694189546769064
19655,-2.3444693960910143,-0.385069371064603,0.22694189546769064
19657,-2.3444693960910143,-0.385069371064603,0.22694189546769064
19659,-2.3444693960910143,-0.385069371064603,0.22694189546769064
19661,-2.3444693960910143,-0.385069371064603,0.22694189546769064
19663,-2.3444693960910143,-0.385069371064603,0.22694189546769064
19665,-2.3444693960910143,-0.385069371064603,0.22694189546769064
19667,-2.3444693960910143,-0.385069371064603,0.22694189546769064
19669,-2.3444693960910143,-0.385069371064603,0.22694189546769064
19671,-2.3444693960910143,-0.385069371064603,0.22694189546769064
19673,-2.3444693960910143,-0.385069371064603,0.22694189546769064
19675,-2.3444693960910143,-0.385069371064603,0.22694189546769064
19677,-2.3444693960910143,-0.385069371064603,0.22694189546769064
19679,-2.3444693960910143,-0.385069371064603,0.22694189546769064
19681,-2.3444693960910143,-0.385069371064603,0.22694189546769064
19687,-2.028463694997858,1.6593769636212439,-1.065380438273989
19689,-2.028463694997858,1.6593769636212439,-1.065380438273989
19691,-2.028463694997858,1.6593769636212439,-1.065380438273989
19693,-2.028463694997858,1.6593769636212439,-1.065380438273989
19695,0.877085163320943,-0.7039519557737759,-0.8992636342612382
19697,1.0231989363535663,-0.6822399524699108,-0.9265010764934418
19699,-0.033203272500632264,-1.1272326967363817,-0.9249111535203198
19701,0.3297412698470288,-1.3591667083390218,-1.1941186896341889
19703,1.6351557084991106,-0.25585603394524803,-0.7545769064169563
19705,0.6455372022066066,-0.9826374477143525,-1.0254313919709068
19707,1.4269125256236717,-0.4977229760021762,-0.8907298477287455
19709,-2.028463694997858,1.6593769636212439,-1.065380438273989
19715,1.642529194631332,-0.09135146708240473,-0.7554580039302646
19717,-2.028463694997858,1.6593769636212439,-1.065380438273989
19719,-2.028463694997858,1.6593769636212439,-1.065380438273989
19721,0.12305718816413232,-1.1809619089066195,-1.003973350575713
19725,0.7373640335820426,-0.9615809986396826,-1.0374094751067222
19731,-2.028463694997858,1.6593769636212439,-1.065380438273989
19745,-2.028463694997858,1.6593769636212439,-1.065380438273989
19749,0.8049794536022685,-1.0695262152413527,-1.1276051931106574
19755,0.14886765203683358,-1.0777082207361692,-0.9419064500846296
19757,-0.2750363879743027,-1.3792058148064028,-1.0319368817850225
19759,0.6303241164684179,-0.8010077412275541,-0.9038467156765211
19761,0.0244105071247998,-1.07263039248059,-0.9200101037209181
19763,0.06301781885297801,-1.0903524279885355,-0.9428783357102299
19765,0.060863230815200384,-1.0769747755701546,-0.933343871029796
19767,0.04334798710929562,-1.0879634743967612,-0.9356529487003993
19771,0.06766379514234877,-1.108340697027115,-0.957236331998253
19773,0.05409969719015594,-1.1095433315453773,-0.9536453493714833
19775,0.04223750441161348,-1.1080378420553922,-0.9492435760880907
19781,0.0191931602957984,-1.105078015497034,-0.9406682650878853
19783,0.0191931602957984,-1.105078015497034,-0.9406682650878853
19785,-0.01592680578640157,-1.103201593849711,-0.9288650424512674
19789,0.04223750441161348,-1.1080378420553922,-0.9492435760880907
19799,0.599813796264675,-0.7089226539035209,-0.833761152111952
19807,0.6152507315953151,-0.7248293455627975,-0.8493018170804131
19809,0.6170369354341115,-0.724942032898945,-0.8498865427531915
19811,0.6270846976415474,-0.711895588395815,-0.8438053291444874
19813,0.6574593858652339,-0.6891010175307951,-0.8368228687275843
19817,0.6574593858652339,-0.6891010175307951,-0.8368228687275843
19821,0.5795155160681008,-0.7430001470627933,-0.8515122444315385
19825,-1.3165510886238814,-0.8529602708925285,-0.3201967396117343
19827,0.3206274800161127,-0.9334091039947658,-0.907411331710618
19829,0.5777091561179559,-0.7471638234903961,-0.8531545004582992
19841,0.4081558291122623,-0.8994877356215063,-0.907696960440251
19901,-0.5899291603075204,0.3595662522076965,1.2887612310107106
19905,-1.8416119270456577,-0.6139615232596334,-0.040718235939948104
19937,1.4681316612174058,0.2188391176802445,0.21815453934048967
19973,-1.342265507183942,-0.8412555056877281,-0.30650951196863446
19983,1.092308851516412,2.925071157739385,-2.7500592872420406
19985,0.30729700865841,-0.6629666899306382,-0.6943147647588247
19989,0.4056299668535147,-0.8151158503831459,-0.84857183413739
19993,0.31457587134725684,-0.4915562433048106,-0.5798835090113513
19997,0.3254115201643032,-0.7871176966952707,-0.7836765006871577
19999,0.37144817620082043,-0.49897145681968375,-0.6069473066531575
20001,0.5769419457665832,-0.6596203508058618,-0.7783938132058715
20003,-1.9000573207064795,-0.5873581758611985,-0.009609019690013659
20005,-0.6662247477343366,0.3291700534393866,2.1340219669384752
20007,0.32126370933163795,-0.7510980741323363,-0.7644772757623507
20015,-0.6690023468947914,-1.178295807773201,-0.75712835769542
20017,0.6716292995041546,0.9209312099777416,-2.246441621680319
20019,0.6983279137943644,0.8265217076755478,-2.2504271336710833
20021,0.5720448952619067,-1.0970899470466848,-1.0984643951583233
20025,1.8476030512184924,-0.0853137961782324,0.6948453024716499
20027,2.0608158366182696,1.502952949746702,-0.3341309224279909
20029,-0.3369847306317363,-1.3404869738848926,-0.967225219260242
20033,0.27989052046647667,-1.4927929811468548,-0.45410234307219144
20037,-0.6877868810489087,-1.1746974643047174,-0.7620682348486922
20093,-0.49274063359561127,-1.27309100673808,-0.8948823243673221
20113,-1.3165510886238814,-0.8529602708925285,-0.3201967396117343
20125,-1.2713737745190419,-0.873524214539381,-0.3442436446977852
20127,-1.051139676162855,1.3971448392595682,-1.6794051111892494
20129,1.3959658091828524,-0.6251430431663876,-0.9943204117430143
20131,-0.6407430507592587,-0.15840963662706087,-0.05404676562408658
20137,-0.5946441657140862,0.2252731181910707,1.9608144477931089
20143,0.4437593154442911,-1.3427082742438567,-1.024375655653341
20145,0.4662542957866257,-1.3586132668829642,-1.0088384309131462
20149,0.5161268516656914,-1.3556853024642554,-0.9938405972031925
20151,-0.40088111973540874,-1.3034288109755183,-0.9091611808507896
20153,0.5428380516954404,-1.3625255130750116,-1.004463346755653
20155,0.46990346461858223,-1.3586499821359235,-1.009960888254496
20157,-0.0703455482140139,-1.4792580798493153,-1.1616451867651743
20159,0.6613687275778177,-1.3534174501908995,-1.0078240106930472
20161,-0.25074837373541226,-1.3816148653206624,-1.0187818333969267
20163,0.4805348154872919,-1.3539553062579117,-1.0102896556500074
20165,0.6225077154109065,-1.354619091334127,-1.0241237904783242
20167,-0.25376467790490215,-1.3800661422328608,-1.0166461404080562
20169,0.575778651808094,-1.3520495485600539,-1.0082783374223114
20171,0.5754740893597388,-1.365050936302064,-0.9887600123844633
20173,0.6606799064944977,-1.3539223590076355,-1.0079733911250424
20295,-1.3540857051108106,-0.835875152984628,-0.30021787681329654
20427,1.077092280402103,-1.3717470473956537,-0.596240751798462
20429,0.8902727486452147,-1.1984250969235728,-1.2536289931335163
20431,0.7733929753174613,-1.6212451421838228,-0.08105618241945112
20433,-0.024220743489870317,-1.4990692646083117,-1.1826246191821692
20435,0.7656413506390551,-1.178878035247613,-1.0065165395211537
20437,0.8990349027668724,-1.2967576861303385,-0.48266741418303793
20439,0.31932784904446215,-1.0545084611577855,-0.9924576870051858
20441,-0.43269966586419123,-0.614118174187957,-0.45427817067961834
20443,0.8492283719082983,-1.238809381695646,-1.2713383116506591
20445,0.8393876222543789,-1.3498522585715682,-0.10210613399100774
20447,0.6388250338853786,-1.6401854583318882,-0.5085101151034206
20449,1.2726271486192637,-1.3400956369082728,-0.674523017288173
20451,0.23873901564989866,-1.1274098281419196,-1.014696371491203
20457,0.6837937780208757,-1.2690770665379911,-1.2428964999023768
20459,0.7485878279489256,-1.128132764592295,-1.1614608549888326
20463,0.6329100054120537,-1.1790122103895329,-1.1580159579660436
20465,-0.08469987316616456,-1.4748009179632513,-1.1602692540951987
20467,0.9975633604437265,-1.2225127402871616,0.3964490798354984
20469,1.2877824073225297,-1.4107310194020455,-0.06211345901475222
20475,0.22382499059960467,-1.2054397288804195,-1.0591310461332724
20477,0.49742780558459976,-1.3131482004601411,-0.6852069677484449
20479,0.31955171723325215,-1.194026710901447,-1.0769850749914271
20481,0.2959523698971462,-1.1946745924923412,-1.0740648383163969
20483,1.8523035468058193,-1.228812622958157,-0.06661669147825042
20485,1.8765700594038968,-1.3066184699531045,-0.22958548522662395
20489,-0.24619843474201933,-1.3952334910280086,-1.0560383127649167
20491,0.5970825696461612,-1.1750668857732547,-1.1446588037367638
20493,0.7781736627135726,-1.1801930615157397,-1.2054102067809476
20641,-2.3444693960910143,-0.385069371064603,0.22694189546769064
20651,0.3727498829165686,-1.0904301139151655,-0.05435660386163636
20655,-0.7141225945793591,-1.1691765250622757,-0.7675576738983779
20657,-0.03351186074113276,-1.5013158893093375,-1.197214141914923
20663,-0.016390948118891052,-1.509498260343722,-1.2075013718481755
20665,0.7862197110681625,-0.9873899131058557,-1.0802286737981337
20679,-2.3444693960910143,-0.385069371064603,0.22694189546769064
20687,-0.029588429162313207,-1.5031687145144519,-1.1995044502098469
20689,0.7867972028910025,-1.4937190678300283,-0.653803202479741
20691,-2.3444693960910143,-0.385069371064603,0.22694189546769064
20693,-0.2096517138693143,-1.4138415458732814,-1.0814419575103864
20697,-0.010762762298762198,-1.5119883023947769,-1.210280502854321
20701,0.3413661529060443,-1.509714401654915,-0.3994479405393867
20703,-2.3444693960910143,-0.385069371064603,0.22694189546769064
20709,0.3427676210952196,-1.1364029431471865,-1.046516116304559
20735,1.3343483158935803,-0.03772899051445124,-1.059988746021367
20737,1.3343483158935803,-0.03772899051445124,-1.059988746021367
20739,1.3343483158935803,-0.03772899051445124,-1.059988746021367
20741,1.3343483158935803,-0.03772899051445124,-1.059988746021367
20743,1.3343483158935803,-0.03772899051445124,-1.059988746021367
20745,1.3343483158935803,-0.03772899051445124,-1.059988746021367
20747,1.3343483158935803,-0.03772899051445124,-1.059988746021367
20749,1.3343483158935803,-0.03772899051445124,-1.059988746021367
20751,1.3343483158935803,-0.03772899051445124,-1.059988746021367
20753,1.3343483158935803,-0.03772899051445124,-1.059988746021367
20755,1.3343483158935803,-0.03772899051445124,-1.059988746021367
20757,1.3343483158935803,-0.03772899051445124,-1.059988746021367
20759,1.3343483158935803,-0.03772899051445124,-1.059988746021367
20761,1.3343483158935803,-0.03772899051445124,-1.059988746021367
20763,1.3343483158935803,-0.03772899051445124,-1.059988746021367
20765,1.3343483158935803,-0.03772899051445124,-1.059988746021367
20767,1.3340490530826172,-0.038320898302424966,-1.0600450424180337
20769,1.3340490530826172,-0.038320898302424966,-1.0600450424180337
20771,1.3340490530826172,-0.038320898302424966,-1.0600450424180337
20773,1.3340490530826172,-0.038320898302424966,-1.0600450424180337
20775,1.3340490530826172,-0.038320898302424966,-1.0600450424180337
20777,1.3340490530826172,-0.038320898302424966,-1.0600450424180337
20779,1.3340490530826172,-0.038320898302424966,-1.0600450424180337
20781,1.3340490530826172,-0.038320898302424966,-1.0600450424180337
20783,1.3340490530826172,-0.038320898302424966,-1.0600450424180337
20785,1.3340490530826172,-0.038320898302424966,-1.0600450424180337
20787,1.3340490530826172,-0.038320898302424966,-1.0600450424180337
20789,1.3340490530826172,-0.038320898302424966,-1.0600450424180337
20791,1.3340490530826172,-0.038320898302424966,-1.0600450424180337
20793,1.3340490530826172,-0.038320898302424966,-1.0600450424180337
20795,1.3340490530826172,-0.038320898302424966,-1.0600450424180337
20797,1.3340490530826172,-0.038320898302424966,-1.0600450424180337
20799,1.3340490530826172,-0.038320898302424966,-1.0600450424180337
20801,1.3340490530826172,-0.038320898302424966,-1.0600450424180337
20803,1.3340490530826172,-0.038320898302424966,-1.0600450424180337
20805,1.3340490530826172,-0.038320898302424966,-1.0600450424180337
20807,1.3340490530826172,-0.038320898302424966,-1.0600450424180337
20809,1.3340490530826172,-0.038320898302424966,-1.0600450424180337
20811,1.3340490530826172,-0.038320898302424966,-1.0600450424180337
20813,1.3340490530826172,-0.038320898302424966,-1.0600450424180337
20815,1.3340490530826172,-0.038320898302424966,-1.0600450424180337
20817,1.3340490530826172,-0.038320898302424966,-1.0600450424180337
20819,1.3340490530826172,-0.038320898302424966,-1.0600450424180337
20821,1.3340490530826172,-0.038320898302424966,-1.0600450424180337
20823,1.3340490530826172,-0.038320898302424966,-1.0600450424180337
20825,1.3340490530826172,-0.038320898302424966,-1.0600450424180337
20827,1.3340490530826172,-0.038320898302424966,-1.0600450424180337
20829,1.3340490530826172,-0.038320898302424966,-1.0600450424180337
20831,1.3340490530826172,-0.038320898302424966,-1.0600450424180337
20833,1.3340490530826172,-0.038320898302424966,-1.0600450424180337
20835,1.3340490530826172,-0.038320898302424966,-1.0600450424180337
20837,1.3340490530826172,-0.038320898302424966,-1.0600450424180337
20839,1.3340490530826172,-0.038320898302424966,-1.0600450424180337
20841,1.33952759563051,-0.058033627399844405,-1.0690792947226495
20843,1.3340490530826172,-0.038320898302424966,-1.0600450424180337
20845,1.3340490530826172,-0.038320898302424994,-1.0600450424180337
20875,-0.3176259950700793,-0.4801820782293395,-0.2600693103676764
20877,-0.3176259950700793,-0.4801820782293395,-0.2600693103676764
20879,-0.3176259950700793,-0.4801820782293395,-0.2600693103676764
