,PC1,PC2,PC3
1,0.4120276152271273,-0.42170504569145534,0.3577136643172984
3,0.41202761522712456,-0.421705045691499,0.3577136643173404
5,0.3756376278216887,-0.44935041345441207,0.21686490941178538
7,0.412027615227111,-0.4217050456914701,0.3577136643173491
9,0.4120276152271037,-0.4217050456914575,0.3577136643173849
11,0.4120276152271308,-0.42170504569147893,0.35771366431733503
13,0.37563762782169074,-0.4493504134544229,0.21686490941178674
15,0.4120276152271291,-0.4217050456914784,0.357713664317333
17,0.4120276152271291,-0.4217050456914784,0.357713664317333
19,0.3756376278216912,-0.44935041345442295,0.21686490941178738
21,0.3828280229707953,-0.4394170196498922,0.31530711732530264
23,0.37323081816107573,-0.4299117381876092,0.3294741640210543
25,0.37323081816107573,-0.4299117381876092,0.3294741640210543
27,0.3751542217657019,-0.44944042019945035,0.21674362798524216
29,0.3828280229707953,-0.4394170196498922,0.31530711732530264
31,0.3751542217657019,-0.44944042019945035,0.21674362798524216
33,0.3828280229707953,-0.4394170196498922,0.31530711732530264
35,0.3828280229707953,-0.4394170196498922,0.31530711732530264
37,0.3828280229707953,-0.4394170196498922,0.31530711732530264
39,-1.3996017485815468,-0.30955175840234317,0.21949942082581542
41,-1.3996017485815468,-0.30955175840234317,0.21949942082581542
43,-1.3996017485815468,-0.30955175840234317,0.21949942082581542
45,-1.3996017485815468,-0.30955175840234317,0.21949942082581542
47,-1.3996017485815468,-0.30955175840234317,0.21949942082581542
49,-1.3996017485815468,-0.30955175840234317,0.21949942082581542
51,-1.3996017485815468,-0.30955175840234317,0.21949942082581542
53,-1.3996017485815468,-0.30955175840234317,0.21949942082581542
55,-1.3996017485815468,-0.30955175840234317,0.21949942082581542
57,-1.3996017485815468,-0.30955175840234317,0.21949942082581542
59,-1.3996017485815468,-0.30955175840234317,0.21949942082581542
61,-1.3996017485815468,-0.30955175840234317,0.21949942082581542
63,-1.3996017485815468,-0.30955175840234317,0.21949942082581542
65,-1.3996017485815468,-0.30955175840234317,0.21949942082581542
67,-1.3996017485815468,-0.30955175840234317,0.21949942082581542
69,-1.3996017485815468,-0.30955175840234317,0.21949942082581542
71,-1.3996017485815468,-0.30955175840234317,0.21949942082581542
73,-1.3996017485815468,-0.30955175840234317,0.21949942082581542
75,-1.3996017485815468,-0.30955175840234317,0.21949942082581542
77,-1.3996017485815468,-0.30955175840234317,0.21949942082581542
79,-1.3996017485815468,-0.30955175840234317,0.21949942082581542
81,-1.3996017485815468,-0.30955175840234317,0.21949942082581542
83,-1.3996017485815468,-0.30955175840234317,0.21949942082581542
85,-1.3996017485815468,-0.30955175840234317,0.21949942082581542
87,-1.3996017485815468,-0.30955175840234317,0.21949942082581542
89,-1.3996017485815468,-0.30955175840234317,0.21949942082581542
91,-1.3996017485815468,-0.30955175840234317,0.21949942082581542
93,-1.3996017485815468,-0.30955175840234317,0.21949942082581542
95,-1.3996017485815468,-0.30955175840234317,0.21949942082581542
97,-1.3996017485815468,-0.30955175840234317,0.21949942082581542
99,-1.3996017485815468,-0.30955175840234317,0.21949942082581542
101,-1.3996017485815468,-0.30955175840234317,0.21949942082581542
103,-1.3996017485815468,-0.30955175840234317,0.21949942082581542
105,-1.3996017485815468,-0.30955175840234317,0.21949942082581542
107,-1.3996017485815468,-0.30955175840234317,0.21949942082581542
109,-1.3996017485815468,-0.30955175840234317,0.21949942082581542
111,-1.3996017485815468,-0.30955175840234317,0.21949942082581542
113,-1.3996017485815468,-0.30955175840234317,0.21949942082581542
115,-1.3996017485815468,-0.30955175840234317,0.21949942082581542
117,-1.3996017485815468,-0.30955175840234317,0.21949942082581542
119,-1.3996017485815468,-0.30955175840234317,0.21949942082581542
189,-1.3996017485815468,-0.30955175840234317,0.21949942082581542
191,-1.3996017485815468,-0.30955175840234317,0.21949942082581542
193,-1.3996017485815468,-0.30955175840234317,0.21949942082581542
195,-1.3996017485815468,-0.30955175840234317,0.21949942082581542
197,-1.3996017485815468,-0.30955175840234317,0.21949942082581542
199,-1.3996017485815468,-0.30955175840234317,0.21949942082581542
201,-1.3996017485815468,-0.30955175840234317,0.21949942082581542
203,-1.3996017485815468,-0.30955175840234317,0.21949942082581542
205,0.22140018243879497,6.9828632292672514,-0.23514964597245275
207,0.43088712209794966,7.9936967635109655,-0.3430102543921703
209,0.3929728608140135,7.9631733274167,-0.3507107681519204
211,0.3593259574243019,7.800470668899986,-0.33314775276078357
213,0.2854060170044402,7.443247597405478,-0.294823612015106
215,0.27868510889577114,7.410784920025932,-0.2913584016606865
217,-0.16411734187744842,5.693608003929667,-0.45940196113837756
219,-0.15083536891121932,5.758144476622151,-0.46670043431461045
221,-0.16411734187744842,5.693608003929667,-0.45940196113837756
223,-0.14402056682139092,5.791257274705172,-0.470445182958537
225,-0.14402056682139092,5.791257274705172,-0.470445182958537
227,-0.14402056682139092,5.791257274705172,-0.470445182958537
229,0.2944434502730437,7.006374277551084,-0.9631058356917431
231,0.2944434502730437,7.006374277551084,-0.9631058356917431
233,0.2944434502730437,7.006374277551084,-0.9631058356917431
235,-1.3996017485815468,-0.30955175840234317,0.21949942082581542
237,-1.3996017485815468,-0.30955175840234317,0.21949942082581542
239,-1.3996017485815468,-0.30955175840234317,0.21949942082581542
241,-1.3996017485815468,-0.30955175840234317,0.21949942082581542
243,-1.3996017485815468,-0.30955175840234317,0.21949942082581542
245,-1.3996017485815468,-0.30955175840234317,0.21949942082581542
247,-1.1509748646549565,-0.10939101292408875,0.26999637568885626
249,-1.1509748646549565,-0.10939101292408875,0.26999637568885626
251,-1.1509748646549565,-0.10939101292408875,0.26999637568885626
253,-1.1704082051271167,-0.12503611072931545,0.266049398993647
255,-1.1704082051271167,-0.12503611072931545,0.266049398993647
257,-1.1704082051271167,-0.12503611072931545,0.266049398993647
259,-1.1704082051271167,-0.12503611072931545,0.266049398993647
261,-1.170231072567973,-0.12489350754607688,0.2660853752111122
263,-1.1552659806884222,-0.11284563927272512,0.26912483561550693
265,-1.1552659806884222,-0.11284563927272512,0.26912483561550693
267,-1.1552659806884222,-0.11284563927272512,0.26912483561550693
269,-1.1552659806884222,-0.11284563927272512,0.26912483561550693
271,-1.156388127800265,-0.11374904038082488,0.26889692376960567
273,-1.156388127800265,-0.11374904038082488,0.26889692376960567
275,-1.1586962233598141,-0.11560720680489851,0.268428141812283
277,-1.239743171817408,-0.18085524983953466,0.2519672344742869
279,-1.239743171817408,-0.18085524983953466,0.2519672344742869
321,-1.239101139108872,-0.18033837192379018,0.25209763347294517
323,-1.239101139108872,-0.18033837192379018,0.25209763347294517
325,-1.2386970538988629,-0.18001305715655835,0.2521797045357698
327,-1.2386970538988629,-0.18001305715655835,0.2521797045357698
329,-1.2386970538988629,-0.18001305715655835,0.2521797045357698
331,-1.2386970538988629,-0.18001305715655835,0.2521797045357698
333,-1.238290781046281,-0.179685981195359,0.2522622199161458
335,-1.2386970538988629,-0.18001305715655835,0.2521797045357698
337,-1.2382092622943082,-0.17962035331993523,0.25227877664836174
339,-1.2382092622943082,-0.17962035331993523,0.25227877664836174
341,-1.3996017485815468,-0.30955175840234317,0.21949942082581542
343,-1.3996017485815468,-0.30955175840234317,0.21949942082581542
345,-1.3996017485815468,-0.30955175840234317,0.21949942082581542
347,-1.3996017485815468,-0.30955175840234317,0.21949942082581542
349,-1.3996017485815468,-0.30955175840234317,0.21949942082581542
351,-1.3996017485815468,-0.30955175840234317,0.21949942082581542
353,-1.3996017485815468,-0.30955175840234317,0.21949942082581542
355,-1.3996017485815468,-0.30955175840234317,0.21949942082581542
357,-1.3996017485815468,-0.30955175840234317,0.21949942082581542
359,-1.3996017485815468,-0.30955175840234317,0.21949942082581542
361,-1.3996017485815468,-0.30955175840234317,0.21949942082581542
363,-1.3996017485815468,-0.30955175840234317,0.21949942082581542
365,-1.3996017485815468,-0.30955175840234317,0.21949942082581542
367,-1.3996017485815468,-0.30955175840234317,0.21949942082581542
369,-1.3996017485815468,-0.30955175840234317,0.21949942082581542
371,-1.3996017485815468,-0.30955175840234317,0.21949942082581542
373,-1.3996017485815468,-0.30955175840234317,0.21949942082581542
375,-1.3996017485815468,-0.30955175840234317,0.21949942082581542
377,-1.3996017485815468,-0.30955175840234317,0.21949942082581542
379,-1.3996017485815468,-0.30955175840234317,0.21949942082581542
381,-1.3996017485815468,-0.30955175840234317,0.21949942082581542
383,-1.3996017485815468,-0.30955175840234317,0.21949942082581542
385,-1.3996017485815468,-0.30955175840234317,0.21949942082581542
387,-1.3996017485815468,-0.30955175840234317,0.21949942082581542
389,-1.3996017485815468,-0.30955175840234317,0.21949942082581542
391,-1.3996017485815468,-0.30955175840234317,0.21949942082581542
393,-1.3996017485815468,-0.30955175840234317,0.21949942082581542
395,-1.3996017485815468,-0.30955175840234317,0.21949942082581542
397,-1.3996017485815468,-0.30955175840234317,0.21949942082581542
399,-1.3996017485815468,-0.30955175840234317,0.21949942082581542
401,-1.3996017485815468,-0.30955175840234317,0.21949942082581542
403,-1.3996017485815468,-0.30955175840234317,0.21949942082581542
405,-1.3996017485815468,-0.30955175840234317,0.21949942082581542
407,-1.3996017485815468,-0.30955175840234317,0.21949942082581542
409,-1.3996017485815468,-0.30955175840234317,0.21949942082581542
411,-1.3996017485815468,-0.30955175840234317,0.21949942082581542
413,-1.3996017485815468,-0.30955175840234317,0.21949942082581542
415,-1.3996017485815468,-0.30955175840234317,0.21949942082581542
417,-1.3996017485815468,-0.30955175840234317,0.21949942082581542
419,-1.3996017485815468,-0.30955175840234317,0.21949942082581542
421,-1.3996017485815468,-0.30955175840234317,0.21949942082581542
423,-1.3996017485815468,-0.30955175840234317,0.21949942082581542
425,-1.3996017485815468,-0.30955175840234317,0.21949942082581542
427,-1.3996017485815468,-0.30955175840234317,0.21949942082581542
429,-1.3996017485815468,-0.30955175840234317,0.21949942082581542
431,-1.3996017485815468,-0.30955175840234317,0.21949942082581542
433,-1.3996017485815468,-0.30955175840234317,0.21949942082581542
435,-1.3996017485815468,-0.30955175840234317,0.21949942082581542
437,-1.3996017485815468,-0.30955175840234317,0.21949942082581542
439,-1.3996017485815468,-0.30955175840234317,0.21949942082581542
441,-1.3996017485815468,-0.30955175840234317,0.21949942082581542
443,-1.3996017485815468,-0.30955175840234317,0.21949942082581542
445,-1.3996017485815468,-0.30955175840234317,0.21949942082581542
447,-1.3996017485815468,-0.30955175840234317,0.21949942082581542
449,-1.3996017485815468,-0.30955175840234317,0.21949942082581542
451,-1.3996017485815468,-0.30955175840234317,0.21949942082581542
453,-1.3996017485815468,-0.30955175840234317,0.21949942082581542
455,-1.3996017485815468,-0.30955175840234317,0.21949942082581542
457,-1.3996017485815468,-0.30955175840234317,0.21949942082581542
459,-1.3996017485815468,-0.30955175840234317,0.21949942082581542
461,-1.3996017485815468,-0.30955175840234317,0.21949942082581542
463,-1.3996017485815468,-0.30955175840234317,0.21949942082581542
465,-1.3996017485815468,-0.30955175840234317,0.21949942082581542
477,-0.41889346915040887,2.2109854727827893,-1.076312025556934
479,-0.41889346915040887,2.2109854727827893,-1.076312025556934
481,-0.5703068028341481,1.7893752552133708,-0.8482150658932481
483,-0.6093687375933804,1.6810745027746228,-0.7897735846076647
485,-0.7388235181136266,1.546780441810156,-0.7900921089486008
487,-0.7388235181136266,1.546780441810156,-0.7900921089486008
489,-0.7351733518867919,1.5570348975270203,-0.7956691342423539
491,-1.2311815237571027,1.1577161920157475,-0.8964100592423627
493,-1.3996017485815468,-0.30955175840234317,0.21949942082581542
495,-1.3996017485815468,-0.30955175840234317,0.21949942082581542
497,-1.3996017485815468,-0.30955175840234317,0.21949942082581542
499,-1.3996017485815468,-0.30955175840234317,0.21949942082581542
501,-1.3996017485815468,-0.30955175840234317,0.21949942082581542
503,-1.3996017485815468,-0.30955175840234317,0.21949942082581542
505,-1.3996017485815468,-0.30955175840234317,0.21949942082581542
507,-1.3996017485815468,-0.30955175840234317,0.21949942082581542
509,-1.3996017485815468,-0.30955175840234317,0.21949942082581542
511,-1.3996017485815468,-0.30955175840234317,0.21949942082581542
513,-1.3996017485815468,-0.30955175840234317,0.21949942082581542
515,-1.3996017485815468,-0.30955175840234317,0.21949942082581542
517,-1.3996017485815468,-0.30955175840234317,0.21949942082581542
519,-1.3996017485815468,-0.30955175840234317,0.21949942082581542
521,-1.3996017485815468,-0.30955175840234317,0.21949942082581542
523,-1.3996017485815468,-0.30955175840234317,0.21949942082581542
525,-1.3996017485815468,-0.30955175840234317,0.21949942082581542
527,-1.3996017485815468,-0.30955175840234317,0.21949942082581542
529,-1.3996017485815468,-0.30955175840234317,0.21949942082581542
531,-1.3996017485815468,-0.30955175840234317,0.21949942082581542
533,-1.3996017485815468,-0.30955175840234317,0.21949942082581542
535,0.6971596738745729,0.5455250512372363,-1.5809701479162666
537,0.689341292664597,0.5372227877078819,-1.5681137862319399
539,0.6902627608698556,0.5314694567182946,-1.5681573695193636
541,0.6902627608698556,0.5314694567182946,-1.5681573695193636
543,0.6902627608698556,0.5314694567182946,-1.5681573695193636
545,0.6902627608698556,0.5314694567182946,-1.5681573695193636
547,0.6896585805331971,0.5310623389914445,-1.5673384780021455
549,0.6366140078244776,0.4182083223541159,-1.375460983740551
551,0.6366140078244776,0.4182083223541159,-1.375460983740551
553,0.6246615591720687,0.4086650989201651,-1.3794558605397353
555,0.6246615591720687,0.4086650989201651,-1.3794558605397353
557,0.6246615591720687,0.4086650989201651,-1.3794558605397353
559,0.6246615591720687,0.4086650989201651,-1.3794558605397353
561,0.6246615591720687,0.4086650989201651,-1.3794558605397353
563,0.6246615591720687,0.4086650989201651,-1.3794558605397353
565,0.6245509515075676,0.40856810836837937,-1.3793214225172505
567,0.6233360300773149,0.4075028811757302,-1.3778447882749207
569,0.6233360300773149,0.4075028811757302,-1.3778447882749207
571,0.6236670522097457,0.4077930946777811,-1.3782471101689007
573,0.6228245226172151,0.40164632277092027,-1.3764014920326935
575,0.6228245226172151,0.40164632277092027,-1.3764014920326935
577,0.6228245226172151,0.40164632277092027,-1.3764014920326935
579,0.6228245226172151,0.40164632277092027,-1.3764014920326935
581,0.6226220812860084,0.3992742859384726,-1.3758633220386156
583,0.6226220812860084,0.3992742859384726,-1.3758633220386156
585,0.6226220812860084,0.3992742859384726,-1.3758633220386156
587,0.6226220812860084,0.3992742859384726,-1.3758633220386156
589,0.6225097913142306,0.39869473697992514,-1.3756128676347295
591,0.6225097913142306,0.39869473697992514,-1.3756128676347295
593,0.6225097913142306,0.39869473697992514,-1.3756128676347295
595,0.6225097913142306,0.39869473697992514,-1.3756128676347295
597,0.6228925450332599,0.39745945056059256,-1.3758192588290779
599,0.6228925450332599,0.39745945056059256,-1.3758192588290779
601,0.6249444435243143,0.3650838969339713,-1.3727840282722985
603,0.6405443039042726,0.3314862216073992,-1.3711417513071786
605,0.6407428580598457,0.3320310854454508,-1.3714648770718385
607,0.6407428580598457,0.3320310854454508,-1.3714648770718385
609,0.6405443039042726,0.3314862216073992,-1.3711417513071786
611,0.6405443039042726,0.3314862216073992,-1.3711417513071786
613,0.6405443039042726,0.3314862216073992,-1.3711417513071786
615,0.6396389623776307,0.3307100984662693,-1.370057711280943
617,0.6366267391603272,0.3317164551295476,-1.3778085269841938
619,0.6370724229063829,0.3312902338882423,-1.378240357772988
621,0.6370724229063829,0.3312902338882423,-1.378240357772988
623,0.6370724229063829,0.3312902338882423,-1.378240357772988
625,0.6378518781096618,0.32998022659461784,-1.378887483950751
627,0.6364585177933071,0.3258956786800764,-1.3458908284373683
629,0.6364585177933071,0.3258956786800764,-1.3458908284373683
631,0.6364585177933071,0.3258956786800764,-1.3458908284373683
633,0.6364585177933071,0.3258956786800764,-1.3458908284373683
635,0.636518670691534,0.32587390844725095,-1.343749027423041
637,0.636518670691534,0.32587390844725095,-1.343749027423041
639,0.636518670691534,0.32587390844725095,-1.343749027423041
641,0.636518670691534,0.32587390844725095,-1.343749027423041
643,0.6363491178331024,0.32572965040442287,-1.3435472940255269
645,0.6363491178331024,0.32572965040442287,-1.3435472940255269
647,0.6363491178331024,0.32572965040442287,-1.3435472940255269
649,0.6432543238477478,0.3364680974233937,-1.3471408169432966
651,0.6369847100915245,0.3342117414781035,-1.358610312407616
653,0.6369847100915245,0.3342117414781035,-1.358610312407616
655,0.6369847100915245,0.3342117414781035,-1.358610312407616
657,0.6370722479355818,0.3342865000688767,-1.3587147231341326
659,0.6365472706492482,0.3338381838264836,-1.3580885672122716
661,0.6365472706492482,0.3338381838264836,-1.3580885672122716
663,0.6365472706492482,0.3338381838264836,-1.3580885672122716
665,-1.3996017485815468,-0.30955175840234317,0.21949942082581542
667,-1.3996017485815468,-0.30955175840234317,0.21949942082581542
669,-1.3996017485815468,-0.30955175840234317,0.21949942082581542
671,-1.3996017485815468,-0.30955175840234317,0.21949942082581542
673,-1.3996017485815468,-0.30955175840234317,0.21949942082581542
675,-1.3996017485815468,-0.30955175840234317,0.21949942082581542
677,-1.3996017485815468,-0.30955175840234317,0.21949942082581542
679,-1.3996017485815468,-0.30955175840234317,0.21949942082581542
681,-1.3996017485815468,-0.30955175840234317,0.21949942082581542
683,-1.3996017485815468,-0.30955175840234317,0.21949942082581542
685,-1.3996017485815468,-0.30955175840234317,0.21949942082581542
687,-1.3996017485815468,-0.30955175840234317,0.21949942082581542
689,-1.3996017485815468,-0.30955175840234317,0.21949942082581542
691,-1.3996017485815468,-0.30955175840234317,0.21949942082581542
693,-1.3996017485815468,-0.30955175840234317,0.21949942082581542
695,-1.3996017485815468,-0.30955175840234317,0.21949942082581542
697,-1.3996017485815468,-0.30955175840234317,0.21949942082581542
699,-1.3996017485815468,-0.30955175840234317,0.21949942082581542
701,-1.3996017485815468,-0.30955175840234317,0.21949942082581542
703,-1.3996017485815468,-0.30955175840234317,0.21949942082581542
705,-1.3996017485815468,-0.30955175840234317,0.21949942082581542
707,-1.3996017485815468,-0.30955175840234317,0.21949942082581542
709,-1.3996017485815468,-0.30955175840234317,0.21949942082581542
711,-1.3996017485815468,-0.30955175840234317,0.21949942082581542
713,-1.3996017485815468,-0.30955175840234317,0.21949942082581542
715,-1.3996017485815468,-0.30955175840234317,0.21949942082581542
717,-1.3996017485815468,-0.30955175840234317,0.21949942082581542
719,-1.3996017485815468,-0.30955175840234317,0.21949942082581542
721,-1.3996017485815468,-0.30955175840234317,0.21949942082581542
723,-1.3996017485815468,-0.30955175840234317,0.21949942082581542
725,-1.3996017485815468,-0.30955175840234317,0.21949942082581542
727,-1.3996017485815468,-0.30955175840234317,0.21949942082581542
729,-1.3996017485815468,-0.30955175840234317,0.21949942082581542
731,-1.3996017485815468,-0.30955175840234317,0.21949942082581542
733,-1.3996017485815468,-0.30955175840234317,0.21949942082581542
735,-1.3996017485815468,-0.30955175840234317,0.21949942082581542
737,-1.3996017485815468,-0.30955175840234317,0.21949942082581542
739,-1.3996017485815468,-0.30955175840234317,0.21949942082581542
741,-1.3996017485815468,-0.30955175840234317,0.21949942082581542
743,-1.3996017485815468,-0.30955175840234317,0.21949942082581542
745,-1.3996017485815468,-0.30955175840234317,0.21949942082581542
747,-1.3996017485815468,-0.30955175840234317,0.21949942082581542
749,-1.3996017485815468,-0.30955175840234317,0.21949942082581542
751,-1.3996017485815468,-0.30955175840234317,0.21949942082581542
753,-1.3996017485815468,-0.30955175840234317,0.21949942082581542
755,-1.3996017485815468,-0.30955175840234317,0.21949942082581542
757,-1.3996017485815468,-0.30955175840234317,0.21949942082581542
759,-1.3996017485815468,-0.30955175840234317,0.21949942082581542
761,-1.3996017485815468,-0.30955175840234317,0.21949942082581542
763,-1.3996017485815468,-0.30955175840234317,0.21949942082581542
765,-1.3996017485815468,-0.30955175840234317,0.21949942082581542
767,-1.3996017485815468,-0.30955175840234317,0.21949942082581542
769,-1.3996017485815468,-0.30955175840234317,0.21949942082581542
771,-1.3996017485815468,-0.30955175840234317,0.21949942082581542
773,-1.3996017485815468,-0.30955175840234317,0.21949942082581542
775,-1.3996017485815468,-0.30955175840234317,0.21949942082581542
777,-1.3996017485815468,-0.30955175840234317,0.21949942082581542
779,-1.3996017485815468,-0.30955175840234317,0.21949942082581542
781,-1.3996017485815468,-0.30955175840234317,0.21949942082581542
783,-1.3996017485815468,-0.30955175840234317,0.21949942082581542
785,-1.3996017485815468,-0.30955175840234317,0.21949942082581542
787,-1.3996017485815468,-0.30955175840234317,0.21949942082581542
789,-1.3996017485815468,-0.30955175840234317,0.21949942082581542
791,-1.3996017485815468,-0.30955175840234317,0.21949942082581542
793,-1.3996017485815468,-0.30955175840234317,0.21949942082581542
795,-1.3996017485815468,-0.30955175840234317,0.21949942082581542
797,-1.3996017485815468,-0.30955175840234317,0.21949942082581542
799,-1.3996017485815468,-0.30955175840234317,0.21949942082581542
801,-1.3996017485815468,-0.30955175840234317,0.21949942082581542
803,-1.3996017485815468,-0.30955175840234317,0.21949942082581542
805,-1.3996017485815468,-0.30955175840234317,0.21949942082581542
807,-1.3996017485815468,-0.30955175840234317,0.21949942082581542
809,-1.3996017485815468,-0.30955175840234317,0.21949942082581542
811,-1.3996017485815468,-0.30955175840234317,0.21949942082581542
813,-1.3996017485815468,-0.30955175840234317,0.21949942082581542
815,-1.3996017485815468,-0.30955175840234317,0.21949942082581542
817,-1.3996017485815468,-0.30955175840234317,0.21949942082581542
819,-1.3996017485815468,-0.30955175840234317,0.21949942082581542
821,-1.3996017485815468,-0.30955175840234317,0.21949942082581542
823,-1.3996017485815468,-0.30955175840234317,0.21949942082581542
825,-1.3996017485815468,-0.30955175840234317,0.21949942082581542
827,-1.3996017485815468,-0.30955175840234317,0.21949942082581542
829,-1.3996017485815468,-0.30955175840234317,0.21949942082581542
831,-1.3996017485815468,-0.30955175840234317,0.21949942082581542
833,-1.3996017485815468,-0.30955175840234317,0.21949942082581542
835,-1.3996017485815468,-0.30955175840234317,0.21949942082581542
837,-1.3996017485815468,-0.30955175840234317,0.21949942082581542
839,-1.3996017485815468,-0.30955175840234317,0.21949942082581542
841,-1.3996017485815468,-0.30955175840234317,0.21949942082581542
843,-1.3996017485815468,-0.30955175840234317,0.21949942082581542
845,-1.3996017485815468,-0.30955175840234317,0.21949942082581542
847,-1.3996017485815468,-0.30955175840234317,0.21949942082581542
849,-1.3996017485815468,-0.30955175840234317,0.21949942082581542
851,-1.3996017485815468,-0.30955175840234317,0.21949942082581542
853,-1.3996017485815468,-0.30955175840234317,0.21949942082581542
855,-1.3996017485815468,-0.30955175840234317,0.21949942082581542
857,-1.3996017485815468,-0.30955175840234317,0.21949942082581542
859,-1.3996017485815468,-0.30955175840234317,0.21949942082581542
861,-1.3996017485815468,-0.30955175840234317,0.21949942082581542
863,-1.3996017485815468,-0.30955175840234317,0.21949942082581542
865,-1.3996017485815468,-0.30955175840234317,0.21949942082581542
867,-1.3996017485815468,-0.30955175840234317,0.21949942082581542
869,-1.3996017485815468,-0.30955175840234317,0.21949942082581542
871,-1.3996017485815468,-0.30955175840234317,0.21949942082581542
873,-1.3996017485815468,-0.30955175840234317,0.21949942082581542
875,-1.3996017485815468,-0.30955175840234317,0.21949942082581542
877,-1.3996017485815468,-0.30955175840234317,0.21949942082581542
879,-1.3996017485815468,-0.30955175840234317,0.21949942082581542
881,-1.3996017485815468,-0.30955175840234317,0.21949942082581542
883,-1.3996017485815468,-0.30955175840234317,0.21949942082581542
885,-1.3996017485815468,-0.30955175840234317,0.21949942082581542
887,-1.3996017485815468,-0.30955175840234317,0.21949942082581542
889,-1.3996017485815468,-0.30955175840234317,0.21949942082581542
891,-1.3996017485815468,-0.30955175840234317,0.21949942082581542
893,-1.3996017485815468,-0.30955175840234317,0.21949942082581542
895,-1.3996017485815468,-0.30955175840234317,0.21949942082581542
897,-1.3996017485815468,-0.30955175840234317,0.21949942082581542
899,-1.3996017485815468,-0.30955175840234317,0.21949942082581542
901,-1.3996017485815468,-0.30955175840234317,0.21949942082581542
903,-1.3996017485815468,-0.30955175840234317,0.21949942082581542
905,-1.3996017485815468,-0.30955175840234317,0.21949942082581542
907,-1.3996017485815468,-0.30955175840234317,0.21949942082581542
909,-1.3996017485815468,-0.30955175840234317,0.21949942082581542
911,-1.3996017485815468,-0.30955175840234317,0.21949942082581542
913,-1.3996017485815468,-0.30955175840234317,0.21949942082581542
915,-1.3996017485815468,-0.30955175840234317,0.21949942082581542
917,-1.3996017485815468,-0.30955175840234317,0.21949942082581542
919,-1.3996017485815468,-0.30955175840234317,0.21949942082581542
921,-1.3996017485815468,-0.30955175840234317,0.21949942082581542
923,-1.3996017485815468,-0.30955175840234317,0.21949942082581542
925,-1.3996017485815468,-0.30955175840234317,0.21949942082581542
927,-1.3996017485815468,-0.30955175840234317,0.21949942082581542
929,-1.3996017485815468,-0.30955175840234317,0.21949942082581542
931,-1.3996017485815468,-0.30955175840234317,0.21949942082581542
933,-1.3996017485815468,-0.30955175840234317,0.21949942082581542
935,-1.3996017485815468,-0.30955175840234317,0.21949942082581542
937,-1.3996017485815468,-0.30955175840234317,0.21949942082581542
939,-1.3996017485815468,-0.30955175840234317,0.21949942082581542
941,-1.3996017485815468,-0.30955175840234317,0.21949942082581542
943,-1.3996017485815468,-0.30955175840234317,0.21949942082581542
945,-1.3996017485815468,-0.30955175840234317,0.21949942082581542
947,-1.3996017485815468,-0.30955175840234317,0.21949942082581542
949,-1.3996017485815468,-0.30955175840234317,0.21949942082581542
955,1.542956551357471,-0.852873190911407,-0.03853977319204062
957,1.5411295899718422,-0.8126796246615767,-0.06179277550137849
959,1.5411153189340283,-0.8126809042331216,-0.06178414296892737
961,1.541876227801071,-0.7960542189500985,-0.07478034450793498
963,1.5451714485016383,-0.797025607047728,-0.06961141353438192
965,1.5451714485016383,-0.797025607047728,-0.06961141353438192
967,1.541876227801071,-0.7960542189500985,-0.07478034450793498
969,1.541876227801071,-0.7960542189500985,-0.07478034450793498
971,1.5418905369001563,-0.7960524211070196,-0.07478936043983567
973,1.5416847598511456,-0.7953702500708307,-0.0806305489494334
975,1.5450374960271516,-0.7963525407226446,-0.07540299525998466
977,1.5450231277447903,-0.7963543573984023,-0.07539393666315998
979,1.5450231277447903,-0.7963543573984023,-0.07539393666315998
981,1.5860071885186926,-0.7728198212001606,-0.08170984093422365
983,1.5848286091298922,-0.8110148714199311,-0.06393596234320457
985,1.5881560846378504,-0.8119957678142234,-0.05871643601106479
987,1.5881560846378504,-0.8119957678142234,-0.05871643601106479
989,1.5848286091298922,-0.8110148714199311,-0.06393596234320457
991,1.5881560846378504,-0.8119957678142234,-0.05871643601106479
993,1.5848286091298922,-0.8110148714199311,-0.06393596234320457
995,1.5881560846378504,-0.8119957678142234,-0.05871643601106479
997,1.5881560846378504,-0.8119957678142234,-0.05871643601106479
999,1.588415131988801,-0.8119841576481145,-0.05887002997742414
1001,1.588415131988801,-0.8119841576481145,-0.05887002997742414
1003,1.5850876564808427,-0.8110032612538224,-0.06408955630956403
1005,0.63708584614985,0.2799190626171741,-0.6377829493630017
1007,0.6453041123115052,0.28660994750616775,-0.6390881533745145
1009,0.6453041123115052,0.28660994750616775,-0.6390881533745145
1011,0.47904110476766115,0.6707658807188474,-0.9333162702069818
1013,0.47904110476766115,0.6707658807188474,-0.9333162702069818
1015,0.47904110476766115,0.6707658807188474,-0.9333162702069818
1017,0.47904110476766115,0.6707658807188474,-0.9333162702069818
1019,0.47904110476766115,0.6707658807188474,-0.9333162702069818
1021,0.47904110476766115,0.6707658807188474,-0.9333162702069818
1023,0.47904110476766115,0.6707658807188474,-0.9333162702069818
1025,0.47469914571503913,0.7562924408460634,-1.005836810351285
1027,0.47469914571503913,0.7562924408460634,-1.005836810351285
1029,0.47469914571503913,0.7562924408460634,-1.005836810351285
1031,0.47580332188944885,0.7577389038339902,-1.006448573452531
1033,0.47580332188944885,0.7577389038339902,-1.006448573452531
1035,0.47497496357719377,0.7566536713369526,-1.005989644842314
1037,0.47497496357719377,0.7566536713369526,-1.005989644842314
1039,0.47497496357719377,0.7566536713369526,-1.005989644842314
1041,0.47497496357719377,0.7566536713369526,-1.005989644842314
1043,0.47497496357719377,0.7566536713369526,-1.005989644842314
1045,0.47857436431665407,0.7613731307330004,-1.0079829620697922
1047,0.4780189392114812,0.7606442106523559,-1.007675512887183
1049,0.477464123661737,0.7599163303377703,-1.0073683499906905
1051,0.477464123661737,0.7599163303377703,-1.0073683499906905
1053,0.477464123661737,0.7599163303377703,-1.0073683499906905
1055,0.477464123661737,0.7599163303377703,-1.0073683499906905
1057,0.477464123661737,0.7599163303377703,-1.0073683499906905
1059,0.477464123661737,0.7599163303377703,-1.0073683499906905
1061,0.477464123661737,0.7599163303377703,-1.0073683499906905
1063,0.477464123661737,0.7599163303377703,-1.0073683499906905
1065,0.477464123661737,0.7599163303377703,-1.0073683499906905
1067,0.477464123661737,0.7599163303377703,-1.0073683499906905
1069,0.477464123661737,0.7599163303377703,-1.0073683499906905
1071,0.477464123661737,0.7599163303377703,-1.0073683499906905
1073,0.46935059723274214,0.7492993192526985,-1.0028705935072602
1075,0.46962350713388823,0.7496556041216146,-1.003022060767668
1077,0.4694870337260198,0.7494774303392474,-1.0029463184550576
1079,0.4694870337260198,0.7494774303392474,-1.0029463184550576
1081,0.4694870337260198,0.7494774303392474,-1.0029463184550576
1083,0.4694870337260198,0.7494774303392474,-1.0029463184550576
1085,0.46935059723274214,0.7492993192526985,-1.0028705935072602
1087,0.4694870337260198,0.7494774303392474,-1.0029463184550576
1089,0.4694870337260198,0.7494774303392474,-1.0029463184550576
1091,0.4694870337260198,0.7494774303392474,-1.0029463184550576
1093,0.46935059723274214,0.7492993192526985,-1.0028705935072602
1095,0.46989656476798475,0.7500121399179215,-1.00317359752061
1097,0.46989656476798475,0.7500121399179215,-1.00317359752061
1099,0.46989656476798475,0.7500121399179215,-1.00317359752061
1101,0.46989656476798475,0.7500121399179215,-1.00317359752061
1103,0.455757423572505,0.7316268058811435,-0.9953103773696808
1105,0.4523168414030962,0.7271765343329789,-0.9933918292316207
1107,0.4523168414030962,0.7271765343329789,-0.9933918292316207
1109,0.45244873659691426,0.7273469660135579,-0.9934654143124828
1111,0.4523168414030962,0.7271765343329789,-0.9933918292316207
1113,0.4523168414030962,0.7271765343329789,-0.9933918292316207
1115,0.4523168414030962,0.7271765343329789,-0.9933918292316207
1117,0.4523168414030962,0.7271765343329789,-0.9933918292316207
1119,0.4523168414030962,0.7271765343329789,-0.9933918292316207
1121,0.4523168414030962,0.7271765343329789,-0.9933918292316207
1123,0.4523168414030962,0.7271765343329789,-0.9933918292316207
1125,0.45244873659691426,0.7273469660135579,-0.9934654143124828
1127,0.45244873659691426,0.7273469660135579,-0.9934654143124828
1129,0.45244873659691426,0.7273469660135579,-0.9934654143124828
1131,0.45244873659691426,0.7273469660135579,-0.9934654143124828
1133,0.45244873659691426,0.7273469660135579,-0.9934654143124828
1135,0.45244873659691426,0.7273469660135579,-0.9934654143124828
1137,0.45244873659691426,0.7273469660135579,-0.9934654143124828
1139,0.45244873659691426,0.7273469660135579,-0.9934654143124828
1141,0.45244873659691426,0.7273469660135579,-0.9934654143124828
1143,0.45244873659691426,0.7273469660135579,-0.9934654143124828
1145,0.4508345420917691,0.741990833160737,-1.0038731531854521
1147,1.0965487675799797,0.8002703151009559,3.8360870807434826
1149,1.0965487675799797,0.8002703151009559,3.8360870807434826
1151,1.0965487675799797,0.8002703151009559,3.8360870807434826
1153,1.0965487675799797,0.8002703151009559,3.8360870807434826
1179,1.095310660665368,0.8010036183300562,3.833759855267406
1181,1.0811693975819583,0.7224882326623395,3.7512543115399097
1183,1.0811693975819583,0.7224882326623395,3.7512543115399097
1185,1.0814015685634921,0.7224675743339111,3.751753470733627
1187,1.0814015685634921,0.7224675743339111,3.751753470733627
1189,1.0814015685634921,0.7224675743339111,3.751753470733627
1191,1.0814195649635476,0.7224525812291163,3.7517315655082797
1193,1.0816389203013936,0.7209684034750558,3.7523120011597237
1195,1.0816389203013936,0.7209684034750558,3.7523120011597237
1197,1.0816389203013936,0.7209684034750558,3.7523120011597237
1199,1.4221454745564934,0.48787609313942193,3.3553544236385915
1201,1.4221454745564934,0.48787609313942193,3.3553544236385915
1203,1.4221454745564934,0.48787609313942193,3.3553544236385915
1205,1.4221454745564934,0.48787609313942193,3.3553544236385915
1207,1.4192748338057837,0.48796059944503806,3.35115230195594
1209,1.4192748338057837,0.48796059944503806,3.35115230195594
1211,1.4192748338057837,0.48796059944503806,3.35115230195594
1213,1.4192748338057837,0.48796059944503806,3.35115230195594
1215,1.419014987942145,0.4880365798994267,3.350749973525621
1217,1.4190121554371256,0.4880380336031736,3.3507402608578714
1256,-0.9304872325681194,0.2480919381626574,1.5386727539025626
1258,-0.9304872325681194,0.2480919381626574,1.5386727539025626
1260,-0.9263945027547329,0.25224327400859065,1.5478006087003136
1262,-0.9263945027547329,0.25224327400859065,1.5478006087003136
1264,-0.9263945027547329,0.25224327400859065,1.5478006087003136
1266,-0.9173440893662158,0.2613852318541906,1.5678659491784637
1268,-0.9173440893662158,0.2613852318541906,1.5678659491784637
1270,-0.9173440893662158,0.2613852318541906,1.5678659491784637
1272,2.0628973000989115,0.40655821847366325,1.4205153886662323
1274,2.0628973000989115,0.40655821847366325,1.4205153886662323
1276,2.0628973000989115,0.40655821847366325,1.4205153886662323
1278,2.0628973000989115,0.40655821847366325,1.4205153886662323
1280,2.0628973000989115,0.40655821847366325,1.4205153886662323
1282,2.0628973000989115,0.40655821847366325,1.4205153886662323
1284,2.0628973000989115,0.40655821847366325,1.4205153886662323
1286,2.0628973000989115,0.40655821847366325,1.4205153886662323
1288,2.063112791980964,0.4067458561624459,1.4205664535564269
1290,2.063112791980964,0.4067458561624459,1.4205664535564269
1292,2.063112791980964,0.4067458561624459,1.4205664535564269
1294,2.063112791980964,0.4067458561624459,1.4205664535564269
1296,2.0627656484676633,0.4064435916245705,1.4204841875917684
1298,2.063112791980964,0.4067458561624459,1.4205664535564269
1300,2.0627656484676633,0.4064435916245705,1.4204841875917684
1302,-1.2470487802278214,-0.07721730045025237,0.8306659363107503
1304,-0.26110816759306477,2.652242514901934,-1.3156525339134075
1306,-0.26110816759306477,2.652242514901934,-1.3156525339134075
1308,-0.26110816759306477,2.652242514901934,-1.3156525339134075
1310,-0.26110816759306477,2.652242514901934,-1.3156525339134075
1312,-0.26110816759306477,2.652242514901934,-1.3156525339134075
1314,-0.26110816759306477,2.652242514901934,-1.3156525339134075
1316,-0.26110816759306477,2.652242514901934,-1.3156525339134075
1318,-0.26110816759306477,2.652242514901934,-1.3156525339134075
1320,-0.26110816759306477,2.652242514901934,-1.3156525339134075
1322,-0.26110816759306477,2.652242514901934,-1.3156525339134075
1324,-0.26110816759306477,2.652242514901934,-1.3156525339134075
1326,-0.26110816759306477,2.652242514901934,-1.3156525339134075
1328,-0.26110816759306477,2.652242514901934,-1.3156525339134075
1330,-0.26110816759306477,2.652242514901934,-1.3156525339134075
1332,-0.26110816759306477,2.652242514901934,-1.3156525339134075
1334,-0.26110816759306477,2.652242514901934,-1.3156525339134075
1336,-0.26110816759306477,2.652242514901934,-1.3156525339134075
1338,-0.26110816759306477,2.652242514901934,-1.3156525339134075
1340,-0.26110816759306477,2.652242514901934,-1.3156525339134075
1342,-0.38859360040599733,2.2956078190407765,-1.1221753222581843
1344,-0.26110816759306477,2.652242514901934,-1.3156525339134075
1346,-0.38859360040599733,2.2956078190407765,-1.1221753222581843
1348,-0.38859360040599733,2.2956078190407765,-1.1221753222581843
1350,-0.38859360040599733,2.2956078190407765,-1.1221753222581843
1352,-0.38859360040599733,2.2956078190407765,-1.1221753222581843
1354,-1.3996017485815468,-0.30955175840234317,0.21949942082581542
1356,-1.3996017485815468,-0.30955175840234317,0.21949942082581542
1358,-1.3996017485815468,-0.30955175840234317,0.21949942082581542
1360,-1.3996017485815468,-0.30955175840234317,0.21949942082581542
1362,-1.3996017485815468,-0.30955175840234317,0.21949942082581542
1364,-1.3996017485815468,-0.30955175840234317,0.21949942082581542
1366,-1.3996017485815468,-0.30955175840234317,0.21949942082581542
1368,-1.3996017485815468,-0.30955175840234317,0.21949942082581542
1370,-1.3996017485815468,-0.30955175840234317,0.21949942082581542
1372,-1.3996017485815468,-0.30955175840234317,0.21949942082581542
1374,-1.3996017485815468,-0.30955175840234317,0.21949942082581542
1376,-1.3996017485815468,-0.30955175840234317,0.21949942082581542
1378,-1.3996017485815468,-0.30955175840234317,0.21949942082581542
1380,-1.3996017485815468,-0.30955175840234317,0.21949942082581542
1382,-1.3996017485815468,-0.30955175840234317,0.21949942082581542
1384,-1.3996017485815468,-0.30955175840234317,0.21949942082581542
1386,-1.3996017485815468,-0.30955175840234317,0.21949942082581542
1388,-1.3996017485815468,-0.30955175840234317,0.21949942082581542
1390,-1.3996017485815468,-0.30955175840234317,0.21949942082581542
1392,-1.3996017485815468,-0.30955175840234317,0.21949942082581542
1394,-1.3996017485815468,-0.30955175840234317,0.21949942082581542
1396,-1.3996017485815468,-0.30955175840234317,0.21949942082581542
1398,-1.3996017485815468,-0.30955175840234317,0.21949942082581542
1400,-1.3996017485815468,-0.30955175840234317,0.21949942082581542
1402,-1.3996017485815468,-0.30955175840234317,0.21949942082581542
1404,-1.3996017485815468,-0.30955175840234317,0.21949942082581542
1406,-1.2204089004414942,-0.16528990907363267,0.2558940899034348
1434,-1.1289557359604305,2.0483017632952367,-1.5737320722526889
1436,-1.1289557359604305,2.0483017632952367,-1.5737320722526889
1438,-1.1289557359604305,2.0483017632952367,-1.5737320722526889
1440,-1.1289557359604305,2.0483017632952367,-1.5737320722526889
1442,-1.1289557359604305,2.0483017632952367,-1.5737320722526889
1444,-1.1289557359604305,2.0483017632952367,-1.5737320722526889
1446,-1.1289557359604305,2.0483017632952367,-1.5737320722526889
1448,-1.1289557359604305,2.0483017632952367,-1.5737320722526889
1450,-1.1289557359604305,2.0483017632952367,-1.5737320722526889
1452,-1.1289557359604305,2.0483017632952367,-1.5737320722526889
1454,-1.1289557359604305,2.0483017632952367,-1.5737320722526889
1456,-1.1289557359604305,2.0483017632952367,-1.5737320722526889
1458,-1.1289557359604305,2.0483017632952367,-1.5737320722526889
1460,-1.1289557359604305,2.0483017632952367,-1.5737320722526889
1462,-1.1289557359604305,2.0483017632952367,-1.5737320722526889
1464,-1.1289557359604305,2.0483017632952367,-1.5737320722526889
1466,-0.20287007589405673,0.08132212396140909,0.9125468024787261
1468,-0.198739262698807,0.08278174509262286,0.9153728926225284
1470,-0.20103877446803156,0.0819691636421956,0.9137994974514029
1472,-0.20241293956330167,0.08148363297303042,0.9128594768927473
1474,0.902587347395093,0.6304430862031446,-1.0300195196665805
1476,0.902587347395093,0.6304430862031446,-1.0300195196665805
1478,0.902587347395093,0.6304430862031446,-1.0300195196665805
1480,0.902587347395093,0.6304430862031446,-1.0300195196665805
1482,0.902587347395093,0.6304430862031446,-1.0300195196665805
1484,0.902587347395093,0.6304430862031446,-1.0300195196665805
1486,0.902587347395093,0.6304430862031446,-1.0300195196665805
1488,0.902587347395093,0.6304430862031446,-1.0300195196665805
1490,0.902587347395093,0.6304430862031446,-1.0300195196665805
1492,0.9026623745469569,0.6305681154556015,-1.0300793714406624
1494,0.902587347395093,0.6304430862031446,-1.0300195196665805
1496,0.902587347395093,0.6304430862031446,-1.0300195196665805
1498,0.902587347395093,0.6304430862031446,-1.0300195196665805
1500,0.902587347395093,0.6304430862031446,-1.0300195196665805
1502,0.902587347395093,0.6304430862031446,-1.0300195196665805
1504,0.902587347395093,0.6304430862031446,-1.0300195196665805
1506,0.902587347395093,0.6304430862031446,-1.0300195196665805
1508,0.9041653338685872,0.6330741709428083,-1.031278392966535
1510,0.9041653338685872,0.6330741709428083,-1.031278392966535
1512,0.9041653338685872,0.6330741709428083,-1.031278392966535
1514,0.9041653338685872,0.6330741709428083,-1.031278392966535
1516,0.9040900763847359,0.6329486201664738,-1.0312183518767999
1518,0.9040900763847359,0.6329486201664738,-1.0312183518767999
1520,0.9041653338685872,0.6330741709428083,-1.031278392966535
1522,0.9041653338685872,0.6330741709428083,-1.031278392966535
1524,0.9041653338685872,0.6330741709428083,-1.031278392966535
1526,0.9041653338685872,0.6330741709428083,-1.031278392966535
1528,0.9041653338685872,0.6330741709428083,-1.031278392966535
1530,0.8891269734433225,0.4628001056387125,-0.940282418460663
1532,0.9041653338685872,0.6330741709428083,-1.031278392966535
1534,0.9041653338685872,0.6330741709428083,-1.031278392966535
1536,0.8891269734433225,0.4628001056387125,-0.940282418460663
1538,0.8891269734433225,0.4628001056387125,-0.940282418460663
1540,0.8897067951312735,0.3473207135649213,-0.03443489042155468
1542,0.8851669303996846,0.3389321594408228,-0.03615586754346229
1544,0.8851669303996846,0.3389321594408228,-0.03615586754346229
1546,0.8845359567351849,0.33666657370813174,-0.037315395315739686
1548,0.8706686552699179,0.3359386332445594,-0.053088781974089054
1550,0.8700027552830794,0.33343098620200773,-0.05408610612919755
1552,0.8700027552830794,0.33343098620200773,-0.05408610612919755
1554,0.8646553028641815,0.20726252540226606,-0.0034565285949119252
1556,0.8646553028641815,0.20726252540226606,-0.0034565285949119252
1558,0.8646553028641815,0.20726252540226606,-0.0034565285949119252
1560,0.86501037226167,0.20612605320312088,-0.004119170672397207
1562,0.8658258809700988,0.2067825905350667,-0.003953538115734031
1564,0.8590907771565447,0.1678677504386624,0.01622817742143857
1566,0.8589507713015779,0.16635172420812336,0.015303913202079638
1568,0.8337597929494036,0.16316991956949717,-0.0018858362090503058
1570,0.8611652947271654,0.16777121830305025,0.016023955158006215
1572,0.8359250789076184,0.16622208131742736,-0.0012738703974689127
1574,0.8593924330281185,0.1638055332783413,0.013321423114706618
1576,0.834110014344894,0.16195028402371128,-0.002930978964481965
1578,0.8367220535128816,0.1671677515469113,-0.0011502603335307713
1580,0.829437545732305,0.14115415174165666,-0.012606448232230975
1582,0.8347763714767452,0.16120127817356675,-0.003871224637548282
1584,0.837269090553203,0.15630242008577355,-0.008379937455805307
1586,0.8300646820105849,0.14604239270893032,-0.010174463083719183
1588,0.836911175546756,0.1567321143998898,-0.00788444179853793
1590,0.8292170011156696,0.14169697609716866,-0.012305862343579494
1592,0.79567948190535,-0.02903480309009309,-0.015694832723940812
1594,0.8296974418209911,0.1412674345495156,-0.01267413830857905
1596,0.79567948190535,-0.02903480309009309,-0.015694832723940812
1598,0.8079973839884579,0.1640205317186768,-0.06221315377437754
1600,0.8155702519886354,0.17769419209015036,-0.0720285467647937
1602,0.8330245778871962,0.18879319769440717,-0.05354993020700735
1604,-0.49739040789393524,0.11794761367165592,1.07380344027368
1606,-0.49739040789393524,0.11794761367165592,1.07380344027368
1608,-0.3932573293746604,-0.057256376109914374,0.9100490987363478
1610,-0.17836602257024065,-0.013835901454482897,1.1635557545792632
1612,-0.12967177808376887,-0.02691591313307455,1.2434809573112269
1614,-0.12967177808376887,-0.02691591313307455,1.2434809573112269
1616,-0.1285890179686065,-0.026128912998568173,1.2437990311594191
1618,-0.1285890179686065,-0.026128912998568173,1.2437990311594191
1620,-0.1285890179686065,-0.026128912998568173,1.2437990311594191
1622,-0.1285890179686065,-0.026128912998568173,1.2437990311594191
1624,-0.1246727925126713,-0.01816075745065061,1.2344788546087366
1626,-0.49739040789393524,0.11794761367165592,1.07380344027368
1628,-0.49739040789393524,0.11794761367165592,1.07380344027368
1630,-0.49739040789393524,0.11794761367165592,1.07380344027368
1632,-0.49739040789393524,0.11794761367165592,1.07380344027368
1634,-0.49739040789393524,0.11794761367165592,1.07380344027368
1636,-0.49739040789393524,0.11794761367165592,1.07380344027368
1638,-0.1273618178816272,-0.02612193043610155,1.2188654865722188
1640,-0.49739040789393524,0.11794761367165592,1.07380344027368
1642,-0.49739040789393524,0.11794761367165592,1.07380344027368
1644,-0.49739040789393524,0.11794761367165592,1.07380344027368
1646,-0.41712779118411636,0.9200755508915593,0.44318912741186556
1648,-0.49739040789393524,0.11794761367165592,1.07380344027368
1650,-0.1273618178816272,-0.02612193043610155,1.2188654865722188
1652,-0.41712779118411636,0.9200755508915593,0.44318912741186556
1654,-0.41712779118411636,0.9200755508915593,0.44318912741186556
1656,1.8193750825070294,-0.41408438566998607,0.8397746760116925
1658,1.8132846709339665,-0.40424867972789674,0.8304402520797795
1660,1.8132818025641597,-0.40424832195779636,0.8304434941052712
1662,1.809709068076556,-0.39430594634493465,0.8242924732452653
1664,1.8132846709339665,-0.40424867972789674,0.8304402520797795
1666,1.8132846709339665,-0.40424867972789674,0.8304402520797795
1668,1.8132846709339665,-0.40424867972789674,0.8304402520797795
1670,1.813066002660543,-0.404400529143529,0.8304049559702242
1672,1.8131482318080625,-0.40434777060430277,0.8304165925534501
1674,1.812152149015135,-0.40501813429165584,0.8286328714161626
1676,1.812829536671276,-0.40462437577664356,0.8303095347955187
1678,1.8119219078738282,-0.40523018315240056,0.828545214014629
1680,1.811896266033145,-0.4052559226805517,0.8285333793131344
1682,1.8261707305660335,-0.4120276827281061,0.809447021807549
1684,1.8261707305660335,-0.4120276827281061,0.809447021807549
1686,1.8261707305660335,-0.4120276827281061,0.809447021807549
1688,1.8298263907251926,-0.411748134943895,0.8124375985350176
1690,1.8295226382862224,-0.4116585926853778,0.8119611280546597
1692,1.8298263907251926,-0.411748134943895,0.8124375985350176
1694,1.8298263907251926,-0.411748134943895,0.8124375985350176
1696,1.8298263907251926,-0.411748134943895,0.8124375985350176
1749,0.6601596778286654,-0.3805531618733826,-0.5550869515502337
1751,1.2055320834763745,-0.1552980575603897,0.3012925949482526
1753,1.2075640120802649,-0.153706705773818,0.3004476655095563
1755,1.207541598990328,-0.1537242759557735,0.30045722124486224
1757,1.207541598990328,-0.1537242759557735,0.30045722124486224
1759,1.207541598990328,-0.1537242759557735,0.30045722124486224
1761,1.20715328262845,-0.15402859597839605,0.30062278158111005
1763,1.20715328262845,-0.15402859597839605,0.30062278158111005
1765,1.3587945805198822,1.2294912533980364,0.34233858955750884
1767,1.3587945805198822,1.2294912533980364,0.34233858955750884
1769,1.20715328262845,-0.15402859597839605,0.30062278158111005
1771,1.2056161264291034,-0.15430973640457335,0.2995934825921693
1773,1.2056533906967268,-0.15428057058830916,0.29957759352304103
1775,1.2056161264291034,-0.15430973640457335,0.2995934825921693
1777,1.2056161264291034,-0.15430973640457335,0.2995934825921693
1779,1.2056161264291034,-0.15430973640457335,0.2995934825921693
1781,1.2056161264291034,-0.15430973640457335,0.2995934825921693
1783,1.2056161264291034,-0.15430973640457335,0.2995934825921693
1785,1.2056161264291034,-0.15430973640457335,0.2995934825921693
1787,1.2056161264291034,-0.15430973640457335,0.2995934825921693
1789,1.2056161264291034,-0.15430973640457335,0.2995934825921693
1791,1.2056161264291034,-0.15430973640457335,0.2995934825921693
1793,1.2056161264291034,-0.15430973640457335,0.2995934825921693
1795,1.2056161264291034,-0.15430973640457335,0.2995934825921693
1797,1.2056161264291034,-0.15430973640457335,0.2995934825921693
1799,1.2056161264291034,-0.15430973640457335,0.2995934825921693
1801,1.2056161264291034,-0.15430973640457335,0.2995934825921693
1803,1.2056161264291034,-0.15430973640457335,0.2995934825921693
1805,1.2056161264291034,-0.15430973640457335,0.2995934825921693
1807,1.2061657414585067,-0.12376155253041385,0.2802701295235794
1809,1.1981076289622528,-0.127523297277704,0.2792909909459095
1811,1.2864190080545892,-0.22092454307214773,0.6068323306057728
1813,1.2864190080545892,-0.22092454307214773,0.6068323306057728
1815,1.2864190080545892,-0.22092454307214773,0.6068323306057728
1817,1.28661493260175,-0.2107107194936307,0.6021002046610201
1819,1.28661493260175,-0.2107107194936307,0.6021002046610201
1821,1.28661493260175,-0.2107107194936307,0.6021002046610201
1823,1.2615979587017683,-0.3082347142943148,0.5664860165289745
1825,1.2615979587017683,-0.3082347142943148,0.5664860165289745
1827,1.0007704121312848,0.2179690373081225,1.129370265662258
1829,1.1174031380166423,0.039010810053835686,0.9445283293623024
1831,1.1183356948408805,0.03980721979897152,0.9448690153106761
1833,1.1191653823591667,0.03775384659199232,0.9372316847831679
1835,1.1135473011193568,0.024562787339357458,0.9307905231892836
1837,1.1221689319581434,0.04011164776816162,0.9378963844743059
1839,1.1178180336206265,-0.12102295989643208,0.6712543625979055
1841,1.125521065438276,-0.09506009714875895,0.7053268141457809
1843,1.125521065438276,-0.09506009714875895,0.7053268141457809
1845,1.1216915232735438,-0.12359653763235566,0.6666190449948431
1847,1.1290747280803466,-0.09751118873616114,0.7009590879266884
1849,1.1290747280803466,-0.09751118873616114,0.7009590879266884
1851,1.1220766785428153,-0.09909688346338595,0.6835419659239615
1853,1.1103399024479825,-0.20184745026215337,0.6750565814494409
1855,1.1095818666566342,-0.20215144512545205,0.6747334923973032
1857,1.116655261819646,-0.14052840647823814,0.6278669790263545
1859,1.086276032104878,-0.16548556355717417,0.5177930658337287
1861,1.1164852396649316,-0.1406108418650976,0.6278066366618494
1863,1.138862179252974,-0.12831110458070605,0.5515089194364421
1865,1.1386460526631461,-0.1282638772157161,0.5515999798301374
1867,1.1395646322293291,-0.13090782327928505,0.5482718783873106
1869,1.127368206524577,-0.11477351905724285,0.6886083007082591
1871,1.1244597440864985,-0.12379831934763336,0.6692064827192222
1873,1.1245199377349884,-0.12458768095558102,0.6682521952726423
1875,1.1193884344284781,-0.12740818000878676,0.665697708952239
1877,1.118895773550482,-0.12764660611094766,0.6655122636707893
1879,1.1184334229387454,-0.1280188283005034,0.6654183587092541
1881,1.1211747572842097,-0.12892313731447494,0.6623241120701503
1883,1.1211747572842097,-0.12892313731447494,0.6623241120701503
1885,1.1241065010266948,-0.11785011267820526,0.6911819006212607
1887,1.1247100325659107,-0.11814285041170315,0.6917567010659361
1889,1.1232743567953576,-0.11918434574501297,0.6902469024574411
1891,1.1232743567953576,-0.11918434574501297,0.6902469024574411
1893,1.1568725702237925,0.4230277270282181,0.3423235344264192
1895,1.1568725702237925,0.4230277270282181,0.3423235344264192
1897,-1.0728838344912721,1.8094311593871277,-0.6117312435963947
1899,-1.3379093681494238,1.6897565539386095,-0.7108688600141262
1901,-1.3379093681494238,1.6897565539386095,-0.7108688600141262
1903,-1.0801487163507135,1.7623135698824959,-0.5932480435190832
1905,-0.9756469379182279,1.5659755413556318,-0.43638131522403356
1907,-0.9756469379182279,1.5659755413556318,-0.43638131522403356
1909,-0.9803074267153906,1.5399119111204578,-0.42653738171443856
1911,-1.1663745419765739,0.580855646484457,-0.07294869208843294
1913,-1.3800164192571018,-0.13892542153516438,0.08973202094146795
1915,-1.3800164192571018,-0.13892542153516438,0.08973202094146795
1917,-1.3800164192571018,-0.13892542153516438,0.08973202094146795
1919,-1.3800164192571018,-0.13892542153516438,0.08973202094146795
1921,-1.3800164192571018,-0.13892542153516438,0.08973202094146795
1923,-1.3800164192571018,-0.13892542153516438,0.08973202094146795
1925,-1.3195373528196426,0.24854880841114,-0.055387783038948736
1927,-1.3195373528196426,0.24854880841114,-0.055387783038948736
1929,-1.3195373528196426,0.24854880841114,-0.055387783038948736
1931,-1.3195373528196426,0.24854880841114,-0.055387783038948736
1933,-1.3195373528196426,0.24854880841114,-0.055387783038948736
1935,-1.3188070790338602,0.2536392885165065,-0.05789505130868521
1937,-1.3188070790338602,0.2536392885165065,-0.05789505130868521
1939,-1.3188070790338602,0.2536392885165065,-0.05789505130868521
1941,-1.3188070790338602,0.2536392885165065,-0.05789505130868521
1943,-1.3188070790338602,0.2536392885165065,-0.05789505130868521
1945,-1.3188070790338602,0.2536392885165065,-0.05789505130868521
1947,-1.3188070790338602,0.2536392885165065,-0.05789505130868521
1949,-1.3188070790338602,0.2536392885165065,-0.05789505130868521
1951,-1.3188070790338602,0.2536392885165065,-0.05789505130868521
1953,-1.3188070790338602,0.2536392885165065,-0.05789505130868521
1955,-1.3188070790338602,0.2536392885165065,-0.05789505130868521
1957,-1.3188070790338602,0.2536392885165065,-0.05789505130868521
1959,-1.3188070790338602,0.2536392885165065,-0.05789505130868521
1961,-1.3188070790338602,0.2536392885165065,-0.05789505130868521
1963,-1.3188070790338602,0.2536392885165065,-0.05789505130868521
1965,-1.3188070790338602,0.2536392885165065,-0.05789505130868521
1967,-1.3188070790338602,0.2536392885165065,-0.05789505130868521
1969,-1.3188070790338602,0.2536392885165065,-0.05789505130868521
1971,-1.3188070790338602,0.2536392885165065,-0.05789505130868521
1973,-1.3188070790338602,0.2536392885165065,-0.05789505130868521
1975,-1.3188070790338602,0.2536392885165065,-0.05789505130868521
1977,-1.3188070790338602,0.2536392885165065,-0.05789505130868521
1979,-1.3188070790338602,0.2536392885165065,-0.05789505130868521
1981,-1.3188070790338602,0.2536392885165065,-0.05789505130868521
1983,-1.3188070790338602,0.2536392885165065,-0.05789505130868521
1985,-1.3188070790338602,0.2536392885165065,-0.05789505130868521
1987,-1.3188070790338602,0.2536392885165065,-0.05789505130868521
1989,-1.3188070790338602,0.2536392885165065,-0.05789505130868521
1991,-1.3188070790338602,0.2536392885165065,-0.05789505130868521
1993,-1.3188070790338602,0.2536392885165065,-0.05789505130868521
1995,-1.3188070790338602,0.2536392885165065,-0.05789505130868521
1997,-1.3188070790338602,0.2536392885165065,-0.05789505130868521
1999,-1.3188070790338602,0.2536392885165065,-0.05789505130868521
2001,-1.3188070790338602,0.2536392885165065,-0.05789505130868521
2003,-1.3188070790338602,0.2536392885165065,-0.05789505130868521
2005,-1.3188070790338602,0.2536392885165065,-0.05789505130868521
2007,-1.3188070790338602,0.2536392885165065,-0.05789505130868521
2009,-1.3188070790338602,0.2536392885165065,-0.05789505130868521
2011,-1.3188070790338602,0.2536392885165065,-0.05789505130868521
2013,-1.3188070790338602,0.2536392885165065,-0.05789505130868521
2015,-1.3188070790338602,0.2536392885165065,-0.05789505130868521
2017,-1.3188070790338602,0.2536392885165065,-0.05789505130868521
2019,-1.3188070790338602,0.2536392885165065,-0.05789505130868521
2021,-1.3188070790338602,0.2536392885165065,-0.05789505130868521
2023,-1.3188070790338602,0.2536392885165065,-0.05789505130868521
2025,-1.3188070790338602,0.2536392885165065,-0.05789505130868521
2027,-1.3188070790338602,0.2536392885165065,-0.05789505130868521
2029,-1.3188070790338602,0.2536392885165065,-0.05789505130868521
2031,-1.3188070790338602,0.2536392885165065,-0.05789505130868521
2033,-1.3188070790338602,0.2536392885165065,-0.05789505130868521
2035,-1.3188070790338602,0.2536392885165065,-0.05789505130868521
2037,-1.3188070790338602,0.2536392885165065,-0.05789505130868521
2039,-1.3188070790338602,0.2536392885165065,-0.05789505130868521
2041,-1.3188070790338602,0.2536392885165065,-0.05789505130868521
2043,-1.3188070790338602,0.2536392885165065,-0.05789505130868521
2045,-1.3188070790338602,0.2536392885165065,-0.05789505130868521
2047,-1.3188070790338602,0.2536392885165065,-0.05789505130868521
2049,-1.3188070790338602,0.2536392885165065,-0.05789505130868521
2051,-1.2789741203421108,0.2860105154815681,-0.04998361951747515
2053,-1.2789741203421108,0.2860105154815681,-0.04998361951747515
2055,-1.2789741203421108,0.2860105154815681,-0.04998361951747515
2057,-1.2789741203421108,0.2860105154815681,-0.04998361951747515
2059,-1.2789741203421108,0.2860105154815681,-0.04998361951747515
2061,-1.2789741203421108,0.2860105154815681,-0.04998361951747515
2063,-1.2789741203421108,0.2860105154815681,-0.04998361951747515
2065,-1.2789741203421108,0.2860105154815681,-0.04998361951747515
2067,-1.2789741203421108,0.2860105154815681,-0.04998361951747515
2069,-1.2789741203421108,0.2860105154815681,-0.04998361951747515
2071,-1.2789741203421108,0.2860105154815681,-0.04998361951747515
2073,-1.2789741203421108,0.2860105154815681,-0.04998361951747515
2075,-1.2789741203421108,0.2860105154815681,-0.04998361951747515
2077,-1.2789741203421108,0.2860105154815681,-0.04998361951747515
2079,-1.2806756878138674,0.27702551009679266,-0.04583784510463385
2081,-1.2811016124745302,0.27477884184447227,-0.044801516806600286
2083,0.8226939831172787,-0.2581707717913121,0.09589986668941948
2085,0.8188764158978248,-0.2786332047500592,0.08007652271295322
2087,0.8175301783014657,-0.2779804206625535,0.08131983686219078
2089,0.7941367465240448,-0.27054304520102235,0.04214868313225165
2091,0.7923670163669021,-0.2718448650845788,0.041442962989415626
2093,0.7991439180190479,-0.27687294103625665,0.04823595603816478
2095,0.7931838490183574,-0.27353396891987075,0.0393147656010709
2097,0.8021083747965663,-0.24560578231264074,0.016845962388451374
2099,0.8021083747965663,-0.24560578231264074,0.016845962388451374
2101,0.7821550914823329,-0.2758924801396116,-0.7579106460291867
2103,0.7821550914823329,-0.2758924801396116,-0.7579106460291867
2105,0.7821550914823329,-0.2758924801396116,-0.7579106460291867
2107,0.7821550914823329,-0.2758924801396116,-0.7579106460291867
2109,0.7821550914823329,-0.2758924801396116,-0.7579106460291867
2111,0.7821550914823329,-0.2758924801396116,-0.7579106460291867
2113,-1.3996017485815468,-0.30955175840234317,0.21949942082581542
2115,-1.3996017485815468,-0.30955175840234317,0.21949942082581542
2117,-1.3996017485815468,-0.30955175840234317,0.21949942082581542
2163,0.24484088317051264,-0.050890769297882534,-0.5974611364704627
2165,0.24484088317051264,-0.050890769297882534,-0.5974611364704627
2167,0.22464189402111243,-0.08051303410484342,-0.5942878999405152
2169,0.22459538041948282,-0.08052969793979599,-0.5942588555599977
2171,0.24042729297206922,-0.09229120354628942,-0.6116895187982575
2173,0.3130193204695569,-0.10267458509434942,-0.4724273730262259
2175,0.3130193204695569,-0.10267458509434942,-0.4724273730262259
2177,0.3130193204695569,-0.10267458509434942,-0.4724273730262259
2179,0.3130193204695569,-0.10267458509434942,-0.4724273730262259
2181,0.31522845588866294,-0.10459279876290635,-0.474969683553925
2183,-0.003077321021521706,1.0701686994669883,-1.0315952342383956
2185,0.37010271680942824,1.1121269890646879,0.1681463236566789
2187,0.364470060797066,1.0988309572683461,0.16726173968159816
2189,0.37664455117075785,1.0567374418217435,0.1384055762436948
2191,0.3763113941173016,1.0562422141348538,0.13844947529494456
2193,1.8797484152471686,0.04765949290680762,1.0433043752361326
2195,1.8797608435340523,0.04766956123391135,1.043306990368249
2197,1.8800622861185372,0.04810964809273824,1.0445047047440637
2199,1.8797326545236184,0.04762666049368374,1.0432849450665138
2201,1.8797028092877144,0.04758255495013601,1.043262745677644
2203,1.879615214151637,0.047375722930101775,1.0431315947551847
2205,1.8795588923374873,0.04733063826039933,1.0431205178103173
2207,1.8839269680097053,0.03522102935385317,1.0717361770207683
2209,1.8885749105097474,0.03983793458757737,1.0909590782202805
2211,1.888586313974444,0.039816733288984836,1.090935574622387
2213,1.888609758706639,0.039913926206460094,1.0910070670365255
2215,1.8886031103674,0.039751714585681816,1.0908724744016478
2217,1.8885847194236163,0.03976740301675838,1.0908944506826794
2219,1.8788675192549422,-0.004385310762669721,1.087030627012044
2221,1.8785834135006818,-0.004838480938159197,1.085911977472523
2223,1.8782204024780889,-0.011485572987920425,1.0850036698978176
2225,1.8782064721456329,-0.011538816981141576,1.0849634278881162
2227,1.8782064721456329,-0.011538816981141576,1.0849634278881162
2229,1.8782064721456329,-0.011538816981141576,1.0849634278881162
2231,1.87807495983961,-0.011701784521974675,1.0848805510549653
2233,1.87807495983961,-0.011701784521974675,1.0848805510549653
2235,1.8766217943019439,-0.010988175679605314,1.0842594310342248
2237,1.8765773311051033,-0.011225633325946201,1.0840633928301742
2239,1.8766021371928232,-0.011259284728148322,1.0840240725251733
2241,1.8766711138541017,-0.011286103507793474,1.0839648020345478
2243,1.8767200410919,-0.011281731955518006,1.0839447589756515
2245,1.8755271567107301,-0.011487455679818646,1.0827171697972873
2247,1.875525156699356,-0.011468988156558628,1.0827325746074556
2249,1.8755271567107301,-0.011487455679818646,1.0827171697972873
2251,1.8692756260535384,-0.02676349549820352,1.0921693160208965
2253,1.868560864478773,-0.02606719140935894,1.0915075846896551
2255,1.869253446290302,-0.02675905869166503,1.0921861467489056
2257,1.8688604156056106,-0.025622593387779075,1.0925436840031504
2259,1.8695378504662814,-0.026383494705016653,1.092739385558649
2261,1.8679033237775575,-0.02808107500870471,1.0876146744648507
2263,1.8685068571803658,-0.028270907088224256,1.0891652951166721
2265,1.8683867968991288,-0.02847737522587364,1.088245185136648
2267,1.8679774126874507,-0.028120927965135132,1.0883425194026906
2269,1.6317044131676581,-0.19402762413142324,0.8820262231236302
2271,1.6310006903968455,-0.19351985416143422,0.8833689602221699
2273,1.6278477146099772,-0.19111657842976837,0.8767258103312254
2275,1.6285025136476863,-0.19130960464845542,0.8777529375967482
2277,1.6304092233709648,-0.1935790197112959,0.8826293712340684
2279,1.6304092233709648,-0.1935790197112959,0.8826293712340684
2281,1.6304012344837926,-0.1936020447410467,0.8826111065536923
2283,1.6285025136476863,-0.19130960464845542,0.8777529375967482
2285,1.6278477146099772,-0.19111657842976837,0.8767258103312254
2287,1.6285025136476863,-0.19130960464845542,0.8777529375967482
2289,1.627689510781745,-0.19222366318610992,0.8772440679906304
2291,1.627689510781745,-0.19222366318610992,0.8772440679906304
2293,1.6270347117440358,-0.19203063696742284,0.8762169407251076
2295,1.6270347117440358,-0.19203063696742284,0.8762169407251076
2297,1.6270347117440358,-0.19203063696742284,0.8762169407251076
2299,1.627689510781745,-0.19222366318610992,0.8772440679906304
2301,1.627689510781745,-0.19222366318610992,0.8772440679906304
2303,1.6276829299742708,-0.19226456224459518,0.8772099743182348
2305,2.1224114981033524,0.06278287131721129,2.0743720698117687
2307,2.1224114981033524,0.06278287131721129,2.0743720698117687
2309,2.125791320685468,0.06848130098044392,2.088992605091591
2311,2.1259050888862907,0.06860848905854447,2.0889708659971733
2313,1.4315873229599407,-0.04526941438321006,1.8332353352108712
2315,1.4315873229599407,-0.04526941438321006,1.8332353352108712
2317,-0.3182448122293882,3.9147764568664294,0.616219385673142
2319,-0.3387879624316401,3.828453826435472,0.6083621150080812
2321,-0.34274923155419973,3.8118168201365514,0.6068474615943421
2395,0.3258924479714107,-0.5260848916078006,-1.3016592981504718
2397,0.3258924479714107,-0.5260848916078006,-1.3016592981504718
2399,0.3258924479714107,-0.5260848916078006,-1.3016592981504718
2437,0.3490857576242891,-0.5118594181494379,-1.3011492398191116
2439,0.3490857576242891,-0.5118594181494379,-1.3011492398191116
2441,0.3490857576242891,-0.5118594181494379,-1.3011492398191116
2443,0.3490857576242891,-0.5118594181494379,-1.3011492398191116
2445,0.3490857576242891,-0.5118594181494379,-1.3011492398191116
2447,0.3490857576242891,-0.5118594181494379,-1.3011492398191116
2449,0.3490857576242891,-0.5118594181494379,-1.3011492398191116
2451,0.3490857576242891,-0.5118594181494379,-1.3011492398191116
2453,0.3490857576242891,-0.5118594181494379,-1.3011492398191116
2455,0.3490857576242891,-0.5118594181494379,-1.3011492398191116
2457,0.41790618069061636,-0.4784132628322121,-1.3676646620953146
2459,0.3490857576242891,-0.5118594181494379,-1.3011492398191116
2461,0.41790618069061636,-0.4784132628322121,-1.3676646620953146
2463,0.41790618069061636,-0.4784132628322121,-1.3676646620953146
2465,0.41790618069061636,-0.4784132628322121,-1.3676646620953146
2467,1.246769335043452,-1.0868212684544536,0.11273917923628124
2469,1.035976561934859,-1.110024326596543,-0.20082261836222803
2471,1.035976561934859,-1.110024326596543,-0.20082261836222803
2473,1.031054329349863,-1.120864217917881,-0.20249860962348684
2475,1.031054329349863,-1.120864217917881,-0.20249860962348684
2477,1.031054329349863,-1.120864217917881,-0.20249860962348684
2479,1.0251539387354431,-1.1239888046424245,-0.20468331535398812
2481,1.3782503610236836,-0.1292697154651053,1.7969428835840398
2483,1.3799379574686443,-0.057398843220199565,1.7628036908075408
2485,1.3799379574686443,-0.057398843220199565,1.7628036908075408
2487,1.3799379574686443,-0.057398843220199565,1.7628036908075408
2489,1.3804395630374136,-0.05716692361238738,1.763118735795404
2491,1.3814165884145106,-0.05840549583330498,1.7611643859677488
2493,1.371608699259063,-0.06313901296788374,1.756101884708708
2495,1.371608699259063,-0.06313901296788374,1.756101884708708
2497,1.4485020333459098,-0.14977212289590147,1.892238556893331
2499,1.4485020333459098,-0.14977212289590147,1.892238556893331
2501,1.4471269007957668,-0.14914536065439665,1.8965966045232527
2503,1.4412824901164047,-0.15097994618210053,1.8920062760743706
2505,1.4412824901164047,-0.15097994618210053,1.8920062760743706
2507,1.4412824901164047,-0.15097994618210053,1.8920062760743706
2509,1.4412824901164047,-0.15097994618210053,1.8920062760743706
2511,1.4510453219560193,-0.16178971407538034,1.9118785441384354
2513,1.453474629984427,-0.162214291746888,1.9114496726540418
2515,1.453474629984427,-0.162214291746888,1.9114496726540418
2517,1.453474629984427,-0.162214291746888,1.9114496726540418
2519,1.6220729662389088,-0.2863678857236986,2.3022072130796323
2521,1.6218191146503582,-0.28629305358525037,2.301809017796834
2523,0.32157015504966774,2.63747124867264,-2.41313857550749
2525,1.4483379329353163,-0.1735774035275078,1.9383896448764377
2527,1.4483379329353163,-0.1735774035275078,1.9383896448764377
2529,1.1006858575022358,-0.8052938088425027,0.41554616694214336
2531,1.1006858575022358,-0.8052938088425027,0.41554616694214336
2533,1.112387052318735,-0.8211643464317212,0.39845795473965284
2539,0.8047010986211734,2.2281407788847005,-0.56528396792002
2541,0.4550457393314173,0.00395994218387433,-0.22938232457525623
2543,0.44819949184105384,0.002007463677683111,-0.23501451733286594
2545,0.44800210475424185,0.0017691567766340319,-0.23494232097650447
2547,0.5072016680298039,-0.7196038756158429,-0.34765393421449525
2549,0.32982832558389724,1.2972339132663113,-1.9517035638385294
2551,0.32982832558389724,1.2972339132663113,-1.9517035638385294
2553,0.32982832558389724,1.2972339132663113,-1.9517035638385294
2555,0.32982832558389724,1.2972339132663113,-1.9517035638385294
2557,0.3277425102696806,1.238658614831775,-1.9459625873436326
2559,0.3277425102696806,1.238658614831775,-1.9459625873436326
2561,0.6857630755720435,-0.014213152922649418,1.140333485113494
2563,0.6984419334834783,-0.01767829602699863,1.159850578091323
2565,0.7052034667433577,-0.019943926765452057,1.1708279646019515
2567,0.7052034667433577,-0.019943926765452057,1.1708279646019515
2569,0.6963967460467267,-0.019166125605554793,1.1593106542402087
2571,0.6963967460467267,-0.019166125605554793,1.1593106542402087
2573,0.6984419334834783,-0.01767829602699863,1.159850578091323
2575,0.6963967460467267,-0.019166125605554793,1.1593106542402087
2577,0.6981143386305274,-0.015127537812562895,1.1716243064303202
2579,0.6963967460467267,-0.019166125605554793,1.1593106542402087
2581,0.6981143386305274,-0.015127537812562895,1.1716243064303202
2583,0.6981143386305274,-0.015127537812562895,1.1716243064303202
2585,0.6979269912383214,-0.015235254072213933,1.171551705405529
2587,0.7011120728205928,-0.017529292875129665,1.1783886809567898
2589,0.6967420194207535,-0.015916276279997168,1.171092468854512
2591,0.6967420194207535,-0.015916276279997168,1.171092468854512
2593,0.7004899305009106,-0.017886571532396808,1.1781475351497284
2595,2.3768807575699653,0.34745483663481336,3.259198897845119
2597,1.282406995690969,0.9011685638109214,0.10685790682024868
2599,1.2676860246389692,0.9132248846741473,0.08508319513098675
2601,1.2676860246389692,0.9132248846741473,0.08508319513098675
2603,0.45982922648306557,1.6781523214915992,1.2466193324966222
2605,1.145937513993209,0.4593446902639285,0.11732816709520592
2607,1.1676318816967557,0.41073358078627276,0.19838772169440225
2609,1.1458820737594306,0.46061902034315505,0.11619806803675693
2611,1.1673057179682995,0.4090588297737887,0.19777745638577265
2613,1.1671758792854219,0.4081950614822576,0.1974856263885657
2615,1.1672652991043713,0.40880085679896117,0.19769454881513035
2617,1.1672044501847587,0.40822690961866714,0.1974857834525344
2619,1.1672684915680922,0.40880726004878876,0.1976956156375411
2667,1.2913609161450663,1.652786439165154,-0.9465439073613837
2685,1.2629770712266362,1.6025977635051194,-0.9389358554890181
2687,1.2689277679103128,1.6155231314364646,-0.9429984645497274
2689,1.2629770712266362,1.6025977635051194,-0.9389358554890181
2691,1.263093140742245,1.6028496127784415,-0.9390150829532824
2693,1.263093140742245,1.6028496127784415,-0.9390150829532824
2695,1.2629770712266362,1.6025977635051194,-0.9389358554890181
2697,1.263093140742245,1.6028496127784415,-0.9390150829532824
2699,1.263093140742245,1.6028496127784415,-0.9390150829532824
2701,1.2650700445717813,1.6071407331822252,-0.9403645793587827
2703,1.043286875429543,0.5710969008592468,0.740124752597736
2705,1.0389248042088035,0.5493516435088398,0.7464584887012451
2707,1.0389248042088035,0.5493516435088398,0.7464584887012451
2709,1.038902255207887,0.5493207315443628,0.746459060569211
2711,1.038902255207887,0.5493207315443628,0.746459060569211
2713,1.0350871766879353,0.5455509013908876,0.7408196147934136
2715,1.0350871766879353,0.5455509013908876,0.7408196147934136
2717,1.0350871766879353,0.5455509013908876,0.7408196147934136
2719,1.0350871766879353,0.5455509013908876,0.7408196147934136
2721,1.0345462445711704,0.5448092833164154,0.7408342717275924
2723,1.0479112804742359,0.4975959126133131,0.7088862546385302
2725,1.0479112804742359,0.4975959126133131,0.7088862546385302
2727,1.0476750550524714,0.49727923211058056,0.7088901863920071
2729,1.0476750550524714,0.49727923211058056,0.7088901863920071
2731,1.0454202456224202,0.4958662489160751,0.7044469056249304
2733,1.0454202456224202,0.4958662489160751,0.7044469056249304
2735,1.0454202456224202,0.4958662489160751,0.7044469056249304
2737,1.0454202456224202,0.4958662489160751,0.7044469056249304
2739,1.0454202456224202,0.4958662489160751,0.7044469056249304
2741,1.0454202456224202,0.4958662489160751,0.7044469056249304
2743,1.0453343220705196,0.49575102390417425,0.7044484902698444
2745,1.0453343220705196,0.49575102390417425,0.7044484902698444
2747,1.0445830754262326,0.4947439073949664,0.7044622531367337
2749,1.0453343220705196,0.49575102390417425,0.7044484902698444
2751,1.0453343220705196,0.49575102390417425,0.7044484902698444
2753,1.04099740866541,0.4930711527512307,0.7014880185673892
2755,1.0346593409262357,0.486372500713893,0.7048691853100634
2757,1.0346593409262357,0.486372500713893,0.7048691853100634
2759,1.0440039312965532,0.7199588383258678,0.6270849000637354
2761,1.0440241174419187,0.7199891941734757,0.6270832170225759
2763,1.0438792534096843,0.7195653731897607,0.6270194746346102
2765,1.0431252762844503,0.7139177477505176,0.6215156560073122
2767,1.0431252762844503,0.7139177477505176,0.6215156560073122
2769,1.0426848769269375,0.7132576550073725,0.6215517933079494
2771,1.0426648672520655,0.7132276680695954,0.6215534338679304
2773,1.0426648672520655,0.7132276680695954,0.6215534338679304
2775,1.0426648672520655,0.7132276680695954,0.6215534338679304
2777,1.0415880229491272,0.707908548197681,0.6205356331964041
2779,1.0027845635564454,0.5931927523160527,0.6782929709255302
2781,1.0027845635564454,0.5931927523160527,0.6782929709255302
2783,1.0027845635564454,0.5931927523160527,0.6782929709255302
2785,1.0022282568668617,0.592401427697674,0.6783259443783916
2787,1.0027845635564454,0.5931927523160527,0.6782929709255302
2789,1.0023672792377563,0.5925991524580883,0.6783177119450858
2791,1.0023672792377563,0.5925991524580883,0.6783177119450858
2793,1.0022282568668617,0.592401427697674,0.6783259443783916
2795,1.0022282568668617,0.592401427697674,0.6783259443783916
2797,1.0273913795881495,-0.27109134755913944,-0.500567544603384
2799,1.0204224429169617,-0.25892688345847314,-0.5119491162618707
2801,1.0204224429169617,-0.25892688345847314,-0.5119491162618707
2803,1.0200216222395564,-0.2591633072242289,-0.5118703816352631
2805,1.0199548512558914,-0.25920268356325815,-0.5118572610642494
2807,1.0194210168499802,-0.25951741058953237,-0.5117523157019384
2809,1.0213589920545227,-0.25837412080536,-0.5121329050338049
2811,1.0209908445583238,-0.25859146269291566,-0.5120606898423584
2813,1.0209908445583238,-0.25859146269291566,-0.5120606898423584
2815,1.0209908445583238,-0.25859146269291566,-0.5120606898423584
2817,1.0209908445583238,-0.25859146269291566,-0.5120606898423584
2819,1.0203222064293669,-0.25898601604998506,-0.5119294308053037
2821,1.0201217960988762,-0.2591042279248751,-0.5118900634919074
2823,1.0183061973312177,-0.2763245928199261,-0.498911867609907
2825,1.0203222064293669,-0.25898601604998506,-0.5119294308053037
2827,1.0183061973312177,-0.2763245928199261,-0.498911867609907
2829,1.0273913795881495,-0.27109134755913944,-0.500567544603384
2831,1.0166332043734967,-0.28016398849709406,-0.502649979215967
2833,1.0273913795881495,-0.27109134755913944,-0.500567544603384
2835,1.0273913795881495,-0.27109134755913944,-0.500567544603384
2837,1.0273913795881495,-0.27109134755913944,-0.500567544603384
2839,1.0279838952687244,-0.2710813081104954,-0.5008135779272865
2841,1.0279838952687244,-0.2710813081104954,-0.5008135779272865
2843,1.0279838952687244,-0.2710813081104954,-0.5008135779272865
2845,1.0279838952687244,-0.2710813081104954,-0.5008135779272865
2847,1.0279838952687244,-0.2710813081104954,-0.5008135779272865
2849,1.0181561923176303,-0.27928441242387003,-0.5029264418391223
2851,1.0181561923176303,-0.27928441242387003,-0.5029264418391223
2853,1.0184778702762054,-0.27914861069938146,-0.5030696739574132
2855,1.0181561923176303,-0.27928441242387003,-0.5029264418391223
2857,1.0166332043734967,-0.28016398849709406,-0.502649979215967
2859,1.0167007903188212,-0.2801249821576595,-0.5026622620627409
2861,1.0172418204179852,-0.27981264407035744,-0.5027605395172394
2863,1.017411017334391,-0.2797149335244424,-0.5027912565710811
2865,1.017411017334391,-0.2797149335244424,-0.5027912565710811
2867,1.017309492035397,-0.27977356585140417,-0.5027728260332308
2869,1.0172756550353772,-0.2797931059605792,-0.502766682724306
2871,1.0172756550353772,-0.2797931059605792,-0.502766682724306
2873,1.0172418204179852,-0.27981264407035744,-0.5027605395172394
2875,1.0172756550353772,-0.2797931059605792,-0.502766682724306
2877,1.0172756550353772,-0.2797931059605792,-0.502766682724306
2879,1.0172756550353772,-0.2797931059605792,-0.502766682724306
2881,1.0172418204179852,-0.27981264407035744,-0.5027605395172394
2883,0.18089672233982154,-0.17826194446564672,0.8370772996438413
2885,0.18089672233982154,-0.17826194446564672,0.8370772996438413
2887,0.18089672233982154,-0.17826194446564672,0.8370772996438413
2889,0.18089672233982154,-0.17826194446564672,0.8370772996438413
2891,0.18089672233982154,-0.17826194446564672,0.8370772996438413
2893,0.20451394512826546,-0.3484088827150675,0.43182079146299124
2895,0.1864084163087955,-0.3487657659815793,0.4152015145484354
2897,0.14517285039463548,-0.35382115000963704,0.38972735043401124
2899,0.7633667817551246,-0.547352534813949,0.5012047890519262
2901,0.7633667817551246,-0.547352534813949,0.5012047890519262
2903,0.7633667817551246,-0.547352534813949,0.5012047890519262
2905,0.8508820355907145,-0.6384263242635131,0.5341617995498975
2907,0.7633667817551246,-0.547352534813949,0.5012047890519262
2909,0.7627358153416165,-0.5476767614054308,0.501255113799442
2911,0.8505312392744481,-0.6385881712436643,0.5341975798921025
2913,0.8508358617360333,-0.6384476328385515,0.5341665068094693
2915,0.8505312392744481,-0.6385881712436643,0.5341975798921025
2917,0.8552783417814479,-0.6431062265647435,0.5236320697766471
2919,0.854432164175345,-0.6456162183326356,0.5204137745297
2921,0.8505312392744481,-0.6385881712436643,0.5341975798921025
2923,0.85465929693218,-0.6429328698044874,0.5240736602956373
2925,0.8552783417814479,-0.6431062265647435,0.5236320697766471
2927,0.855460550335959,-0.6446360363573727,0.5207441650646546
2929,0.855451470517359,-0.6446401725101119,0.5207451144251903
2931,0.855451470517359,-0.6446401725101119,0.5207451144251903
2933,0.855451470517359,-0.6446401725101119,0.5207451144251903
2935,0.855460550335959,-0.6446360363573727,0.5207441650646546
2937,0.855451470517359,-0.6446401725101119,0.5207451144251903
2939,0.854432164175345,-0.6456162183326356,0.5204137745297
2941,0.854432164175345,-0.6456162183326356,0.5204137745297
2943,0.854432164175345,-0.6456162183326356,0.5204137745297
2945,0.854432164175345,-0.6456162183326356,0.5204137745297
2947,0.8538842564024625,-0.6478724287159656,0.5368426951525641
2949,0.854432164175345,-0.6456162183326356,0.5204137745297
2951,0.8538842564024625,-0.6478724287159656,0.5368426951525641
2953,-1.3996017485815468,-0.30955175840234317,0.21949942082581542
2955,-1.3996017485815468,-0.30955175840234317,0.21949942082581542
2957,-1.3996017485815468,-0.30955175840234317,0.21949942082581542
2959,-1.3996017485815468,-0.30955175840234317,0.21949942082581542
2961,-1.3996017485815468,-0.30955175840234317,0.21949942082581542
2963,-1.3996017485815468,-0.30955175840234317,0.21949942082581542
2965,-1.3996017485815468,-0.30955175840234317,0.21949942082581542
2967,-1.3996017485815468,-0.30955175840234317,0.21949942082581542
2969,-1.3996017485815468,-0.30955175840234317,0.21949942082581542
2971,-1.3996017485815468,-0.30955175840234317,0.21949942082581542
3001,-0.3163535155898765,0.1222807163572377,0.6233073539401773
3003,-0.3163535155898765,0.1222807163572377,0.6233073539401773
3005,-0.3163535155898765,0.1222807163572377,0.6233073539401773
3007,-0.3163535155898765,0.1222807163572377,0.6233073539401773
3009,-0.3197554791002429,0.11533320093549757,0.6064633019319943
3011,-0.3163535155898765,0.1222807163572377,0.6233073539401773
3013,-0.3163535155898765,0.1222807163572377,0.6233073539401773
3015,-0.3163535155898765,0.1222807163572377,0.6233073539401773
3017,-0.3163535155898765,0.1222807163572377,0.6233073539401773
3019,-0.3163535155898765,0.1222807163572377,0.6233073539401773
3021,-0.3163535155898765,0.1222807163572377,0.6233073539401773
3023,-0.3163535155898765,0.1222807163572377,0.6233073539401773
3025,-0.3163535155898765,0.1222807163572377,0.6233073539401773
3027,-0.3163535155898765,0.1222807163572377,0.6233073539401773
3029,-0.3163535155898765,0.1222807163572377,0.6233073539401773
3031,-0.3163535155898765,0.1222807163572377,0.6233073539401773
3033,-0.3163535155898765,0.1222807163572377,0.6233073539401773
3035,0.6808116242742793,-0.5487753270821724,-0.035961864444623196
3037,0.6810215948261973,-0.5501454953998471,-0.03744717297483585
3039,0.6811518973344218,-0.5705434982417387,-0.06357972779911199
3041,0.6811518973344218,-0.5705434982417387,-0.06357972779911199
3043,0.681186671652947,-0.570584651921266,-0.06363311438476546
3045,0.6794669972091669,-0.5720171051016254,-0.06443962091657118
3047,0.6794113209372918,-0.572053319747133,-0.0644539500358393
3049,0.6792599859545476,-0.5722391137623617,-0.06457905049201916
3051,0.6794260798817544,-0.5721065703752869,-0.0645145742835119
3053,0.6794643159652726,-0.5722056215527123,-0.06462909031037223
3055,0.6887296890838629,-0.5759258489684886,-0.052101076132722995
3057,0.6919176418542047,-0.5797858040272845,-0.047614222659087
3059,0.6919176418542047,-0.5797858040272845,-0.047614222659087
3061,0.6922345117988212,-0.5797335185827854,-0.04777701528718325
3063,0.6922677707883903,-0.5797192706621273,-0.04777496519869599
3065,0.6879360394717862,-0.578536386820044,-0.05457843862554136
3067,0.6880438897068413,-0.5784794154064683,-0.05460771697154245
3069,0.6879774092148765,-0.5785078850471256,-0.05461180895450213
3071,0.6870360894598828,-0.5778402505487711,-0.053616075967887505
3073,0.6870662292629658,-0.5778309503710137,-0.05362029260275172
3075,0.687060001639001,-0.5777904491073299,-0.05357662275986098
3077,0.689320565033536,-0.5776513475931706,-0.05197031320006064
3079,0.6892146173443764,-0.5776110464622896,-0.051889494781572065
3081,0.6894976405763732,-0.5777088520062549,-0.05214343930469472
3083,0.6895493488734828,-0.5776474124755921,-0.052102310885245924
3085,0.6894421534984658,-0.5774792120147008,-0.051890231933202934
3087,0.686402888837206,-0.5849658990447073,-0.06112637200442072
3089,0.6884307674021138,-0.5770409277117884,-0.03386838621352526
3091,0.6884307674021138,-0.5770409277117884,-0.03386838621352526
3093,0.688138239830256,-0.5774356283398837,-0.03417045030377153
3095,0.688322549197151,-0.577985409486861,-0.03485216356982427
3097,0.6883601973008369,-0.5779338569171364,-0.03481333057760288
3099,0.908067100419514,-0.8143138880612272,0.3379959175100316
3101,0.9068846639192283,-0.8139653211981996,0.3361411304696568
3103,0.9068846639192283,-0.8139653211981996,0.3361411304696568
3105,0.9068846639192283,-0.8139653211981996,0.3361411304696568
3107,0.9068846639192283,-0.8139653211981996,0.3361411304696568
3109,0.9068846639192283,-0.8139653211981996,0.3361411304696568
3111,0.9234403651717513,-0.8282006107916309,0.32604226856754076
3113,0.9234403651717513,-0.8282006107916309,0.32604226856754076
3115,0.9233170323425396,-0.8282145642391416,0.32603381263150344
3117,0.9233170323425396,-0.8282145642391416,0.32603381263150344
3119,0.9287982764862763,-0.831587293992962,0.3325972917332783
3121,0.931144476785937,-0.8309827570164944,0.3291603635592629
3123,0.9303579878168705,-0.8313131164182062,0.3287675059922939
3125,0.9303579878168705,-0.8313131164182062,0.3287675059922939
3127,0.8929297379830872,-0.8448480970687987,0.29663669072610294
3129,0.9010152939386329,-0.8511363286528361,0.29886076855703436
3131,0.9466263348287148,-0.7578153694191325,0.3181066526282733
3133,0.9466263348287148,-0.7578153694191325,0.3181066526282733
3135,0.942428630828107,-0.7587582224229773,0.3153693834537332
3137,0.942428630828107,-0.7587582224229773,0.3153693834537332
3139,0.9694776816053903,-0.8158283638078819,0.3737314510710529
3141,0.969375623541564,-0.8154678180023333,0.3741856307624289
3143,0.969375623541564,-0.8154678180023333,0.3741856307624289
3145,0.9824005996254068,-0.7923722661322543,0.4356958849156345
3147,0.9994021782243592,-0.7659628139199501,0.49788932228296223
3149,0.9994021782243592,-0.7659628139199501,0.49788932228296223
3151,0.9994021782243592,-0.7659628139199501,0.49788932228296223
3153,0.9990026097479837,-0.7663684101137632,0.4974230792914308
3155,0.9990026097479837,-0.7663684101137632,0.4974230792914308
3157,0.9990899809406536,-0.7663476933073538,0.4974350779984902
3159,0.9991336729189451,-0.7663373323046961,0.49744107971849005
3161,1.0029953673669512,-0.7766440047759361,0.5055286429336486
3163,1.0029953673669512,-0.7766440047759361,0.5055286429336486
3165,0.9966028878057788,-0.7750139070072849,0.49056372827876155
3167,1.005741208775671,-0.7777964758469798,0.5018086115740545
3169,0.9968154689336445,-0.7749645164757284,0.4905915253786668
3171,1.0053729216821627,-0.779075473278267,0.4974491237025484
3173,1.0052931241425376,-0.7793559905609524,0.49710918917574254
3175,1.0023079962088244,-0.7805506247241346,0.4851588021218393
3177,0.4424104298696993,-0.2468599605536218,-0.12539084225520422
3179,0.4424104298696993,-0.2468599605536218,-0.12539084225520422
3181,0.4424104298696993,-0.2468599605536218,-0.12539084225520422
3183,0.5052315746864889,-0.14535841910194147,0.1372866534804554
3185,0.5100988247980554,-0.14168751353498418,0.1382897026992493
3187,0.5100988247980554,-0.14168751353498418,0.1382897026992493
3189,0.5100988247980554,-0.14168751353498418,0.1382897026992493
3191,0.5100988247980554,-0.14168751353498418,0.1382897026992493
3193,0.5100988247980554,-0.14168751353498418,0.1382897026992493
3195,0.5100988247980554,-0.14168751353498418,0.1382897026992493
3197,0.5100988247980554,-0.14168751353498418,0.1382897026992493
3199,0.650966601446094,-0.1962950517307434,0.3808782330277722
3201,0.6559870203712322,-0.20439028342758575,0.35880533265009873
3203,0.6490037191835508,-0.20409090911226216,0.3629632616446233
3205,0.6574696902027904,-0.19512365103166776,0.3665517823048219
3207,0.6574696902027904,-0.19512365103166776,0.3665517823048219
3209,0.6522380666804284,-0.24641210900539523,0.40397256111521895
3211,0.6522380666804284,-0.24641210900539523,0.40397256111521895
3213,0.66247557746444,-0.24527697991518646,0.3986311203580624
3215,0.66247557746444,-0.24527697991518646,0.3986311203580624
3217,0.66247557746444,-0.24527697991518646,0.3986311203580624
3219,0.663843080137374,-0.2444443828061219,0.39923715573113583
3221,0.66247557746444,-0.24527697991518646,0.3986311203580624
3223,0.6639183643632522,-0.24441080872788132,0.399257403587526
3225,0.6634668304491912,-0.24461214356724317,0.3991359804762771
3227,0.6634668304491912,-0.24461214356724317,0.3991359804762771
3229,0.4692217883994015,0.9342140077885945,2.5764241858499526
3231,0.6871796201230452,0.6273909571998392,1.5591208616534689
3233,0.3813246858091454,0.7826113741334465,2.564308581606483
3235,0.3813246858091454,0.7826113741334465,2.564308581606483
3237,-0.2315078331071925,-0.3437883887290577,0.053206914252085256
3239,0.6021715304763336,2.2100699630832903,1.6945634420999904
3241,0.6021018844733363,2.209961230070702,1.6945332039124559
3243,0.6021018844733363,2.209961230070702,1.6945332039124559
3245,0.6021018844733363,2.209961230070702,1.6945332039124559
3247,0.6021018844733363,2.209961230070702,1.6945332039124559
3249,0.6021018844733363,2.209961230070702,1.6945332039124559
3251,0.6021018844733363,2.209961230070702,1.6945332039124559
3253,0.6072479520010395,2.2106442594663274,1.7012606190562736
3255,0.6072479520010395,2.2106442594663274,1.7012606190562736
3257,0.6072479520010395,2.2106442594663274,1.7012606190562736
3259,0.6072479520010395,2.2106442594663274,1.7012606190562736
3261,0.6029243553675643,2.2112452777546783,1.694890273002805
3263,0.6072479520010395,2.2106442594663274,1.7012606190562736
3265,0.6025756777614705,2.210700923315705,1.6947389035444735
3267,0.6025756777614705,2.210700923315705,1.6947389035444735
3269,0.6021993917225085,2.2101134606701502,1.6945755385097336
3271,0.6021993917225085,2.2101134606701502,1.6945755385097336
3273,0.6021993917225085,2.2101134606701502,1.6945755385097336
3275,0.6021993917225085,2.2101134606701502,1.6945755385097336
3277,0.6021993917225085,2.2101134606701502,1.6945755385097336
3279,0.6021993917225085,2.2101134606701502,1.6945755385097336
3281,0.6021993917225085,2.2101134606701502,1.6945755385097336
3283,0.6021993917225085,2.2101134606701502,1.6945755385097336
3285,0.6021993917225085,2.2101134606701502,1.6945755385097336
3287,0.602087956491832,2.2099394853458323,1.6945271567611901
3289,0.602087956491832,2.2099394853458323,1.6945271567611901
3291,0.602087956491832,2.2099394853458323,1.6945271567611901
3293,0.602087956491832,2.2099394853458323,1.6945271567611901
3295,0.6021297416553731,2.2100047213979854,1.694545298701202
3297,0.6021297416553731,2.2100047213979854,1.694545298701202
3299,0.6021297416553731,2.2100047213979854,1.694545298701202
3301,0.6020740289166401,2.209917741246764,1.6945211097719846
3303,0.6011835082036308,2.208527418992171,1.6941344391414215
3305,0.6011835082036308,2.208527418992171,1.6941344391414215
3307,0.6011974098216489,2.2085491231118004,1.6941404757772351
3309,0.6011974098216489,2.2085491231118004,1.6941404757772351
3311,0.6011974098216489,2.2085491231118004,1.6941404757772351
3313,0.6011974098216489,2.2085491231118004,1.6941404757772351
3315,0.6011974098216489,2.2085491231118004,1.6941404757772351
3317,0.6011974098216489,2.2085491231118004,1.6941404757772351
3319,0.6011974098216489,2.2085491231118004,1.6941404757772351
3321,-1.0606904036749185,0.17463296057517252,0.6471704798730918
3323,-0.24861273489756747,1.04717977504893,2.031276894619911
3325,0.8410468133661995,-0.0224634238800283,1.3761672227790616
3327,0.84594974771719,-0.018842729720949487,1.3775102689980938
3329,0.84594974771719,-0.018842729720949487,1.3775102689980938
3331,0.8254608524979156,-0.03392570424693411,1.371847650500747
3333,0.8944074434925443,0.06661887642676687,1.5646458492400503
3335,0.89400347254172,0.06647725624034066,1.5643615998416718
3337,0.89400347254172,0.06647725624034066,1.5643615998416718
3339,0.8938015962255051,0.06640648620760985,1.564219555568928
3341,0.8938015962255051,0.06640648620760985,1.564219555568928
3343,0.8935997926147548,0.06633574285707049,1.5640775648640208
3345,0.8935997926147548,0.06633574285707049,1.5640775648640208
3347,0.788349653326626,-0.0013943506535552758,1.346981524687628
3349,0.7798415670611608,-0.004321731290418911,1.3411035408468097
3351,0.769659951156755,-0.01113162418596824,1.3375702295146772
3353,0.8751959132758832,0.06787247070005356,1.558211944991177
3355,0.9505137073565308,0.014881658056493864,1.3979683978725774
3357,0.9505137073565308,0.014881658056493864,1.3979683978725774
3359,0.9505137073565308,0.014881658056493864,1.3979683978725774
3361,0.9505137073565308,0.014881658056493864,1.3979683978725774
3363,0.9505137073565308,0.014881658056493864,1.3979683978725774
3365,0.925785633689728,0.011973976495479757,1.4115365153471604
3367,0.925785633689728,0.011973976495479757,1.4115365153471604
3369,0.925785633689728,0.011973976495479757,1.4115365153471604
3371,0.925785633689728,0.011973976495479757,1.4115365153471604
3373,0.9173932655145789,0.008293947186481132,1.4044525022982723
3375,0.9355453809470711,0.01573217729128821,1.4158404611759694
3377,-0.03540205194446216,0.6489592137660618,1.2960154299296163
3379,-0.3793227006270668,0.1460610575304347,1.3672631456602993
3381,-0.3832879260967697,0.1362465824471796,1.361218538467745
3383,-0.37924958409101306,0.1430854486314373,1.3795592844187274
3385,-0.37828345597100543,0.14290571336143945,1.385033694098607
3387,-0.33587899109759756,0.19328172974680158,1.4988217027287707
3389,-1.077580881273824,-0.01877218509975261,0.7544888649359122
3391,-1.0787094579259495,-0.019735621878594404,0.7527065495491801
3393,-1.0787094579259495,-0.019735621878594404,0.7527065495491801
3395,-1.0787094579259495,-0.019735621878594404,0.7527065495491801
3397,-1.0787094579259495,-0.019735621878594404,0.7527065495491801
3399,-1.0787094579259495,-0.019735621878594404,0.7527065495491801
3401,-1.0787094579259495,-0.019735621878594404,0.7527065495491801
3403,-1.0787094579259495,-0.019735621878594404,0.7527065495491801
3405,-1.0779579994526012,-0.019094079930657776,0.7538933661160636
3407,-1.0779579994526012,-0.019094079930657776,0.7538933661160636
3409,-1.0779579994526012,-0.019094079930657776,0.7538933661160636
3411,-1.0779579994526012,-0.019094079930657776,0.7538933661160636
3413,-1.0779579994526012,-0.019094079930657776,0.7538933661160636
3415,-1.0779579994526012,-0.019094079930657776,0.7538933661160636
3417,-1.0779579994526012,-0.019094079930657776,0.7538933661160636
3419,-1.0779579994526012,-0.019094079930657776,0.7538933661160636
3421,-1.0818624377900623,-0.022429205449334983,0.7477239031929062
3423,-1.077580881273824,-0.01877218509975261,0.7544888649359122
3425,-1.0818624377900623,-0.022429205449334983,0.7477239031929062
3427,-1.077580881273824,-0.01877218509975261,0.7544888649359122
3429,-1.0779579994526012,-0.019094079930657776,0.7538933661160636
3431,-1.0779579994526012,-0.019094079930657776,0.7538933661160636
3433,-1.077580881273824,-0.01877218509975261,0.7544888649359122
3435,-1.0533933381131317,0.0004720234811161588,0.7530007870803614
3437,-1.077580881273824,-0.01877218509975261,0.7544888649359122
3439,-1.0818624377900623,-0.022429205449334983,0.7477239031929062
3441,-1.077580881273824,-0.01877218509975261,0.7544888649359122
3443,-1.077580881273824,-0.01877218509975261,0.7544888649359122
3445,-1.077580881273824,-0.01877218509975261,0.7544888649359122
3447,-1.0818624377900623,-0.022429205449334983,0.7477239031929062
3449,-1.0818624377900623,-0.022429205449334983,0.7477239031929062
3451,-1.0818624377900623,-0.022429205449334983,0.7477239031929062
3453,-1.0818624377900623,-0.022429205449334983,0.7477239031929062
3455,-1.0818624377900623,-0.022429205449334983,0.7477239031929062
3457,-1.0818624377900623,-0.022429205449334983,0.7477239031929062
3459,-1.0818624377900623,-0.022429205449334983,0.7477239031929062
3461,-1.0533933381131317,0.0004720234811161588,0.7530007870803614
3463,-1.0533933381131317,0.0004720234811161588,0.7530007870803614
3465,-1.0818624377900623,-0.022429205449334983,0.7477239031929062
3467,-1.0818624377900623,-0.022429205449334983,0.7477239031929062
3469,-1.082045882746711,-0.02258601129159961,0.7474338570256175
3471,-1.0533933381131317,0.0004720234811161588,0.7530007870803614
3473,-1.0566385540517098,-0.002295414004823285,0.7480930637586926
3475,-1.0566385540517098,-0.002295414004823285,0.7480930637586926
3477,-1.0533933381131317,0.0004720234811161588,0.7530007870803614
3479,-1.0566385540517098,-0.002295414004823285,0.7480930637586926
3481,-1.0566385540517098,-0.002295414004823285,0.7480930637586926
3483,-1.0566385540517098,-0.002295414004823285,0.7480930637586926
3485,-1.034109007192379,0.014720324387492666,0.7237720854125952
3487,-1.0566385540517098,-0.002295414004823285,0.7480930637586926
3489,-1.0335806598439599,0.015172189959428869,0.7245283106978057
3491,-1.0338450404059907,0.014946087707067651,0.7241499004164045
3493,-1.034109007192379,0.014720324387492666,0.7237720854125952
3495,0.2898561665372044,0.22753559318389716,0.9993060115984057
3497,0.2898561665372044,0.22753559318389716,0.9993060115984057
3499,0.2898561665372044,0.22753559318389716,0.9993060115984057
3501,0.27225095587540477,0.22748802484467712,0.978684218888993
3503,0.2695561676748395,0.22613955313951067,0.9773223207541485
3505,0.25313569468442293,0.21796017326215453,0.969019185540903
3507,0.2695561676748395,0.22613955313951067,0.9773223207541485
3509,0.2540745560231794,0.2184261123293117,0.9694941207466403
3511,0.2540745560231794,0.2184261123293117,0.9694941207466403
3513,0.2695561676748395,0.22613955313951067,0.9773223207541485
3515,0.25234960178275345,0.21757021091760012,0.9686215136846921
3517,0.24265473160786383,0.21277282560124128,0.9637158658794074
3519,0.2528936900084079,0.21784010479347643,0.9688967608339976
3521,0.25234960178275345,0.21757021091760012,0.9686215136846921
3523,0.2528936900084079,0.21784010479347643,0.9688967608339976
3525,0.237523992786438,0.21024291172993617,0.9611188892686474
3527,0.23424884577689442,0.20863120608037192,0.9594608815416514
3529,0.24265473160786383,0.21277282560124128,0.9637158658794074
3531,0.23322971268860326,0.2081302023007167,0.9589449180113424
3533,0.23337517693739152,0.20820169733527918,0.9590185642816023
3535,0.23740665610654454,0.21018512664078973,0.9610594921960539
3537,0.237523992786438,0.21024291172993617,0.9611188892686474
3539,0.23404485413301868,0.20853090470286428,0.959357606710401
3541,0.23740665610654454,0.21018512664078973,0.9610594921960539
3543,0.23740665610654454,0.21018512664078973,0.9610594921960539
3545,0.23430714427912794,0.20865987287154586,0.9594903961871796
3547,0.23740665610654454,0.21018512664078973,0.9610594921960539
3549,0.23740665610654454,0.21018512664078973,0.9610594921960539
3551,0.23740665610654454,0.21018512664078973,0.9610594921960539
3553,0.23430714427912794,0.20865987287154586,0.9594903961871796
3555,0.23424884577689442,0.20863120608037192,0.9594608815416514
3557,0.23424884577689442,0.20863120608037192,0.9594608815416514
3559,0.23424884577689442,0.20863120608037192,0.9594608815416514
3561,0.22833758181825975,0.20572862753842477,0.9564679080359473
3563,0.23038706536851905,0.2067340487665969,0.9575056599108497
3565,0.23018463217234775,0.2066346967758084,0.9574031611720222
3567,0.22833758181825975,0.20572862753842477,0.9564679080359473
3569,0.22833758181825975,0.20572862753842477,0.9564679080359473
3571,0.22833758181825975,0.20572862753842477,0.9564679080359473
3573,0.22833758181825975,0.20572862753842477,0.9564679080359473
3575,0.23421401144604675,0.20234447492324462,0.9506952036065224
3577,0.23421401144604675,0.20234447492324462,0.9506952036065224
3579,0.7570067856301738,2.284304172850291,-1.5452218437064087
3581,0.7570067856301738,2.284304172850291,-1.5452218437064087
3583,0.7570067856301738,2.284304172850291,-1.5452218437064087
3585,0.7570067856301738,2.284304172850291,-1.5452218437064087
3587,0.7570067856301738,2.284304172850291,-1.5452218437064087
3589,0.7570067856301738,2.284304172850291,-1.5452218437064087
3591,0.7570067856301738,2.284304172850291,-1.5452218437064087
3593,0.7570067856301738,2.284304172850291,-1.5452218437064087
3595,0.7570067856301738,2.284304172850291,-1.5452218437064087
3597,0.7570067856301738,2.284304172850291,-1.5452218437064087
3599,0.7570067856301738,2.284304172850291,-1.5452218437064087
3601,0.7570067856301738,2.284304172850291,-1.5452218437064087
3603,0.7570067856301738,2.284304172850291,-1.5452218437064087
3605,0.7570067856301738,2.284304172850291,-1.5452218437064087
3607,0.7570067856301738,2.284304172850291,-1.5452218437064087
3613,-0.31575161518853606,-1.016699856326643,-0.8705646072560264
3615,-0.1449364512560367,-0.9022581518149116,-0.8541171695900771
3617,-0.1419947860472143,-0.9158350570834108,-0.8660668759267278
3619,-0.14452803462991523,-0.9550264415224081,-0.8935066858091582
3621,0.22464355979185488,-0.9743202763753064,-0.6773570939330154
3623,0.22464355979185488,-0.9743202763753064,-0.6773570939330154
3625,0.22464355979185488,-0.9743202763753064,-0.6773570939330154
3627,0.38883590944321605,-0.8872184068200437,-0.7433957437280887
3629,0.38883590944321605,-0.8872184068200437,-0.7433957437280887
3631,0.7272730563085933,-0.06759820918806868,0.9297235719357888
3633,0.7273357278160042,-0.06768770720181821,0.9296215515915425
3635,0.7568809762273209,-0.1360306286286067,0.9516338143164546
3637,0.7568809762273209,-0.1360306286286067,0.9516338143164546
3639,0.7568809762273209,-0.1360306286286067,0.9516338143164546
3641,0.7568809762273209,-0.1360306286286067,0.9516338143164546
3643,0.7568469869262474,-0.1360523183625595,0.9516242067870341
3645,0.7568469869262474,-0.1360523183625595,0.9516242067870341
3647,0.7742179010994307,-0.15576445905948405,0.958576872228446
3649,0.8117775144145588,-0.12599857403031442,0.952452226400516
3651,0.8015304820924268,-0.13524588275631266,0.9432614005460762
3653,0.8036056655020452,-0.13616436924438555,0.9497807845458183
3655,0.8079808848389334,-0.13039004107260485,0.946077634280493
3657,0.8022293914847373,-0.13588685580007873,0.9423292758205103
3659,-0.40437423990650906,4.537703256724211,-2.111669428359891
3661,-0.40437423990650906,4.537703256724211,-2.111669428359891
3663,-0.4306203954785656,4.329753841456235,-2.021140055778925
3665,-0.4062749803194478,4.525208771608915,-2.105512360567402
3667,-0.42574543110946445,4.361511607250712,-2.0368017105221172
3669,-0.42574543110946445,4.361511607250712,-2.0368017105221172
3671,-0.42574543110946445,4.361511607250712,-2.0368017105221172
3673,-0.42574543110946445,4.361511607250712,-2.0368017105221172
3675,-0.42574543110946445,4.361511607250712,-2.0368017105221172
3677,-0.42574543110946445,4.361511607250712,-2.0368017105221172
3679,-0.42574543110946445,4.361511607250712,-2.0368017105221172
3681,-0.4306203954785656,4.329753841456235,-2.021140055778925
3683,-0.42574543110946445,4.361511607250712,-2.0368017105221172
3685,-0.4306203954785656,4.329753841456235,-2.021140055778925
3687,-0.42574543110946445,4.361511607250712,-2.0368017105221172
3689,-0.4306203954785656,4.329753841456235,-2.021140055778925
3691,-0.42574543110946445,4.361511607250712,-2.0368017105221172
3693,-0.4306203954785656,4.329753841456235,-2.021140055778925
3695,-0.42275550943951273,4.331502955823346,-2.0168006104569383
3697,-0.4438136182272726,4.437716642819498,-2.0607476237575777
3699,-0.5910922550670824,4.989236504865632,-2.4405090354998844
3701,-0.44317102324330343,4.3791079349914135,-2.025355929131422
3703,-0.5910922550670824,4.989236504865632,-2.4405090354998844
3705,-0.44317102324330343,4.3791079349914135,-2.025355929131422
3707,-0.44317102324330343,4.3791079349914135,-2.025355929131422
3709,-0.44674599344679194,4.485724402147348,-2.0913704324362032
3711,-0.4427788401070929,4.511915464416921,-2.1042711919580293
3713,-0.4554472803488475,4.428350791282766,-2.0631104595932164
3715,-0.4554472803488475,4.428350791282766,-2.0631104595932164
3717,-0.4573401935207405,4.415882830395401,-2.0569692676556968
3719,-0.4525805713820335,4.447241931336898,-2.0724154616364796
3721,-0.4573401935207405,4.415882830395401,-2.0569692676556968
3723,-0.46385388124385757,4.373016505737899,-2.035855218856592
3725,-0.46477058694874746,4.366988359546945,-2.032886033957971
3727,-0.46477058694874746,4.366988359546945,-2.032886033957971
3729,-0.46477058694874746,4.366988359546945,-2.032886033957971
3731,-0.46477058694874746,4.366988359546945,-2.032886033957971
3733,-0.4684038353549711,4.343107997578135,-2.0211237077761757
3735,-0.47109417646892754,4.325436978252405,-2.0124198403811637
3737,-0.47109417646892754,4.325436978252405,-2.0124198403811637
3739,-0.4928238228802794,4.116793528590476,-1.9027059785622293
3741,-0.4928238228802794,4.116793528590476,-1.9027059785622293
3743,-0.4928238228802794,4.116793528590476,-1.9027059785622293
3745,-0.4928238228802794,4.116793528590476,-1.9027059785622293
3747,-0.4936022870687934,4.111725307548291,-1.9002102243661172
3749,0.2440957371561113,-0.8810772318549133,-1.0058321259814773
3751,0.2440957371561113,-0.8810772318549133,-1.0058321259814773
3753,0.2440957371561113,-0.8810772318549133,-1.0058321259814773
3755,0.39320846375783175,-0.9367514932507319,-0.7346109341926742
3757,0.4199452466608067,-0.9205943496263966,-0.7339727031513179
3759,0.4002291630364459,-0.9242772549108667,-0.7271755276954371
3761,0.41491398103591726,-0.8910216261371248,-0.7283876445408793
3763,0.41491398103591726,-0.8910216261371248,-0.7283876445408793
3765,0.4162376698095527,-0.8745069388271455,-0.7365560352898952
3767,0.4162376698095527,-0.8745069388271455,-0.7365560352898952
3769,0.4256870800006263,-0.868288333474889,-0.7359131312890586
3771,0.4256870800006263,-0.868288333474889,-0.7359131312890586
3773,0.42550427215223835,-0.8688761224455014,-0.7363191666640259
3775,0.42550427215223835,-0.8688761224455014,-0.7363191666640259
3777,0.5792943922647981,-0.9240790273147649,-0.4892198318557554
3779,0.5742176598041605,-0.9197814597852848,-0.4933091057304537
3781,0.5735618576448814,-0.9204981281018776,-0.493553657750948
3783,0.6171962162644614,-0.9309593889922703,-0.42931882343659405
3785,0.6171962162644614,-0.9309593889922703,-0.42931882343659405
3787,0.6164805713435513,-0.9304311971848855,-0.42864634929387685
3789,0.6164805713435513,-0.9304311971848855,-0.42864634929387685
3791,0.6164805713435513,-0.9304311971848855,-0.42864634929387685
3793,0.6155846211560694,-0.9303293144087484,-0.4281500227462161
3795,0.6154056715988533,-0.9303089576974599,-0.42805088447968825
3797,0.6104586717279552,-0.9274141036652932,-0.44028844023279623
3799,0.6104586717279552,-0.9274141036652932,-0.44028844023279623
3801,0.6104586717279552,-0.9274141036652932,-0.44028844023279623
3803,0.6114768660645482,-0.9209429003784169,-0.4354248723800071
3805,0.6576043872670919,-0.9487368587766917,-0.344136208311338
3807,0.6307864353799675,-0.9476245306425848,-0.37934180428239894
3837,0.8539880180245344,-0.9441316173686305,-0.10959884890186264
3839,0.8541411672733673,-0.944752905638408,-0.11018820197853182
3841,0.8541411672733673,-0.944752905638408,-0.11018820197853182
3843,0.8496759366747828,-0.9459673926710929,-0.11570344439272987
3845,0.8496759366747828,-0.9459673926710929,-0.11570344439272987
3847,0.8042056084788624,-0.9329394559299108,-0.15435238788590733
3849,0.8046295744068964,-0.9336177136977407,-0.15517432534546843
3851,-0.689264398419736,1.7324803211028594,0.44739324768575184
3853,-0.6913909658575993,1.7244107038725789,0.44690156315779483
3855,-0.689552799159682,1.7313854741418289,0.4473266965493979
3857,-0.6909899855232682,1.7259316876718076,0.4469944437049383
3859,-0.6913337211510178,1.7246278251995524,0.4469148277813953
3861,-1.0230078210905873,0.4847409191241688,0.4057847317789926
3863,-1.0165215162489853,0.489326505389419,0.4069974289240064
3865,-1.0230223788161097,0.4847014988528913,0.4057772191680891
3867,-1.0164922768632914,0.4894053099846625,0.4070124636394745
3869,-0.9951413697420344,0.5711850479317836,0.4341621423030968
3871,-0.9686871591244519,0.6551000785043694,0.4812342623380761
3873,-0.995751805131488,0.5694738573622522,0.4338300018099439
3875,-0.9686232865767291,0.655283650117697,0.48127290995880667
3877,-0.9686871591244519,0.6551000785043694,0.4812342623380761
3879,-1.0497047365883785,0.43151306880163576,0.4310681897609356
3881,-0.9686871591244519,0.6551000785043694,0.4812342623380761
3883,-1.0492906562005262,0.43260788427270486,0.4313292706171465
3885,-1.0472479367543834,0.5034547656722268,0.3928601081815716
3887,-1.0472479367543834,0.5034547656722268,0.3928601081815716
3889,-1.0472479367543834,0.5034547656722268,0.3928601081815716
3891,-1.0472479367543834,0.5034547656722268,0.3928601081815716
3893,-1.0473063007100707,0.5032875707704145,0.3928307546362061
3895,-1.0473063007100707,0.5032875707704145,0.3928307546362061
3897,-1.0474035250321287,0.5030090749564946,0.3927818551091789
3899,-1.0474812604823507,0.5027864242931717,0.392742756216254
3901,-1.0474035250321287,0.5030090749564946,0.3927818551091789
3903,-1.0474035250321287,0.5030090749564946,0.3927818551091789
3905,0.6031728218189251,-0.6078030429986011,-0.39959217450180134
3907,0.7030422500619941,-0.6613823941358028,-0.2691045577005201
3909,0.694931041932402,-0.6607230603884521,-0.2788419298791512
3911,0.7030868877871153,-0.6614241063970007,-0.2691551759263251
3913,0.7185545424299119,-0.6716359969744579,-0.2523463164557664
3915,0.7030982620269799,-0.6614186560920041,-0.2691598653251036
3917,0.7196104652844667,-0.6706550356526578,-0.25585229138003734
3919,0.7154783287493374,-0.6726129001786816,-0.2536310766324996
3921,0.7201135307734396,-0.6875396540853942,-0.23721749286344904
3923,0.7168914776609319,-0.6871507019093483,-0.24148070494046886
3925,0.7169531804021161,-0.6871236730139275,-0.2415066342463778
3927,0.7201135307734396,-0.6875396540853942,-0.23721749286344904
3929,0.719881719115965,-0.6875320663664496,-0.23705719255076518
3931,0.7193285676304828,-0.6856884743686903,-0.23915622518136243
3933,0.7193285676304828,-0.6856884743686903,-0.23915622518136243
3935,0.7172466670413347,-0.6877942063948485,-0.23907558716959154
3937,0.7120497035344512,-0.690011356254471,-0.24495546576519817
3939,0.7169011479600063,-0.6882664730910264,-0.24379623130054195
3941,0.7179585885229544,-0.6870863445527318,-0.23844109360585722
3943,0.7179786654606718,-0.6870777408289783,-0.23844955642320534
3945,0.7158091656491038,-0.6888531584751426,-0.24304526572765042
3947,0.7160045640773598,-0.6896936795054052,-0.2415643953846069
3949,0.7144358028096829,-0.689815876438263,-0.24265448618847768
3951,0.7149567067540528,-0.6898498400876583,-0.24233391607508
3953,0.7130322982097362,-0.6889933984794341,-0.2445282141504713
3955,0.7132530601922445,-0.6889691102672829,-0.2449918755365737
3957,0.7082413968891871,-0.6904475089806186,-0.24874532102785862
3959,0.7082413968891871,-0.6904475089806186,-0.24874532102785862
3961,0.7087400695733963,-0.6961510555961566,-0.25183138072424566
3963,0.7125040823476462,-0.6406732804669389,-0.24508322522624865
3965,0.7129241813249392,-0.6406654337259207,-0.24552655580701271
3967,0.7124310860026701,-0.6406024453147239,-0.24499344819005844
3969,0.7124310860026701,-0.6406024453147239,-0.24499344819005844
3971,-1.1702721837653594,1.6883550897144102,-1.2999798204888597
3973,-1.1702721837653594,1.6883550897144102,-1.2999798204888597
3975,-1.1702721837653594,1.6883550897144102,-1.2999798204888597
3977,-1.1757170377637012,1.6409198142016226,-1.2639036057666049
3979,-1.1757170377637012,1.6409198142016226,-1.2639036057666049
3981,-1.1757170377637012,1.6409198142016226,-1.2639036057666049
3983,-1.1806780751425334,1.5976995230853186,-1.2310330366423712
3985,-1.3996017485815468,-0.30955175840234317,0.21949942082581542
3987,-1.3996017485815468,-0.30955175840234317,0.21949942082581542
3989,-1.3996017485815468,-0.30955175840234317,0.21949942082581542
3991,-1.3996017485815468,-0.30955175840234317,0.21949942082581542
3993,-1.3996017485815468,-0.30955175840234317,0.21949942082581542
3995,-1.3996017485815468,-0.30955175840234317,0.21949942082581542
3997,-1.3996017485815468,-0.30955175840234317,0.21949942082581542
3999,-1.3996017485815468,-0.30955175840234317,0.21949942082581542
4001,-1.3996017485815468,-0.30955175840234317,0.21949942082581542
4003,-1.3996017485815468,-0.30955175840234317,0.21949942082581542
4005,-1.3996017485815468,-0.30955175840234317,0.21949942082581542
4007,-1.3996017485815468,-0.30955175840234317,0.21949942082581542
4009,-1.3996017485815468,-0.30955175840234317,0.21949942082581542
4011,-1.3996017485815468,-0.30955175840234317,0.21949942082581542
4013,-1.3996017485815468,-0.30955175840234317,0.21949942082581542
4015,-1.3996017485815468,-0.30955175840234317,0.21949942082581542
4017,-1.3996017485815468,-0.30955175840234317,0.21949942082581542
4019,-1.3996017485815468,-0.30955175840234317,0.21949942082581542
4021,-1.3996017485815468,-0.30955175840234317,0.21949942082581542
4023,-1.3996017485815468,-0.30955175840234317,0.21949942082581542
4025,-1.3996017485815468,-0.30955175840234317,0.21949942082581542
4027,-1.3996017485815468,-0.30955175840234317,0.21949942082581542
4029,-1.3996017485815468,-0.30955175840234317,0.21949942082581542
4031,-1.3996017485815468,-0.30955175840234317,0.21949942082581542
4033,-1.3996017485815468,-0.30955175840234317,0.21949942082581542
4035,-1.3996017485815468,-0.30955175840234317,0.21949942082581542
4037,-1.3996017485815468,-0.30955175840234317,0.21949942082581542
4039,-1.3996017485815468,-0.30955175840234317,0.21949942082581542
4041,-0.36381924432908785,-0.7981166073640817,-0.6608559898080352
4043,-0.38858329014620807,-0.7912357797352683,-0.6437848680914646
4045,-0.38858329014620807,-0.7912357797352683,-0.6437848680914646
4047,-0.38858329014620807,-0.7912357797352683,-0.6437848680914646
4049,-0.40688238217634,-0.7860065196093728,-0.6310509604404274
4051,-0.40191160898994716,-0.7874393452608341,-0.634520190069176
4053,-0.40191160898994716,-0.7874393452608341,-0.634520190069176
4055,-0.40191160898994716,-0.7874393452608341,-0.634520190069176
4057,-0.40191160898994716,-0.7874393452608341,-0.634520190069176
4059,-0.40191160898994716,-0.7874393452608341,-0.634520190069176
4061,-0.40191160898994716,-0.7874393452608341,-0.634520190069176
4063,-0.39864601415197753,-0.7899830167198174,-0.6376112335574402
4065,-0.41732589956553817,-0.784535187628664,-0.6245228752648537
4067,-0.43104055839814603,-0.7804506576010195,-0.6148435929081323
4069,-0.43252527869508034,-0.780004119112217,-0.6137921426847144
4071,-0.43252527869508034,-0.780004119112217,-0.6137921426847144
4073,-0.43252527869508034,-0.780004119112217,-0.6137921426847144
4075,-0.43252527869508034,-0.780004119112217,-0.6137921426847144
4077,-0.43252527869508034,-0.780004119112217,-0.6137921426847144
4079,-0.43252527869508034,-0.780004119112217,-0.6137921426847144
4081,-0.43252527869508034,-0.780004119112217,-0.6137921426847144
4083,-0.43252527869508034,-0.780004119112217,-0.6137921426847144
4085,0.9386367131396899,0.07418875177949015,-1.4427745096433182
4087,0.814305700622875,-0.250512423181421,0.005355356775182058
4089,0.814305700622875,-0.250512423181421,0.005355356775182058
4091,0.7703859023633571,-0.2946862030553745,-0.0640357964716245
4093,0.7570468758237343,-0.30996752932509564,-0.0823079808630844
4095,0.5190343941154019,-0.36541325152043047,-0.3127637676007795
4097,0.36678161539253834,-0.5998609190432576,-0.9244974930942839
4099,0.36678161539253834,-0.5998609190432576,-0.9244974930942839
4101,0.36678161539253834,-0.5998609190432576,-0.9244974930942839
4103,0.36678161539253834,-0.5998609190432576,-0.9244974930942839
4105,0.36678161539253834,-0.5998609190432576,-0.9244974930942839
4107,0.38056020938963037,-0.6191734421178162,-0.9408074503262611
4109,0.23453403218096144,-0.57122396511899,-0.8599954933716321
4111,0.23275197806572293,-0.5704194807330397,-0.8584022288233136
4113,0.23275197806572293,-0.5704194807330397,-0.8584022288233136
4115,0.23275197806572293,-0.5704194807330397,-0.8584022288233136
4117,0.27558202557183753,-0.4256189942614588,-0.9921416033207591
4119,0.819184676543025,-0.31625357991497643,0.6883481724271385
4121,0.8163562162035864,-0.31754408720590516,0.6885331456957074
4123,0.8163562162035864,-0.31754408720590516,0.6885331456957074
4125,0.780034776134604,-0.33550115612656534,0.6659133376398827
4127,0.780034776134604,-0.33550115612656534,0.6659133376398827
4129,0.7798941203307395,-0.33557797499378433,0.6659132955054343
4131,0.7800389889928137,-0.33559435279689037,0.6658516764681573
4133,0.7830983244221124,-0.3361458324768254,0.6661822877052795
4135,0.7770781789683627,-0.33482700710609176,0.6609620087968964
4137,0.7770781789683627,-0.33482700710609176,0.6609620087968964
4139,0.7770781789683627,-0.33482700710609176,0.6609620087968964
4141,0.7770781789683627,-0.33482700710609176,0.6609620087968964
4143,0.7784719619337034,-0.33629827141786706,0.6613170021081954
4145,0.7784719619337034,-0.33629827141786706,0.6613170021081954
4147,0.7784719619337034,-0.33629827141786706,0.6613170021081954
4149,0.7784719619337034,-0.33629827141786706,0.6613170021081954
4151,0.7784719619337034,-0.33629827141786706,0.6613170021081954
4153,0.7830983244221124,-0.3361458324768254,0.6661822877052795
4155,0.8044436426851933,-0.32786792775142864,0.6281124704164971
4159,0.8044436426851933,-0.32786792775142864,0.6281124704164971
4161,0.8044436426851933,-0.32786792775142864,0.6281124704164971
4163,0.8044436426851933,-0.32786792775142864,0.6281124704164971
4165,0.8917586786556981,-0.0021773386702453493,-0.03430680847530807
4167,-1.332249737502131,-0.25532902699773746,0.23317884040305023
4169,-1.332249737502131,-0.25532902699773746,0.23317884040305023
4171,-1.3325691764244247,-0.2555861960206982,0.2331139612854511
4173,-1.3329379988733994,-0.2558831219812779,0.23303905220778331
4175,-1.3332508773603307,-0.2561350094288429,0.23297550553663232
4177,-1.3332508773603307,-0.2561350094288429,0.23297550553663232
4179,-1.3332508773603307,-0.2561350094288429,0.23297550553663232
4181,-1.3332508773603307,-0.2561350094288429,0.23297550553663232
4183,-1.3332508773603307,-0.2561350094288429,0.23297550553663232
4185,-1.3332508773603307,-0.2561350094288429,0.23297550553663232
4187,-1.3332508773603307,-0.2561350094288429,0.23297550553663232
4189,-1.3332508773603307,-0.2561350094288429,0.23297550553663232
4191,-1.3332508773603307,-0.2561350094288429,0.23297550553663232
4193,-1.3332508773603307,-0.2561350094288429,0.23297550553663232
4195,-1.3333027349315436,-0.25617675813255825,0.23296497308981284
4197,-1.3325691764244247,-0.2555861960206982,0.2331139612854511
4199,-1.3313276806637395,-0.25458671151989815,0.23336611324263243
4201,-1.2210201513166155,-0.16578200561969453,0.2557699427984899
4203,-1.2210201513166155,-0.16578200561969453,0.2557699427984899
4205,-1.2210201513166155,-0.16578200561969453,0.2557699427984899
4207,-1.2210201513166155,-0.16578200561969453,0.2557699427984899
4209,-1.2210201513166155,-0.16578200561969453,0.2557699427984899
4211,-1.220816906033804,-0.16561838000254558,0.2558112225978025
4213,-1.220816906033804,-0.16561838000254558,0.2558112225978025
4215,-1.220816906033804,-0.16561838000254558,0.2558112225978025
4217,-1.220816906033804,-0.16561838000254558,0.2558112225978025
4219,-1.220816906033804,-0.16561838000254558,0.2558112225978025
4221,-1.2216268812215685,-0.1662704624919421,0.25564671391776467
4223,-1.2216268812215685,-0.1662704624919421,0.25564671391776467
4225,-1.2216268812215685,-0.1662704624919421,0.25564671391776467
4227,-1.2216268812215685,-0.1662704624919421,0.25564671391776467
4229,-1.2216268812215685,-0.1662704624919421,0.25564671391776467
4231,-1.2216268812215685,-0.1662704624919421,0.25564671391776467
4233,-1.2216268812215685,-0.1662704624919421,0.25564671391776467
4235,-1.2216268812215685,-0.1662704624919421,0.25564671391776467
4237,-1.2216268812215685,-0.1662704624919421,0.25564671391776467
4239,-1.2216268812215685,-0.1662704624919421,0.25564671391776467
4241,-1.2216268812215685,-0.1662704624919421,0.25564671391776467
4243,-1.2216268812215685,-0.1662704624919421,0.25564671391776467
4245,-1.2216268812215685,-0.1662704624919421,0.25564671391776467
4247,-1.2216268812215685,-0.1662704624919421,0.25564671391776467
4249,-1.2216268812215685,-0.1662704624919421,0.25564671391776467
4251,-1.2216268812215685,-0.1662704624919421,0.25564671391776467
4253,-1.2226281966169508,-0.16707658624184918,0.2554433433991556
4255,-1.2226281966169508,-0.16707658624184918,0.2554433433991556
4257,-1.2226281966169508,-0.16707658624184918,0.2554433433991556
4259,-1.2226281966169508,-0.16707658624184918,0.2554433433991556
4261,-1.2195867720909261,-0.164628042501001,0.25606106693164143
4263,-1.2195867720909261,-0.164628042501001,0.25606106693164143
4265,-1.2195867720909261,-0.164628042501001,0.25606106693164143
4267,-1.2195867720909261,-0.164628042501001,0.25606106693164143
4269,-1.2195867720909261,-0.164628042501001,0.25606106693164143
4271,-1.2195867720909261,-0.164628042501001,0.25606106693164143
4273,-1.2195867720909261,-0.164628042501001,0.25606106693164143
4275,-1.2195867720909261,-0.164628042501001,0.25606106693164143
4277,-1.2195867720909261,-0.164628042501001,0.25606106693164143
4279,-1.2195867720909261,-0.164628042501001,0.25606106693164143
4281,-1.2167502616399686,-0.16234446786315904,0.2566371717275039
4283,-1.2167502616399686,-0.16234446786315904,0.2566371717275039
4285,-1.2167502616399686,-0.16234446786315904,0.2566371717275039
4287,-1.2167502616399686,-0.16234446786315904,0.2566371717275039
4289,-1.0824091042142943,-0.04072229765164755,0.35527387881982064
4291,-1.0824091042142943,-0.04072229765164755,0.35527387881982064
4293,-1.082427750249815,-0.04073880121740789,0.3552621862465035
4295,-1.0821290842561933,-0.04047443916339658,0.35544954513235705
4297,-1.0749747952909932,-0.03569893887078108,0.35168895791130655
4299,-1.0858495925987994,-0.045245686291325714,0.345285500537428
4301,-1.0858495925987994,-0.045245686291325714,0.345285500537428
4303,-1.0858495925987994,-0.045245686291325714,0.345285500537428
4305,-1.0858495925987994,-0.045245686291325714,0.345285500537428
4307,-1.0858495925987994,-0.045245686291325714,0.345285500537428
4309,-1.0858495925987994,-0.045245686291325714,0.345285500537428
4311,-1.086213860763,-0.0455648520856888,0.34507427690270176
4313,-1.086213860763,-0.0455648520856888,0.34507427690270176
4315,-1.0824836719117992,-0.04078829669027682,0.3552271223845433
4317,-1.0824836719117992,-0.04078829669027682,0.3552271223845433
4319,-1.086213860763,-0.0455648520856888,0.34507427690270176
4321,-1.0824836719117992,-0.04078829669027682,0.3552271223845433
4323,-1.081904622500634,-0.04027573959544376,0.35559045419836566
4325,-1.0862771039793415,-0.04562026071931905,0.3450376262280307
4327,-1.081904622500634,-0.04027573959544376,0.35559045419836566
4329,-1.0862771039793415,-0.04562026071931905,0.3450376262280307
4331,-1.081904622500634,-0.04027573959544376,0.35559045419836566
4333,-1.0862771039793415,-0.04562026071931905,0.3450376262280307
4335,-1.081904622500634,-0.04027573959544376,0.35559045419836566
4337,-1.0862771039793415,-0.04562026071931905,0.3450376262280307
4339,-1.0862771039793415,-0.04562026071931905,0.3450376262280307
4341,-1.081904622500634,-0.04027573959544376,0.35559045419836566
4343,-1.081904622500634,-0.04027573959544376,0.35559045419836566
4345,-1.081904622500634,-0.04027573959544376,0.35559045419836566
4347,-1.081904622500634,-0.04027573959544376,0.35559045419836566
4349,-1.0862771039793415,-0.04562026071931905,0.3450376262280307
4351,-1.081904622500634,-0.04027573959544376,0.35559045419836566
4353,-1.0871748714738103,-0.0464066839594796,0.344518033922668
4355,-1.081904622500634,-0.04027573959544376,0.35559045419836566
4357,-1.081904622500634,-0.04027573959544376,0.35559045419836566
4359,-0.680130416463099,0.028270825370447207,0.6916680820043498
4361,-0.7220049532532495,-0.0004490917213501334,0.6684462267287397
4363,0.1449622580434749,0.7285195832063484,2.6910060856458635
4365,0.1449622580434749,0.7285195832063484,2.6910060856458635
4367,0.1449622580434749,0.7285195832063484,2.6910060856458635
4369,0.1449622580434749,0.7285195832063484,2.6910060856458635
4371,0.1449622580434749,0.7285195832063484,2.6910060856458635
4373,0.1449622580434749,0.7285195832063484,2.6910060856458635
4375,0.1449622580434749,0.7285195832063484,2.6910060856458635
4377,0.1449622580434749,0.7285195832063484,2.6910060856458635
4379,0.1449622580434749,0.7285195832063484,2.6910060856458635
4381,0.1449622580434749,0.7285195832063484,2.6910060856458635
4383,0.1449622580434749,0.7285195832063484,2.6910060856458635
4385,0.1449622580434749,0.7285195832063484,2.6910060856458635
4387,0.1449622580434749,0.7285195832063484,2.6910060856458635
4389,0.1449622580434749,0.7285195832063484,2.6910060856458635
4391,0.1449622580434749,0.7285195832063484,2.6910060856458635
4393,0.1449622580434749,0.7285195832063484,2.6910060856458635
4395,0.1449622580434749,0.7285195832063484,2.6910060856458635
4397,0.1449622580434749,0.7285195832063484,2.6910060856458635
4399,0.1449622580434749,0.7285195832063484,2.6910060856458635
4401,0.1449622580434749,0.7285195832063484,2.6910060856458635
4403,0.1449622580434749,0.7285195832063484,2.6910060856458635
4405,0.1449622580434749,0.7285195832063484,2.6910060856458635
4407,0.1449622580434749,0.7285195832063484,2.6910060856458635
4409,0.1449622580434749,0.7285195832063484,2.6910060856458635
4411,0.1449622580434749,0.7285195832063484,2.6910060856458635
4413,0.1449622580434749,0.7285195832063484,2.6910060856458635
4415,0.1449622580434749,0.7285195832063484,2.6910060856458635
4417,0.1449622580434749,0.7285195832063484,2.6910060856458635
4419,0.1449622580434749,0.7285195832063484,2.6910060856458635
4421,0.1449622580434749,0.7285195832063484,2.6910060856458635
4423,0.1449622580434749,0.7285195832063484,2.6910060856458635
4425,0.1449622580434749,0.7285195832063484,2.6910060856458635
4427,0.1449622580434749,0.7285195832063484,2.6910060856458635
4429,0.1449622580434749,0.7285195832063484,2.6910060856458635
4431,0.1449622580434749,0.7285195832063484,2.6910060856458635
4433,0.1449622580434749,0.7285195832063484,2.6910060856458635
4435,0.1449622580434749,0.7285195832063484,2.6910060856458635
4437,0.1449622580434749,0.7285195832063484,2.6910060856458635
4439,0.1449622580434749,0.7285195832063484,2.6910060856458635
4441,0.1449622580434749,0.7285195832063484,2.6910060856458635
4443,0.1449622580434749,0.7285195832063484,2.6910060856458635
4445,0.1449622580434749,0.7285195832063484,2.6910060856458635
4447,0.1449622580434749,0.7285195832063484,2.6910060856458635
4449,0.1449622580434749,0.7285195832063484,2.6910060856458635
4451,0.1449622580434749,0.7285195832063484,2.6910060856458635
4453,0.1449622580434749,0.7285195832063484,2.6910060856458635
4455,0.1449622580434749,0.7285195832063484,2.6910060856458635
4457,0.1449622580434749,0.7285195832063484,2.6910060856458635
4459,0.1449622580434749,0.7285195832063484,2.6910060856458635
4461,0.1449622580434749,0.7285195832063484,2.6910060856458635
4463,0.1449622580434749,0.7285195832063484,2.6910060856458635
4465,0.1449622580434749,0.7285195832063484,2.6910060856458635
4467,0.1449622580434749,0.7285195832063484,2.6910060856458635
4469,0.1449622580434749,0.7285195832063484,2.6910060856458635
4471,0.1449622580434749,0.7285195832063484,2.6910060856458635
4473,0.1449622580434749,0.7285195832063484,2.6910060856458635
4475,0.1449622580434749,0.7285195832063484,2.6910060856458635
4477,0.1449622580434749,0.7285195832063484,2.6910060856458635
4479,0.1449622580434749,0.7285195832063484,2.6910060856458635
4481,0.1449622580434749,0.7285195832063484,2.6910060856458635
4483,0.1449622580434749,0.7285195832063484,2.6910060856458635
4485,0.1449622580434749,0.7285195832063484,2.6910060856458635
4487,0.14347056461879018,0.727321004801609,2.6889974770212555
4489,0.14347056461879018,0.727321004801609,2.6889974770212555
4491,0.14347056461879018,0.727321004801609,2.6889974770212555
4493,0.14347056461879018,0.727321004801609,2.6889974770212555
4495,0.14347056461879018,0.727321004801609,2.6889974770212555
4497,0.14347056461879018,0.727321004801609,2.6889974770212555
4499,0.14347056461879018,0.727321004801609,2.6889974770212555
4501,2.0063537903738613,1.121238528647443,4.442423786940759
4503,-1.1883438058536209,-0.13947543102855325,0.2624066182692775
4505,-1.1883438058536209,-0.13947543102855325,0.2624066182692775
4507,-1.1889597308366455,-0.13997129053422624,0.2622815218373246
4509,-1.1889597308366455,-0.13997129053422624,0.2622815218373246
4511,-1.1889597308366455,-0.13997129053422624,0.2622815218373246
4513,-1.1889597308366455,-0.13997129053422624,0.2622815218373246
4515,-1.1889597308366455,-0.13997129053422624,0.2622815218373246
4517,-1.1900929692642288,-0.14088362086989747,0.2620513573079585
4519,-1.1900929692642288,-0.14088362086989747,0.2620513573079585
4521,-1.1900929692642288,-0.14088362086989747,0.2620513573079585
4523,-1.1899195154371875,-0.14074397930427815,0.26208658636258264
4525,-1.1899484467668984,-0.1407672708986187,0.2620807103123848
4527,-1.1899484467668984,-0.1407672708986187,0.2620807103123848
4529,-1.1899484467668984,-0.1407672708986187,0.2620807103123848
4531,-1.1902084265537793,-0.14097657146631917,0.2620279075448154
4533,-1.1902084265537793,-0.14097657146631917,0.2620279075448154
4535,-1.1901795756055709,-0.14095334458429407,0.2620337672692605
4537,-1.1901795756055709,-0.14095334458429407,0.2620337672692605
4539,-1.1901795756055709,-0.14095334458429407,0.2620337672692605
4541,-1.1901795756055709,-0.14095334458429407,0.2620337672692605
4543,-1.1901795756055709,-0.14095334458429407,0.2620337672692605
4545,-1.1901795756055709,-0.14095334458429407,0.2620337672692605
4547,-1.1901795756055709,-0.14095334458429407,0.2620337672692605
4549,-1.1901795756055709,-0.14095334458429407,0.2620337672692605
4551,-1.1901795756055709,-0.14095334458429407,0.2620337672692605
4553,-1.1901795756055709,-0.14095334458429407,0.2620337672692605
4555,-1.1901795756055709,-0.14095334458429407,0.2620337672692605
4557,-1.1901795756055709,-0.14095334458429407,0.2620337672692605
4559,-1.1901795756055709,-0.14095334458429407,0.2620337672692605
4561,-1.1901795756055709,-0.14095334458429407,0.2620337672692605
4563,-1.1901795756055709,-0.14095334458429407,0.2620337672692605
4565,-1.1905252000146453,-0.14123159462018392,0.2619635697913814
4567,-1.1905252000146453,-0.14123159462018392,0.2619635697913814
4569,-1.1905252000146453,-0.14123159462018392,0.2619635697913814
4571,-1.3996017485815468,-0.30955175840234317,0.21949942082581542
4573,-1.3996017485815468,-0.30955175840234317,0.21949942082581542
4575,-1.3996017485815468,-0.30955175840234317,0.21949942082581542
4577,-1.3996017485815468,-0.30955175840234317,0.21949942082581542
4579,-1.3996017485815468,-0.30955175840234317,0.21949942082581542
4581,-1.3996017485815468,-0.30955175840234317,0.21949942082581542
4583,-1.3996017485815468,-0.30955175840234317,0.21949942082581542
4585,-1.3996017485815468,-0.30955175840234317,0.21949942082581542
4587,-1.3996017485815468,-0.30955175840234317,0.21949942082581542
4589,-1.3996017485815468,-0.30955175840234317,0.21949942082581542
4591,-1.3996017485815468,-0.30955175840234317,0.21949942082581542
4593,-1.3996017485815468,-0.30955175840234317,0.21949942082581542
4595,-1.1822365278371014,-0.13455867664816074,0.26364702693895
4597,-1.3996017485815468,-0.30955175840234317,0.21949942082581542
4599,-1.3996017485815468,-0.30955175840234317,0.21949942082581542
4601,-1.3996017485815468,-0.30955175840234317,0.21949942082581542
4603,-1.3996017485815468,-0.30955175840234317,0.21949942082581542
4605,-1.3996017485815468,-0.30955175840234317,0.21949942082581542
4607,-1.3996017485815468,-0.30955175840234317,0.21949942082581542
4609,-1.3996017485815468,-0.30955175840234317,0.21949942082581542
4611,-1.3996017485815468,-0.30955175840234317,0.21949942082581542
4613,-1.3996017485815468,-0.30955175840234317,0.21949942082581542
4615,-1.3996017485815468,-0.30955175840234317,0.21949942082581542
4617,-1.3996017485815468,-0.30955175840234317,0.21949942082581542
4619,-1.3996017485815468,-0.30955175840234317,0.21949942082581542
4621,-1.2038781513879122,-0.15198158536534112,0.25925154053639793
4623,-1.2031303832554048,-0.15137958358466544,0.2594034147546601
4625,-1.2031303832554048,-0.15137958358466544,0.2594034147546601
4627,-1.2047180516480502,-0.15265775947628793,0.25908095397369096
4629,-1.2047180516480502,-0.15265775947628793,0.25908095397369096
4631,-1.2047180516480502,-0.15265775947628793,0.25908095397369096
4633,-1.2092223973792822,-0.1562840495428177,0.25816610623282976
4653,-1.3309961116305293,-0.2543197769719653,0.23343345602648408
4655,-1.3309961116305293,-0.2543197769719653,0.23343345602648408
4657,-1.3309961116305293,-0.2543197769719653,0.23343345602648408
4659,-1.3309961116305293,-0.2543197769719653,0.23343345602648408
4661,-1.3309961116305293,-0.2543197769719653,0.23343345602648408
4663,-1.3309961116305293,-0.2543197769719653,0.23343345602648408
4665,-1.3309961116305293,-0.2543197769719653,0.23343345602648408
4667,-1.3317647549860683,-0.25493858465929925,0.23327734198033817
4669,-1.332249737502131,-0.25532902699773746,0.23317884040305023
4671,-1.332249737502131,-0.25532902699773746,0.23317884040305023
4673,-1.3309405326066615,-0.25427503225781933,0.23344474431283216
4675,-1.332249737502131,-0.25532902699773746,0.23317884040305023
4677,-1.3309405326066615,-0.25427503225781933,0.23344474431283216
4679,-1.3309405326066615,-0.25427503225781933,0.23344474431283216
4681,-1.3309405326066615,-0.25427503225781933,0.23344474431283216
4683,-1.3309405326066615,-0.25427503225781933,0.23344474431283216
4685,-1.3322764751344243,-0.2553505525235686,0.2331734099001627
4687,-1.3322764751344243,-0.2553505525235686,0.2331734099001627
4689,-1.3322764751344243,-0.2553505525235686,0.2331734099001627
4691,-1.3322764751344243,-0.2553505525235686,0.2331734099001627
4693,-1.3996017485815468,-0.30955175840234317,0.21949942082581542
4695,-1.3996017485815468,-0.30955175840234317,0.21949942082581542
4697,-1.3996017485815468,-0.30955175840234317,0.21949942082581542
4699,-1.3996017485815468,-0.30955175840234317,0.21949942082581542
4701,-1.3996017485815468,-0.30955175840234317,0.21949942082581542
4703,-1.3996017485815468,-0.30955175840234317,0.21949942082581542
4705,-1.3996017485815468,-0.30955175840234317,0.21949942082581542
4707,-1.3996017485815468,-0.30955175840234317,0.21949942082581542
4709,-1.3996017485815468,-0.30955175840234317,0.21949942082581542
4711,-1.3996017485815468,-0.30955175840234317,0.21949942082581542
4713,0.1185868588602058,-0.5921726810417909,-0.7034911991746765
4715,0.1185868588602058,-0.5921726810417909,-0.7034911991746765
4717,0.1185868588602058,-0.5921726810417909,-0.7034911991746765
4719,0.1185868588602058,-0.5921726810417909,-0.7034911991746765
4721,0.1185868588602058,-0.5921726810417909,-0.7034911991746765
4723,0.09478455347243286,-0.589955910071794,-0.690718993951911
4725,0.09478455347243286,-0.589955910071794,-0.690718993951911
4727,0.12214038696820549,-0.6218792235667949,-0.7320099291332139
4729,0.12214038696820549,-0.6218792235667949,-0.7320099291332139
4731,0.12214038696820549,-0.6218792235667949,-0.7320099291332139
4733,0.12214038696820549,-0.6218792235667949,-0.7320099291332139
4735,0.12214038696820549,-0.6218792235667949,-0.7320099291332139
4737,0.23428864078340242,-0.5268314441406566,-0.7026920149946051
4739,0.23428864078340242,-0.5268314441406566,-0.7026920149946051
4741,0.1785972011110808,-0.5221438718822007,-0.6732190135294253
4743,0.23428864078340242,-0.5268314441406566,-0.7026920149946051
4745,0.19153511715525914,-0.523236325147473,-0.6800685872347673
4747,0.1797567798759182,-0.5222418736318569,-0.6738329823615133
4749,0.1797567798759182,-0.5222418736318569,-0.6738329823615133
4751,0.1797567798759182,-0.5222418736318569,-0.6738329823615133
4753,0.1797567798759182,-0.5222418736318569,-0.6738329823615133
4755,0.1785972011110808,-0.5221438718822007,-0.6732190135294253
4757,0.1785972011110808,-0.5221438718822007,-0.6732190135294253
4759,0.1785972011110808,-0.5221438718822007,-0.6732190135294253
4761,0.1785972011110808,-0.5221438718822007,-0.6732190135294253
4763,0.1785972011110808,-0.5221438718822007,-0.6732190135294253
4765,0.07698318803009628,-0.5087939665543518,-0.6083448034434162
4767,0.17513787411647072,-0.5218514014641218,-0.6713873053278885
4769,0.07800839243181203,-0.508880570834464,-0.6088869282775313
4771,0.07800839243181203,-0.508880570834464,-0.6088869282775313
4773,0.07800839243181203,-0.508880570834464,-0.6088869282775313
4775,0.07800839243181203,-0.508880570834464,-0.6088869282775313
4777,0.07800839243181203,-0.508880570834464,-0.6088869282775313
4779,0.07800839243181203,-0.508880570834464,-0.6088869282775313
4781,0.07698318803009628,-0.5087939665543518,-0.6083448034434162
4783,0.07698318803009628,-0.5087939665543518,-0.6083448034434162
4785,0.07698318803009628,-0.5087939665543518,-0.6083448034434162
4787,0.07698318803009628,-0.5087939665543518,-0.6083448034434162
4789,0.07698318803009628,-0.5087939665543518,-0.6083448034434162
4793,-0.17885696361059256,0.34758068399648384,-1.8494302139373808
4795,-0.1550614941480287,0.32774749801012687,-1.8721664879504634
4797,-0.1550614941480287,0.32774749801012687,-1.8721664879504634
4799,-0.15927471502611112,0.317601390203104,-1.8596269325699624
4801,-0.16951940954618364,0.3844393983034432,-1.885641207574474
4803,-0.16951940954618364,0.3844393983034432,-1.885641207574474
4805,-0.16951940954618364,0.3844393983034432,-1.885641207574474
4807,-0.16951940954618364,0.3844393983034432,-1.885641207574474
4809,-0.17932088142843364,0.4401115986617013,-1.9055539409180515
4811,-0.17932088142843364,0.4401115986617013,-1.9055539409180515
4813,0.018145859243557903,0.5984740187511507,-1.8577799449263728
4815,0.018145859243557903,0.5984740187511507,-1.8577799449263728
4817,0.013356623865549904,0.5940162728982417,-1.851173148503915
4819,0.031506482529893576,0.545305565027179,-1.8319011998328343
4821,0.027458153071695836,0.5415696064313353,-1.8263622352634759
4823,0.027458153071695836,0.5415696064313353,-1.8263622352634759
4825,0.03639866274030668,0.5308561478809414,-1.8347723259739297
4827,0.0177460228430773,0.5790728231547332,-1.8532675753566605
4829,0.04976371960111375,-1.2530003402440058,-1.2302753803878392
4831,0.04976371960111375,-1.2530003402440058,-1.2302753803878392
4833,0.04976371960111375,-1.2530003402440058,-1.2302753803878392
4835,0.04976371960111375,-1.2530003402440058,-1.2302753803878392
4837,0.04976371960111375,-1.2530003402440058,-1.2302753803878392
4839,0.04976371960111375,-1.2530003402440058,-1.2302753803878392
4841,0.04976371960111375,-1.2530003402440058,-1.2302753803878392
4843,0.04976371960111375,-1.2530003402440058,-1.2302753803878392
4845,0.04976371960111375,-1.2530003402440058,-1.2302753803878392
4847,0.04976371960111375,-1.2530003402440058,-1.2302753803878392
4849,0.04976371960111375,-1.2530003402440058,-1.2302753803878392
4851,0.04976371960111375,-1.2530003402440058,-1.2302753803878392
4853,0.04976371960111375,-1.2530003402440058,-1.2302753803878392
4855,0.04976371960111375,-1.2530003402440058,-1.2302753803878392
4857,0.04976371960111375,-1.2530003402440058,-1.2302753803878392
4859,0.04976371960111375,-1.2530003402440058,-1.2302753803878392
4861,0.04976371960111375,-1.2530003402440058,-1.2302753803878392
4863,0.04976371960111375,-1.2530003402440058,-1.2302753803878392
4865,0.04976371960111375,-1.2530003402440058,-1.2302753803878392
4867,0.5136527923766221,0.21227343796634043,-0.7132807063066877
4869,0.4095867124219494,0.06559566484588131,-0.7214082022797234
4871,0.3957539082447562,0.14757013259425192,-0.7860843015345501
4873,0.3957539082447562,0.14757013259425192,-0.7860843015345501
4875,0.3957539082447562,0.14757013259425192,-0.7860843015345501
4877,0.7614928143475842,-1.0137964735445768,-0.42781451524769487
4879,0.7614928143475842,-1.0137964735445768,-0.42781451524769487
4881,0.7613749587798765,-1.0137858148934467,-0.4277489879660953
4883,0.7613928647047556,-1.013787705897862,-0.4277591028571937
4885,0.7613181139645605,-1.0137855678171335,-0.4277211074408158
4887,0.761458437281521,-1.013637926310077,-0.4276624666547153
4889,0.7614663888398668,-1.0136387658598571,-0.4276669581294636
4891,0.7614663888398668,-1.0136387658598571,-0.4276669581294636
4893,0.7614663888398668,-1.0136387658598571,-0.4276669581294636
4895,0.7614663888398668,-1.0136387658598571,-0.4276669581294636
4897,0.7614663888398668,-1.0136387658598571,-0.4276669581294636
4899,0.7613780469257495,-1.0136691030123732,-0.4276488630135259
4901,0.7613780469257495,-1.0136691030123732,-0.4276488630135259
4903,0.7613780469257495,-1.0136691030123732,-0.4276488630135259
4905,0.7613780469257495,-1.0136691030123732,-0.4276488630135259
4907,0.7612625621615361,-1.0137044884248967,-0.42762178333727097
4909,0.7611623639668597,-1.0136974744328155,-0.42756727718532844
4911,0.7638279173927909,-1.014508070571091,-0.42331976478669553
4913,0.763819990321531,-1.0145072329748748,-0.42331528703151
4915,0.763819990321531,-1.0145072329748748,-0.42331528703151
4917,0.763819990321531,-1.0145072329748748,-0.42331528703151
4919,0.763819990321531,-1.0145072329748748,-0.42331528703151
4921,0.7646691747642438,-1.0144230473199671,-0.4236541719926609
4923,0.7646691747642438,-1.0144230473199671,-0.4236541719926609
4925,0.7646691747642438,-1.0144230473199671,-0.4236541719926609
4927,0.7644737966479008,-1.0144339621953358,-0.4235691186395463
4929,-0.7641821354046989,-0.3449037230964292,-0.48718351944080285
4931,-0.7641821354046989,-0.3449037230964292,-0.48718351944080285
4933,-0.7641821354046989,-0.3449037230964292,-0.48718351944080285
4935,-0.7641821354046989,-0.3449037230964292,-0.48718351944080285
4937,-0.7641821354046989,-0.3449037230964292,-0.48718351944080285
4939,-0.7661382390905039,-0.34554701850843106,-0.4848126776209348
4941,-0.7661382390905039,-0.34554701850843106,-0.4848126776209348
4943,-0.7661382390905039,-0.34554701850843106,-0.4848126776209348
4945,-0.7661382390905039,-0.34554701850843106,-0.4848126776209348
4947,-0.7661382390905039,-0.34554701850843106,-0.4848126776209348
4949,-0.7661382390905039,-0.34554701850843106,-0.4848126776209348
4951,-0.7702009331821694,-0.34686937032495047,-0.4798911173219578
4953,-0.7661382390905039,-0.34554701850843106,-0.4848126776209348
4955,-0.7661382390905039,-0.34554701850843106,-0.4848126776209348
4957,-0.7702009331821694,-0.34686937032495047,-0.4798911173219578
4959,-0.7687437162552284,-0.3463972011589676,-0.4816560019968454
4961,-0.7687437162552284,-0.3463972011589676,-0.4816560019968454
4963,-0.7702009331821694,-0.34686937032495047,-0.4798911173219578
4965,-0.7687437162552284,-0.3463972011589676,-0.4816560019968454
4967,-0.7687437162552284,-0.3463972011589676,-0.4816560019968454
4969,-0.7687437162552284,-0.3463972011589676,-0.4816560019968454
4971,-0.7702009331821694,-0.34686937032495047,-0.4798911173219578
4973,-0.7687437162552284,-0.3463972011589676,-0.4816560019968454
4975,-0.7661382390905039,-0.34554701850843106,-0.4848126776209348
4977,-0.7661382390905039,-0.34554701850843106,-0.4848126776209348
4979,-0.7702009331821694,-0.34686937032495047,-0.4798911173219578
4981,-0.7687437162552284,-0.3463972011589676,-0.4816560019968454
4983,-0.7661382390905039,-0.34554701850843106,-0.4848126776209348
4985,0.12456723471419007,-1.302149295434644,-1.3067566138581037
4987,0.12456723471419007,-1.302149295434644,-1.3067566138581037
4989,0.12456723471419007,-1.302149295434644,-1.3067566138581037
4991,0.12456723471419007,-1.302149295434644,-1.3067566138581037
4993,0.12456723471419007,-1.302149295434644,-1.3067566138581037
4995,0.12456723471419007,-1.302149295434644,-1.3067566138581037
4997,0.12456723471419007,-1.302149295434644,-1.3067566138581037
4999,0.12456723471419007,-1.302149295434644,-1.3067566138581037
5001,0.12456723471419007,-1.302149295434644,-1.3067566138581037
5003,0.12456723471419007,-1.302149295434644,-1.3067566138581037
5005,0.12456723471419007,-1.302149295434644,-1.3067566138581037
5007,0.12456723471419007,-1.302149295434644,-1.3067566138581037
5009,0.12456723471419007,-1.302149295434644,-1.3067566138581037
5011,0.12456723471419007,-1.302149295434644,-1.3067566138581037
5013,0.12456723471419007,-1.302149295434644,-1.3067566138581037
5015,0.12456723471419007,-1.302149295434644,-1.3067566138581037
5017,0.12456723471419007,-1.302149295434644,-1.3067566138581037
5019,0.12456723471419007,-1.302149295434644,-1.3067566138581037
5021,0.12456723471419007,-1.302149295434644,-1.3067566138581037
5023,0.12456723471419007,-1.302149295434644,-1.3067566138581037
5025,0.12456723471419007,-1.302149295434644,-1.3067566138581037
5027,0.12456723471419007,-1.302149295434644,-1.3067566138581037
5029,0.12456723471419007,-1.302149295434644,-1.3067566138581037
5031,0.12456723471419007,-1.302149295434644,-1.3067566138581037
5033,0.12456723471419007,-1.302149295434644,-1.3067566138581037
5035,0.12456723471419007,-1.302149295434644,-1.3067566138581037
5037,0.12456723471419007,-1.302149295434644,-1.3067566138581037
5039,0.12456723471419007,-1.302149295434644,-1.3067566138581037
5041,0.12456723471419007,-1.302149295434644,-1.3067566138581037
5043,0.12456723471419007,-1.302149295434644,-1.3067566138581037
5045,0.12456723471419007,-1.302149295434644,-1.3067566138581037
5047,0.12456723471419007,-1.302149295434644,-1.3067566138581037
5049,0.12456723471419007,-1.302149295434644,-1.3067566138581037
5051,0.12456723471419007,-1.302149295434644,-1.3067566138581037
5053,0.12456723471419007,-1.302149295434644,-1.3067566138581037
5055,0.12456723471419007,-1.302149295434644,-1.3067566138581037
5057,0.12456723471419007,-1.302149295434644,-1.3067566138581037
5059,0.12456723471419007,-1.302149295434644,-1.3067566138581037
5061,0.12456723471419007,-1.302149295434644,-1.3067566138581037
5063,0.12456723471419007,-1.302149295434644,-1.3067566138581037
5065,0.12456723471419007,-1.302149295434644,-1.3067566138581037
5067,0.12456723471419007,-1.302149295434644,-1.3067566138581037
5069,0.12456723471419007,-1.302149295434644,-1.3067566138581037
5071,0.12456723471419007,-1.302149295434644,-1.3067566138581037
5073,0.12456723471419007,-1.302149295434644,-1.3067566138581037
5075,0.12456723471419007,-1.302149295434644,-1.3067566138581037
5077,0.12456723471419007,-1.302149295434644,-1.3067566138581037
5079,0.12456723471419007,-1.302149295434644,-1.3067566138581037
5081,0.12456723471419007,-1.302149295434644,-1.3067566138581037
5083,0.12456723471419007,-1.302149295434644,-1.3067566138581037
5085,0.12456723471419007,-1.302149295434644,-1.3067566138581037
5087,0.12456723471419007,-1.302149295434644,-1.3067566138581037
5089,0.12456723471419007,-1.302149295434644,-1.3067566138581037
5091,0.12456723471419007,-1.302149295434644,-1.3067566138581037
5093,0.12456723471419007,-1.302149295434644,-1.3067566138581037
5095,0.12456723471419007,-1.302149295434644,-1.3067566138581037
5097,0.12456723471419007,-1.302149295434644,-1.3067566138581037
5099,0.11221629444000171,-1.086470933347263,-0.6275183168210289
5101,0.10511845862893585,-1.089774007612004,-0.6268139289504302
5103,0.12480464164363825,-1.0909093230081677,-0.6050814086441099
5105,0.10515203161519654,-1.0897099491581548,-0.626807678858193
5107,0.12493605706286791,-1.0909215654851048,-0.6051652634132624
5109,0.10528234444670445,-1.0897243214762582,-0.6268928001637912
5111,0.10536675115951473,-1.089722048934458,-0.6269431067962554
5113,0.10519797075966991,-1.0897265544639716,-0.6268424891144846
5115,0.10557917164666447,-1.0897440527276785,-0.6270812268982048
5117,0.10559453166147449,-1.0897495988943875,-0.6270928610683758
5119,0.12493605706286791,-1.0909215654851048,-0.6051652634132624
5121,0.12237355035491122,-1.0851930970045793,-0.6150019844270022
5123,0.12216787009446133,-1.0850441646893738,-0.6147682616598447
5125,0.12897846694493134,-1.087168761740327,-0.6039905937297713
5127,0.12201863986462215,-1.0850716294504161,-0.6147386656094579
5129,0.12897846694493134,-1.087168761740327,-0.6039905937297713
5131,0.12856246295995782,-1.0870263056810165,-0.6036818821585376
5133,0.12897846694493134,-1.087168761740327,-0.6039905937297713
5135,0.12839631642635785,-1.087510373068879,-0.6040282987460963
5137,0.12839631642635785,-1.087510373068879,-0.6040282987460963
5139,0.12839631642635785,-1.087510373068879,-0.6040282987460963
5141,0.12791105993209084,-1.087389995346311,-0.6036882981991586
5143,0.1308311510871591,-1.0892591434003103,-0.5913748363038667
5145,0.12833512992588786,-1.0874893640268406,-0.6039828464759428
5147,0.12833512992588786,-1.0874893640268406,-0.6039828464759428
5149,0.12829213754458177,-1.0874630121295112,-0.603945770800224
5151,0.11353892177775983,-1.0889204305034608,-0.6302733167027754
5153,0.11358163253835289,-1.0889466097832263,-0.63031014951504
5155,0.11353892177775983,-1.0889204305034608,-0.6302733167027754
5157,0.11353892177775983,-1.0889204305034608,-0.6302733167027754
5159,0.12777505612458673,-1.0873877549459063,-0.6036298124369913
5161,0.1273359028633905,-1.0872252110090581,-0.60329830614526
5163,0.12775980661879993,-1.0873825129846404,-0.6036184795440435
5165,0.13334051059623378,-1.0893731820503214,-0.5926632922383974
5167,0.13334051059623378,-1.0893731820503214,-0.5926632922383974
5169,0.129779401313346,-1.0887331000631826,-0.5904067422429782
5171,0.13981181510039845,-1.0909365038250152,-0.5821904289352333
5173,0.1273359028633905,-1.0872252110090581,-0.60329830614526
5175,0.13334051059623378,-1.0893731820503214,-0.5926632922383974
5177,0.14013363390124514,-1.0912917564611302,-0.582651817681012
5179,0.13223843154672368,-1.089741895807976,-0.5924894194043273
5181,0.132250935465525,-1.089757530477622,-0.5925037031515799
5183,0.13168109851741766,-1.0896260922735848,-0.5921304191922335
5185,0.13213139958196438,-1.0897161317388384,-0.5924146139682109
5187,0.13213139958196438,-1.0897161317388384,-0.5924146139682109
5189,0.13114048124728067,-1.0893101171038095,-0.5915808118200112
5191,0.35162178133669564,-0.7134985716612672,-0.9119726961269284
5193,0.35162178133669564,-0.7134985716612672,-0.9119726961269284
5195,0.35162178133669564,-0.7134985716612672,-0.9119726961269284
5197,0.35162178133669564,-0.7134985716612672,-0.9119726961269284
5199,0.4873486705852746,0.10307945821166639,-1.6697323426098463
5201,0.4449466258979734,0.25083258161029537,-1.6348975500307426
5203,0.4873486705852746,0.10307945821166639,-1.6697323426098463
5205,0.4873486705852746,0.10307945821166639,-1.6697323426098463
5207,0.4873486705852746,0.10307945821166639,-1.6697323426098463
5209,0.4873486705852746,0.10307945821166639,-1.6697323426098463
5211,0.4873486705852746,0.10307945821166639,-1.6697323426098463
5213,0.4873486705852746,0.10307945821166639,-1.6697323426098463
5215,0.4873486705852746,0.10307945821166639,-1.6697323426098463
5217,0.4873486705852746,0.10307945821166639,-1.6697323426098463
5219,0.4873486705852746,0.10307945821166639,-1.6697323426098463
5221,0.4873486705852746,0.10307945821166639,-1.6697323426098463
5223,0.4873486705852746,0.10307945821166639,-1.6697323426098463
5225,0.4873486705852746,0.10307945821166639,-1.6697323426098463
5227,0.4873486705852746,0.10307945821166639,-1.6697323426098463
5229,0.4873486705852746,0.10307945821166639,-1.6697323426098463
5231,0.4873486705852746,0.10307945821166639,-1.6697323426098463
5233,0.4873486705852746,0.10307945821166639,-1.6697323426098463
5235,0.4873486705852746,0.10307945821166639,-1.6697323426098463
5237,0.4873486705852746,0.10307945821166639,-1.6697323426098463
5239,0.4873486705852746,0.10307945821166639,-1.6697323426098463
5241,0.4873486705852746,0.10307945821166639,-1.6697323426098463
5243,0.4873486705852746,0.10307945821166639,-1.6697323426098463
5245,0.4873486705852746,0.10307945821166639,-1.6697323426098463
5247,0.4873486705852746,0.10307945821166639,-1.6697323426098463
5249,0.4873486705852746,0.10307945821166639,-1.6697323426098463
5251,0.4873486705852746,0.10307945821166639,-1.6697323426098463
5253,0.4873486705852746,0.10307945821166639,-1.6697323426098463
5255,0.4873486705852746,0.10307945821166639,-1.6697323426098463
5257,0.4873486705852746,0.10307945821166639,-1.6697323426098463
5259,0.4873486705852746,0.10307945821166639,-1.6697323426098463
5261,0.4873486705852746,0.10307945821166639,-1.6697323426098463
5263,0.4873486705852746,0.10307945821166639,-1.6697323426098463
5265,0.4873486705852746,0.10307945821166639,-1.6697323426098463
5267,0.4873486705852746,0.10307945821166639,-1.6697323426098463
5269,0.4873486705852746,0.10307945821166639,-1.6697323426098463
5271,0.4873486705852746,0.10307945821166639,-1.6697323426098463
5273,0.4873486705852746,0.10307945821166639,-1.6697323426098463
5275,0.4873486705852746,0.10307945821166639,-1.6697323426098463
5277,0.4873486705852746,0.10307945821166639,-1.6697323426098463
5279,0.4873486705852746,0.10307945821166639,-1.6697323426098463
5375,-1.0498746309408822,0.38422600307452226,0.09233460603428931
5377,0.9671599776912067,-0.19628186969105435,0.6318188692960183
5379,0.962557604256427,-0.1984185006995733,0.6293588716199268
5381,0.9627932934145107,-0.19832427067214556,0.6294652461642803
5383,0.9627809053191226,-0.19847582027628377,0.6292694946366031
5385,0.9627809053191226,-0.19847582027628377,0.6292694946366031
5387,0.9651988973209843,-0.200403484892349,0.6257765967470087
5389,0.9651205119616911,-0.20043479323188704,0.6257412447017915
5391,0.9651205119616911,-0.20043479323188704,0.6257412447017915
5393,0.9651205119616911,-0.20043479323188704,0.6257412447017915
5395,0.9668882067168005,-0.19929132896124357,0.6271055757815651
5397,0.9631651712262463,-0.19920814585198132,0.6293313790165462
5399,0.9559371399501221,-0.19826508892673475,0.6185670249881585
5401,0.9545381134567833,-0.19882240327023484,0.617936990693758
5403,0.9543053017582632,-0.198915097624857,0.6178321782308601
5405,0.9182082737763927,-0.29478252664930504,0.6180196187572203
5407,0.9190478461721611,-0.2941836962628504,0.6182386996898216
5409,0.9182082737763927,-0.29478252664930504,0.6180196187572203
5411,0.9188071320831598,-0.29460884259411807,0.6183356179722657
5413,0.9182252672451497,-0.29442222692095094,0.6178048037507089
5415,0.9224264572051025,-0.2932031448884799,0.6200230679963715
5417,0.9226497391016173,-0.2935672262930124,0.6194322811734535
5419,0.9170000020988774,-0.30349440903425284,0.593592819798075
5421,0.9169625313877724,-0.3019898926766134,0.5983854464470527
5423,0.9171390793539287,-0.30357965552292426,0.5934728826591794
5425,0.9164025637730959,-0.30428154460998436,0.5914846819483005
5427,0.9147729495356143,-0.30474881661403647,0.5906400322992188
5429,0.7687980253658253,-0.4382083531740258,0.47434575600986345
5431,0.7969941395179867,-0.3953077884469661,0.3788105695814277
5433,0.7828916707708182,-0.37724626564799885,0.41985565935182356
5435,0.8104998562202543,-0.39899558274139146,0.3637802668189932
5437,0.8102890970376907,-0.39907252852957775,0.36369844309122906
5439,0.8102890970376907,-0.39907252852957775,0.36369844309122906
5441,0.8102890970376907,-0.39907252852957775,0.36369844309122906
5443,0.7967700322872528,-0.4005018654252003,0.3522048317616557
5445,0.797323166157714,-0.4003012278569159,0.3524184363299695
5447,0.797323166157714,-0.4003012278569159,0.3524184363299695
5449,0.6303332006010658,-0.4325471966475127,0.27672874256491103
5451,0.6303332006010658,-0.4325471966475127,0.27672874256491103
5453,0.6303332006010658,-0.4325471966475127,0.27672874256491103
5455,0.6303332006010658,-0.4325471966475127,0.27672874256491103
5457,0.6303332006010658,-0.4325471966475127,0.27672874256491103
5459,0.6303332006010658,-0.4325471966475127,0.27672874256491103
5461,0.6343494745905894,-0.43019844094189635,0.27659131660318265
5463,-1.1598441075799035,-0.16666220006484506,0.2119700480332002
5465,-1.1598441075799035,-0.16666220006484506,0.2119700480332002
5467,-1.1599783312471752,-0.16674719636228152,0.2119726298945086
5469,-1.1599941121723956,-0.1667571891287511,0.21197293358763694
5471,-1.1829720417780962,-0.18121726523825518,0.21244588064692455
5473,-1.182939920090801,-0.18119717563333593,0.2124451769646966
5475,-1.1830169958510806,-0.18124537991555645,0.21244686564331167
5477,-1.1830169958510806,-0.18124537991555645,0.21244686564331167
5479,-0.6551279928592572,2.746825790761363,-0.2536387810350292
5481,-0.47243069118372333,3.533708502488657,-0.3503904593487275
5483,-0.4980901252203816,3.4143464604351275,-0.3353097990331966
5485,-0.5368350162106623,3.234739402397339,-0.31244104204616796
5487,-0.5368350162106623,3.234739402397339,-0.31244104204616796
5489,1.7272127187686093,-0.18120681091764623,1.3040823029818474
5491,1.7276030222357446,-0.1805108725865199,1.306001338696583
5493,1.7276030222357446,-0.1805108725865199,1.306001338696583
5495,1.7276219983581664,-0.18050091475289962,1.3060093730405422
5497,1.7281087665303934,-0.18058932540920072,1.3055551210799123
5499,1.72798094830279,-0.18064343093245624,1.3055538851601063
5501,1.7280340472566516,-0.18061557315076415,1.305576366545754
5503,1.3020989424551257,-0.12975586541329528,0.6956736570835345
5505,1.3021256629610032,-0.12974200454533144,0.6956842006274161
5507,1.3022165224169817,-0.1296948707776727,0.6957200526667929
5509,1.3022165224169817,-0.1296948707776727,0.6957200526667929
5511,1.302156030945232,-0.1301186089121362,0.6958068140605767
5513,1.302280667564624,-0.12966159353860873,0.6957453637021512
5515,1.296530037043606,-0.13315421985609757,0.6823429995866968
5517,-0.2691065292911449,-0.45724893494267327,-0.7569304772572816
5519,-0.2697493091347186,-0.4574304891410649,-0.7563583226382764
5521,0.0946182993791268,0.6510633979119673,1.8392808529673512
5523,0.7765806378213364,-0.12432951431846899,-0.10904422196888157
5525,0.7765806378213364,-0.12432951431846899,-0.10904422196888157
5527,0.7674738266624579,-0.12908770107745185,-0.10925767229446967
5529,0.7716634488680172,-0.13438996526840907,-0.11537321614602071
5531,0.3517838281004067,-1.0084301560025113,-0.4346866953202182
5533,0.35166185655756127,-1.0084353778240887,-0.43461406865678576
5535,0.35174620727947675,-1.0084797108176997,-0.4346922733380438
5537,0.35175753982654256,-1.0084455013090452,-0.434681532452594
5539,0.3587009542089227,-1.0133271239867965,-0.4310712914986237
5541,0.35175753982654256,-1.0084455013090452,-0.434681532452594
5543,0.3517710666381034,-1.0084288064327798,-0.43467769763194186
5545,0.3517710666381034,-1.0084288064327798,-0.43467769763194186
5547,-1.3996017485815468,-0.30955175840234317,0.21949942082581542
5549,-1.3996017485815468,-0.30955175840234317,0.21949942082581542
5551,-1.3996017485815468,-0.30955175840234317,0.21949942082581542
5553,-1.3996017485815468,-0.30955175840234317,0.21949942082581542
5555,-1.3996017485815468,-0.30955175840234317,0.21949942082581542
5557,-1.3996017485815468,-0.30955175840234317,0.21949942082581542
5559,-1.3996017485815468,-0.30955175840234317,0.21949942082581542
5561,-1.3996017485815468,-0.30955175840234317,0.21949942082581542
5563,-1.3996017485815468,-0.30955175840234317,0.21949942082581542
5565,-1.3996017485815468,-0.30955175840234317,0.21949942082581542
5615,1.2803182171770626,0.6132106287723197,0.9786350241988464
5617,1.2803182171770626,0.6132106287723197,0.9786350241988464
5619,1.2800655909954382,0.6128358820943383,0.9776857634274787
5621,1.2799734106342753,0.6122680861710339,0.9780736952216098
5623,1.2799734106342753,0.6122680861710339,0.9780736952216098
5625,1.2799734106342753,0.6122680861710339,0.9780736952216098
5627,1.2799734106342753,0.6122680861710339,0.9780736952216098
5629,1.2799734106342753,0.6122680861710339,0.9780736952216098
5631,1.2799734106342753,0.6122680861710339,0.9780736952216098
5633,1.2799734106342753,0.6122680861710339,0.9780736952216098
5635,1.2799734106342753,0.6122680861710339,0.9780736952216098
5637,1.2799734106342753,0.6122680861710339,0.9780736952216098
5639,0.4118492970749296,0.9120696315994419,1.517096082769626
5641,1.2132823797857581,0.1400193699281385,0.977666860945112
5643,1.2132823797857581,0.1400193699281385,0.977666860945112
5645,1.2132823797857581,0.1400193699281385,0.977666860945112
5647,1.2132823797857581,0.1400193699281385,0.977666860945112
5649,1.2132823797857581,0.1400193699281385,0.977666860945112
5651,1.2131236905723446,0.13993010223456198,0.9775942645576107
5653,1.2060153192460874,0.1514696913248881,0.9548149835119971
5655,1.2131236905723446,0.13993010223456198,0.9775942645576107
5657,1.2060153192460874,0.1514696913248881,0.9548149835119971
5659,1.2132823797857581,0.1400193699281385,0.977666860945112
5661,1.2134266810628047,0.14010055047716827,0.9777328732469815
5663,1.2131236905723446,0.13993010223456198,0.9775942645576107
5665,1.2131236905723446,0.13993010223456198,0.9775942645576107
5667,1.2110672026218627,0.13909876814037164,0.9776374430917373
5669,1.2110672026218627,0.13909876814037164,0.9776374430917373
5671,1.2110672026218627,0.13909876814037164,0.9776374430917373
5673,1.2110672026218627,0.13909876814037164,0.9776374430917373
5675,1.2110672026218627,0.13909876814037164,0.9776374430917373
5677,1.2110672026218627,0.13909876814037164,0.9776374430917373
5679,1.2110672026218627,0.13909876814037164,0.9776374430917373
5681,1.2110672026218627,0.13909876814037164,0.9776374430917373
5683,1.2110672026218627,0.13909876814037164,0.9776374430917373
5685,1.2110672026218627,0.13909876814037164,0.9776374430917373
5687,1.2110672026218627,0.13909876814037164,0.9776374430917373
5689,1.2110672026218627,0.13909876814037164,0.9776374430917373
5691,1.2110672026218627,0.13909876814037164,0.9776374430917373
5693,1.2110672026218627,0.13909876814037164,0.9776374430917373
5695,0.19681426228505083,-1.1120592324004468,-0.23783247926570242
5697,0.1979130751814153,-1.1131695919633113,-0.23929967123073329
5699,0.1980228470855951,-1.1150292898549388,-0.24096424795054996
5701,0.19783554221945385,-1.1149787517841077,-0.24082138672324038
5703,0.19783554221945385,-1.1149787517841077,-0.24082138672324038
5705,0.19783554221945385,-1.1149787517841077,-0.24082138672324038
5707,0.20035999683726588,-1.1157242237481693,-0.2363627014558199
5709,0.20035999683726588,-1.1157242237481693,-0.2363627014558199
5711,0.19760058262490973,-1.1149292172174758,-0.24064615745689452
5713,0.19675885566919823,-1.11468674662762,-0.23999924403650902
5715,0.19667145846169085,-1.114649879068954,-0.23992868277895954
5717,0.19671521241985782,-1.1146892785098306,-0.23998975981144993
5719,0.20135965213155857,-1.1161172709362788,-0.23092016001192328
5721,0.19922288953773895,-1.114788531875983,-0.22871562924697758
5723,0.1993197504651444,-1.1147527300469389,-0.2287520505817926
5725,0.20486322166588156,-1.1137158484780603,-0.22446119048836818
5727,0.20486322166588156,-1.1137158484780603,-0.22446119048836818
5729,0.20469146261238505,-1.1136445008998284,-0.22432343169790872
5731,0.20469146261238505,-1.1136445008998284,-0.22432343169790872
5733,0.20474780002489554,-1.113745659076248,-0.22445047901985576
5735,0.20474780002489554,-1.113745659076248,-0.22445047901985576
5737,0.20474780002489554,-1.113745659076248,-0.22445047901985576
5739,0.20474780002489554,-1.113745659076248,-0.22445047901985576
5741,0.20474780002489554,-1.113745659076248,-0.22445047901985576
5743,0.20474780002489554,-1.113745659076248,-0.22445047901985576
5745,0.20474780002489554,-1.113745659076248,-0.22445047901985576
5747,0.20216826557695486,-1.1129249177212073,-0.22864213951711468
5749,0.20204106410761433,-1.1136426476331502,-0.22931241101996
5751,0.2020174129553685,-1.1136398068632225,-0.22929552969107186
5753,0.20177794529898208,-1.1135329596789936,-0.22910105390241303
5755,0.2060390035084428,-1.1150685912065605,-0.22034459758912384
5757,0.2060390035084428,-1.1150685912065605,-0.22034459758912384
5759,-0.07304715146999997,0.8922303545209638,2.2032949599586273
5761,0.4371799333314724,1.1057298882404798,3.4360618435649712
5763,0.4371799333314724,1.1057298882404798,3.4360618435649712
5765,-0.8989671336181958,0.07513323691689924,0.7398021012214054
5767,-0.8989671336181958,0.07513323691689924,0.7398021012214054
5769,-0.8989671336181958,0.07513323691689924,0.7398021012214054
5771,-0.8989671336181958,0.07513323691689924,0.7398021012214054
5773,-0.8989671336181958,0.07513323691689924,0.7398021012214054
5775,-0.8989671336181958,0.07513323691689924,0.7398021012214054
5777,-0.9015736038835278,0.07322883082911935,0.736935027689177
5779,-0.9015736038835278,0.07322883082911935,0.736935027689177
5781,-0.9015736038835278,0.07322883082911935,0.736935027689177
5783,-0.9015736038835278,0.07322883082911935,0.736935027689177
5785,-0.9025908351021529,0.07248531827811514,0.7358160243967681
5787,-0.9025908351021529,0.07248531827811514,0.7358160243967681
5789,-0.9149178528844565,0.06346287114428494,0.7222532893534861
5791,-0.9025908351021529,0.07248531827811514,0.7358160243967681
5793,-0.9149041089137584,0.06347294349951398,0.7222684131195192
5795,-0.9149178528844565,0.06346287114428494,0.7222532893534861
5797,-0.9149178528844565,0.06346287114428494,0.7222532893534861
5799,-0.9149178528844565,0.06346287114428494,0.7222532893534861
5801,-0.9149178528844565,0.06346287114428494,0.7222532893534861
5803,-0.9149178528844565,0.06346287114428494,0.7222532893534861
5805,-0.9149178528844565,0.06346287114428494,0.7222532893534861
5807,-0.9149178528844565,0.06346287114428494,0.7222532893534861
5809,-0.9149178528844565,0.06346287114428494,0.7222532893534861
5811,-0.9149178528844565,0.06346287114428494,0.7222532893534861
5813,-0.9149041089137584,0.06347294349951398,0.7222684131195192
5815,-0.9149041089137584,0.06347294349951398,0.7222684131195192
5817,-0.9149041089137584,0.06347294349951398,0.7222684131195192
5819,-0.9149041089137584,0.06347294349951398,0.7222684131195192
5821,-0.9149041089137584,0.06347294349951398,0.7222684131195192
5823,-0.9149041089137584,0.06347294349951398,0.7222684131195192
5825,-0.9149041089137584,0.06347294349951398,0.7222684131195192
5827,-0.9149041089137584,0.06347294349951398,0.7222684131195192
5829,-0.9149041089137584,0.06347294349951398,0.7222684131195192
5831,-0.9149041089137584,0.06347294349951398,0.7222684131195192
5833,-0.9149041089137584,0.06347294349951398,0.7222684131195192
5835,-0.9149041089137584,0.06347294349951398,0.7222684131195192
5837,-0.9149041089137584,0.06347294349951398,0.7222684131195192
5839,-0.9149041089137584,0.06347294349951398,0.7222684131195192
5841,-0.9149041089137584,0.06347294349951398,0.7222684131195192
5843,-0.9149041089137584,0.06347294349951398,0.7222684131195192
5845,-0.9149041089137584,0.06347294349951398,0.7222684131195192
5847,-0.9149041089137584,0.06347294349951398,0.7222684131195192
5849,-0.9149041089137584,0.06347294349951398,0.7222684131195192
5851,-0.9149041089137584,0.06347294349951398,0.7222684131195192
5853,-0.9154737426244263,0.06305545982758724,0.7216415893233745
5855,-0.9154737426244263,0.06305545982758724,0.7216415893233745
5857,-0.9154737426244263,0.06305545982758724,0.7216415893233745
5859,-0.9154737426244263,0.06305545982758724,0.7216415893233745
5861,-0.9154737426244263,0.06305545982758724,0.7216415893233745
5863,-0.9154737426244263,0.06305545982758724,0.7216415893233745
5865,-0.9155045830416491,0.06303285552761907,0.7216076524180404
5867,-0.9154737426244263,0.06305545982758724,0.7216415893233745
5869,-0.9155045830416491,0.06303285552761907,0.7216076524180404
5871,-0.9155045830416491,0.06303285552761907,0.7216076524180404
5873,-0.9154737426244263,0.06305545982758724,0.7216415893233745
5875,-0.9155045830416491,0.06303285552761907,0.7216076524180404
5877,-1.1967037941461398,-0.2184536472184826,0.15599759290864668
5879,-1.1966139564856786,-0.2184168508791697,0.15596119336624673
5881,-1.196748681868834,-0.2184720334810419,0.15601577748265466
5883,-1.196748681868834,-0.2184720334810419,0.15601577748265466
5885,-1.196748681868834,-0.2184720334810419,0.15601577748265466
5887,-1.196748681868834,-0.2184720334810419,0.15601577748265466
5889,-1.196748681868834,-0.2184720334810419,0.15601577748265466
5891,-1.196748681868834,-0.2184720334810419,0.15601577748265466
5893,-1.1974640777731984,-0.218765138803057,0.15630535994561645
5965,-0.28224061273477724,-0.7481025552781828,-0.6502429104068476
5967,-0.28224061273477724,-0.7481025552781828,-0.6502429104068476
5969,-0.28224061273477724,-0.7481025552781828,-0.6502429104068476
5971,-0.28224061273477724,-0.7481025552781828,-0.6502429104068476
5973,-0.2862059354044411,-0.7473270005232594,-0.6477806317855281
5975,-0.2862059354044411,-0.7473270005232594,-0.6477806317855281
5977,-0.2862059354044411,-0.7473270005232594,-0.6477806317855281
5979,-0.2893445528188999,-0.746710450082825,-0.6458295006949686
5981,-0.2893445528188999,-0.746710450082825,-0.6458295006949686
5983,-0.2893445528188999,-0.746710450082825,-0.6458295006949686
5985,-0.2893445528188999,-0.746710450082825,-0.6458295006949686
5987,-0.2922990486865904,-0.7461278868242248,-0.6439910446442556
5989,-0.2922990486865904,-0.7461278868242248,-0.6439910446442556
5991,-0.2922990486865904,-0.7461278868242248,-0.6439910446442556
5993,-0.29368942601336606,-0.7458529988904691,-0.6431252709678884
5995,-0.29368942601336606,-0.7458529988904691,-0.6431252709678884
5997,-0.29152409343055147,-0.7462808967247884,-0.6444734340265234
5999,-0.29152409343055147,-0.7462808967247884,-0.6444734340265234
6001,-0.2922990486865904,-0.7461278868242248,-0.6439910446442556
6003,-0.29368942601336606,-0.7458529988904691,-0.6431252709678884
6005,-0.29368942601336606,-0.7458529988904691,-0.6431252709678884
6007,-0.31747837722078254,-0.741075629932952,-0.6282515136782122
6009,-0.331516169965614,-0.7381893102128265,-0.6194195886343126
6011,-0.331516169965614,-0.7381893102128265,-0.6194195886343126
6013,-0.3309661049822688,-0.7383033685775418,-0.6197664481721445
6015,-0.3309661049822688,-0.7383033685775418,-0.6197664481721445
6017,-0.3309661049822688,-0.7383033685775418,-0.6197664481721445
6019,-0.3507729369808909,-0.7134655399858056,-0.5902070295483395
6021,-0.3507729369808909,-0.7134655399858056,-0.5902070295483395
6023,-0.3681109695015217,-0.7304204118668993,-0.596195855542524
6025,-0.3681109695015217,-0.7304204118668993,-0.596195855542524
6027,-0.3681109695015217,-0.7304204118668993,-0.596195855542524
6029,-0.3681109695015217,-0.7304204118668993,-0.596195855542524
6237,-1.3996017485815468,-0.30955175840234317,0.21949942082581542
6239,-1.3996017485815468,-0.30955175840234317,0.21949942082581542
6249,-1.3996017485815468,-0.30955175840234317,0.21949942082581542
6257,-1.3996017485815468,-0.30955175840234317,0.21949942082581542
6281,-1.3996017485815468,-0.30955175840234317,0.21949942082581542
6285,-1.3996017485815468,-0.30955175840234317,0.21949942082581542
6359,-1.3996017485815468,-0.30955175840234317,0.21949942082581542
6361,-1.3996017485815468,-0.30955175840234317,0.21949942082581542
6363,-1.3996017485815468,-0.30955175840234317,0.21949942082581542
6365,-1.3996017485815468,-0.30955175840234317,0.21949942082581542
6367,-1.3996017485815468,-0.30955175840234317,0.21949942082581542
6369,-1.3996017485815468,-0.30955175840234317,0.21949942082581542
6371,-1.3996017485815468,-0.30955175840234317,0.21949942082581542
6373,-0.3334382383584556,0.4927661816476535,1.3023495988281346
6377,-0.8364951269028514,0.23289096915569585,0.8059069147136614
6379,-0.6884105383604485,0.2630032306931565,0.36394474336836846
6383,-0.17963386629647526,0.49151358363287206,1.7459423699645982
6385,-0.4224410554184244,0.33207953063283324,1.4421382065785988
6389,0.5547423773214532,-0.9540972892900488,-1.209551509515896
6391,0.5547423773214532,-0.9540972892900488,-1.209551509515896
6411,0.9060685128648959,-1.1081272556744242,-0.7658229698942655
6413,0.6138638689621099,-0.9866598893148232,-1.2679228146587642
6419,0.5371175750539974,-0.9753299683875146,-1.2187156951675924
6461,0.5843680671059164,-0.9538432409037594,-1.2228106674234238
6469,0.5750558948891635,-0.9587193933934398,-1.222490624133123
6471,0.5775168200699733,-0.9589803618320303,-1.2238383805355897
6477,-0.7993229085633698,0.35275392278620865,1.2899001889610917
6479,-0.8251153990704737,0.3233783282379331,1.23904478129627
6485,0.15860259432183071,-0.3092728038837984,0.8833557784958935
6501,-0.4510667888918386,0.08182612029035541,0.13244092289740722
6551,0.33384163013773455,1.9402468668054775,-2.192401289443616
6639,0.30321719047712287,-0.8928490418864835,-1.0472859168531972
6641,0.5434218424130579,-0.6476838350177344,0.18854988128735867
6643,-0.0031175893386153806,-0.49455088962608423,-0.5889633654970767
6645,0.4644860395601536,-0.6135578254592146,-0.29409433501194615
6647,0.9998158173315694,-0.9962312166290932,-0.23375217779570784
6649,0.32951885809596904,-0.6971649723403318,0.02501729480423105
6651,0.34883690055739475,-0.7109542599073984,0.004048132322593794
6653,0.7026158163252689,-0.9541025304594195,-0.17619348003016833
6655,0.3088077798908947,-0.7372656822207305,-0.9287616368342273
6657,0.47529286132908544,-0.6127506291084518,-0.3112548892156303
6659,0.7377778570090375,-0.8976923574610947,-0.3831285036111078
6661,0.5855231708402722,-0.741797958247371,-0.10275109085833084
6663,0.46171425427305823,-0.9312587774615166,-1.1556544928971648
6665,0.7404086118852735,-0.9027075838084093,-0.39591112669466405
6667,0.32581807802502055,-0.6544425671755058,-0.8689604414065908
6669,0.3479436898653539,-0.7108641699489816,0.004534424190044447
6671,0.37970158885455507,-0.9056612590913717,-0.5639902158200608
6673,-0.32580180261377906,-1.0030779263177514,-0.8348152886776721
6675,0.0638428677728698,-1.260287752856848,-1.2375450346014247
6677,0.41400274697502815,-0.9792846550895213,-1.1662505856704408
6679,0.5957310799146506,-0.7572072218756241,-0.7543973792792795
6681,0.5806982431478666,-0.7105869547265343,-0.6868080932870605
6685,1.0834059010442858,-0.7968892988208774,0.15072240281855787
6687,1.079211937880075,-0.7974122151961057,0.14628706593520777
6713,0.35098606143254246,-0.9003264535241965,-0.4431749554468346
6731,-0.5073487876980443,1.9643811619696037,-0.942798695438836
6733,-0.49735597736222903,1.723437549937017,-0.725728016421568
6737,-0.5514555181831504,1.355166567981352,-0.45627079261681885
6747,-0.6865561644358041,0.2644961218129352,0.36432137293832134
6761,-0.6865561644358041,0.2644961218129352,0.36432137293832134
6763,0.7088831716830617,-0.8916918671461348,-0.25349332086537035
6767,-0.3413869737218361,-0.9923126727894352,-0.816974501563527
6769,0.32233109209896466,-0.965258039556765,-1.1101810022691752
6771,-0.11394013720021574,-1.1400206954823473,-1.043229753246998
6773,0.3575301743276826,-0.9667267006469441,-1.1301712366429935
6797,-1.1099062848746808,-0.07632814613056756,0.27833754212549183
6813,-0.18380326816558457,1.0918832458859957,2.705372156608371
6821,-0.6968009822348671,0.256248379913251,0.3622406160474771
6823,-0.11542502040190894,-1.1410256924568845,-1.048900220309088
6829,-0.06865251721936845,-1.172167890092568,-1.0982125956500113
6833,-0.03114147090596469,-1.1976511715526168,-1.1396028203208808
6835,-0.03902052587511369,-1.1914940088874382,-1.1279890559506627
6837,0.08207961085403871,-1.2726085264908478,-1.2574193455000955
6839,1.3667990025749177,-1.1188741661630535,-0.4458459832531572
6841,1.3453405115789299,-1.117860407247605,-0.4497909841359062
6843,-0.03902052587511369,-1.1914940088874382,-1.1279890559506627
6845,0.3564603677872006,-0.2062187110047644,-1.5752936448577053
6847,0.48933263167800045,-0.9820896506938758,-1.2105627254997753
6849,0.9326304909219606,-1.102881803326969,-0.613006781393615
6851,1.3315951753002393,-1.1178595511334122,-0.45519471806382517
6853,0.6609336823062018,-0.9739731876269194,-1.2873535494542432
6855,-0.24899902515184824,-1.0516501495678068,-0.9064797025856581
6857,0.21047732182022555,-0.9947468847401476,-1.0809190991704285
6859,1.3234939075172598,-1.116555260202137,-0.456528267621166
6863,0.6499455443900567,-0.9756464821701833,-1.2831106980456861
6865,0.07553869470485562,-1.26835913424238,-1.250906871927424
6867,0.3822016848050457,-1.0442948499733806,-1.2104370078088278
6869,0.39711903115851227,-1.0533807445031285,-1.2256560343124707
6871,0.31000513061589763,-0.946822710132956,-1.0915387759604354
6873,0.25303666964462274,-0.9526329416486107,-1.0666677757577543
6875,0.6486256308543694,-0.9772230435690062,-1.283594530562852
6877,0.3749632143732103,-1.0475557432698026,-1.2096534197885738
6881,0.36638656981274464,-1.0462780934795832,-1.2046525055067665
6883,0.6482682251759716,-0.9782094171119107,-1.2841734555644564
6885,0.6434805353107241,-0.9936852699035187,-1.2952149318002075
6887,0.6501683661197459,-0.9794195301088167,-1.2859769974093778
6891,0.2769550643326351,-1.0274411356598647,-1.14376689707746
6893,0.9645637173943445,-1.0656386899807915,-0.7954874465222439
6895,1.0154800383356732,-1.1098583972159841,-0.6527657378856353
6897,0.6171171146540294,-1.039464949884066,-1.3203913769711777
6899,0.20346273483188285,-1.0120271125675564,-1.0926387154361514
6901,0.25788665568559094,-1.035717583794126,-1.141705664800455
6903,0.25788665568559094,-1.035717583794126,-1.141705664800455
6905,0.47260690880655165,-1.0613961406308592,-1.2691318808839982
6907,0.26747303003306794,-1.0647208541234496,-1.170121901186453
6909,0.19900581136081819,-1.015397093684922,-1.093512732188425
6911,1.2765203415925812,-1.1271229945880197,-0.5057856571958886
6913,0.6436618687066354,-0.9955418837135657,-1.2969343162238582
6915,0.6129112609022812,-1.0357557841214813,-1.3156254743202995
6917,0.6466511046252319,-0.9997421881486086,-1.3018024395164647
6919,0.25723454812174557,-1.0691739798158657,-1.170116069389613
6935,0.3619486242454236,-1.0075129311666415,-1.1710684283124768
6937,0.4756820203631893,-0.7208664172228486,-0.9779422128240904
6941,0.48586269298176915,-0.9161084585597277,-1.1530557127977725
6943,0.48586269298176915,-0.9161084585597277,-1.1530557127977725
6945,0.48240711340812187,-0.9157372316225216,-1.1511590698284628
6947,0.48240711340812187,-0.9157372316225216,-1.1511590698284628
6949,0.48953046556243834,-0.8201147995237292,-1.0754089307725794
6975,-0.7125851607922391,0.24354109381084252,0.35903479638882285
7057,0.33513486353879135,-0.8258643655984491,-1.0044836899801162
7059,0.42620177935405335,-0.8800831815769405,-1.0907573977937313
7061,1.0094783053188148,-1.1739366548985928,-0.021126121018933665
7063,0.9173284323150088,-0.9998132308094133,-0.15371845182733873
7065,0.8963149721100422,-1.1051060827226342,-0.1387679123231494
7067,0.9684967835335362,-1.063136321880649,0.024452304892203555
7069,1.1250860189735143,-1.0041326438727234,-0.010334457404130247
7071,1.1322990214718842,-0.9857927567656783,-0.07085379282848174
7073,1.029844315355061,-1.074530326403697,-0.08575021596351488
7075,0.9483983464271618,-1.1329339555658242,-0.011925093700625352
7077,1.1011849806211318,-1.0816829315179888,-0.03702854411645225
7079,0.9410919203961099,-1.1612581138535552,-0.14373844452050347
7081,0.7357426598748582,-1.2198528305147303,0.2168563629670038
7083,1.1995270150179622,-0.9476179321827526,0.017700568362904102
7085,1.0205093132378682,-1.1407150600712437,-0.02273471977180962
7087,1.1983243907814405,-0.9479216544003565,0.01977419993134496
7089,0.9500004045292143,-1.119397142525305,-0.1337476036416293
7091,1.1978722540861388,-0.9500086405331878,0.014859411645724
7093,1.0553684488272428,-1.0345111148913415,-0.13354539044637118
7095,1.0309600464800903,-1.0604683467512477,-0.1402967897565492
7097,1.1536248970501841,-0.9569076005473507,-0.03986847733098018
7103,0.7784846118017806,-1.3053077057696765,-0.1686901797331449
7111,0.9959643654558207,-1.1290419251778152,-0.2318064274419688
7115,0.9346805206105423,-1.2237118921578813,-0.15108902482304062
7119,-1.3996017485815468,-0.30955175840234317,0.21949942082581542
7121,0.9983770473631234,-1.1332360065004237,-0.2179433462725444
7125,1.0398490821607789,-1.1143381335360154,-0.21198451690438896
7127,0.9731359473057846,-1.194516149714865,-0.10286905550685918
7129,1.0604680419379449,-1.0493907732218992,-0.15346414003737363
7133,0.9285829944101304,-1.2398820314221293,-0.17162593067345022
7193,0.4484207954783494,-1.008975617527561,-1.2104776295572997
7195,0.42455285799641035,-1.0136656979433132,-1.2024432885756116
7197,0.4615311593786851,-0.996925055673419,-1.2068056339280522
7215,0.09172358462416011,5.955219699795686,0.04307088245079821
7217,0.39011229362687694,-1.0773113330841384,-1.2410766473426678
7219,-1.0902786197707601,2.3852547216400803,-1.8299967854885277
7221,0.5353813735136652,-0.15495639743750705,-1.1128821774048827
7223,0.5076693190052851,-0.8261265206417409,-1.0814303739755549
7225,0.5484911352776791,0.7273293774516175,-0.8737018393865092
7229,-0.5817093612284888,2.8145512813577427,0.5158124781771007
7231,0.3303533142060183,-0.6523511767233884,-0.8544666632244341
7233,0.8172914192358305,-0.792673949872696,-1.204861872737962
7235,-0.12074058473111932,-0.747655103608879,-0.7118270356017397
7237,0.8185563078591898,-1.020236882971721,0.22337818587052216
7239,0.6242092554047362,-0.8690814694080214,-1.1760785344150793
7241,0.520216300539683,-0.4188919276463927,-0.33321467229414314
7243,0.7625886484337363,-0.5514750168654766,0.5121790554782655
7245,0.6857770811141476,-0.8052839704737348,-1.1506327986701836
7247,0.6428628721839479,-0.8039401702869908,-1.1291350387623265
7249,0.6099653978468568,-0.637644076479161,-0.9730978365452064
7251,0.4251082726082386,-0.46245043469454844,-0.2995495994222087
7255,0.7719068029853621,-0.7810797410855915,0.6388029145702775
7257,-0.14655248575804714,-1.12076212358841,-1.0177585700062797
7259,0.5702606653953285,-0.6887398426188708,-0.9974640211946124
7261,0.519697530062384,-0.7288884556581358,-0.4872689646507187
7263,0.16857971739769276,-0.28505354887331824,0.4059432538038967
7265,0.4068928378010247,-0.5488299617909974,-0.4088436327504114
7267,0.6909086222268108,-0.3660129060446901,-0.10683045109621395
7269,0.13923811206899134,-0.25311948878041607,0.45624718807895304
7271,0.5728981260106485,-0.7842099184550745,-1.0785066830003134
7273,0.16804496564861526,-0.28520641610668795,0.40562997017776575
7275,0.6861597313484777,-0.8081473586121387,-1.1533119895425867
7277,1.0098468409432537,-0.7996514653860131,-0.15796673737927988
7279,-0.20695749596709923,-1.0796552609082755,-0.9508510339643017
7281,0.5179892963570146,-0.4164138083998966,-0.3293973791800051
7283,-0.9277048966926227,0.07035577279938085,0.31534325578648664
7285,0.9153338882182377,-0.9980909999784311,-0.3182160054860701
7287,-0.07911241659593038,-0.6988320772635748,-0.6858811239128249
7289,-0.07911241659593038,-0.6988320772635748,-0.6858811239128249
7291,1.0415782535550233,-0.9113142953087461,0.2271437655007141
7293,0.09127142869415476,-0.6039423920975402,-0.6813166961147384
7295,0.9166870475351427,-0.6511822890007664,-0.025204150970869154
7297,0.23558712868369477,-0.2890030182633511,0.642763056157297
7299,1.3533804763081576,-0.9155462117185162,0.17120604764764022
7303,0.6470082912284237,-0.8173575517391822,-1.141227056207682
7305,0.09127142869415476,-0.6039423920975402,-0.6813166961147384
7307,1.3570962954094075,-0.9262948787576706,0.17841700602430458
7309,0.23059639454190797,-0.8968026415758723,-1.0159358028710397
7311,0.4551607070251048,-0.7396816265985501,-0.9793357702971534
7313,-0.2564754135419641,-1.0414260694639401,-0.8795565678978708
7315,0.17070635200486706,-0.8344512887308961,-0.9295276253794722
7317,0.5224169789727918,-0.8628544946377762,-1.1206631479465166
7319,0.48402094864118284,-0.6812702566031793,-0.9485405794660889
7321,0.501385854030633,-0.35224682796093576,0.16037361001118106
7323,-0.3316627449907079,-0.9954879905919611,-0.8152520357424864
7325,0.7546318987561684,-0.3572450457786606,-0.04463378933754752
7327,0.6862386030489702,-0.8083941712919793,-1.1535045379727027
7329,-0.12094867799896163,-0.6244932019279237,-0.6055684223914353
7331,0.9692672227477588,-0.9043508169520529,0.05177768076576328
7333,0.014126546063780606,-0.5952905925151546,-0.63305669176411
7335,0.5416141333622887,-0.7280769814970636,-1.0102524517556133
7337,-0.4646833407300123,-0.9075727280573169,-0.6773776808601136
7339,0.36493396141218665,-0.7414353672101108,-0.9441279227451544
7341,0.46832559571571447,-0.19500524797790278,0.8414844305766905
7343,-0.7895670045232104,-0.683468542131181,-0.30658100693553025
7345,0.9679027371882742,-0.9052856726626496,0.049476464587857275
7347,0.5083263900425408,-0.38295798404452025,0.10952626057704425
7349,0.45026853725170496,-0.4922912935306561,-0.3461255297183859
7351,0.8290380154385767,-0.47330698438465,0.2841363798803007
7353,0.6087261601699386,-0.6375406161316204,-0.9724422227027889
7355,0.2882661480130321,-0.5851805018411574,-0.7607878498522398
7357,-0.257320511013342,-1.0468241470265836,-0.900300085596831
7359,0.6723504051097304,-0.7472827964106094,-1.0955628214528847
7361,0.8298949201649373,-0.7584725554616489,-0.4563123820538752
7363,0.7911227018417764,-0.7953350991741446,0.30707874458770323
7365,1.1390291380369988,-0.7417604094300726,-0.10998725837210485
7367,-0.5062768337722976,-0.8784909752171969,-0.6284883379587379
7369,-0.4185878962895428,-0.9384078099977735,-0.7264977356550917
7371,0.09073491531380024,-0.7909953781288115,-0.8499023152719635
7375,1.1390291380369988,-0.7417604094300726,-0.10998725837210485
7381,0.06520248871019013,-0.9208942905118295,-0.9577100427229794
7383,1.168537831917315,-1.2042031713391426,-0.1291350497142292
7385,0.5912904957872094,-1.0105916809730253,-0.2438142716529938
7387,0.43847482632836005,-0.9223725290076311,-1.1387689898705557
7391,0.43149290777470833,-0.9375153537243827,-1.1469107872328004
7393,-0.06564133013967464,-1.1764214486861013,-1.1095487122602925
7395,0.8365465741462368,-1.14192705346229,-0.5645774590807975
7403,0.7398371138784764,-0.9238609301072815,-0.3023919815051048
7405,0.4288941730107132,-0.9447939302818013,-1.1516882087074416
7409,-0.17230535014814247,2.7902139091627323,-2.464514869226114
7411,-0.8483237437064785,0.1405965469761552,0.716349267309407
7421,-0.09566809050297337,0.6759118389196639,1.8725119722409047
7423,-0.6507829891013206,-0.1754033131540989,0.019409844784533746
7427,0.19489970438566187,2.9514493565028617,-0.26652473503500607
7435,-0.0434348453504421,0.7478353892129478,2.2802367031443302
7437,-0.050938390064656516,0.7427185622013827,2.270464862707439
7439,-0.09333434937675043,0.7137511845139093,2.21513707992864
7447,1.3402450310124177,4.226290777586687,-3.876888195374007
7449,-0.7976315015102243,-0.6785254617490466,-0.2996263636698304
7451,-0.8998835258560666,0.09275377835261872,0.32099386961059867
7453,0.40308493379306864,1.2175337657886904,3.0467287701930426
7459,0.40308493379306864,1.2175337657886904,3.0467287701930426
7461,0.40308493379306864,1.2175337657886904,3.0467287701930426
7465,0.0434221424361897,0.5417436852976761,1.7190006242271585
7469,0.03780129227331327,0.5381181938019691,1.7121754418478532
7471,0.3901417996653314,1.2086314835130358,3.0298624423039344
7473,-0.4618173608103076,-0.8843605303974785,-0.5892250275302393
7481,-0.7731519603600222,-0.6935300354773357,-0.320736976803151
7483,0.3734519766892148,1.197136461899999,3.008087515396232
7485,0.37756581965301933,1.1999715247528584,3.013457567367708
7495,0.3693760462563168,1.1943264302302445,3.0027651278328342
7505,0.11564286125546998,1.0467544661483328,2.765461388604592
7523,-0.9128977431077174,0.4316865964796062,2.1693611266189476
7525,-1.1166263170290556,-0.48299968783743963,-0.024532312656646762
7529,-1.129969510807954,-0.4748210649785436,-0.01302543840190097
7569,-1.3996017485815468,-0.30955175840234317,0.21949942082581542
7641,-1.3996017485815468,-0.30955175840234317,0.21949942082581542
7679,-1.3996017485815468,-0.30955175840234317,0.21949942082581542
8237,-1.3996017485815468,-0.30955175840234317,0.21949942082581542
8653,-1.3996017485815468,-0.30955175840234317,0.21949942082581542
8751,-1.3996017485815468,-0.30955175840234317,0.21949942082581542
8757,-1.3996017485815468,-0.30955175840234317,0.21949942082581542
8825,-1.3996017485815468,-0.30955175840234317,0.21949942082581542
8893,-1.3996017485815468,-0.30955175840234317,0.21949942082581542
9137,-1.3996017485815468,-0.30955175840234317,0.21949942082581542
9219,-1.3996017485815468,-0.30955175840234317,0.21949942082581542
9351,-1.3996017485815468,-0.30955175840234317,0.21949942082581542
9353,-1.3996017485815468,-0.30955175840234317,0.21949942082581542
9355,-1.3996017485815468,-0.30955175840234317,0.21949942082581542
9441,-1.3996017485815468,-0.30955175840234317,0.21949942082581542
9443,-1.3996017485815468,-0.30955175840234317,0.21949942082581542
9601,-1.3996017485815468,-0.30955175840234317,0.21949942082581542
10351,-1.3996017485815468,-0.30955175840234317,0.21949942082581542
10459,-1.3996017485815468,-0.30955175840234317,0.21949942082581542
10709,-1.3996017485815468,-0.30955175840234317,0.21949942082581542
10713,-1.3996017485815468,-0.30955175840234317,0.21949942082581542
11081,-1.3996017485815468,-0.30955175840234317,0.21949942082581542
11421,-1.3996017485815468,-0.30955175840234317,0.21949942082581542
11819,-1.3996017485815468,-0.30955175840234317,0.21949942082581542
12093,-1.3996017485815468,-0.30955175840234317,0.21949942082581542
12097,-1.3996017485815468,-0.30955175840234317,0.21949942082581542
12641,-1.3996017485815468,-0.30955175840234317,0.21949942082581542
12839,-1.3996017485815468,-0.30955175840234317,0.21949942082581542
13243,-1.3996017485815468,-0.30955175840234317,0.21949942082581542
13621,-1.3996017485815468,-0.30955175840234317,0.21949942082581542
13625,-1.3996017485815468,-0.30955175840234317,0.21949942082581542
13685,-1.3996017485815468,-0.30955175840234317,0.21949942082581542
13693,-1.3996017485815468,-0.30955175840234317,0.21949942082581542
13735,-1.3996017485815468,-0.30955175840234317,0.21949942082581542
13739,-1.3996017485815468,-0.30955175840234317,0.21949942082581542
13997,-1.3996017485815468,-0.30955175840234317,0.21949942082581542
14183,-0.6677098140698375,0.1098882952291385,1.5669703692474966
14187,-0.612173962114517,0.14171534458465646,1.669216265911965
14189,-1.3996017485815468,-0.30955175840234317,0.21949942082581542
14191,-0.9524808147603245,0.37140254172976217,2.0107811380734573
14193,0.41060521557129004,0.8790812228016454,2.4844587669173093
14195,-1.3996017485815468,-0.30955175840234317,0.21949942082581542
14197,-0.450466132454509,0.4545638894454726,0.4122720510801643
14205,-0.4644690642998263,0.22636356563980362,1.941152667120803
14207,-0.25397359121337476,0.3469964464755099,2.3286914845112467
14209,-1.3996017485815468,-0.30955175840234317,0.21949942082581542
14211,-1.3996017485815468,-0.30955175840234317,0.21949942082581542
14213,-1.3996017485815468,-0.30955175840234317,0.21949942082581542
14215,1.390542807921806,0.701347690783844,0.1048202241593313
14217,1.331335410728757,0.36387070132270743,-1.0803734879340068
14219,1.5038827087595394,-0.3551658952838194,-0.4084305464116781
14223,1.2732398311502187,0.5972901476007487,-0.5897120773917972
14225,0.8431899207512413,-0.4298045563523737,-0.9079371998177521
14227,1.3511043580619886,0.6353256801681636,1.5418255006756312
14229,1.363246856807162,0.6455247962987087,-0.2694678966954611
14231,1.009493957037544,-0.35524738526484156,-0.9183070385143344
14233,0.7473193241050498,-0.5059709055646756,-0.9169517759366566
14235,1.267876248676588,0.4112742174402696,1.1431441888012017
14237,1.265018407434287,0.4693912920334473,-0.6512125121773858
14239,1.539895528235585,0.5854014024908555,-0.7018985306665096
14241,1.074581921936407,-0.5497630703938394,-1.1130323475607782
14243,1.074581921936407,-0.5497630703938394,-1.1130323475607782
14247,2.0909599469167612,0.2665909877504727,0.10194550628263545
14251,1.0515423762139204,-0.43470085644521983,-1.0069046105055353
14255,-0.6106704696018992,-0.7931219964787152,-0.46085740927668284
14259,1.4354693372261629,0.5535094272447559,1.4915330689493274
14261,1.2857732379616569,0.4913825762252115,-0.6555313401251627
14267,0.6719016675277458,-0.2598922723701537,-0.6740140720938051
14271,0.004753841291297436,-0.2424847913626004,-0.2944002291665103
14275,1.4536046612668325,0.5443959893769418,-0.8811283317620423
14283,1.0224629790945243,0.2630139126104915,-0.7078410444345213
14293,1.4383263521954357,0.5156597845566371,1.424984599672297
14339,0.787137201750249,-0.8046487959799221,-1.1976458692203544
14401,1.4138163386184808,0.20124645202675098,0.7142285847149018
14407,1.7398615829664745,1.9781989285916992,-1.0634696936397723
14409,1.4138163386184808,0.20124645202675098,0.7142285847149018
14411,1.6810518891050537,1.6124202900576066,-0.6648038403238729
14417,1.3338184923865783,0.23526529781607772,0.7671739899526349
14419,0.26602162109152394,-0.5978174371484268,-0.7837623598669683
14427,1.0478302346577928,-0.5934816214157916,-1.1430580464093412
14429,0.6264712788107215,-0.5300039774564805,-0.8830004654733467
14431,1.6670997942885322,1.5909409490762345,-0.6687677331715665
14441,0.9595024602381466,-0.6066192023946154,-1.1038395855390608
14445,1.6850913038459896,1.6099443573623153,-0.6682873419695
14459,0.6396823414440155,-0.832423012908745,0.1961809180358586
14465,1.024222988367242,0.39300645316528965,1.641565042701181
14469,0.6153663890747487,-0.5291159794796233,-0.877159852369441
14473,1.1087950301963905,-0.4860846710427773,0.8234623216447687
14475,1.1258290093581034,-0.6324223498560493,0.5539412108304143
14477,1.248888337929929,0.17301536163608872,0.36096382990422893
14479,0.6646339770206782,-0.8365210219641602,0.1990034135524102
14481,0.6836132484847225,-0.8395240913980496,0.2000241870835761
14483,0.6503217559959581,-0.8341826505071714,0.197495455497047
14485,0.7217885162343323,-0.8456368124241179,0.20323863419546412
14487,0.7515031253361498,-0.8503689442848295,0.20576933984791299
14489,0.7399043864641095,-0.8484411659871222,0.203867964705506
14491,0.7313034561513325,-0.847185204406805,0.20438283184707637
14493,1.003621589830757,-0.12897459840823616,0.4625815886328054
14523,-0.148120949992137,-1.1191620095811938,-1.0140876843622608
14525,0.7985695884349563,-0.7589639774577308,-1.1606946423063849
14531,1.1328444238920186,0.4324817128158681,-0.7218698466188279
14535,0.7951641600626642,-0.7548257672784175,-1.15454248520597
14541,0.5953063942121201,-0.1611528563158738,-1.588398874992885
14543,0.5953063942121201,-0.1611528563158738,-1.588398874992885
14547,0.7959188617527515,-0.758739672956192,-1.1592897390929637
14551,0.6705146893552193,-0.9005006568218042,-1.2263614584974492
14553,0.6649101963960093,-0.8967910547412692,-1.2205324641801816
14555,0.8034981659867659,-0.7870481401773963,-1.181323892779904
14569,1.1943484331333651,1.4937207558827144,-0.6512047090726529
14571,0.8034981659867659,-0.7870481401773963,-1.181323892779904
14573,0.5949527726168372,-0.1626386692032375,-1.5877938214223302
14603,1.1475173697618657,0.787710750441796,-0.5277150611975701
14607,1.0714470853495357,0.080028260111246,-0.15083566625710704
14609,1.1983503087534535,0.47152283802226275,-0.3531962469155591
14611,1.2975446310640937,-0.0507918399071239,0.6063141286929857
14633,0.734432430487585,-0.5877420601899229,-0.9805266689385872
14637,1.3372999205191993,-0.11693424686467935,0.028971634487237736
14639,1.4798251209732844,0.057458750992818095,0.09513373153139862
14641,0.9923110706100078,-0.5713713570649083,-1.0965672913890416
14653,1.2292825616145229,0.1426269470296012,-0.7284807975992593
14661,-0.5197731289488635,0.39876726815465174,0.398195567401506
14663,1.017058749404376,-0.06553019355424963,-0.7825326205512984
14687,0.5928885330732427,-0.7707042743223992,-1.0705233420642661
14713,-0.09804575255072251,-1.1486936744491234,-1.0530554195181052
14721,0.09196241510287959,0.6868046784747845,1.966060353801099
14729,0.14799439470685058,-0.620111571355069,-0.7497039036417188
14761,-0.3966316755116024,0.1577537756672878,1.8210403282240628
14763,-1.170231072567973,-0.12489350754607688,0.2660853752111122
14767,-0.5175721616191507,-0.08149958244756506,0.03644212121045047
14771,1.5357383078294802,0.5765519608751337,1.5553333728558756
14781,0.6744873387051086,0.04246412878272517,-1.548676926730892
14787,-0.14500285205386185,-0.21722755134038668,-0.21524740590646527
14789,0.7134704820960038,0.0934042208563298,-1.6587157086019553
14791,0.6407526400244651,-0.7321705680002933,-1.0608019812439722
14795,-0.14500285205386185,-0.21722755134038668,-0.21524740590646527
14801,1.0748298796400626,-0.27504663899802484,0.27200715864368685
14803,0.07269629484560423,-0.643692732463529,-0.721923034975345
14805,0.8273292055871029,-0.32890805123710426,-0.7640834727102171
14809,1.1747350908124705,0.1662205226965196,-0.8247731256939803
14811,1.0957710476031366,-0.18018104238294172,0.389811399322294
14823,0.8293295569493145,-0.6978186617185244,-1.1211465412292814
14835,0.5579901959056033,-0.492955889075585,-0.8153774835875066
14913,-1.3996017485815468,-0.30955175840234317,0.21949942082581542
14937,-1.3996017485815468,-0.30955175840234317,0.21949942082581542
14939,1.0374228985560396,0.2724876355082567,2.082189362532355
14941,0.8252840134340952,-0.5927723428721781,-1.0269191809633769
14943,0.6298926152870595,-0.4305444915097312,0.4865591035286548
14947,0.7900089384714071,-0.6327888267696908,-1.042319340145892
14949,0.9871853501032157,-0.1474998567973336,0.20723376034921392
14951,0.4896636019877529,0.3933964290158414,1.346145449948499
14953,0.964626706205709,0.11218817871250365,1.8179701061559537
14955,0.9178230259777647,-0.19413709104845742,0.13980617225722966
14961,1.2169916793617856,-0.1963368896502248,0.908569869131637
14965,0.9452596305351364,-0.12398135597843025,1.1200161503356216
14975,0.964626706205709,0.11218817871250365,1.8179701061559537
14977,0.9224275314888577,-0.16338050127832618,0.19156762848765058
14983,0.6054012360234522,-0.7670270345483381,-1.0647244797440993
14985,0.6163324022259684,-0.748508498484588,-1.0624791544812333
14987,0.6024608227640001,-0.7631273189776144,-1.0608719877479194
15015,0.10848224847661775,-0.003918519687511643,0.9666812031748325
15041,0.5657320686746974,-1.0478298063384688,-0.7368542919714562
15049,0.5185670477490595,-0.7627770735049114,-1.0247211008238744
15055,0.6302220816383091,-1.0596257219606438,-0.7380388286655898
15059,1.2683468642483782,-0.15377354654077757,0.4448744319471482
15061,1.1044574744868079,-0.1408421795568115,-0.37381775390461436
15079,0.9903907906796116,-0.32862074444398776,0.23165033724567788
15093,1.5190511924938874,0.35364205767392304,1.0902016548419737
15111,0.9889448890444263,-0.39272713515238217,0.06561003549440089
15119,0.7878477378186045,-0.19423855708069956,-0.48429133464464935
15121,0.8900062187846176,-0.09195489331890341,-0.5985120930251272
15129,1.114006096272041,0.48512681471095376,-1.803580050438947
15131,0.9341347256785476,-0.5471666606534874,-1.0428936584871749
15133,1.3279565363730879,0.6758228787337602,-0.5961399155970271
15135,1.1388105407953475,0.47346450983186933,-1.8156416701529448
15139,1.148731836706795,0.6551149919778235,-2.0163551631374714
15155,1.748229651063069,0.8625147408271828,2.185902047983557
15157,1.7159679847389537,0.8128133586895279,2.139433563285942
15183,1.2722149600750112,0.7681792169305219,-2.149452334838305
15211,1.6267053172778887,-0.017464265045470353,-0.2904135901646118
15217,0.5202560012778354,-0.6069854383732043,-0.8855055573428251
15219,1.4648152852598293,-0.16516205845847431,-0.10673657749100136
15221,0.921579777708978,-0.626348800681291,-1.1057906380281566
15223,1.4328737227952228,-0.1498779840233852,-0.07148946424149687
15231,1.3112974587944013,-0.12030572186037652,0.46315703907179784
15245,0.7683039399520768,-0.7170014021627779,-1.1098377414880254
15249,0.8292792317566775,-0.6738270546861874,-1.106609640896689
15251,1.1998543035799585,-0.32800921635710356,-0.105382950541952
15261,1.1779083694326213,-0.34418006326526007,-0.12092885776176884
15263,0.9707260082653171,1.070997325906953,-2.245652343258417
15271,0.8817511285661851,-0.7567019661163392,-1.2020993788202503
15273,0.695809283835677,-0.8120579313829239,-1.1605483793124354
15275,0.7827061415348014,-0.6699999461740456,-1.0820187745759122
15281,0.9153782305850225,1.3626737846655521,-2.3618170094150246
15285,1.1366393061185325,0.024210648073756162,-0.5207006455847616
15311,1.1293674557113738,0.6126770147882938,-1.9165653107892866
15313,1.1156041149032712,0.5815927939727958,-1.8802617048254133
15315,1.0289938766230158,-0.46037678619044403,-1.0203855552245062
15317,1.1132300202404433,0.5776226688540985,-1.877072258460424
15319,1.1367594686877678,0.6805323483310582,-1.954357376367454
15323,1.107966094226242,0.5744320260000721,-1.8417423261701087
15325,0.9896594670739717,-0.5533438987903427,-1.0832971276969838
15327,1.171034532571142,1.9818540995369207,-1.617909564465382
15329,1.1740055594748113,1.9771979661971553,-1.618597803391169
15333,1.186644549958903,2.04338183932445,-1.628795453655843
15335,1.186644549958903,2.04338183932445,-1.628795453655843
15337,1.1844845855982218,2.0384047840060098,-1.6270794700401703
15339,1.1823348112676915,2.042755136055577,-1.6273461343247204
15341,1.0883843545677068,-0.30714065323804846,-0.3359120202507444
15343,1.0893411869262968,-0.3042197499777909,-0.33652908692210703
15347,1.0906054292854166,-0.30529942884276007,-0.34086158879044376
15351,0.491987612975331,-0.7474080300148894,-1.0051483177933396
15353,0.5021385053160842,-0.7569696122147197,-1.0185260248370958
15363,1.3724832427826879,-0.3479473098406882,0.004240736623116371
15367,1.9778986915835974,0.09276218806557211,1.6398173710019364
15369,0.18238778976531667,0.00460322662638458,-0.18011632404479533
15375,1.8403020138175206,-0.02364549181392336,1.7758917597944814
15381,0.9566702926590649,-0.6430312998575712,-1.142980068870614
15385,0.9529348182796723,-0.6442762160228356,-1.1419732715844664
15391,1.2627384254470957,-0.405147252709328,0.4278433100835404
15393,0.8044224344140822,-0.17428999415117585,0.9123485836439005
15395,1.3893664705597366,-0.3610420894196354,0.041954428724224155
15397,1.3876332334960753,-0.3580430600235715,0.048050529410591396
15399,0.9755778502679316,-0.21817993245444403,1.1959403484970839
15401,0.9785044184835117,-0.21218592648559975,1.1661354927374141
15403,1.4103191350315871,-0.6803850521862816,-0.26536991818286276
15405,1.4781552207048032,-0.5239413661685096,0.03723617911288599
15407,1.352310952733601,-0.5059842508979254,0.6237880717959345
15417,1.269031560287356,-0.6434631810964784,-0.526042156085614
15419,1.3238365577606428,-0.6718902620312287,-0.5169209567806277
15443,1.2377698102057904,0.2969847260000181,0.8483870682575616
15445,2.142918518374329,0.3444081440083777,0.2716678839931621
15459,-1.3996017485815468,-0.30955175840234317,0.21949942082581542
15465,1.5339973974090448,3.705888359053342,-1.2752643074455106
15485,1.9880609496760333,2.499869450408537,0.0762040164998776
15495,0.9170575735964782,-0.596096596528663,-1.081567438360238
15541,0.9064191611373749,-0.4838508501128569,-0.9813240073629426
15563,-1.3996017485815468,-0.30955175840234317,0.21949942082581542
15581,0.665722527407766,-0.6821278133896747,-1.033918645329562
15663,1.017478123402951,-0.6963158772328693,-1.213036281986269
15673,1.0093371625226801,-0.6956566337132678,-1.2087457699284943
15685,1.1169703038288077,0.3654712276313229,-1.7190393942274065
15707,-0.15884692728477592,-1.1156159276350546,-1.0158291407828703
15785,0.1874709612711604,0.048838328122990146,-0.1489208889061018
15853,1.2280467816063925,-0.05585787282901681,0.2399849523141324
15855,1.2754479318978655,-0.05806663761540226,0.2016600084473614
15915,1.5540132598591632,0.07693627775910482,0.8932453474482381
15993,1.612355106041757,0.8530805900271841,0.32112830998388786
16145,0.7309065681511292,-0.640067067290331,-1.032334138559485
16279,1.4157417855409293,-0.3142939406921817,0.23596938108550972
16379,0.8144365539546558,-0.4228862128350959,-0.8762958709382694
16403,0.8526000529021508,-0.5000441538906619,-0.9716075615509224
16409,0.9142849999787482,-0.4795945133089214,-0.9835403282037665
16517,1.2152707858339011,0.13680536057860462,0.6242608967202696
16553,-0.24336618413475994,-1.0553079492542252,-0.9120820624962891
16599,1.4323878586771432,0.38006020086217357,1.4377354492744054
16601,-0.23171785598048755,-1.062872133920877,-0.9236677435090226
16645,0.8691257553649462,-0.4525866889097965,-0.9306644601806356
16647,-0.740247171432477,0.22127138353762754,0.3534165491556176
16733,1.3685329189806246,0.09708106219265768,0.4780195842449807
16735,1.3240218571766793,-0.10951430238678346,-0.02468469385732669
16739,0.4511166510560336,0.1945264085830437,-0.1453891076120048
16761,0.8094493449367147,-0.5857777779109427,-1.0090798327627835
16763,0.6302904766659198,-0.7008913810900207,-1.0209327303210929
16767,0.48510315496942713,-0.8468974691992447,-1.0749556329019723
16781,-0.7251412028125259,-0.72295791351444,-0.36214038884441285
16783,0.5157797723185683,-0.7870474949318297,-1.0385940248125087
16795,1.000278579322734,-0.5482398908789867,-1.085423401684382
16797,1.6922364996162258,1.885713440184826,-0.30315608608924455
16799,1.000278579322734,-0.5482398908789867,-1.085423401684382
16803,1.668035616215732,1.8921119795875492,-0.4187537732605252
16805,1.693061708022465,1.8853189489634143,-0.3024445581470122
16819,1.6399720826921997,1.6040130416640583,-0.41708959005908597
16829,1.6238615124878646,1.7833867699546126,-0.5613593378292058
16831,1.383188513326062,1.4014628888763128,-0.5845958858819642
16833,0.738817411962569,-0.7587330658160844,-1.138527042602484
16835,1.335678762330299,1.2425774558528129,-0.6428255998411941
16839,1.4165082172435373,1.6469969619792115,-0.36838311852608063
16841,0.7327654949696247,-0.7582149292357152,-1.1353142489506531
16843,0.5953571948473101,-0.7032033989264191,-1.0175078871702707
16845,0.5953571948473101,-0.7032033989264191,-1.0175078871702707
16863,1.3946105655543468,1.6304120417599848,-0.37336934396853183
16865,0.7704309044222293,-0.7614305957723834,-1.1553022489329845
16867,1.332628238180619,1.2697345886343339,-0.47734553238111277
16869,0.8452028130783128,-0.6440635185192933,-1.088019458812646
16871,0.5825501618192765,-0.906889634444058,-1.1886842802909916
16873,0.5889572305646865,-0.9075286575360028,-1.1921601613714492
16895,0.5378645625057316,-0.3820799610359664,-0.704382202410148
16919,0.8822184022769394,-0.4226109305914547,-0.9135906714096217
16921,1.2972535117816084,1.3038729237213458,-2.080447724941116
16923,-1.3996017485815468,-0.30955175840234317,0.21949942082581542
16925,1.533910649086853,1.091338802927079,-0.08409094987738223
16927,1.3988635030097292,0.2747289490815701,1.0487323425426276
16929,1.0325136836645474,0.12139908849091602,-1.450566431443452
16931,1.021516622148901,-0.5198452253208514,-1.0631816463948867
16933,1.1821373302418923,0.3392222251685788,-0.8312812827931341
16935,1.53751686535388,1.0618406357555534,-0.10939823810146952
16937,1.40822826378789,0.25940715314777696,1.023408210540347
16939,2.296828138266098,0.33192770531838955,1.0801654331661115
16941,1.6989093036475202,1.1861546221019466,-0.8703196053181143
16943,1.0187767923114148,-0.5096847838722185,-1.0531329479928015
16945,1.3975730047869799,1.9796701067834679,-1.6404812063905603
16947,1.2154863726558784,-0.24310496697981135,-0.3463200738405335
16951,1.0196711693492984,0.2545678586068789,-1.5572797677102006
16953,0.9632572498185664,-0.458691923140794,-0.9793410143448983
16955,1.3028028298333652,-0.5636535801984226,-0.014930871258400936
16961,-1.3996017485815468,-0.30955175840234317,0.21949942082581542
16963,2.11458032399803,0.34772109503315457,0.5471736659560745
16967,1.1918903396428928,-0.1922777787629811,-0.2818236854972889
16971,0.9797695971370389,-0.4195392983859944,-0.9610619705033375
16973,1.4380384440282736,1.9946052921480817,-1.630502440935129
16977,0.99799491477168,-0.4449589727545535,-0.9840690633832663
16979,1.4732712527648752,1.9645679016501927,-1.6647633340191819
16981,0.9797695971370389,-0.4195392983859944,-0.9610619705033375
16985,1.1865557578663208,-0.19360537236120953,-0.28396426227863497
16987,1.290868189596652,-0.17156137623655213,-0.13221190377255226
16989,1.288419265687066,-0.17488609127917532,-0.13768388326988185
16993,1.0173047166974074,-0.5521258112367171,-1.086226927829158
16995,0.8834637231252794,-0.37940917077180525,-0.8726214810261562
17013,2.3136941982947112,-0.21315273216764624,0.7797867094128347
17015,2.3136941982947112,-0.21315273216764624,0.7797867094128347
17637,-0.6814984776513211,1.5407978257858976,-0.7334240836866717
17641,-0.7323887317048371,1.3419385343406962,-0.6073975332490913
17643,-0.7351160072485364,1.2641705505077612,-0.5426827202326489
17645,-0.7332671697649293,1.2691878486065786,-0.5453549500281161
17649,-0.6474562290132689,1.3955989919932186,-0.577438104657637
17651,-0.555980701141909,1.529376168104576,-0.6107939072030318
17653,-0.6081744214903707,1.4594745958902642,-0.5973138769764608
17655,-0.656281386452753,1.4207453731389157,-0.6070845630741899
17657,-0.6720483988318671,1.3778687524916793,-0.5842189467322697
17659,-0.6471385511222683,1.6706363867934972,-0.8146911909932799
17661,-0.6517449876969839,1.3839839411649377,-0.5712597037720635
17665,-0.5807614453302864,2.1267882219384124,-1.1490172723760756
17667,-0.6517449876969839,1.3839839411649377,-0.5712597037720635
17669,-0.698505368320163,1.3061438543039545,-0.5460421668936475
17677,-0.6528036586749827,1.3811179963946383,-0.569735620090497
17681,-0.5296017547735905,2.134549648429325,-1.1097583908764872
17687,-0.5296017547735905,2.134549648429325,-1.1097583908764872
17689,-0.5296017547735905,2.134549648429325,-1.1097583908764872
17697,-0.5517876817712968,1.9365182338321372,-0.9586587412969811
17705,-0.5640395692377017,1.6732401437838353,-0.7422834329616406
17709,-0.5263658463802626,2.1436403246509355,-1.1147024788539563
17715,-0.5263658463802626,2.1436403246509355,-1.1147024788539563
17717,-0.4281448977361662,2.1851613136326242,-1.0623202879899194
17719,-0.43263066163091235,2.172642306953313,-1.055538168009735
17771,-0.40683281157995543,1.2188601928942777,-1.0521966463230588
17781,-0.40683281157995543,1.2188601928942777,-1.0521966463230588
17997,1.23685397639364,0.3410127412652067,1.52158415613799
17999,-0.6868988032620609,0.5554313573372667,1.9069511995708608
18001,0.48209657325584715,-0.7620293882245627,-1.0013539191952943
18003,0.2780163298612724,-0.8016277885740224,-0.9432908064224871
18005,1.1443705798060961,0.5868229846808929,-2.136375642981239
18011,1.3211521432047784,0.6885771342625933,2.0812098555716525
18015,1.4297522037900199,0.7757827358630138,2.3354359385323815
18021,0.3246584473836761,0.8226461491781706,2.3769208225121523
18031,0.6522038853534037,-0.4513603010543434,0.49090363283677635
18035,0.3048219438982664,-0.6043529174862986,-0.7851217523028331
18043,1.8505822964778385,0.8383221068948237,2.4444656881021154
18049,0.9188976842089513,0.41261769763508793,1.6393646579777044
18051,0.2151328463610786,0.100967621481267,0.2939360484855939
18053,0.2542813740903758,-0.9070020016398391,-1.0206883839540637
18061,1.3644282444111009,0.1918878564348713,0.8664564515811966
18151,-1.2738696711859754,0.7858193450046707,-0.6135692754108393
18153,-1.2730755557055808,0.7927376364066008,-0.618830882167184
18159,-1.2738696711859754,0.7858193450046707,-0.6135692754108393
18315,0.8677846679680583,-0.09840209057063873,-0.6000088773683433
18323,0.8710179487877371,-0.08215506671386011,-0.5913589318174084
18333,1.226213930692062,-0.3930070395820448,0.04423254244241632
18343,0.1652413524735479,-0.5141538422048239,-0.6345730961665855
18349,0.8399235345804025,-0.198467502869214,-0.6649314683757359
18351,0.8343693405914971,-0.20529451825570527,-0.6673942397497066
18353,0.7922144965720086,-0.25457033961144465,-0.914567531462371
18357,0.792795293009366,-0.2541931747189031,-0.9146519008378384
18359,0.776853833440147,-0.2761098337596269,-0.9159701945248142
18363,0.835208372753297,-0.12955721075709392,-1.0968077007355477
18367,0.7980678290911053,-0.26357262285299143,-0.918835132796176
18371,0.7585563647823583,-0.29428068028796367,-0.9129676726629907
18373,0.7769542119514592,-0.28062385537491846,-0.9164841408260614
18377,0.7802341568253068,-0.1083007598963946,-1.0586662917154062
18381,1.0143163917363467,-0.39030291364866054,-0.48816640496536207
18383,0.7812478872152749,-0.2800570453427221,-0.9183662744844732
18389,0.8023907745251989,-0.26326496630485635,-0.9196705817639019
18393,1.1313308862041922,-0.4098420155385941,-0.41067687134478803
18403,0.7949187744205735,-0.284548732563415,-0.9298564124329407
18413,0.7916122939275722,-0.2758734408752293,-0.931875037686061
18417,0.7796141632085054,-0.284348578963061,-0.9305183838104975
18419,0.07632584576275715,-1.266101065841085,-1.2416389142130353
18421,0.8034339859858229,0.7523223864448771,-2.1852468828319216
18423,0.5546474386790496,-0.7288356659780278,-1.0191789365953057
18645,0.4529685570431437,2.5484134196181767,1.6611775002283482
18647,-0.2548967523148142,0.44219617724239035,1.0857084055074484
18649,-0.6110287740929795,0.651136170408683,1.4259022170026225
18651,-0.19114124731854504,1.2669591317132942,1.821625691601473
18653,-0.19861145957346585,1.2562493657848905,1.815379745973861
18655,-1.2293107334685927,-0.41393051598810066,0.07264422782721842
18657,-0.17289115860988355,1.2931608471261598,1.8367235514274567
18659,0.04339682112760683,1.6272107473422026,2.18106002456411
18661,0.04397268967282946,1.6280542234347544,2.1814737658107544
18663,0.04339682112760683,1.6272107473422026,2.18106002456411
18665,-0.1721718803606401,1.2941945879106675,1.8373139538194805
18667,-0.20725754491496157,1.2438650088369319,1.8081021084247206
18669,-0.20725754491496157,1.2438650088369319,1.8081021084247206
18671,-0.285750971762778,0.7590171514051204,2.1745121528539957
18673,-0.24814731785780286,0.7889367094615836,2.2302659487362555
18675,-0.2495346322342934,0.7878387302646751,2.2282187510791145
18677,-0.2668932451379339,0.7629162875195165,2.1639155921811555
18679,-0.2648262241877962,0.7645500078879077,2.166956691931435
18681,-0.2648262241877962,0.7645500078879077,2.166956691931435
18683,-1.2342508185036756,-0.410902523360375,0.07690444755035154
18689,-0.2634416715306171,0.7656437810535199,2.1689928254291138
18705,-0.2797184564482405,0.7527577718051214,2.1450108723355688
18707,-0.2797184564482405,0.7527577718051214,2.1450108723355688
18709,-0.2797184564482405,0.7527577718051214,2.1450108723355688
18711,-0.2797184564482405,0.7527577718051214,2.1450108723355688
18717,-1.2986956321253393,-0.22831579882222966,0.2399937918593129
18721,-1.2985122910510296,-0.22816819738214797,0.24003102904705273
18735,-1.2988782904600975,-0.22846285061275057,0.23995669333826805
18753,-1.2996021741328054,-0.2290456238562568,0.23980967013398094
18769,-1.3020537052550194,-0.23101926519880117,0.23931175593231185
18771,-1.3018826961917649,-0.23088159182638077,0.239346488447203
18783,-1.3022241009155087,-0.23115644474226454,0.23927714800158167
18873,-0.8357579400882865,0.1443790284011951,0.3340179913746704
19009,-0.8479925820479473,0.1345293491684852,0.3315330945161924
19157,-0.9076630151191283,0.08649078560725591,0.3194138292224874
19195,-1.3996017485815468,-0.30955175840234317,0.21949942082581542
19197,-1.3996017485815468,-0.30955175840234317,0.21949942082581542
19199,-1.3996017485815468,-0.30955175840234317,0.21949942082581542
19205,-1.3996017485815468,-0.30955175840234317,0.21949942082581542
19207,-1.3996017485815468,-0.30955175840234317,0.21949942082581542
19215,-1.3996017485815468,-0.30955175840234317,0.21949942082581542
19219,-1.3996017485815468,-0.30955175840234317,0.21949942082581542
19231,-1.3996017485815468,-0.30955175840234317,0.21949942082581542
19239,-1.3996017485815468,-0.30955175840234317,0.21949942082581542
19245,-1.3996017485815468,-0.30955175840234317,0.21949942082581542
19247,-1.3996017485815468,-0.30955175840234317,0.21949942082581542
19259,-1.3996017485815468,-0.30955175840234317,0.21949942082581542
19261,-1.3996017485815468,-0.30955175840234317,0.21949942082581542
19281,-1.3996017485815468,-0.30955175840234317,0.21949942082581542
19283,-1.3996017485815468,-0.30955175840234317,0.21949942082581542
19285,-1.3996017485815468,-0.30955175840234317,0.21949942082581542
19287,-1.3996017485815468,-0.30955175840234317,0.21949942082581542
19289,-1.3996017485815468,-0.30955175840234317,0.21949942082581542
19291,-1.3996017485815468,-0.30955175840234317,0.21949942082581542
19293,-1.3996017485815468,-0.30955175840234317,0.21949942082581542
19295,-1.3996017485815468,-0.30955175840234317,0.21949942082581542
19297,-1.3996017485815468,-0.30955175840234317,0.21949942082581542
19299,-1.3996017485815468,-0.30955175840234317,0.21949942082581542
19301,-1.3996017485815468,-0.30955175840234317,0.21949942082581542
19303,-1.3996017485815468,-0.30955175840234317,0.21949942082581542
19305,-1.3996017485815468,-0.30955175840234317,0.21949942082581542
19307,-1.3996017485815468,-0.30955175840234317,0.21949942082581542
19309,-1.3996017485815468,-0.30955175840234317,0.21949942082581542
19311,-1.3996017485815468,-0.30955175840234317,0.21949942082581542
19313,-1.3996017485815468,-0.30955175840234317,0.21949942082581542
19315,-1.3996017485815468,-0.30955175840234317,0.21949942082581542
19317,-1.3996017485815468,-0.30955175840234317,0.21949942082581542
19319,-1.3996017485815468,-0.30955175840234317,0.21949942082581542
19321,-1.3996017485815468,-0.30955175840234317,0.21949942082581542
19323,-1.3996017485815468,-0.30955175840234317,0.21949942082581542
19325,-1.3996017485815468,-0.30955175840234317,0.21949942082581542
19327,-1.3996017485815468,-0.30955175840234317,0.21949942082581542
19329,-1.3996017485815468,-0.30955175840234317,0.21949942082581542
19331,-1.3996017485815468,-0.30955175840234317,0.21949942082581542
19333,-1.3996017485815468,-0.30955175840234317,0.21949942082581542
19335,-1.3996017485815468,-0.30955175840234317,0.21949942082581542
19337,-1.3996017485815468,-0.30955175840234317,0.21949942082581542
19339,-1.3996017485815468,-0.30955175840234317,0.21949942082581542
19341,-1.3996017485815468,-0.30955175840234317,0.21949942082581542
19343,-1.3996017485815468,-0.30955175840234317,0.21949942082581542
19345,-1.3996017485815468,-0.30955175840234317,0.21949942082581542
19347,-1.3996017485815468,-0.30955175840234317,0.21949942082581542
19349,-1.3996017485815468,-0.30955175840234317,0.21949942082581542
19351,-1.3996017485815468,-0.30955175840234317,0.21949942082581542
19353,-1.3996017485815468,-0.30955175840234317,0.21949942082581542
19355,-1.3996017485815468,-0.30955175840234317,0.21949942082581542
19357,-1.3996017485815468,-0.30955175840234317,0.21949942082581542
19359,-1.3996017485815468,-0.30955175840234317,0.21949942082581542
19361,-1.3996017485815468,-0.30955175840234317,0.21949942082581542
19363,-1.3996017485815468,-0.30955175840234317,0.21949942082581542
19365,-1.3996017485815468,-0.30955175840234317,0.21949942082581542
19367,-1.3996017485815468,-0.30955175840234317,0.21949942082581542
19369,-1.3996017485815468,-0.30955175840234317,0.21949942082581542
19373,-1.3996017485815468,-0.30955175840234317,0.21949942082581542
19377,-1.3996017485815468,-0.30955175840234317,0.21949942082581542
19379,-1.3996017485815468,-0.30955175840234317,0.21949942082581542
19381,-1.3996017485815468,-0.30955175840234317,0.21949942082581542
19383,-1.3996017485815468,-0.30955175840234317,0.21949942082581542
19385,-1.3996017485815468,-0.30955175840234317,0.21949942082581542
19387,-1.3996017485815468,-0.30955175840234317,0.21949942082581542
19389,-1.3996017485815468,-0.30955175840234317,0.21949942082581542
19393,-1.3996017485815468,-0.30955175840234317,0.21949942082581542
19395,-1.3996017485815468,-0.30955175840234317,0.21949942082581542
19397,-1.3996017485815468,-0.30955175840234317,0.21949942082581542
19399,-1.3996017485815468,-0.30955175840234317,0.21949942082581542
19401,-1.3996017485815468,-0.30955175840234317,0.21949942082581542
19405,-1.3996017485815468,-0.30955175840234317,0.21949942082581542
19407,-1.3996017485815468,-0.30955175840234317,0.21949942082581542
19409,-1.3996017485815468,-0.30955175840234317,0.21949942082581542
19411,-1.3996017485815468,-0.30955175840234317,0.21949942082581542
19413,-1.3996017485815468,-0.30955175840234317,0.21949942082581542
19415,-1.3996017485815468,-0.30955175840234317,0.21949942082581542
19417,-1.3996017485815468,-0.30955175840234317,0.21949942082581542
19419,-1.3996017485815468,-0.30955175840234317,0.21949942082581542
19421,-1.3996017485815468,-0.30955175840234317,0.21949942082581542
19423,-1.3996017485815468,-0.30955175840234317,0.21949942082581542
19425,-1.3996017485815468,-0.30955175840234317,0.21949942082581542
19427,-1.3996017485815468,-0.30955175840234317,0.21949942082581542
19429,-1.3996017485815468,-0.30955175840234317,0.21949942082581542
19431,-1.3996017485815468,-0.30955175840234317,0.21949942082581542
19435,-1.2366434305345768,-0.1783597573321987,0.2525968023358718
19437,-1.3996017485815468,-0.30955175840234317,0.21949942082581542
19439,-1.3996017485815468,-0.30955175840234317,0.21949942082581542
19441,-1.3996017485815468,-0.30955175840234317,0.21949942082581542
19443,-0.9810440952155725,0.02741426313255565,0.3045098854859544
19445,-0.9810440952155725,0.02741426313255565,0.3045098854859544
19447,-0.9810440952155725,0.02741426313255565,0.3045098854859544
19449,-0.9810440952155725,0.02741426313255565,0.3045098854859544
19451,-0.9810440952155725,0.02741426313255565,0.3045098854859544
19453,-0.9810440952155725,0.02741426313255565,0.3045098854859544
19455,-0.9810440952155725,0.02741426313255565,0.3045098854859544
19459,-0.9810440952155725,0.02741426313255565,0.3045098854859544
19461,-0.9646073069823746,0.04064694229446203,0.3078482523608344
19463,-0.9810440952155725,0.02741426313255565,0.3045098854859544
19465,-0.9810440952155725,0.02741426313255565,0.3045098854859544
19473,-0.9810440952155725,0.02741426313255565,0.3045098854859544
19475,-1.0293128600621295,-0.01144521900556316,0.29470633728852375
19477,-0.9810440952155725,0.02741426313255565,0.3045098854859544
19481,-0.9840120511419805,0.025024866373065138,0.3039070836727139
19483,-0.9840120511419805,0.025024866373065138,0.3039070836727139
19485,-0.9840120511419805,0.025024866373065138,0.3039070836727139
19487,-0.9840120511419805,0.025024866373065138,0.3039070836727139
19489,-0.9840120511419805,0.025024866373065138,0.3039070836727139
19495,-0.9840120511419805,0.025024866373065138,0.3039070836727139
19501,-0.9840120511419805,0.025024866373065138,0.3039070836727139
19503,-0.9840120511419805,0.025024866373065138,0.3039070836727139
19505,-0.9668289237667612,0.03885839688574766,0.30739703453309025
19507,-0.9840120511419805,0.025024866373065138,0.3039070836727139
19509,-0.9840120511419805,0.025024866373065138,0.3039070836727139
19511,-0.9840120511419805,0.025024866373065138,0.3039070836727139
19517,-0.9840120511419805,0.025024866373065138,0.3039070836727139
19519,-0.9840120511419805,0.025024866373065138,0.3039070836727139
19521,-0.9840120511419805,0.025024866373065138,0.3039070836727139
19523,-0.9840120511419805,0.025024866373065138,0.3039070836727139
19525,-0.9840120511419805,0.025024866373065138,0.3039070836727139
19533,-1.3996017485815468,-0.30955175840234317,0.21949942082581542
19535,-1.3996017485815468,-0.30955175840234317,0.21949942082581542
19537,-1.3996017485815468,-0.30955175840234317,0.21949942082581542
19539,-1.3996017485815468,-0.30955175840234317,0.21949942082581542
19541,-1.3996017485815468,-0.30955175840234317,0.21949942082581542
19543,-1.3996017485815468,-0.30955175840234317,0.21949942082581542
19545,-1.3996017485815468,-0.30955175840234317,0.21949942082581542
19547,-1.3996017485815468,-0.30955175840234317,0.21949942082581542
19549,-1.3996017485815468,-0.30955175840234317,0.21949942082581542
19551,-1.3996017485815468,-0.30955175840234317,0.21949942082581542
19553,-1.3996017485815468,-0.30955175840234317,0.21949942082581542
19555,-1.3996017485815468,-0.30955175840234317,0.21949942082581542
19557,-1.3996017485815468,-0.30955175840234317,0.21949942082581542
19559,-1.3996017485815468,-0.30955175840234317,0.21949942082581542
19561,-1.3996017485815468,-0.30955175840234317,0.21949942082581542
19563,-1.3996017485815468,-0.30955175840234317,0.21949942082581542
19565,-1.3996017485815468,-0.30955175840234317,0.21949942082581542
19567,-1.3996017485815468,-0.30955175840234317,0.21949942082581542
19569,-1.3996017485815468,-0.30955175840234317,0.21949942082581542
19573,-1.3996017485815468,-0.30955175840234317,0.21949942082581542
19575,-1.3996017485815468,-0.30955175840234317,0.21949942082581542
19579,-1.3996017485815468,-0.30955175840234317,0.21949942082581542
19581,-1.3996017485815468,-0.30955175840234317,0.21949942082581542
19583,-1.3996017485815468,-0.30955175840234317,0.21949942082581542
19585,-1.3996017485815468,-0.30955175840234317,0.21949942082581542
19587,-1.3996017485815468,-0.30955175840234317,0.21949942082581542
19589,-1.3996017485815468,-0.30955175840234317,0.21949942082581542
19591,-1.3996017485815468,-0.30955175840234317,0.21949942082581542
19593,-1.3996017485815468,-0.30955175840234317,0.21949942082581542
19595,-1.3996017485815468,-0.30955175840234317,0.21949942082581542
19597,-1.3996017485815468,-0.30955175840234317,0.21949942082581542
19599,-1.3996017485815468,-0.30955175840234317,0.21949942082581542
19601,-1.3996017485815468,-0.30955175840234317,0.21949942082581542
19603,-1.3996017485815468,-0.30955175840234317,0.21949942082581542
19605,-1.3996017485815468,-0.30955175840234317,0.21949942082581542
19607,-1.3996017485815468,-0.30955175840234317,0.21949942082581542
19609,-1.3996017485815468,-0.30955175840234317,0.21949942082581542
19611,-1.3996017485815468,-0.30955175840234317,0.21949942082581542
19613,-1.3996017485815468,-0.30955175840234317,0.21949942082581542
19615,-1.3996017485815468,-0.30955175840234317,0.21949942082581542
19617,-1.3996017485815468,-0.30955175840234317,0.21949942082581542
19619,-1.3996017485815468,-0.30955175840234317,0.21949942082581542
19623,-1.3996017485815468,-0.30955175840234317,0.21949942082581542
19625,-1.3996017485815468,-0.30955175840234317,0.21949942082581542
19627,-1.3996017485815468,-0.30955175840234317,0.21949942082581542
19629,-1.3996017485815468,-0.30955175840234317,0.21949942082581542
19631,-1.3996017485815468,-0.30955175840234317,0.21949942082581542
19633,-1.3996017485815468,-0.30955175840234317,0.21949942082581542
19635,-1.3996017485815468,-0.30955175840234317,0.21949942082581542
19637,-1.3996017485815468,-0.30955175840234317,0.21949942082581542
19639,-1.3996017485815468,-0.30955175840234317,0.21949942082581542
19643,-1.3996017485815468,-0.30955175840234317,0.21949942082581542
19645,-1.3996017485815468,-0.30955175840234317,0.21949942082581542
19647,-1.3996017485815468,-0.30955175840234317,0.21949942082581542
19649,-1.3996017485815468,-0.30955175840234317,0.21949942082581542
19651,-1.3996017485815468,-0.30955175840234317,0.21949942082581542
19653,-1.3996017485815468,-0.30955175840234317,0.21949942082581542
19655,-1.3996017485815468,-0.30955175840234317,0.21949942082581542
19657,-1.3996017485815468,-0.30955175840234317,0.21949942082581542
19659,-1.3996017485815468,-0.30955175840234317,0.21949942082581542
19661,-1.3996017485815468,-0.30955175840234317,0.21949942082581542
19663,-1.3996017485815468,-0.30955175840234317,0.21949942082581542
19665,-1.3996017485815468,-0.30955175840234317,0.21949942082581542
19667,-1.3996017485815468,-0.30955175840234317,0.21949942082581542
19669,-1.3996017485815468,-0.30955175840234317,0.21949942082581542
19671,-1.3996017485815468,-0.30955175840234317,0.21949942082581542
19673,-1.3996017485815468,-0.30955175840234317,0.21949942082581542
19675,-1.3996017485815468,-0.30955175840234317,0.21949942082581542
19677,-1.3996017485815468,-0.30955175840234317,0.21949942082581542
19679,-1.3996017485815468,-0.30955175840234317,0.21949942082581542
19681,-1.3996017485815468,-0.30955175840234317,0.21949942082581542
19687,-1.2109526100817456,1.333949401171978,-1.030441684988865
19689,-1.2109526100817456,1.333949401171978,-1.030441684988865
19691,-1.2109526100817456,1.333949401171978,-1.030441684988865
19693,-1.2109526100817456,1.333949401171978,-1.030441684988865
19695,0.5236024536236976,-0.5658969061550788,-0.8697726194772243
19697,0.6108294793077504,-0.5484429373219634,-0.8961168199714713
19699,-0.01982169540280505,-0.9061662381473108,-0.894579037928016
19701,0.19684900072778996,-1.0926146719098122,-1.1549580135118862
19703,0.9761555397712726,-0.20567900528321595,-0.7298308387956414
19705,0.3853729114524692,-0.7899281861110077,-0.9918027527282562
19707,0.8518384881737534,-0.40011237973241043,-0.8615186952845448
19709,-1.2109526100817456,1.333949401171978,-1.030441684988865
19715,0.9805573648072511,-0.07343613746741734,-0.7306830410453128
19717,-1.2109526100817456,1.333949401171978,-1.030441684988865
19719,-1.2109526100817456,1.333949401171978,-1.030441684988865
19721,0.07346270163185444,-0.949358383133777,-0.9710484197806318
19725,0.4401917092469932,-0.7730012079440531,-1.003388019104465
19731,-1.2109526100817456,1.333949401171978,-1.030441684988865
19745,-1.2109526100817456,1.333949401171978,-1.030441684988865
19749,0.48055677447205875,-0.8597768232514643,-1.0906258022472914
19755,0.08887103685182553,-0.8663542204128531,-0.9110169800935253
19757,-0.16419127081556617,-1.1087238229093834,-0.9980948974353578
19759,0.37629100087773915,-0.6439186635523899,-0.8742054004504288
19761,0.0145725887966788,-0.8622722269241632,-0.8898387162250084
19763,0.037620388479150495,-0.876518717728629,-0.9119569930932783
19765,0.03633414213694003,-0.8657646143369302,-0.9027352076185139
19767,0.025877888897512125,-0.8745982721137757,-0.9049685599499322
19771,0.04039394421389948,-0.8909792298595004,-0.9258441242593655
19773,0.03229644665497486,-0.891946010543236,-0.9223709065657038
19775,0.02521495274315802,-0.8907357690805283,-0.9181134877919684
19781,0.011457936177624833,-0.8883564068550347,-0.909819400910975
19783,0.011457936177624833,-0.8883564068550347,-0.909819400910975
19785,-0.009507987293471524,-0.8868479783377854,-0.898403260549247
19789,0.02521495274315802,-0.8907357690805283,-0.9181134877919684
19799,0.3580769446063543,-0.5698927792682683,-0.80641826674834
19807,0.3672924889497897,-0.5826799411240131,-0.821449281417515
19809,0.3683588172287047,-0.5827705288613803,-0.8220148312303972
19811,0.3743571320620338,-0.5722826787743244,-0.8161330487491247
19813,0.39249021873033196,-0.5539584493665537,-0.8093795755118854
19817,0.39249021873033196,-0.5539584493665537,-0.8093795755118854
19821,0.34595927375780694,-0.5972871884892157,-0.823587218629812
19825,-0.7859548982841107,-0.6856825588909902,-0.3096960072103398
19827,0.1914082488865321,-0.7503542248803275,-0.8776531162339699
19829,0.3448809126800272,-0.6006343084017122,-0.8251756174839716
19841,0.24366093798099503,-0.723085322141256,-0.8779293778761689
19901,-0.3521760129103413,0.2890501660137477,1.246496788116804
19905,-1.099405809092367,-0.4935548849054409,-0.039382896610819694
19937,0.876445494922572,0.1759216358804398,0.21100024275851406
19973,-0.8013058963566065,-0.6762732655971212,-0.2964576470821667
19983,0.6520867285034598,2.3514228561645214,-2.659872120757101
19985,0.18345022177269357,-0.5329494372996495,-0.6715449715500922
19989,0.24215304828965867,-0.6552599706648503,-0.8207432379922759
19993,0.18779555848895904,-0.39515503154138415,-0.5608664460659463
19997,0.1942642260077757,-0.6327526554708647,-0.7579761227477831
19999,0.22174719694993741,-0.401116015600209,-0.587042696579238
20001,0.344422903310785,-0.5302593631516558,-0.7528666790280307
20003,-1.1342965503835993,-0.47216883453273467,-0.009293895480670004
20005,-0.3977229659862358,0.26461509668724215,2.0640375141277096
20007,0.1917880651741717,-0.6037969962073955,-0.7394065292286365
20015,-0.3993811376170163,-0.9472151425752084,-0.7322986161830379
20017,0.40094937624347743,0.7403234243950824,-2.1727704083093657
20019,0.41688791965444516,0.6644289761642695,-2.176625216923986
20021,0.34149946124723535,-0.881934912909132,-1.0624406658723726
20025,1.1029823914449666,-0.06858254020551605,0.6720581104769148
20027,1.2302661972233746,1.2082023742990113,-0.32317322370906604
20029,-0.20117320320915372,-1.0775983006238332,-0.9355054296969642
20033,0.16708909167653416,-1.200034920895225,-0.4392102264527986
20037,-0.4105951320893808,-0.9443224857406096,-0.7370764919113576
20093,-0.2941563892996214,-1.023419646835183,-0.8655349930037558
20113,-0.7859548982841107,-0.6856825588909902,-0.3096960072103398
20125,-0.7589849374380547,-0.7022136189905532,-0.3329543030316726
20127,-0.6275095470275274,1.1231447480225585,-1.6243296482488199
20129,0.8333639120007205,-0.5025435487900215,-0.9617120454691463
20131,-0.3825108980860927,-0.1273432405963967,-0.052274322145531495
20137,-0.35499077765950104,0.18109383684303904,1.8965102708360586
20143,0.26491551345508335,-1.079383972203362,-0.9907816388886415
20145,0.27834457073940233,-1.0921697682411,-0.9757539516267325
20149,0.3081174978379404,-1.0898160195338347,-0.9612479662678264
20151,-0.23931808070964686,-1.0478077736337426,-0.8793455797255991
20153,0.3240635546858912,-1.095314766984321,-0.9715223467189879
20155,0.28052305218453927,-1.092199283107687,-0.9768395983990934
20157,-0.04199489762989387,-1.1891544073792524,-1.1235494670324242
20159,0.3948240182270786,-1.0879929255363214,-0.97477279893861
20161,-0.14969180784326092,-1.1106604241527058,-0.985371263942424
20163,0.2868697578785608,-1.0884253003337525,-0.9771575839907465
20165,0.37162476441248704,-1.088958907660078,-0.9905380335379043
20167,-0.1514924816319274,-1.1094154278192352,-0.983305610206904
20169,0.3437284398807524,-1.0868932889851746,-0.9752122261925936
20171,0.343546622137266,-1.0973449185865711,-0.9563339973293487
20173,0.3944128056967372,-1.0883988145106154,-0.9749172804951692
20295,-0.8083623201745539,-0.6719480770331364,-0.2903723437502369
20427,0.6430027372282862,-1.1027278264967677,-0.576687259189406
20429,0.5314751806084018,-0.9633967901434368,-1.2125166988500482
20431,0.4617002731619291,-1.30329577545149,-0.07839797521191565
20433,-0.014459303668833856,-1.2050803353782158,-1.1438408868044085
20435,0.45707270691076185,-0.9476831869122484,-0.9735082057951289
20437,0.5367060129026772,-1.0424449518111765,-0.4668385167328174
20439,0.1906323949626269,-0.8477042655952434,-0.9599104080928978
20441,-0.2583131219217087,-0.49368081434559313,-0.43938028785955585
20443,0.5069725014323765,-0.9958611389137755,-1.2296452468853145
20445,0.5010977689893158,-1.085126918998969,-0.0987576014891446
20447,0.3813658800385263,-1.3185216246332114,-0.4918337159352773
20449,0.7597331769267945,-1.0772837104269926,-0.6524022870405353
20451,0.1425224591608463,-0.9063086315500916,-0.9814197832329489
20457,0.4082113287479428,-1.020192897733783,-1.202136173723133
20459,0.44689209196378227,-0.9068897898198551,-1.1233711803477933
20463,0.3778347253098792,-0.9477910483892606,-1.1200392574353295
20465,-0.050564145040943406,-1.1855713587054497,-1.1222186575601028
20467,0.5955255487343211,-0.9827605020334601,0.38344768043593036
20469,0.7687805659081405,-1.1340664838683554,-0.060076471341393066
20475,0.13361908188768434,-0.9690357524186859,-1.0243972393276803
20477,0.2969545380503063,-1.0556210517899463,-0.6627358613386104
20479,0.19076603983297782,-0.9598609905457771,-1.0416657519824108
20481,0.17667769734829097,-0.9603818132877764,-1.0388412833776939
20483,1.105788494119709,-0.9878248875833768,-0.06443202197934299
20485,1.1202751210387352,-1.050371894852955,-0.2220563150466515
20489,-0.14697558447019843,-1.1216082425239184,-1.0214059309942245
20491,0.3564464564637418,-0.9446194583740369,-1.1071201460867357
20493,0.4645542487566522,-0.948740317715767,-1.165879229574044
20641,-1.3996017485815468,-0.30955175840234317,0.21949942082581542
20651,0.22252429005191565,-0.8765811683336329,-0.052573999353883495
20655,-0.4263170309415551,-0.9398842816689499,-0.7423859068590977
20657,-0.020005916464387815,-1.2068863648340251,-1.157951951592005
20663,-0.009785071063993806,-1.213464055847443,-1.1679018156644694
20665,0.4693575801053283,-0.7937486250480721,-1.044802978178553
20679,-1.3996017485815468,-0.30955175840234317,0.21949942082581542
20687,-0.017663705596840742,-1.2083758245089655,-1.1601671500824042
20689,0.46970233127435024,-1.2007793887307654,-0.6323619708146735
20691,-1.3996017485815468,-0.30955175840234317,0.21949942082581542
20693,-0.12515791667566692,-1.1365669915978225,-1.0459764727049297
20697,-0.006425155712431497,-1.2154657650284897,-1.1705898061079743
20701,0.20378882544189444,-1.2136378087552848,-0.3863481946238649
20703,-1.3996017485815468,-0.30955175840234317,0.21949942082581542
20709,0.20462547416566182,-0.9135380680427899,-1.0121960114078443
20735,0.7965794901205855,-0.030329795704614162,-1.025226811268512
20737,0.7965794901205855,-0.030329795704614162,-1.025226811268512
20739,0.7965794901205855,-0.030329795704614162,-1.025226811268512
20741,0.7965794901205855,-0.030329795704614162,-1.025226811268512
20743,0.7965794901205855,-0.030329795704614162,-1.025226811268512
20745,0.7965794901205855,-0.030329795704614162,-1.025226811268512
20747,0.7965794901205855,-0.030329795704614162,-1.025226811268512
20749,0.7965794901205855,-0.030329795704614162,-1.025226811268512
20751,0.7965794901205855,-0.030329795704614162,-1.025226811268512
20753,0.7965794901205855,-0.030329795704614162,-1.025226811268512
20755,0.7965794901205855,-0.030329795704614162,-1.025226811268512
20757,0.7965794901205855,-0.030329795704614162,-1.025226811268512
20759,0.7965794901205855,-0.030329795704614162,-1.025226811268512
20761,0.7965794901205855,-0.030329795704614162,-1.025226811268512
20763,0.7965794901205855,-0.030329795704614162,-1.025226811268512
20765,0.7965794901205855,-0.030329795704614162,-1.025226811268512
20767,0.7964008361555529,-0.03080562190723511,-1.0252812614458908
20769,0.7964008361555529,-0.03080562190723511,-1.0252812614458908
20771,0.7964008361555529,-0.03080562190723511,-1.0252812614458908
20773,0.7964008361555529,-0.03080562190723511,-1.0252812614458908
20775,0.7964008361555529,-0.03080562190723511,-1.0252812614458908
20777,0.7964008361555529,-0.03080562190723511,-1.0252812614458908
20779,0.7964008361555529,-0.03080562190723511,-1.0252812614458908
20781,0.7964008361555529,-0.03080562190723511,-1.0252812614458908
20783,0.7964008361555529,-0.03080562190723511,-1.0252812614458908
20785,0.7964008361555529,-0.03080562190723511,-1.0252812614458908
20787,0.7964008361555529,-0.03080562190723511,-1.0252812614458908
20789,0.7964008361555529,-0.03080562190723511,-1.0252812614458908
20791,0.7964008361555529,-0.03080562190723511,-1.0252812614458908
20793,0.7964008361555529,-0.03080562190723511,-1.0252812614458908
20795,0.7964008361555529,-0.03080562190723511,-1.0252812614458908
20797,0.7964008361555529,-0.03080562190723511,-1.0252812614458908
20799,0.7964008361555529,-0.03080562190723511,-1.0252812614458908
20801,0.7964008361555529,-0.03080562190723511,-1.0252812614458908
20803,0.7964008361555529,-0.03080562190723511,-1.0252812614458908
20805,0.7964008361555529,-0.03080562190723511,-1.0252812614458908
20807,0.7964008361555529,-0.03080562190723511,-1.0252812614458908
20809,0.7964008361555529,-0.03080562190723511,-1.0252812614458908
20811,0.7964008361555529,-0.03080562190723511,-1.0252812614458908
20813,0.7964008361555529,-0.03080562190723511,-1.0252812614458908
20815,0.7964008361555529,-0.03080562190723511,-1.0252812614458908
20817,0.7964008361555529,-0.03080562190723511,-1.0252812614458908
20819,0.7964008361555529,-0.03080562190723511,-1.0252812614458908
20821,0.7964008361555529,-0.03080562190723511,-1.0252812614458908
20823,0.7964008361555529,-0.03080562190723511,-1.0252812614458908
20825,0.7964008361555529,-0.03080562190723511,-1.0252812614458908
20827,0.7964008361555529,-0.03080562190723511,-1.0252812614458908
20829,0.7964008361555529,-0.03080562190723511,-1.0252812614458908
20831,0.7964008361555529,-0.03080562190723511,-1.0252812614458908
20833,0.7964008361555529,-0.03080562190723511,-1.0252812614458908
20835,0.7964008361555529,-0.03080562190723511,-1.0252812614458908
20837,0.7964008361555529,-0.03080562190723511,-1.0252812614458908
20839,0.7964008361555529,-0.03080562190723511,-1.0252812614458908
20841,0.7996714174403816,-0.04665240280841324,-1.0340192388227465
20843,0.7964008361555529,-0.03080562190723511,-1.0252812614458908
20845,0.7964008361555529,-0.030805621907235133,-1.0252812614458908
20875,-0.18961642188046665,-0.3860115029617509,-0.25154043453559377
20877,-0.18961642188046665,-0.3860115029617509,-0.25154043453559377
20879,-0.18961642188046665,-0.3860115029617509,-0.25154043453559377
