,PC1,PC2
1,-0.09255375888804118,-0.7578234264027961
3,-0.09255375888803058,-0.7578234264027809
5,-0.13674017036623695,-0.8200100688066994
7,-0.09255375888802718,-0.757823426402785
9,-0.09255375888803295,-0.7578234264027811
11,-0.09255375888803168,-0.7578234264027806
13,-0.13674017036623862,-0.8200100688066967
15,-0.09255375888803063,-0.7578234264027812
17,-0.09255375888803063,-0.7578234264027812
19,-0.1367401703662383,-0.820010068806697
21,-0.11513661470209165,-0.7973119455898441
23,-0.12185533973893442,-0.7807301855525838
25,-0.12185533973893442,-0.7807301855525838
27,-0.1372734512971222,-0.820133289600234
29,-0.11513661470209165,-0.7973119455898441
31,-0.1372734512971222,-0.820133289600234
33,-0.11513661470209165,-0.7973119455898441
35,-0.11513661470209165,-0.7973119455898441
37,-0.11513661470209165,-0.7973119455898441
39,0.13487173825203985,0.45004353473937814
41,0.13487173825203985,0.45004353473937814
43,-1.039474391606625,0.1786971324439642
45,-1.1935755288188201,0.14309026313261922
47,-1.3801666540871738,0.09997620224844508
49,-1.3801666540871738,0.09997620224844508
51,-1.384076107188996,0.09907287740481537
53,-1.3846323720800184,0.09894434589858885
55,-1.3846323720800184,0.09894434589858885
57,-1.3846323720800184,0.09894434589858885
59,-1.3846323720800184,0.09894434589858885
61,-1.3846323720800184,0.09894434589858885
63,-1.3846323720800184,0.09894434589858885
65,-1.3846323720800184,0.09894434589858885
67,-1.508303439161653,0.07036870004136997
69,-1.5056240175118079,0.07098781173802587
71,-1.5056240175118079,0.07098781173802587
73,-1.5069653359912631,0.07067788442232333
75,-1.5069653359912631,0.07067788442232333
77,-1.5069653359912631,0.07067788442232333
79,-1.5069653359912631,0.07067788442232333
81,-1.516704408549012,0.0684275578507554
83,-1.4970533249689444,0.07296817044791168
85,-1.500226279028502,0.07223502231822564
87,-1.500226279028502,0.07223502231822564
89,-1.5153863163853458,0.06873211845466146
91,-1.500226279028502,0.07223502231822564
93,-1.5153863163853458,0.06873211845466146
95,-1.5153863163853458,0.06873211845466146
97,-1.5153863163853458,0.06873211845466146
99,-1.5153863163853458,0.06873211845466146
101,-1.5153863163853458,0.06873211845466146
103,-1.5153863163853458,0.06873211845466146
105,-1.515826026350538,0.06863051832666293
107,-1.515826026350538,0.06863051832666293
109,-1.515826026350538,0.06863051832666293
111,-1.5654214462253049,0.0571709167567509
113,-1.5654214462253049,0.0571709167567509
115,-1.5674286823756862,0.05670712137810109
117,-1.5674286823756862,0.05670712137810109
119,-0.23049592153040002,0.36562106552326085
189,-1.665987670167288,0.03393391501998318
191,-1.6733282774327356,0.03223778189406901
193,-1.6753136207417065,0.03177904511237121
195,-1.6753136207417065,0.03177904511237121
197,-1.6753136207417065,0.03177904511237121
199,-1.6753136207417065,0.03177904511237121
201,-1.6345551352941412,0.04119676967245263
203,-1.6345551352941412,0.04119676967245263
205,0.8205133994601826,1.7089890482725565
207,1.0898093550636554,1.7712130270874757
209,1.060331044107243,1.7518532827169793
211,1.0173704849637193,1.741926743285545
213,0.9225308425819847,1.7200129351663287
215,0.9138762231431389,1.7180131841659574
217,0.5744152692806261,1.1760313903675779
219,0.592137766423835,1.1801263805218685
221,0.5744152692806261,1.1760313903675779
223,0.6012145805924611,1.18222368455033
225,0.6012145805924611,1.18222368455033
227,0.6012145805924611,1.18222368455033
229,1.0280871798291633,1.6000551605900626
231,1.0280871798291633,1.6000551605900626
233,1.0280871798291633,1.6000551605900626
235,-0.3965507889863915,0.3272521470909685
237,-0.3965507889863915,0.3272521470909685
239,-0.4582945213758377,0.3129855358916081
241,-0.4582945213758377,0.3129855358916081
243,-0.4582945213758377,0.3129855358916081
245,-1.0425612848479988,0.17798386967243543
247,-0.9343187143418259,0.2786075048941317
249,-0.9343187143418259,0.2786075048941317
251,-0.9343187143418259,0.2786075048941317
253,-1.018292299386623,0.259204426355017
255,-1.018292299386623,0.259204426355017
257,-1.018292299386623,0.259204426355017
259,-1.018292299386623,0.259204426355017
261,-1.0175121290682259,0.2593846938278618
263,-1.2564855288836292,0.2393251034444556
265,-1.2564855288836292,0.2393251034444556
267,-1.2564855288836292,0.2393251034444556
269,-1.2564855288836292,0.2393251034444556
271,-1.2612920787308348,0.23821449391006752
273,-1.2612920787308348,0.23821449391006752
275,-1.2712103549163702,0.23592276024527398
277,-1.35251847752805,0.18197756053945247
279,-1.35251847752805,0.18197756053945247
321,-1.349080672839607,0.18277190550324582
323,-1.349080672839607,0.18277190550324582
325,-1.3469212435626665,0.1832708668830392
327,-1.3469212435626665,0.1832708668830392
329,-1.3469212435626665,0.1832708668830392
331,-1.3469212435626665,0.1832708668830392
333,-1.3447534281315732,0.18377176598178968
335,-1.3469212435626665,0.1832708668830392
337,-1.3443188529660288,0.18387217965430008
339,-1.3443188529660288,0.18387217965430008
341,-2.031862867325289,-0.05060582664025227
343,-2.031862867325289,-0.05060582664025227
345,-2.031862867325289,-0.05060582664025227
347,-2.031862867325289,-0.05060582664025227
349,-2.031862867325289,-0.05060582664025227
351,-2.031862867325289,-0.05060582664025227
353,-2.0309902522156715,-0.05040419871764674
355,-2.0280131157083545,-0.04971629652266118
357,-2.0280131157083545,-0.04971629652266118
359,-2.0332562203656055,-0.050927777149565194
361,-1.2783926148049907,0.12349228383983778
363,-1.0792924623396707,0.1694967016978292
365,-2.0332562203656055,-0.050927777149565194
367,-1.2763713267595886,0.12395932607310872
369,-2.0332562203656055,-0.050927777149565194
371,-2.032559978589098,-0.050766902347511814
373,-2.032559978589098,-0.050766902347511814
375,-1.0792924623396707,0.1694967016978292
377,-2.0308155653821545,-0.05036383528254188
379,-2.0308155653821545,-0.05036383528254188
381,-2.015943201757694,-0.04692740179796756
383,-2.015943201757694,-0.04692740179796756
385,-2.022365651571752,-0.048411383910785644
387,-2.022365651571752,-0.048411383910785644
389,-2.022365651571752,-0.048411383910785644
391,-2.022365651571752,-0.048411383910785644
393,-2.022365651571752,-0.048411383910785644
395,-2.022365651571752,-0.048411383910785644
397,-2.022365651571752,-0.048411383910785644
399,-2.023074717112564,-0.048575221793501114
401,-2.022365651571752,-0.048411383910785644
403,-2.023074717112564,-0.048575221793501114
405,-2.023074717112564,-0.048575221793501114
407,-2.023074717112564,-0.048575221793501114
409,-2.023074717112564,-0.048575221793501114
411,-2.023074717112564,-0.048575221793501114
413,-2.0237828831091575,-0.0487388518260082
415,-2.0237828831091575,-0.0487388518260082
417,-2.0237828831091575,-0.0487388518260082
419,-2.0237828831091575,-0.0487388518260082
421,-2.0237828831091575,-0.0487388518260082
423,-2.024843450442657,-0.0489839083072451
425,-2.0237828831091575,-0.0487388518260082
427,-2.0237828831091575,-0.0487388518260082
429,-2.0237828831091575,-0.0487388518260082
431,-2.0237828831091575,-0.0487388518260082
433,-2.0237828831091575,-0.0487388518260082
435,-2.024843450442657,-0.0489839083072451
437,-2.024843450442657,-0.0489839083072451
439,-2.024843450442657,-0.0489839083072451
441,-2.0329082080276817,-0.05084736483036114
443,-2.0329082080276817,-0.05084736483036114
445,-2.0346461041137167,-0.0512489260383548
447,-2.0346461041137167,-0.0512489260383548
449,-2.0346461041137167,-0.0512489260383548
451,-2.0346461041137167,-0.0512489260383548
453,-2.0346461041137167,-0.0512489260383548
455,-2.0346461041137167,-0.0512489260383548
457,-2.0401712889382195,-0.05252558458563208
459,-2.0393115755818574,-0.05232693776394725
461,-2.0401712889382195,-0.05252558458563208
463,-2.0401712889382195,-0.05252558458563208
465,-2.0401712889382195,-0.05252558458563208
477,0.9647283693524898,0.8936433916537533
479,0.9647283693524898,0.8936433916537533
481,0.6005927713672826,0.8095056047196177
483,0.5046639349386164,0.787340125582358
485,0.4012477155164838,0.7355381186257938
487,0.4012477155164838,0.7355381186257938
489,0.41047456644772473,0.7376700904023001
491,0.2984043950077232,0.6640685236828147
493,-1.3961876858415827,0.09627435556365
495,-1.414930369266829,0.09194363944214774
497,-1.414930369266829,0.09194363944214774
499,-1.4222547150283655,0.09025126372682114
501,-1.4222547150283655,0.09025126372682114
503,-1.4222547150283655,0.09025126372682114
505,-1.4222547150283655,0.09025126372682114
507,-1.4222547150283655,0.09025126372682114
509,-1.4222547150283655,0.09025126372682114
511,-1.4222547150283655,0.09025126372682114
513,-1.4222547150283655,0.09025126372682114
515,-1.4222547150283655,0.09025126372682114
517,-1.4222547150283655,0.09025126372682114
519,-1.4222547150283655,0.09025126372682114
521,-1.4222547150283655,0.09025126372682114
523,-1.4191274700316394,0.09097385024316657
525,-1.4222547150283655,0.09025126372682114
527,-1.4191274700316394,0.09097385024316657
529,-1.4191274700316394,0.09097385024316657
531,-1.4191274700316394,0.09097385024316657
533,-1.4191274700316394,0.09097385024316657
535,0.6297052328956892,-0.4464082160234431
537,0.6199258305127254,-0.4487230577291879
539,0.6194482088021447,-0.45445942540840706
541,0.6194482088021447,-0.45445942540840706
543,0.6194482088021447,-0.45445942540840706
545,0.6194482088021447,-0.45445942540840706
547,0.6188087357727176,-0.45447069607295904
549,0.5541819598105416,-0.5387384492110132
551,0.5541819598105416,-0.5387384492110132
553,0.5425370680082024,-0.5469381449390534
555,0.5425370680082024,-0.5469381449390534
557,0.5425370680082024,-0.5469381449390534
559,0.5425370680082024,-0.5469381449390534
561,0.5425370680082024,-0.5469381449390534
563,0.5425370680082024,-0.5469381449390534
565,0.5424072664096765,-0.5469681371158709
567,0.5409814373536228,-0.547297591588289
569,0.5409814373536228,-0.547297591588289
571,0.5413699387765292,-0.5472078237926518
573,0.5390352706847565,-0.5524426299454495
575,0.5390352706847565,-0.5524426299454495
577,0.5390352706847565,-0.5524426299454495
579,0.5390352706847565,-0.5524426299454495
581,0.5382389437112421,-0.5545424658595478
583,0.5382389437112421,-0.5545424658595478
585,0.5382389437112421,-0.5545424658595478
587,0.5382389437112421,-0.5545424658595478
589,0.5379991623082748,-0.5550061221234484
591,0.5379991623082748,-0.5550061221234484
593,0.5379991623082748,-0.5550061221234484
595,0.5379991623082748,-0.5550061221234484
597,0.5380631325378789,-0.5563506087444005
599,0.5380631325378789,-0.5563506087444005
601,0.5252016878648106,-0.5769355819111963
603,0.5232614259294925,-0.6014774252545392
605,0.5235783283228531,-0.6010824663160206
607,0.5235783283228531,-0.6010824663160206
609,0.5232614259294925,-0.6014774252545392
611,0.5232614259294925,-0.6014774252545392
613,0.5232614259294925,-0.6014774252545392
615,0.5222009929131121,-0.6017224507002353
617,0.5174272838698458,-0.5967922688765657
619,0.5177430891703706,-0.5974327201238149
621,0.5177430891703706,-0.5974327201238149
623,0.5177430891703706,-0.5974327201238149
625,0.5181623553431782,-0.5990734822848021
627,0.5120094172292682,-0.5927764250404135
629,0.5120094172292682,-0.5927764250404135
631,0.5120094172292682,-0.5927764250404135
633,0.5120094172292682,-0.5927764250404135
635,0.5117827614465286,-0.5921638072839913
637,0.5117827614465286,-0.5921638072839913
639,0.5117827614465286,-0.5921638072839913
641,0.5117827614465286,-0.5921638072839913
643,0.5115843566916597,-0.5922096510221053
645,0.5115843566916597,-0.5922096510221053
647,0.5115843566916597,-0.5922096510221053
649,0.5238617184240665,-0.5898247540070225
651,0.5161256783085351,-0.588572747090645
653,0.5161256783085351,-0.588572747090645
655,0.5161256783085351,-0.588572747090645
657,0.5162281118847376,-0.5885490786153377
659,0.5156137921910975,-0.5886910243624135
661,0.5156137921910975,-0.5886910243624135
663,0.5156137921910975,-0.5886910243624135
665,-0.921579859686999,0.2059380423199497
667,-0.921579859686999,0.2059380423199497
669,-0.921579859686999,0.2059380423199497
671,-0.921579859686999,0.2059380423199497
673,-0.921579859686999,0.2059380423199497
675,-0.921579859686999,0.2059380423199497
677,-0.921579859686999,0.2059380423199497
679,-0.9440612242880237,0.20074346020478265
681,-0.9633118137404046,0.19629538645790687
683,-1.120042420110473,0.1600809475571585
685,-1.1046487437088655,0.16363783645343202
687,-1.1046487437088655,0.16363783645343202
689,-1.1046487437088655,0.16363783645343202
691,-1.1101304090881543,0.16237123358274658
693,-1.1101304090881543,0.16237123358274658
695,-1.1064819531461307,0.16321425198135137
697,-1.1064819531461307,0.16321425198135137
699,-1.087873170918171,0.16751402866581483
701,-1.087873170918171,0.16751402866581483
703,-1.087873170918171,0.16751402866581483
705,-1.087873170918171,0.16751402866581483
707,-1.1101304090881543,0.16237123358274658
709,-1.1101304090881543,0.16237123358274658
711,-1.1101304090881543,0.16237123358274658
713,-1.1101304090881543,0.16237123358274658
715,-1.1101304090881543,0.16237123358274658
717,-1.054740933956368,0.17516961935666678
719,-1.054740933956368,0.17516961935666678
721,-1.1046487437088655,0.16363783645343202
723,-1.1332812644579655,0.15702195779859965
725,-1.1332812644579655,0.15702195779859965
727,-1.1332812644579655,0.15702195779859965
729,-1.1332812644579655,0.15702195779859965
731,-1.1332812644579655,0.15702195779859965
733,-1.1332812644579655,0.15702195779859965
735,-1.1332812644579655,0.15702195779859965
737,-1.1332812644579655,0.15702195779859965
739,-1.1332812644579655,0.15702195779859965
741,-1.1332812644579655,0.15702195779859965
743,-1.1332812644579655,0.15702195779859965
745,-1.1332812644579655,0.15702195779859965
747,-0.7481000403862411,0.24602258267925997
749,-0.7481000403862411,0.24602258267925997
751,-0.7481000403862411,0.24602258267925997
753,-0.7481000403862411,0.24602258267925997
755,-0.675792607584658,0.26273006035646596
757,-0.7481000403862411,0.24602258267925997
759,-0.675792607584658,0.26273006035646596
761,-0.675792607584658,0.26273006035646596
763,-0.675792607584658,0.26273006035646596
765,-0.675792607584658,0.26273006035646596
767,-0.675792607584658,0.26273006035646596
769,-0.71955903726534,0.2526173151161868
771,-0.675792607584658,0.26273006035646596
773,-0.71955903726534,0.2526173151161868
775,-0.71955903726534,0.2526173151161868
777,-0.71955903726534,0.2526173151161868
779,-0.71955903726534,0.2526173151161868
781,-0.7268322577099979,0.2509367525030185
783,-0.7268322577099979,0.2509367525030185
785,-0.7268322577099979,0.2509367525030185
787,-0.7268322577099979,0.2509367525030185
789,-0.7268322577099979,0.2509367525030185
791,-0.7268322577099979,0.2509367525030185
793,-0.7268322577099979,0.2509367525030185
795,-0.7268322577099979,0.2509367525030185
797,-0.7268322577099979,0.2509367525030185
799,-0.7268322577099979,0.2509367525030185
801,-0.7268322577099979,0.2509367525030185
803,-0.7268322577099979,0.2509367525030185
805,-0.7268322577099979,0.2509367525030185
807,-0.7268322577099979,0.2509367525030185
809,-0.7268322577099979,0.2509367525030185
811,-0.7268322577099979,0.2509367525030185
813,-0.7268322577099979,0.2509367525030185
815,-0.7268322577099979,0.2509367525030185
817,-0.7268322577099979,0.2509367525030185
819,-0.7268322577099979,0.2509367525030185
821,-0.7268322577099979,0.2509367525030185
823,-0.7268322577099979,0.2509367525030185
825,-0.7268322577099979,0.2509367525030185
827,-0.7268322577099979,0.2509367525030185
829,-0.7268322577099979,0.2509367525030185
831,-0.7268322577099979,0.2509367525030185
833,-0.7268322577099979,0.2509367525030185
835,-0.7268322577099979,0.2509367525030185
837,-0.7268322577099979,0.2509367525030185
839,-0.7268322577099979,0.2509367525030185
841,-0.7268322577099979,0.2509367525030185
843,-0.7481000403862411,0.24602258267925997
845,-0.7481000403862411,0.24602258267925997
847,-0.7481000403862411,0.24602258267925997
849,-0.7481000403862411,0.24602258267925997
851,-0.7481000403862411,0.24602258267925997
853,-0.7481000403862411,0.24602258267925997
855,-0.7481000403862411,0.24602258267925997
857,-0.7481000403862411,0.24602258267925997
859,-0.7481000403862411,0.24602258267925997
861,-0.7481000403862411,0.24602258267925997
863,-0.7481000403862411,0.24602258267925997
865,-0.7481000403862411,0.24602258267925997
867,-0.7481000403862411,0.24602258267925997
869,-0.7481000403862411,0.24602258267925997
871,-0.7481000403862411,0.24602258267925997
873,-0.7481000403862411,0.24602258267925997
875,-0.7481000403862411,0.24602258267925997
877,-0.7481000403862411,0.24602258267925997
879,-0.7481000403862411,0.24602258267925997
881,-0.7481000403862411,0.24602258267925997
883,-0.7481000403862411,0.24602258267925997
885,-0.7481000403862411,0.24602258267925997
887,-0.5644352982219872,0.2884604685356069
889,-0.5644352982219872,0.2884604685356069
891,-0.5644352982219872,0.2884604685356069
893,-0.5644352982219872,0.2884604685356069
895,-0.8695224290004696,0.21796652027068178
897,-0.8695224290004696,0.21796652027068178
899,-0.8695224290004696,0.21796652027068178
901,-0.8695224290004696,0.21796652027068178
903,-0.8695224290004696,0.21796652027068178
905,-0.8695224290004696,0.21796652027068178
907,-0.8695224290004696,0.21796652027068178
909,-0.8695224290004696,0.21796652027068178
911,-0.8695224290004696,0.21796652027068178
913,-0.8681216459016591,0.21829018758187269
915,-0.5927052260567811,0.2819283712126096
917,-0.5927052260567811,0.2819283712126096
919,-0.6452816382700584,0.26977997651283686
921,-0.6452816382700584,0.26977997651283686
923,-0.6452816382700584,0.26977997651283686
925,-0.6452816382700584,0.26977997651283686
927,-0.6452816382700584,0.26977997651283686
929,-0.6452816382700584,0.26977997651283686
931,-0.6452816382700584,0.26977997651283686
933,-0.6452816382700584,0.26977997651283686
935,-0.6452816382700584,0.26977997651283686
937,-0.42518330973549134,0.3206362684361362
939,-1.502481683195547,0.07171388481805473
941,-1.5078577610765436,0.07047167917324759
943,-1.518894335924028,0.06792154952885603
945,-1.5403336749781893,0.06296773959835546
947,-1.5390702754831274,0.0632596628217823
949,0.5939221637186909,0.5561125021889891
955,0.7106733759479877,-2.6036231809144263
957,0.7832576042753712,-2.47433884378797
959,0.7832393659347577,-2.4743430579697874
961,0.8922265956923099,-2.272133499846403
963,0.8956906648670436,-2.274799721284545
965,0.8956906648670436,-2.274799721284545
967,0.8922265956923099,-2.272133499846403
969,0.8922265956923099,-2.272133499846403
971,0.8922448060686782,-2.2721292921260496
973,0.8922747032967361,-2.270074284256901
975,0.8958024148850563,-2.272771192042621
977,0.8957841305445994,-2.2727754168532424
979,0.8957841305445994,-2.2727754168532424
981,0.9334282624847802,-2.2578610748547496
983,0.8569489178496674,-2.3840745173099407
985,0.8604468945814883,-2.386766836684083
987,0.8604468945814883,-2.386766836684083
989,0.8569489178496674,-2.3840745173099407
991,0.8604468945814883,-2.386766836684083
993,0.8569489178496674,-2.3840745173099407
995,0.8604468945814883,-2.386766836684083
997,0.8604468945814883,-2.386766836684083
999,0.8607770454715445,-2.386690551461222
1001,0.8607770454715445,-2.386690551461222
1003,0.8572790687397237,-2.3839982320870803
1005,0.4211489087184295,-0.037489859217361754
1007,0.42918665409789236,-0.03563264418013406
1009,0.42918665409789236,-0.03563264418013406
1011,0.4650990424117646,0.33445795712765936
1013,0.4650990424117646,0.33445795712765936
1015,0.4650990424117646,0.33445795712765936
1017,0.4650990424117646,0.33445795712765936
1019,0.4650990424117646,0.33445795712765936
1021,0.4650990424117646,0.33445795712765936
1023,0.4650990424117646,0.33445795712765936
1025,0.4886677842024787,0.4038027267481558
1027,0.4886677842024787,0.4038027267481558
1029,0.4886677842024787,0.4038027267481558
1031,0.4897575098232208,0.40405452059254227
1033,0.4897575098232208,0.40405452059254227
1035,0.48894001623515926,0.40386562914190405
1037,0.48894001623515926,0.40386562914190405
1039,0.48894001623515926,0.40386562914190405
1041,0.48894001623515926,0.40386562914190405
1043,0.48894001623515926,0.40386562914190405
1045,0.4924911674507713,0.40468616414590636
1047,0.4919433639014617,0.4045595877316018
1049,0.49139609741454154,0.4044331354118412
1051,0.49139609741454154,0.4044331354118412
1053,0.49139609741454154,0.4044331354118412
1055,0.49139609741454154,0.4044331354118412
1057,0.49139609741454154,0.4044331354118412
1059,0.49139609741454154,0.4044331354118412
1061,0.49139609741454154,0.4044331354118412
1063,0.49139609741454154,0.4044331354118412
1065,0.49139609741454154,0.4044331354118412
1067,0.49139609741454154,0.4044331354118412
1069,0.49139609741454154,0.4044331354118412
1071,0.49139609741454154,0.4044331354118412
1073,0.48338562441814775,0.4025822219775563
1075,0.483655291946073,0.40264453181250015
1077,0.483520441897839,0.40261337313235646
1079,0.483520441897839,0.40261337313235646
1081,0.483520441897839,0.40261337313235646
1083,0.483520441897839,0.40261337313235646
1085,0.48338562441814775,0.4025822219775563
1087,0.483520441897839,0.40261337313235646
1089,0.483520441897839,0.40261337313235646
1091,0.483520441897839,0.40261337313235646
1093,0.48338562441814775,0.4025822219775563
1095,0.48392508981113475,0.4027068717633629
1097,0.48392508981113475,0.4027068717633629
1099,0.48392508981113475,0.4027068717633629
1101,0.48392508981113475,0.4027068717633629
1103,0.46993408745160364,0.39947408710282833
1105,0.4665231470921913,0.39868594945632146
1107,0.4665231470921913,0.39868594945632146
1109,0.4666539524289226,0.39871617355858663
1111,0.4665231470921913,0.39868594945632146
1113,0.4665231470921913,0.39868594945632146
1115,0.4665231470921913,0.39868594945632146
1117,0.4665231470921913,0.39868594945632146
1119,0.4665231470921913,0.39868594945632146
1121,0.4665231470921913,0.39868594945632146
1123,0.4665231470921913,0.39868594945632146
1125,0.4666539524289226,0.39871617355858663
1127,0.4666539524289226,0.39871617355858663
1129,0.4666539524289226,0.39871617355858663
1131,0.4666539524289226,0.39871617355858663
1133,0.4666539524289226,0.39871617355858663
1135,0.4666539524289226,0.39871617355858663
1137,0.4666539524289226,0.39871617355858663
1139,0.4666539524289226,0.39871617355858663
1141,0.4666539524289226,0.39871617355858663
1143,0.4666539524289226,0.39871617355858663
1145,0.4708299125334789,0.4160654798834879
1147,0.6437518181297877,2.097039110523419
1149,0.6437518181297877,2.097039110523419
1151,0.6437518181297877,2.097039110523419
1153,0.6437518181297877,2.097039110523419
1179,0.6509758373108026,2.1136706968250585
1181,0.6462752567778723,1.9882101116560824
1183,0.6462752567778723,1.9882101116560824
1185,0.6465128544355274,1.9880957077799586
1187,0.6465128544355274,1.9880957077799586
1189,0.6465128544355274,1.9880957077799586
1191,0.6465308893526658,1.9880671849914118
1193,0.6198954989945206,1.9369224258621451
1195,0.6198954989945206,1.9369224258621451
1197,0.6198954989945206,1.9369224258621451
1199,1.0530843379017432,1.4493804443711584
1201,1.0530843379017432,1.4493804443711584
1203,1.0530843379017432,1.4493804443711584
1205,1.0530843379017432,1.4493804443711584
1207,1.0501237187343764,1.4506085861782574
1209,1.0501237187343764,1.4506085861782574
1211,1.0501237187343764,1.4506085861782574
1213,1.0501237187343764,1.4506085861782574
1215,1.0498462577672834,1.45082037702607
1217,1.0498475806172598,1.450821123899246
1256,-1.4048137402116052,0.9482635137751002
1258,-1.4048137402116052,0.9482635137751002
1260,-1.39584956291507,0.9503347917374547
1262,-1.39584956291507,0.9503347917374547
1264,-1.39584956291507,0.9503347917374547
1266,-1.3762024931823549,0.9548744768882552
1268,-1.3762024931823549,0.9548744768882552
1270,-1.3762024931823549,0.9548744768882552
1272,1.989965876356081,0.8138385107885473
1274,1.989965876356081,0.8138385107885473
1276,1.989965876356081,0.8138385107885473
1278,1.989965876356081,0.8138385107885473
1280,1.989965876356081,0.8138385107885473
1282,1.989965876356081,0.8138385107885473
1284,1.989965876356081,0.8138385107885473
1286,1.989965876356081,0.8138385107885473
1288,1.9901566962435189,0.8138826019543677
1290,1.9901566962435189,0.8138826019543677
1292,1.9901566962435189,0.8138826019543677
1294,1.9901566962435189,0.8138826019543677
1296,1.9898492963062666,0.8138115736051291
1298,1.9901566962435189,0.8138826019543677
1300,1.9898492963062666,0.8138115736051291
1302,-1.102801875431235,0.3789916935806044
1304,1.3297578214469419,0.9779877140296586
1306,1.3297578214469419,0.9779877140296586
1308,1.3297578214469419,0.9779877140296586
1310,1.3297578214469419,0.9779877140296586
1312,1.3297578214469419,0.9779877140296586
1314,1.3297578214469419,0.9779877140296586
1316,1.3297578214469419,0.9779877140296586
1318,1.3297578214469419,0.9779877140296586
1320,1.3297578214469419,0.9779877140296586
1322,1.3297578214469419,0.9779877140296586
1324,1.3297578214469419,0.9779877140296586
1326,1.3297578214469419,0.9779877140296586
1328,1.3297578214469419,0.9779877140296586
1330,1.3297578214469419,0.9779877140296586
1332,1.3297578214469419,0.9779877140296586
1334,1.3297578214469419,0.9779877140296586
1336,1.3297578214469419,0.9779877140296586
1338,1.3297578214469419,0.9779877140296586
1340,1.3297578214469419,0.9779877140296586
1342,1.0360864621770476,0.9101315132307672
1344,1.3297578214469419,0.9779877140296586
1346,1.0360864621770476,0.9101315132307672
1348,1.0360864621770476,0.9101315132307672
1350,1.0360864621770476,0.9101315132307672
1352,1.0360864621770476,0.9101315132307672
1354,1.1882562308267781,0.6934403366076111
1356,1.1882562308267781,0.6934403366076111
1358,1.1882562308267781,0.6934403366076111
1360,1.1882562308267781,0.6934403366076111
1362,1.1882562308267781,0.6934403366076111
1364,1.1882562308267781,0.6934403366076111
1366,1.1882562308267781,0.6934403366076111
1368,1.1882562308267781,0.6934403366076111
1370,1.1882562308267781,0.6934403366076111
1372,0.8299658356950876,0.6106531521276084
1374,0.8299658356950876,0.6106531521276084
1376,1.1882562308267781,0.6934403366076111
1378,0.8299658356950876,0.6106531521276084
1380,0.8299658356950876,0.6106531521276084
1382,0.8299658356950876,0.6106531521276084
1384,0.8299658356950876,0.6106531521276084
1386,0.8299658356950876,0.6106531521276084
1388,0.8299658356950876,0.6106531521276084
1390,0.8299658356950876,0.6106531521276084
1392,0.8299658356950876,0.6106531521276084
1394,0.8299658356950876,0.6106531521276084
1396,0.8299658356950876,0.6106531521276084
1398,0.8299658356950876,0.6106531521276084
1400,0.8299658356950876,0.6106531521276084
1402,0.8299658356950876,0.6106531521276084
1404,0.8299658356950876,0.6106531521276084
1406,-0.9315162960137781,0.25134855596569805
1434,0.6705873149763559,0.9830408346287868
1436,0.6705873149763559,0.9830408346287868
1438,0.6705873149763559,0.9830408346287868
1440,0.6705873149763559,0.9830408346287868
1442,0.6705873149763559,0.9830408346287868
1444,0.6705873149763559,0.9830408346287868
1446,0.6705873149763559,0.9830408346287868
1448,0.6705873149763559,0.9830408346287868
1450,0.6705873149763559,0.9830408346287868
1452,0.6705873149763559,0.9830408346287868
1454,0.6705873149763559,0.9830408346287868
1456,0.6705873149763559,0.9830408346287868
1458,0.6705873149763559,0.9830408346287868
1460,0.6705873149763559,0.9830408346287868
1462,0.6705873149763559,0.9830408346287868
1464,0.6705873149763559,0.9830408346287868
1466,-0.4585744493111131,0.2855669100525891
1468,-0.45415002637082347,0.28658922469778236
1470,-0.45661236724902343,0.2860202720512533
1472,-0.4580845749734445,0.28568010124530774
1474,1.0049011599974418,0.14485295100790369
1476,1.0049011599974418,0.14485295100790369
1478,1.0049011599974418,0.14485295100790369
1480,1.0049011599974418,0.14485295100790369
1482,1.0049011599974418,0.14485295100790369
1484,1.0049011599974418,0.14485295100790369
1486,1.0049011599974418,0.14485295100790369
1488,1.0049011599974418,0.14485295100790369
1490,1.0049011599974418,0.14485295100790369
1492,1.0049769885341266,0.14487047207779766
1494,1.0049011599974418,0.14485295100790369
1496,1.0049011599974418,0.14485295100790369
1498,1.0049011599974418,0.14485295100790369
1500,1.0049011599974418,0.14485295100790369
1502,1.0049011599974418,0.14485295100790369
1504,1.0049011599974418,0.14485295100790369
1506,1.0049011599974418,0.14485295100790369
1508,1.006495726437231,0.1452213942255007
1510,1.006495726437231,0.1452213942255007
1512,1.006495726437231,0.1452213942255007
1514,1.006495726437231,0.1452213942255007
1516,1.0064196913254946,0.14520382542402616
1518,1.0064196913254946,0.14520382542402616
1520,1.006495726437231,0.1452213942255007
1522,1.006495726437231,0.1452213942255007
1524,1.006495726437231,0.1452213942255007
1526,1.006495726437231,0.1452213942255007
1528,1.006495726437231,0.1452213942255007
1530,0.9508453208325041,0.020173993208278302
1532,1.006495726437231,0.1452213942255007
1534,1.006495726437231,0.1452213942255007
1536,0.9508453208325041,0.020173993208278302
1538,0.9508453208325041,0.020173993208278302
1540,0.8582922654656893,0.5081698118470136
1542,0.8538674445029323,0.5046180726634737
1544,0.8538674445029323,0.5046180726634737
1546,0.8531001940706653,0.5027839608490462
1548,0.8388325923278384,0.5076421895239878
1550,0.8380715593057367,0.5061147265248241
1552,0.8380715593057367,0.5061147265248241
1554,0.7703493101234925,0.29819296709591114
1556,0.7703493101234925,0.29819296709591114
1558,0.7703493101234925,0.29819296709591114
1560,0.7705895710821997,0.2975538573975848
1562,0.7713880076705619,0.2980782269338721
1564,0.7492007149356663,0.2594445499847519
1566,0.7489198369234245,0.2582645635477942
1568,0.7367592429483519,0.30184567578474164
1570,0.7511497038767805,0.26044636725761405
1572,0.7388638615599568,0.30302884588343393
1574,0.7490095369553931,0.25585447200803774
1576,0.7369149223879935,0.30059540822234804
1578,0.7396264454882836,0.3033214735533118
1580,0.7310953121636153,0.288271465268544
1582,0.7373800425998855,0.29953873695458477
1584,0.739017001471523,0.2943535102086356
1586,0.732048098966906,0.2911301812755883
1588,0.7387586739611939,0.2949322525144433
1590,0.7309309761475359,0.28843521121452936
1592,0.5338642448647867,0.011532966132599676
1594,0.7313318961748174,0.288214006227513
1596,0.5338642448647867,0.011532966132599676
1598,0.7341479638845445,0.3484304099672607
1600,0.7427680375664019,0.34812172498851557
1602,0.7606344675462859,0.34509104270447766
1604,-0.2659396416691016,0.3843437955985309
1606,-0.2659396416691016,0.3843437955985309
1608,-0.8886020669275513,0.31292626403546
1610,-0.6678552638429848,0.3141285666915472
1612,-0.6170805665744843,0.27721314220358195
1614,-0.6170805665744843,0.27721314220358195
1616,-0.6158549109888155,0.27791988928040356
1618,-0.6158549109888155,0.27791988928040356
1620,-0.6158549109888155,0.27791988928040356
1622,-0.6158549109888155,0.27791988928040356
1624,-0.6120249491775602,0.2881103542492149
1626,-0.2659396416691016,0.3843437955985309
1628,-0.2659396416691016,0.3843437955985309
1630,-0.2659396416691016,0.3843437955985309
1632,-0.2659396416691016,0.3843437955985309
1634,-0.2659396416691016,0.3843437955985309
1636,-0.2659396416691016,0.3843437955985309
1638,-0.6127915235416864,0.2733302841852454
1640,-0.2659396416691016,0.3843437955985309
1642,-0.2659396416691016,0.3843437955985309
1644,-0.2659396416691016,0.3843437955985309
1646,-0.17333274640983545,0.5819805581725987
1648,-0.2659396416691016,0.3843437955985309
1650,-0.6127915235416864,0.2733302841852454
1652,-0.17333274640983545,0.5819805581725987
1654,-0.17333274640983545,0.5819805581725987
1656,2.255071442298748,0.9309857719235699
1658,2.279188805219453,0.981865919989545
1660,2.2791874582263816,0.9818621385423472
1662,2.287416133620459,1.0090902258467194
1664,2.279188805219453,0.981865919989545
1666,2.279188805219453,0.981865919989545
1668,2.279188805219453,0.981865919989545
1670,2.2789752757442723,0.9817877780552323
1672,2.27905630742414,0.9818065013721877
1674,2.278076745164855,0.9810458559570749
1676,2.278731602564166,0.9816621186269169
1678,2.2778402789858045,0.9809297098019336
1680,2.2778135545499327,0.9809140036666467
1682,2.2901104244780455,0.9446536490171211
1684,2.2901104244780455,0.9446536490171211
1686,2.2901104244780455,0.9446536490171211
1688,2.292805085816609,0.9422037232683905
1690,2.292485768976797,0.9424494947472268
1692,2.292805085816609,0.9422037232683905
1694,2.292805085816609,0.9422037232683905
1696,2.292805085816609,0.9422037232683905
1749,0.2223982784920731,-0.7465771120223573
1751,1.4379353742820826,0.26697899605098946
1753,1.440190945125929,0.2675140105778237
1755,1.4401660110434256,0.2675082492665634
1757,1.4401660110434256,0.2675082492665634
1759,1.4401660110434256,0.2675082492665634
1761,1.4397339971486485,0.26740842740560694
1763,1.4397339971486485,0.26740842740560694
1765,2.0998844994599564,1.8012010710874464
1767,2.0998844994599564,1.8012010710874464
1769,1.4397339971486485,0.26740842740560694
1771,1.4380707706877243,0.2679376632327427
1773,1.4381122367342865,0.2679472444475701
1775,1.4380707706877243,0.2679376632327427
1777,1.4380707706877243,0.2679376632327427
1779,1.4380707706877243,0.2679376632327427
1781,1.4380707706877243,0.2679376632327427
1783,1.4380707706877243,0.2679376632327427
1785,1.4380707706877243,0.2679376632327427
1787,1.4380707706877243,0.2679376632327427
1789,1.4380707706877243,0.2679376632327427
1791,1.4380707706877243,0.2679376632327427
1793,1.4380707706877243,0.2679376632327427
1795,1.4380707706877243,0.2679376632327427
1797,1.4380707706877243,0.2679376632327427
1799,1.4380707706877243,0.2679376632327427
1801,1.4380707706877243,0.2679376632327427
1803,1.4380707706877243,0.2679376632327427
1805,1.4380707706877243,0.2679376632327427
1807,1.4706616797000822,0.32913601983098306
1809,1.4617329188845516,0.33015366362723164
1811,1.5864532991531792,0.24451399662514917
1813,1.5864532991531792,0.24451399662514917
1815,1.5864532991531792,0.24451399662514917
1817,1.594341255144498,0.25772970345379
1819,1.594341255144498,0.25772970345379
1821,1.594341255144498,0.25772970345379
1823,1.4121980110838985,-0.10029585774489289
1825,1.4121980110838985,-0.10029585774489289
1827,0.6871941659291118,0.21029437973016676
1829,0.7629538193980242,0.09216138823317736
1831,0.763855212699754,0.09275892815838997
1833,0.7649800074258108,0.08875950356239073
1835,0.7628067977082933,0.06598653772321025
1837,0.7678695957803516,0.09054860030973445
1839,0.7184349191075013,-0.3537313497817223
1841,0.716437769127499,-0.3044475071428477
1843,0.716437769127499,-0.3044475071428477
1845,0.7213427013437343,-0.3582941362851975
1847,0.7190972247619088,-0.30874876456530276
1849,0.7190972247619088,-0.30874876456530276
1851,0.7109690810913984,-0.30745089341454196
1853,0.6556794994204055,-0.5060780023890786
1855,0.6549354925057432,-0.5062499138847133
1857,0.7194740497885408,-0.3882444033338706
1859,0.6867722453347415,-0.4181210443891557
1861,0.7193088494996913,-0.38828257479192496
1863,0.7316547775657016,-0.37903383334499063
1865,0.7314627523361875,-0.3789049611674346
1867,0.7318108378712822,-0.38251374828665075
1869,0.7255161615217034,-0.34465005125652565
1871,0.7204995906220742,-0.354230603745044
1873,0.7204367316569306,-0.35519929552107643
1875,0.7154111046958957,-0.3567227978070431
1877,0.7149342722876749,-0.3568329755094927
1879,0.7144919106421873,-0.35712349447405
1881,0.7165926030250874,-0.35922076617300164
1883,0.7165926030250874,-0.35922076617300164
1885,0.7159456531755305,-0.3370563795231166
1887,0.7165434705585362,-0.3376623173109133
1889,0.7150516518231328,-0.338382921519879
1891,0.7150516518231328,-0.338382921519879
1893,1.0911649105078876,0.32935899606029756
1895,1.0911649105078876,0.32935899606029756
1897,-0.40246916362117263,0.559144848229808
1899,-0.45966101537168275,0.4982235588435082
1901,-0.45966101537168275,0.4982235588435082
1903,-0.4270098966464209,0.5534744249646547
1905,-0.4888715877822523,0.5868870014413975
1907,-0.4888715877822523,0.5868870014413975
1909,-0.5033338415601513,0.5835453286313645
1911,-1.1489479184040527,0.43436864846131024
1913,-1.7851196683169492,0.18264593088463002
1915,-1.7851196683169492,0.18264593088463002
1917,-1.7851196683169492,0.18264593088463002
1919,-1.7851196683169492,0.18264593088463002
1921,-1.7851196683169492,0.18264593088463002
1923,-1.7851196683169492,0.18264593088463002
1925,-1.6177914980864825,0.4545692715973005
1927,-1.6177914980864825,0.4545692715973005
1929,-1.6177914980864825,0.4545692715973005
1931,-1.6177914980864825,0.4545692715973005
1933,-1.6177914980864825,0.4545692715973005
1935,-1.6119258212916867,0.4559246047949223
1937,-1.6119258212916867,0.4559246047949223
1939,-1.6119258212916867,0.4559246047949223
1941,-1.6119258212916867,0.4559246047949223
1943,-1.6119258212916867,0.4559246047949223
1945,-1.6119258212916867,0.4559246047949223
1947,-1.6119258212916867,0.4559246047949223
1949,-1.6119258212916867,0.4559246047949223
1951,-1.6119258212916867,0.4559246047949223
1953,-1.6119258212916867,0.4559246047949223
1955,-1.6119258212916867,0.4559246047949223
1957,-1.6119258212916867,0.4559246047949223
1959,-1.6119258212916867,0.4559246047949223
1961,-1.6119258212916867,0.4559246047949223
1963,-1.6119258212916867,0.4559246047949223
1965,-1.6119258212916867,0.4559246047949223
1967,-1.6119258212916867,0.4559246047949223
1969,-1.6119258212916867,0.4559246047949223
1971,-1.6119258212916867,0.4559246047949223
1973,-1.6119258212916867,0.4559246047949223
1975,-1.6119258212916867,0.4559246047949223
1977,-1.6119258212916867,0.4559246047949223
1979,-1.6119258212916867,0.4559246047949223
1981,-1.6119258212916867,0.4559246047949223
1983,-1.6119258212916867,0.4559246047949223
1985,-1.6119258212916867,0.4559246047949223
1987,-1.6119258212916867,0.4559246047949223
1989,-1.6119258212916867,0.4559246047949223
1991,-1.6119258212916867,0.4559246047949223
1993,-1.6119258212916867,0.4559246047949223
1995,-1.6119258212916867,0.4559246047949223
1997,-1.6119258212916867,0.4559246047949223
1999,-1.6119258212916867,0.4559246047949223
2001,-1.6119258212916867,0.4559246047949223
2003,-1.6119258212916867,0.4559246047949223
2005,-1.6119258212916867,0.4559246047949223
2007,-1.6119258212916867,0.4559246047949223
2009,-1.6119258212916867,0.4559246047949223
2011,-1.6119258212916867,0.4559246047949223
2013,-1.6119258212916867,0.4559246047949223
2015,-1.6119258212916867,0.4559246047949223
2017,-1.6119258212916867,0.4559246047949223
2019,-1.6119258212916867,0.4559246047949223
2021,-1.6119258212916867,0.4559246047949223
2023,-1.6119258212916867,0.4559246047949223
2025,-1.6119258212916867,0.4559246047949223
2027,-1.6119258212916867,0.4559246047949223
2029,-1.6119258212916867,0.4559246047949223
2031,-1.6119258212916867,0.4559246047949223
2033,-1.6119258212916867,0.4559246047949223
2035,-1.6119258212916867,0.4559246047949223
2037,-1.6119258212916867,0.4559246047949223
2039,-1.6119258212916867,0.4559246047949223
2041,-1.6119258212916867,0.4559246047949223
2043,-1.6119258212916867,0.4559246047949223
2045,-1.6119258212916867,0.4559246047949223
2047,-1.6119258212916867,0.4559246047949223
2049,-1.6119258212916867,0.4559246047949223
2051,-1.5459757281853062,0.4990696252589703
2053,-1.5459757281853062,0.4990696252589703
2055,-1.5459757281853062,0.4990696252589703
2057,-1.5459757281853062,0.4990696252589703
2059,-1.5459757281853062,0.4990696252589703
2061,-1.5459757281853062,0.4990696252589703
2063,-1.5459757281853062,0.4990696252589703
2065,-1.5459757281853062,0.4990696252589703
2067,-1.5459757281853062,0.4990696252589703
2069,-1.5459757281853062,0.4990696252589703
2071,-1.5459757281853062,0.4990696252589703
2073,-1.5459757281853062,0.4990696252589703
2075,-1.5459757281853062,0.4990696252589703
2077,-1.5459757281853062,0.4990696252589703
2079,-1.5559179502745673,0.4967723586131756
2081,-1.5584241720757304,0.4961932667663941
2083,0.7210636224446313,0.2655873780251147
2085,0.7216073167199537,0.25360720866959074
2087,0.7205496982207795,0.25487453567813956
2089,0.695803043705132,0.2745660439962575
2091,0.6939083380877945,0.27366541067950895
2093,0.7003126365229653,0.2645631850610977
2095,0.6942585378669819,0.27133821101965155
2097,0.740254764318318,0.3348674527353535
2099,0.740254764318318,0.3348674527353535
2101,0.5047414302658393,-1.0865619485286664
2103,0.5047414302658393,-1.0865619485286664
2105,0.5047414302658393,-1.0865619485286664
2107,0.5047414302658393,-1.0865619485286664
2109,0.5047414302658393,-1.0865619485286664
2111,0.5047414302658393,-1.0865619485286664
2113,1.1882562308267781,0.6934403366076111
2115,0.6767719577682215,0.575255915680684
2117,-1.7166815631930727,0.022220498386549044
2163,-0.07834597412490224,-0.40296716087169626
2165,-0.07834597412490224,-0.40296716087169626
2167,-0.11161760382692214,-0.4405802830037949
2169,-0.11167410013504683,-0.44059333713627064
2171,-0.09985641191230982,-0.46186221786019
2173,-0.010456507886990004,-0.39906223206783836
2175,-0.010456507886990004,-0.39906223206783836
2177,-0.010456507886990004,-0.39906223206783836
2179,-0.010456507886990004,-0.39906223206783836
2181,-0.008875860053707978,-0.40237794806836974
2183,0.042387531460700595,0.31157061645488787
2185,0.2586055202945282,0.727026084046861
2187,0.25312187884267706,0.7229011949104696
2189,0.26050787346793425,0.6827723748131049
2191,0.26019593617457065,0.6827002980546913
2193,1.9373702180588566,0.6309705722591039
2195,1.9373826229713103,0.6309842052153061
2197,1.937591349870463,0.6316795869960711
2199,1.9373551425796458,0.6309593873893616
2201,1.9373271819632256,0.6309452245697239
2203,1.937233304546087,0.6307878870282821
2205,1.937181779287304,0.6307759815148708
2207,1.9306894131077776,0.6207469956489252
2209,1.933465155735739,0.6308381865776241
2211,1.9334753825986664,0.6308335688091741
2213,1.9335024036661592,0.6309017148992174
2215,1.9334861916899457,0.630784832527351
2217,1.933469576678471,0.6307879745689856
2219,1.921387059173731,0.6051041122996059
2221,1.921184081696721,0.6044323651315021
2223,1.9207819657539003,0.5986983423452812
2225,1.9207651052869603,0.5986545214053276
2227,1.9207651052869603,0.5986545214053276
2229,1.9207651052869603,0.5986545214053276
2231,1.9206390075569613,0.5985670980077473
2233,1.9206390075569613,0.5985670980077473
2235,1.9189489762130312,0.6007780254550928
2237,1.9188906037775062,0.6006091206166262
2239,1.918908755691921,0.6005642799768992
2241,1.9189662818983888,0.600529821457322
2243,1.9190098871358279,0.6005271848156345
2245,1.9176614595409869,0.6014315388791731
2247,1.9176608022318204,0.6014496971130525
2249,1.9176614595409869,0.6014315388791731
2251,1.9623550704962802,0.6845330934089315
2253,1.9614995948367235,0.685956939277725
2255,1.96233545969928,0.6845317208115812
2257,1.9617257196856905,0.686639419302196
2259,1.962352703508357,0.6856620874212394
2261,1.960984815196012,0.6835012439191261
2263,1.9615254383544558,0.6833559677952508
2265,1.9614792468753963,0.6828671784281268
2267,1.9609696164350496,0.6837784504903969
2269,1.9091019924209103,0.964083363149564
2271,1.908208829839809,0.9661482530841818
2273,1.9076660998014143,0.9728145273527151
2275,1.9083544510131503,0.9722847178526367
2277,1.9074958520184324,0.966632861198096
2279,1.9074958520184324,0.966632861198096
2281,1.907485841497048,0.9666129368875177
2283,1.9083544510131503,0.9722847178526367
2285,1.9076660998014143,0.9728145273527151
2287,1.9083544510131503,0.9722847178526367
2289,1.9075347282761146,0.9717563916365761
2291,1.9075347282761146,0.9717563916365761
2293,1.9068463770643782,0.9722862011366543
2295,1.9068463770643782,0.9722862011366543
2297,1.9068463770643782,0.9722862011366543
2299,1.9075347282761146,0.9717563916365761
2301,1.9075347282761146,0.9717563916365761
2303,1.907524141072399,0.9717179041990113
2305,1.6990959768062728,0.03217592608788497
2307,1.6990959768062728,0.03217592608788497
2309,1.7011207428391248,0.04023185219273367
2311,1.7012341453498034,0.04036379470289799
2313,1.0624904552286787,0.3018881373020859
2315,1.0624904552286787,0.3018881373020859
2317,0.37123998987437684,0.9807529904540963
2319,0.33933349040306987,0.9733806207402184
2321,0.3331653417656266,0.9719553978872296
2395,0.10553137474336272,-0.9773898478943023
2397,0.10553137474336272,-0.9773898478943023
2399,0.10553137474336272,-0.9773898478943023
2437,0.12660572604255685,-0.9685896747455479
2439,0.12660572604255685,-0.9685896747455479
2441,0.12660572604255685,-0.9685896747455479
2443,0.12660572604255685,-0.9685896747455479
2445,0.12660572604255685,-0.9685896747455479
2447,0.12660572604255685,-0.9685896747455479
2449,0.12660572604255685,-0.9685896747455479
2451,0.12660572604255685,-0.9685896747455479
2453,0.12660572604255685,-0.9685896747455479
2455,0.12660572604255685,-0.9685896747455479
2457,0.21208859937022204,-0.948837857503958
2459,0.12660572604255685,-0.9685896747455479
2461,0.21208859937022204,-0.948837857503958
2463,0.21208859937022204,-0.948837857503958
2465,0.21208859937022204,-0.948837857503958
2467,0.6632480438150496,-2.361825339259858
2469,0.15724429230368933,-2.7822294681600153
2471,0.15724429230368933,-2.7822294681600153
2473,0.1347178646566625,-2.823014939874176
2475,0.1347178646566625,-2.823014939874176
2477,0.1347178646566625,-2.823014939874176
2479,0.0925953050514702,-2.8868636505928738
2481,0.686388308070314,-0.5008689725756923
2483,0.8165946270161141,-0.28537422575993376
2485,0.8165946270161141,-0.28537422575993376
2487,0.8165946270161141,-0.28537422575993376
2489,0.8170710330927801,-0.2852641465663746
2491,0.8177032390896481,-0.2871664882107073
2493,0.8069155484337773,-0.287849476324004
2495,0.8069155484337773,-0.287849476324004
2497,0.8485373954968074,-0.397840962316314
2499,0.8485373954968074,-0.397840962316314
2501,0.8436630919560012,-0.3934639854826431
2503,0.8380071390553735,-0.3938673632540965
2505,0.8380071390553735,-0.3938673632540965
2507,0.8380071390553735,-0.3938673632540965
2509,0.8380071390553735,-0.3938673632540965
2511,0.8487588880818859,-0.41291680591430835
2513,0.8500902105306334,-0.4137310220061879
2515,0.8500902105306334,-0.4137310220061879
2517,0.8500902105306334,-0.4137310220061879
2519,0.9713210326510239,-0.6141597980570419
2521,0.9710541736018852,-0.6139544022401902
2523,0.7189958172905286,0.14454530724106218
2525,0.8390586180913722,-0.4223330164525597
2527,0.8390586180913722,-0.4223330164525597
2529,0.343413040766551,-2.0842619202361585
2531,0.343413040766551,-2.0842619202361585
2533,0.32546771173773986,-2.155598719447378
2539,0.8491107984327957,0.8846423652148203
2541,0.26772381924922856,-0.6219981904665594
2543,0.26033929889384433,-0.6192799826128814
2545,0.2601176836833847,-0.619331189398107
2547,0.3224384525572929,-1.3353464636114643
2549,0.4654721240193674,-0.7670421238591908
2551,0.4654721240193674,-0.7670421238591908
2553,0.4654721240193674,-0.7670421238591908
2555,0.4654721240193674,-0.7670421238591908
2557,0.4492180971355438,-0.7885599441191931
2559,0.4492180971355438,-0.7885599441191931
2561,0.3927924341225857,0.042680783762130074
2563,0.40609672316830103,0.03274606109831352
2565,0.4132289589932015,0.026951218911463508
2567,0.4132289589932015,0.026951218911463508
2569,0.40406133654113036,0.03169494892083533
2571,0.40406133654113036,0.03169494892083533
2573,0.40609672316830103,0.03274606109831352
2575,0.40406133654113036,0.03169494892083533
2577,0.40484457030671833,0.038844178955960436
2579,0.40406133654113036,0.03169494892083533
2581,0.40484457030671833,0.038844178955960436
2583,0.40484457030671833,0.038844178955960436
2585,0.4046621978231097,0.03880203966155118
2587,0.4081315044993277,0.034613204956888015
2589,0.4035085536786593,0.038535476695005955
2591,0.4035085536786593,0.038535476695005955
2593,0.4075256744290647,0.034473220836543514
2595,1.9178039174195622,0.8770550353777072
2597,2.015578447965092,2.2379096431202714
2599,2.010233564329035,2.258942280503688
2601,2.010233564329035,2.258942280503688
2603,0.6098339266361961,1.6327424392451968
2605,2.1197619277444093,2.749738679648822
2607,2.140849715982155,2.7396595071648333
2609,2.1202086800359603,2.7508949434515024
2611,2.140446511667393,2.738601706825779
2613,2.1402773969938558,2.7380978258087407
2615,2.1403954131458716,2.7384553464998542
2617,2.140304321052328,2.738108539525966
2619,2.1403985458104873,2.738458367932264
2667,1.4750700673882773,0.5348719867675955
2685,1.4484501640881682,0.5346351419145325
2687,1.4538764529566333,0.535888949394999
2689,1.4484501640881682,0.5346351419145325
2691,1.4485560564857063,0.5346596095909456
2693,1.4485560564857063,0.5346596095909456
2695,1.4484501640881682,0.5346351419145325
2697,1.4485560564857063,0.5346596095909456
2699,1.4485560564857063,0.5346596095909456
2701,1.4503593074834298,0.5350762718153336
2703,1.2877896504691821,0.9735293685990827
2705,1.2839556045360674,0.9626363271046129
2707,1.2839556045360674,0.9626363271046129
2709,1.2839343841915765,0.9626314238959363
2711,1.2839343841915765,0.9626314238959363
2713,1.2805128312398288,0.9577962640922699
2715,1.2805128312398288,0.9577962640922699
2717,1.2805128312398288,0.9577962640922699
2719,1.2805128312398288,0.9577962640922699
2721,1.2800034751659073,0.9576785714166336
2723,1.286486050480403,0.9270601643258777
2725,1.286486050480403,0.9270601643258777
2727,1.286263175048995,0.9270086663518692
2729,1.286263175048995,0.9270086663518692
2731,1.2844820704548354,0.9243205563916608
2733,1.2844820704548354,0.9243205563916608
2735,1.2844820704548354,0.9243205563916608
2737,1.2844820704548354,0.9243205563916608
2739,1.2844820704548354,0.9243205563916608
2741,1.2844820704548354,0.9243205563916608
2743,1.2844009674403525,0.9243018165920095
2745,1.2844009674403525,0.9243018165920095
2747,1.283691818254465,0.9241379593821215
2749,1.2844009674403525,0.9243018165920095
2751,1.2844009674403525,0.9243018165920095
2753,1.2801013026353116,0.9253231796959411
2755,1.2731671476464776,0.9329715858930826
2757,1.2731671476464776,0.9329715858930826
2759,1.3468879818493946,1.1085102287655249
2761,1.3469068962677588,1.1085145991630123
2763,1.346761918622106,1.1083579298867259
2765,1.3454865316769913,1.107268265197077
2767,1.3454865316769913,1.107268265197077
2769,1.3450736670092271,1.1071728679888906
2771,1.3450549076869933,1.1071685334281778
2773,1.3450549076869933,1.1071685334281778
2775,1.3450549076869933,1.1071685334281778
2777,1.3438746175053287,1.1052450664604527
2779,1.310245503502355,1.0644912747093533
2781,1.310245503502355,1.0644912747093533
2783,1.310245503502355,1.0644912747093533
2785,1.3097175812292225,1.064369292096337
2787,1.310245503502355,1.0644912747093533
2789,1.309849514997728,1.0643997769359554
2791,1.309849514997728,1.0643997769359554
2793,1.3097175812292225,1.064369292096337
2795,1.3097175812292225,1.064369292096337
2797,0.7377549638262166,-0.4868891918828055
2799,0.7394345690062,-0.4688380792165162
2801,0.7394345690062,-0.4688380792165162
2803,0.7390170843333665,-0.4689345439308849
2805,0.7389475339006899,-0.46895061437145175
2807,0.7383914421822545,-0.46907910586412815
2809,0.7404099158761523,-0.46861271391967335
2811,0.7400265406235822,-0.4687012972537255
2813,0.7400265406235822,-0.4687012972537255
2815,0.7400265406235822,-0.4687012972537255
2817,0.7400265406235822,-0.4687012972537255
2819,0.7393301685622782,-0.4688622021596041
2821,0.7391214262331594,-0.46891043451510217
2823,0.7282822219938129,-0.48907797962667526
2825,0.7393301685622782,-0.4688622021596041
2827,0.7282822219938129,-0.48907797962667526
2829,0.7377549638262166,-0.4868891918828055
2831,0.7271167769869609,-0.49390662570356475
2833,0.7377549638262166,-0.4868891918828055
2835,0.7377549638262166,-0.4868891918828055
2837,0.7377549638262166,-0.4868891918828055
2839,0.7382425469969658,-0.487069466963205
2841,0.7382425469969658,-0.487069466963205
2843,0.7382425469969658,-0.487069466963205
2845,0.7382425469969658,-0.487069466963205
2847,0.7382425469969658,-0.487069466963205
2849,0.7287042605820818,-0.4935398190600323
2851,0.7287042605820818,-0.4935398190600323
2853,0.7290577455099633,-0.49354840565685504
2855,0.7287042605820818,-0.4935398190600323
2857,0.7271167769869609,-0.49390662570356475
2859,0.7271872360305321,-0.4938903453178283
2861,0.7277512287756026,-0.49376002820057985
2863,0.7279275934328296,-0.4937192770846913
2865,0.7279275934328296,-0.4937192770846913
2867,0.7278217679520342,-0.49374372929920896
2869,0.7277864972495963,-0.49375187900734824
2871,0.7277864972495963,-0.49375187900734824
2873,0.7277512287756026,-0.49376002820057985
2875,0.7277864972495963,-0.49375187900734824
2877,0.7277864972495963,-0.49375187900734824
2879,0.7277864972495963,-0.49375187900734824
2881,0.7277512287756026,-0.49376002820057985
2883,-0.016290672756457486,-0.20450211301184168
2885,-0.016290672756457486,-0.20450211301184168
2887,-0.016290672756457486,-0.20450211301184168
2889,-0.016290672756457486,-0.20450211301184168
2891,-0.016290672756457486,-0.20450211301184168
2893,-0.06339021210718372,-0.46131201546365874
2895,-0.08628671038617455,-0.4672828541652377
2897,-0.13109368480906744,-0.4688764439394121
2899,0.7547291414507674,-0.21100954325970117
2901,0.7547291414507674,-0.21100954325970117
2903,0.7547291414507674,-0.21100954325970117
2905,0.8231334729537461,-0.3599992830826352
2907,0.7547291414507674,-0.21100954325970117
2909,0.7540283105088068,-0.21117147844208328
2911,0.8227380430146857,-0.3600906517929289
2913,0.8230814266918846,-0.3600113089798982
2915,0.8227380430146857,-0.3600906517929289
2917,0.8252473965452105,-0.3671349882739824
2919,0.8235429927348259,-0.3700011138501355
2921,0.8227380430146857,-0.3600906517929289
2923,0.8246896568527031,-0.36671045554385306
2925,0.8252473965452105,-0.3671349882739824
2927,0.8247331771098091,-0.3690679855089445
2929,0.8247229336582323,-0.36907035237818503
2931,0.8247229336582323,-0.36907035237818503
2933,0.8247229336582323,-0.36907035237818503
2935,0.8247331771098091,-0.3690679855089445
2937,0.8247229336582323,-0.36907035237818503
2939,0.8235429927348259,-0.3700011138501355
2941,0.8235429927348259,-0.3700011138501355
2943,0.8235429927348259,-0.3700011138501355
2945,0.8235429927348259,-0.3700011138501355
2947,0.8134237178523211,-0.37321108307830747
2949,0.8235429927348259,-0.3700011138501355
2951,0.8134237178523211,-0.37321108307830747
2953,-1.2180825874644636,0.13742762072655257
2955,-1.217332806596939,0.13760086636149768
2957,-1.2044299886089622,0.14058221330128887
2959,-1.2180825874644636,0.13742762072655257
2961,-1.2044299886089622,0.14058221330128887
2963,-1.2180825874644636,0.13742762072655257
2965,-1.2180825874644636,0.13742762072655257
2967,-1.2180825874644636,0.13742762072655257
2969,-1.2180825874644636,0.13742762072655257
2971,-1.2180825874644636,0.13742762072655257
3001,-0.6064951650269166,0.5917858143447577
3003,-0.6064951650269166,0.5917858143447577
3005,-0.6064951650269166,0.5917858143447577
3007,-0.6064951650269166,0.5917858143447577
3009,-0.6092394779148836,0.5800714030597328
3011,-0.6064951650269166,0.5917858143447577
3013,-0.6064951650269166,0.5917858143447577
3015,-0.6064951650269166,0.5917858143447577
3017,-0.6064951650269166,0.5917858143447577
3019,-0.6064951650269166,0.5917858143447577
3021,-0.6064951650269166,0.5917858143447577
3023,-0.6064951650269166,0.5917858143447577
3025,-0.6064951650269166,0.5917858143447577
3027,-0.6064951650269166,0.5917858143447577
3029,-0.6064951650269166,0.5917858143447577
3031,-0.6064951650269166,0.5917858143447577
3033,-0.6064951650269166,0.5917858143447577
3035,0.6341879722221456,0.12012029515564397
3037,0.6340225754609109,0.11829619015457757
3039,0.6330958915780949,0.07257323514467608
3041,0.6330958915780949,0.07257323514467608
3043,0.6331182020949202,0.07250936034056085
3045,0.6310660681100901,0.07119440889777584
3047,0.6310032340103082,0.07116517681847151
3049,0.6308088998474104,0.07097290180465625
3051,0.6310019608141787,0.07109105297418981
3053,0.631010853221829,0.07095049271157584
3055,0.6403386769861705,0.062198340805085
3057,0.643037271712548,0.05569205463287637
3059,0.643037271712548,0.05569205463287637
3061,0.6433039171833813,0.05564425194117568
3063,0.6433398323689776,0.055652550564683406
3065,0.6387673054920701,0.05903132364538397
3067,0.6388616110261116,0.059063746015950463
3069,0.6387898191470859,0.05904715766299995
3071,0.6380563217796558,0.06020364744239613
3073,0.6380868640332586,0.060205754918828625
3075,0.6380924380043788,0.06026055405506303
3077,0.6399869544743194,0.06148660796517207
3079,0.6398969645989441,0.06157200156926114
3081,0.6401148684118773,0.061348009328235364
3083,0.6401808624667408,0.061411475039527826
3085,0.6401260191820298,0.061664150879615534
3087,0.63511080253523,0.05099095424764017
3089,0.6389307279240648,0.09558159431655584
3091,0.6389307279240648,0.09558159431655584
3093,0.6385437173042405,0.09515609567566526
3095,0.6385484292043607,0.09437326125161404
3097,0.6385981198044016,0.09442880975556095
3099,0.3613345149482791,-1.5775122503597634
3101,0.3600914899117421,-1.5765555200425008
3103,0.3600914899117421,-1.5765555200425008
3105,0.3600914899117421,-1.5765555200425008
3107,0.3600914899117421,-1.5765555200425008
3109,0.3600914899117421,-1.5765555200425008
3111,0.37175602029843136,-1.6038857983930817
3113,0.37175602029843136,-1.6038857983930817
3115,0.37161421621486734,-1.6039185638843856
3117,0.37161421621486734,-1.6039185638843856
3119,0.3765652884001876,-1.611666877317688
3121,0.3783800538748071,-1.6117844493859907
3123,0.3773596258631738,-1.6124414777349938
3125,0.3773596258631738,-1.6124414777349938
3127,0.3270601405932815,-1.6416188786926065
3129,0.33331336346844004,-1.654789696006042
3131,0.48276214950993107,-1.36115095648049
3133,0.48276214950993107,-1.36115095648049
3135,0.4779082069442408,-1.3619300995956058
3137,0.4779082069442408,-1.3619300995956058
3139,0.48767995763655375,-1.479105331106905
3141,0.4877252381649626,-1.4784951744999262
3143,0.4877252381649626,-1.4784951744999262
3145,0.5027439513859406,-1.4108873657800878
3147,0.5221784269283871,-1.3476501615634564
3149,0.5221784269283871,-1.3476501615634564
3151,0.5221784269283871,-1.3476501615634564
3153,0.521621471355832,-1.3482456699209362
3155,0.521621471355832,-1.3482456699209362
3157,0.521717922634162,-1.34822338372549
3159,0.5217661545235901,-1.3482122391835705
3161,0.5234618670247375,-1.3672988584938397
3163,0.5234618670247375,-1.3672988584938397
3165,0.5163542693204431,-1.3620363605766683
3167,0.5257392939162988,-1.3692510738538497
3169,0.51658963289097,-1.3619819770721204
3171,0.5243656630654998,-1.371760684173143
3173,0.524184827509359,-1.3721968083951706
3175,0.5186424199346489,-1.3757758304106469
3177,0.12933073768248815,-0.38005794698955697
3179,0.12933073768248815,-0.38005794698955697
3181,0.12933073768248815,-0.38005794698955697
3183,0.18356787269269018,-0.18473260668386274
3185,0.1883833701226472,-0.18194796450692213
3187,0.1883833701226472,-0.18194796450692213
3189,0.1883833701226472,-0.18194796450692213
3191,0.1883833701226472,-0.18194796450692213
3193,0.1883833701226472,-0.18194796450692213
3195,0.1883833701226472,-0.18194796450692213
3197,0.1883833701226472,-0.18194796450692213
3199,0.33721988183673707,-0.31259816236329263
3201,0.3390807728315428,-0.3239478654192345
3203,0.3331776856331871,-0.3210399539897701
3205,0.3418697798629326,-0.3127603718222307
3207,0.3418697798629326,-0.3127603718222307
3209,0.29627601867113246,-0.39531592612705696
3211,0.29627601867113246,-0.39531592612705696
3213,0.3050589747612988,-0.3977352117509986
3215,0.3050589747612988,-0.3977352117509986
3217,0.3050589747612988,-0.3977352117509986
3219,0.30648282506012914,-0.3971394899482293
3221,0.3050589747612988,-0.3977352117509986
3223,0.306559193043277,-0.3971218442329236
3225,0.3061011417823888,-0.3972276823317167
3227,0.3061011417823888,-0.3972276823317167
3229,0.01509247416378352,2.0163107048491398
3231,0.31765666089701494,0.9357146260542772
3233,-0.19939561814268997,1.1568564806977935
3235,-0.19939561814268997,1.1568564806977935
3237,-0.63104470246641,-0.42375633005110847
3239,0.4927990354597521,3.4492537249528468
3241,0.49272193758081895,3.449235910586586
3243,0.49272193758081895,3.449235910586586
3245,0.49272193758081895,3.449235910586586
3247,0.49272193758081895,3.449235910586586
3249,0.49272193758081895,3.449235910586586
3251,0.49272193758081895,3.449235910586586
3253,0.49819770154072684,3.446334416093862
3255,0.49819770154072684,3.446334416093862
3257,0.49819770154072684,3.446334416093862
3259,0.49819770154072684,3.446334416093862
3261,0.49363237177743996,3.449446277051377
3263,0.49819770154072684,3.446334416093862
3265,0.49324641326662966,3.4493570968253082
3267,0.49324641326662966,3.4493570968253082
3269,0.4928298775931339,3.4492608513883307
3271,0.4928298775931339,3.4492608513883307
3273,0.4928298775931339,3.4492608513883307
3275,0.4928298775931339,3.4492608513883307
3277,0.4928298775931339,3.4492608513883307
3279,0.4928298775931339,3.4492608513883307
3281,0.4928298775931339,3.4492608513883307
3283,0.4928298775931339,3.4492608513883307
3285,0.4928298775931339,3.4492608513883307
3287,0.4927065192827625,3.4492323480085676
3289,0.4927065192827625,3.4492323480085676
3291,0.4927065192827625,3.4492323480085676
3293,0.4927065192827625,3.4492323480085676
3295,0.4927527754545918,3.4492430360378386
3297,0.4927527754545918,3.4492430360378386
3299,0.4927527754545918,3.4492430360378386
3301,0.49269110141056166,3.4492287855289496
3303,0.4917052422933181,3.4490009912544735
3305,0.4917052422933181,3.4490009912544735
3307,0.49172063295963503,3.4490045474478555
3309,0.49172063295963503,3.4490045474478555
3311,0.49172063295963503,3.4490045474478555
3313,0.49172063295963503,3.4490045474478555
3315,0.49172063295963503,3.4490045474478555
3317,0.49172063295963503,3.4490045474478555
3319,0.49172063295963503,3.4490045474478555
3321,-1.2965008267503833,0.6831536116275322
3323,-0.41861828017744646,1.392134255140857
3325,0.3298253720086384,-0.16408118003469446
3327,0.3346008268942434,-0.16123523571662268
3329,0.3346008268942434,-0.16123523571662268
3331,0.3146165071349697,-0.17310437340639712
3333,0.3657656670477021,-0.0615313196388434
3335,0.3653788258874198,-0.06162070381139128
3337,0.3653788258874198,-0.06162070381139128
3339,0.3651855057913066,-0.06166537267965576
3341,0.3651855057913066,-0.06166537267965576
3343,0.3649922526226992,-0.06171002608353771
3345,0.3649922526226992,-0.06171002608353771
3347,0.27210957312561385,-0.12220613746554881
3349,0.2639033019804821,-0.12410229235112726
3351,0.2539706772631314,-0.12939024117507936
3353,0.34557285269278576,-0.05318394265061098
3355,0.3977824580243758,-0.14931959839453632
3357,0.3977824580243758,-0.14931959839453632
3359,0.3977824580243758,-0.14931959839453632
3361,0.3977824580243758,-0.14931959839453632
3363,0.3977824580243758,-0.14931959839453632
3365,0.37597533620271206,-0.14350253918977532
3367,0.37597533620271206,-0.14350253918977532
3369,0.37597533620271206,-0.14350253918977532
3371,0.37597533620271206,-0.14350253918977532
3373,0.3678532543187247,-0.14640048665136385
3375,0.3852619364941751,-0.1413430124321395
3377,-0.2574453752262453,1.1124590669678136
3379,-0.9404287946844024,0.6750425079479714
3381,-0.94564837423276,0.6633618009776138
3383,-0.9433336573133387,0.6744086427890544
3385,-0.9407030798398256,0.6729618129234867
3387,-0.9087919838589518,0.7450544387655893
3389,-1.4351850386613367,0.49467010934049327
3391,-1.4379439162967167,0.49403263840947936
3393,-1.4379439162967167,0.49403263840947936
3395,-1.4379439162967167,0.49403263840947936
3397,-1.4379439162967167,0.49403263840947936
3399,-1.4379439162967167,0.49403263840947936
3401,-1.4379439162967167,0.49403263840947936
3403,-1.4379439162967167,0.49403263840947936
3405,-1.4361061804082302,0.49445726877103197
3407,-1.4361061804082302,0.49445726877103197
3409,-1.4361061804082302,0.49445726877103197
3411,-1.4361061804082302,0.49445726877103197
3413,-1.4361061804082302,0.49445726877103197
3415,-1.4361061804082302,0.49445726877103197
3417,-1.4361061804082302,0.49445726877103197
3419,-1.4361061804082302,0.49445726877103197
3421,-1.4456874922253968,0.4922433946629176
3423,-1.4351850386613367,0.49467010934049327
3425,-1.4456874922253968,0.4922433946629176
3427,-1.4351850386613367,0.49467010934049327
3429,-1.4361061804082302,0.49445726877103197
3431,-1.4361061804082302,0.49445726877103197
3433,-1.4351850386613367,0.49467010934049327
3435,-1.4105129423127987,0.5157289300824025
3437,-1.4351850386613367,0.49467010934049327
3439,-1.4456874922253968,0.4922433946629176
3441,-1.4351850386613367,0.49467010934049327
3443,-1.4351850386613367,0.49467010934049327
3445,-1.4351850386613367,0.49467010934049327
3447,-1.4456874922253968,0.4922433946629176
3449,-1.4456874922253968,0.4922433946629176
3451,-1.4456874922253968,0.4922433946629176
3453,-1.4456874922253968,0.4922433946629176
3455,-1.4456874922253968,0.4922433946629176
3457,-1.4456874922253968,0.4922433946629176
3459,-1.4456874922253968,0.4922433946629176
3461,-1.4105129423127987,0.5157289300824025
3463,-1.4105129423127987,0.5157289300824025
3465,-1.4456874922253968,0.4922433946629176
3467,-1.4456874922253968,0.4922433946629176
3469,-1.4461396686551014,0.49213891401255094
3471,-1.4105129423127987,0.5157289300824025
3473,-1.4181382920028733,0.5139670038904242
3475,-1.4181382920028733,0.5139670038904242
3477,-1.4105129423127987,0.5157289300824025
3479,-1.4181382920028733,0.5139670038904242
3481,-1.4181382920028733,0.5139670038904242
3483,-1.4181382920028733,0.5139670038904242
3485,-1.4168181753296087,0.5374300197475786
3487,-1.4181382920028733,0.5139670038904242
3489,-1.415601585443147,0.5377111270636986
3491,-1.4162102118221185,0.5375704968235361
3493,-1.4168181753296087,0.5374300197475786
3495,-0.041159916755231216,0.6199380253074538
3497,-0.041159916755231216,0.6199380253074538
3499,-0.041159916755231216,0.6199380253074538
3501,-0.05928120911667407,0.6273526357248634
3503,-0.06195819034635742,0.6267340879158164
3505,-0.0782990538418096,0.6229583403681797
3507,-0.06195819034635742,0.6267340879158164
3509,-0.07736339356540892,0.6231745356136156
3511,-0.07736339356540892,0.6231745356136156
3513,-0.06195819034635742,0.6267340879158164
3515,-0.07908259368166272,0.6227772943280099
3517,-0.0887555608317352,0.6205422421837071
3519,-0.07854026018539122,0.6229026068226107
3521,-0.07908259368166272,0.6227772943280099
3523,-0.07854026018539122,0.6229026068226107
3525,-0.09388194131182503,0.6193577320425296
3527,-0.09715694905367582,0.6186010032164664
3529,-0.0887555608317352,0.6205422421837071
3531,-0.09817646101386447,0.6183654330592009
3533,-0.09803093040012768,0.6183990596088675
3535,-0.09399923733493923,0.6193306294251105
3537,-0.09388194131182503,0.6193577320425296
3539,-0.09736100046218023,0.6185538547530163
3541,-0.09399923733493923,0.6193306294251105
3543,-0.09399923733493923,0.6193306294251105
3545,-0.09709863494843159,0.6186144773722188
3547,-0.09399923733493923,0.6193306294251105
3549,-0.09399923733493923,0.6193306294251105
3551,-0.09399923733493923,0.6193306294251105
3553,-0.09709863494843159,0.6186144773722188
3555,-0.09715694905367582,0.6186010032164664
3557,-0.09715694905367582,0.6186010032164664
3559,-0.09715694905367582,0.6186010032164664
3561,-0.10307321398747309,0.6172339810379149
3563,-0.1010212281510152,0.6177081163546898
3565,-0.10122387212594304,0.6176612930952221
3567,-0.10307321398747309,0.6172339810379149
3569,-0.10307321398747309,0.6172339810379149
3571,-0.10307321398747309,0.6172339810379149
3573,-0.10307321398747309,0.6172339810379149
3575,-0.0980381029213776,0.6105717038050468
3577,-0.0980381029213776,0.6105717038050468
3579,1.1736282977827037,0.9984167797403435
3581,1.1736282977827037,0.9984167797403435
3583,1.1736282977827037,0.9984167797403435
3585,1.1736282977827037,0.9984167797403435
3587,1.1736282977827037,0.9984167797403435
3589,1.1736282977827037,0.9984167797403435
3591,1.1736282977827037,0.9984167797403435
3593,1.1736282977827037,0.9984167797403435
3595,1.1736282977827037,0.9984167797403435
3597,1.1736282977827037,0.9984167797403435
3599,1.1736282977827037,0.9984167797403435
3601,1.1736282977827037,0.9984167797403435
3603,1.1736282977827037,0.9984167797403435
3605,1.1736282977827037,0.9984167797403435
3607,1.1736282977827037,0.9984167797403435
3613,-0.37499182708485046,-0.9413282089004326
3615,-0.27869782231149637,-0.9193084756183821
3617,-0.29857956169606104,-0.9658865109310139
3619,-0.3873835786892017,-1.1272551510477364
3621,-0.11634606555098828,-1.4245333368836866
3623,-0.11634606555098828,-1.4245333368836866
3625,-0.11634606555098828,-1.4245333368836866
3627,-0.0009532094387384476,-1.428765079369252
3629,-0.0009532094387384476,-1.428765079369252
3631,0.4803178695292563,0.08325566226918318
3633,0.48036529158284264,0.08313567100119873
3635,0.5316616599038799,0.009747835114180444
3637,0.5316616599038799,0.009747835114180444
3639,0.5316616599038799,0.009747835114180444
3641,0.5316616599038799,0.009747835114180444
3643,0.5316281989854251,0.009740103577787795
3645,0.5316281989854251,0.009740103577787795
3647,0.5473025118723509,-0.02025160656452814
3649,0.5984675716998378,0.018063819332765976
3651,0.5879702345537002,0.013975013959970818
3653,0.590253328881495,0.011229638927034477
3655,0.5935877091315179,0.020261411190364547
3657,0.588488504629586,0.012926601796529665
3659,0.35863742078053457,1.5272130587452795
3661,0.35863742078053457,1.5272130587452795
3663,0.2932167293736865,1.5455745357230104
3665,0.3545479389593803,1.5262681361613757
3667,0.30374933943119986,1.54800821841095
3669,0.30374933943119986,1.54800821841095
3671,0.30374933943119986,1.54800821841095
3673,0.30374933943119986,1.54800821841095
3675,0.30374933943119986,1.54800821841095
3677,0.30374933943119986,1.54800821841095
3679,0.30374933943119986,1.54800821841095
3681,0.2932167293736865,1.5455745357230104
3683,0.30374933943119986,1.54800821841095
3685,0.2932167293736865,1.5455745357230104
3687,0.30374933943119986,1.54800821841095
3689,0.2932167293736865,1.5455745357230104
3691,0.30374933943119986,1.54800821841095
3693,0.2932167293736865,1.5455745357230104
3695,0.2993689990105784,1.550354114035952
3697,0.3095977274455068,1.4701025760951545
3699,0.3422361723955121,1.2966801144510924
3701,0.29726949150415877,1.4714265341423003
3703,0.3422361723955121,1.2966801144510924
3705,0.29726949150415877,1.4714265341423003
3707,0.29726949150415877,1.4714265341423003
3709,0.31794566928036666,1.4675895471170355
3711,0.3265008064178329,1.4695663115686501
3713,0.29916294053267706,1.463249578055623
3715,0.29916294053267706,1.463249578055623
3717,0.2950734587115226,1.4623046554717203
3719,0.3053538924043379,1.4646800698624651
3721,0.2950734587115226,1.4623046554717203
3723,0.280991694309472,1.4590508991801845
3725,0.27900870191522803,1.4585927056048187
3727,0.27900870191522803,1.4585927056048187
3729,0.27900870191522803,1.4585927056048187
3731,0.27900870191522803,1.4585927056048187
3733,0.2711464343084232,1.4567760367584304
3735,0.2653215629648774,1.455430132137367
3737,0.2653215629648774,1.455430132137367
3739,0.20339476469477025,1.4455631399588984
3741,0.20339476469477025,1.4455631399588984
3743,0.20339476469477025,1.4455631399588984
3745,0.20339476469477025,1.4455631399588984
3747,0.2017006457254082,1.4451716939654993
3749,-0.09155194964347212,-1.2489842425946436
3751,-0.09155194964347212,-1.2489842425946436
3753,-0.09155194964347212,-1.2489842425946436
3755,0.025496491194786274,-1.455262277814397
3757,0.04211962330080917,-1.4592485090098497
3759,0.02823063287332281,-1.450960340902919
3761,0.018490079606354085,-1.4553175500464495
3763,0.018490079606354085,-1.4553175500464495
3765,0.011998564504061896,-1.44777542365058
3767,0.011998564504061896,-1.44777542365058
3769,0.020061528258045278,-1.4451063480121942
3771,0.020061528258045278,-1.4451063480121942
3773,0.01919652941491036,-1.4468005223711802
3775,0.01919652941491036,-1.4468005223711802
3777,0.1701572595950773,-1.6017486911745102
3779,0.15637670947340762,-1.6092940579740165
3781,0.15469267067097756,-1.611647738049561
3783,0.18255438974432486,-1.6733746462601105
3785,0.18255438974432486,-1.6733746462601105
3787,0.18204476773568665,-1.6723663243284659
3789,0.18204476773568665,-1.6723663243284659
3791,0.18204476773568665,-1.6723663243284659
3793,0.18084765860876187,-1.6726429303873496
3795,0.1806085445455861,-1.67269818048707
3797,0.16759684878402756,-1.6792568464936986
3799,0.16759684878402756,-1.6792568464936986
3801,0.16759684878402756,-1.6792568464936986
3803,0.1665647291664449,-1.676435899483755
3805,0.20826802672520553,-1.7453531150776358
3807,0.15461948960689478,-1.77545222707373
3837,0.3264625960637855,-1.9661345469265805
3839,0.3260718125849739,-1.96769164466702
3841,0.3260718125849739,-1.96769164466702
3843,0.3187665429572251,-1.9717508313555008
3845,0.3187665429572251,-1.9717508313555008
3847,0.2655095915139046,-1.9516151879285164
3849,0.26543877510493724,-1.953155799572384
3851,-0.8053694343164746,2.1434188715497147
3853,-0.8091917561934906,2.142535679394206
3855,-0.8058874963229843,2.1432991672665755
3857,-0.8084706188036084,2.1427023066187783
3859,-0.8090887935865498,2.142559470108251
3861,-1.5167227429136203,1.7908998653269452
3863,-1.5096871951323199,1.7958835353813403
3865,-1.5167598568242056,1.7908912897240155
3867,-1.5096130732663304,1.7959006621050178
3869,-1.4601469008342614,1.8980773750149644
3871,-1.4109325899081975,2.009412516117854
3873,-1.4616276677267155,1.8977352265131815
3875,-1.4107851586040858,2.009446581844252
3877,-1.4109325899081975,2.009412516117854
3879,-1.609759963838151,1.963471126929446
3881,-1.4109325899081975,2.009412516117854
3883,-1.608674903357573,1.9637218428386582
3885,-1.5771023263630346,2.0266749838921356
3887,-1.5771023263630346,2.0266749838921356
3889,-1.5771023263630346,2.0266749838921356
3891,-1.5771023263630346,2.0266749838921356
3893,-1.577254482943646,2.0266398263353604
3895,-1.577254482943646,2.0266398263353604
3897,-1.5775079851150997,2.026581251695015
3899,-1.577710703995877,2.026534411127675
3901,-1.5775079851150997,2.026581251695015
3903,-1.5775079851150997,2.026581251695015
3905,0.3677194646522074,-0.8360134849873762
3907,0.45097228356011954,-0.9419694784823642
3909,0.44362260160256545,-0.9379436765416058
3911,0.4510028953465277,-0.9420364931106024
3913,0.46381831119305794,-0.9614749012749509
3915,0.45101670887944567,-0.9420333013323313
3917,0.4632304675661646,-0.9603507425061358
3919,0.4579609784112634,-0.9615613367709345
3921,0.4556213919370431,-0.9840199137949
3923,0.45263885764616585,-0.9821328069895846
3925,0.45271427468369724,-0.9821153810013811
3927,0.4556213919370431,-0.9840199137949
3929,0.4553830146002039,-0.9839412825719962
3931,0.4535119944472543,-0.9814562288503379
3933,0.4535119944472543,-0.9814562288503379
3935,0.45062330380954624,-0.983600074961009
3937,0.44075185635069436,-0.9853166222433233
3939,0.4488311694362183,-0.9840659669817335
3941,0.45112807899257223,-0.9830089369726439
3943,0.45115263196253147,-0.983003263721892
3945,0.44718384663177013,-0.9846131517467218
3947,0.44547744580484394,-0.9862822078765946
3949,0.4453530734648018,-0.9855057640298426
3951,0.44535556902618484,-0.9858632823214153
3953,0.4418187670580912,-0.9843514909253401
3955,0.44232126808928657,-0.9842913592905107
3957,0.4362575204062613,-0.9845064343088179
3959,0.4362575204062613,-0.9845064343088179
3961,0.4341676649629466,-0.9924209062571324
3963,0.4863910063823692,-0.853374696850881
3965,0.48692731217890695,-0.8535176849316427
3967,0.4863434598196781,-0.8532608160371102
3969,0.4863434598196781,-0.8532608160371102
3971,0.8844274633538337,0.7994760046756417
3973,0.8844274633538337,0.7994760046756417
3975,0.8844274633538337,0.7994760046756417
3977,0.8336459458443986,0.7877423413808637
3979,0.8336459458443986,0.7877423413808637
3981,0.8336459458443986,0.7877423413808637
3983,0.7871013501706965,0.7769876684090425
3985,-1.032204554150849,0.18037691337800144
3987,-1.032204554150849,0.18037691337800144
3989,-1.032204554150849,0.18037691337800144
3991,-1.032204554150849,0.18037691337800144
3993,-1.032204554150849,0.18037691337800144
3995,-1.0446097707136741,0.17751054306482728
3997,-1.0446097707136741,0.17751054306482728
3999,-1.039474391606625,0.1786971324439642
4001,-1.1496119497691608,0.15324856203942552
4003,-1.1496119497691608,0.15324856203942552
4005,-1.1848964430403353,0.14509566736679402
4007,-1.1848964430403353,0.14509566736679402
4009,-1.1848964430403353,0.14509566736679402
4011,-1.1848964430403353,0.14509566736679402
4013,-1.1848964430403353,0.14509566736679402
4015,-1.1998038977240766,0.14165112568273194
4017,-1.1998038977240766,0.14165112568273194
4019,-1.2051972901345163,0.1404049193134765
4021,-1.2051972901345163,0.1404049193134765
4023,-1.2051972901345163,0.1404049193134765
4025,-1.1880681093681003,0.14436281678259336
4027,-1.1880681093681003,0.14436281678259336
4029,-1.1880681093681003,0.14436281678259336
4031,-1.1880681093681003,0.14436281678259336
4033,-1.1880681093681003,0.14436281678259336
4035,-1.1880681093681003,0.14436281678259336
4037,-1.1880681093681003,0.14436281678259336
4039,-1.1880681093681003,0.14436281678259336
4041,-0.5273320685019222,-0.821132308093653
4043,-0.567347510003978,-0.8303783436633806
4045,-0.567347510003978,-0.8303783436633806
4047,-0.567347510003978,-0.8303783436633806
4049,-0.5971996083127982,-0.8372760199711676
4051,-0.58906621859692,-0.8353967051918564
4053,-0.58906621859692,-0.8353967051918564
4055,-0.58906621859692,-0.8353967051918564
4057,-0.58906621859692,-0.8353967051918564
4059,-0.58906621859692,-0.8353967051918564
4061,-0.58906621859692,-0.8353967051918564
4063,-0.5876760389937905,-0.8412593280641429
4065,-0.6183431086065811,-0.848345313019341
4067,-0.6410275208383187,-0.8535868116633641
4069,-0.6434920359760108,-0.8541562666979676
4071,-0.6434920359760108,-0.8541562666979676
4073,-0.6434920359760108,-0.8541562666979676
4075,-0.6434920359760108,-0.8541562666979676
4077,-0.6434920359760108,-0.8541562666979676
4079,-0.6434920359760108,-0.8541562666979676
4081,-0.6434920359760108,-0.8541562666979676
4083,-0.6434920359760108,-0.8541562666979676
4085,0.7964265688006226,-0.49175220905794226
4087,0.5446512320377227,-0.7516748400731045
4089,0.5446512320377227,-0.7516748400731045
4091,0.4922216802056689,-0.7734301951836046
4093,0.4764205031531745,-0.7835880853413217
4095,0.22874975599536332,-0.7417314249874034
4097,0.11810237823289266,-1.110987319958605
4099,0.11810237823289266,-1.110987319958605
4101,0.11810237823289266,-1.110987319958605
4103,0.11810237823289266,-1.110987319958605
4105,0.11810237823289266,-1.110987319958605
4107,0.1235196937457066,-1.141543221198325
4109,-0.06527512343274837,-0.9270326608930993
4111,-0.06677367342228782,-0.9254254286449608
4113,-0.06677367342228782,-0.9254254286449608
4115,-0.06677367342228782,-0.9254254286449608
4117,0.004638779423427237,-0.8344247670288896
4119,0.6115059293061642,-0.45574022528727864
4121,0.6086696262936395,-0.4562299233323277
4123,0.6086696262936395,-0.4562299233323277
4125,0.569187445355722,-0.4617775356757555
4127,0.569187445355722,-0.4617775356757555
4129,0.5690393294617981,-0.4618117595846326
4131,0.5691001423367197,-0.46176172443164964
4133,0.5719233165457737,-0.4636216296760381
4135,0.5659575303836842,-0.4594789967564643
4137,0.5659575303836842,-0.4594789967564643
4139,0.5659575303836842,-0.4594789967564643
4141,0.5659575303836842,-0.4594789967564643
4143,0.5670264682472685,-0.4617596104327924
4145,0.5670264682472685,-0.4617596104327924
4147,0.5670264682472685,-0.4617596104327924
4149,0.5670264682472685,-0.4617596104327924
4151,0.5670264682472685,-0.4617596104327924
4153,0.5719233165457737,-0.4636216296760381
4155,0.6014997898889287,-0.4581055115336018
4159,0.6014997898889287,-0.4581055115336018
4161,0.6014997898889287,-0.4581055115336018
4163,0.6014997898889287,-0.4581055115336018
4165,0.6731266919391132,0.47766060929471676
4167,-1.680222640342546,0.0783512021669391
4169,-1.680222640342546,0.0783512021669391
4171,-1.6834276928141376,0.07761063732389827
4173,-1.687143809632611,0.07675198508878285
4175,-1.6903094803396872,0.07602051986283612
4177,-1.6903094803396872,0.07602051986283612
4179,-1.6903094803396872,0.07602051986283612
4181,-1.6903094803396872,0.07602051986283612
4183,-1.6903094803396872,0.07602051986283612
4185,-1.6903094803396872,0.07602051986283612
4187,-1.6903094803396872,0.07602051986283612
4189,-1.6903094803396872,0.07602051986283612
4191,-1.6903094803396872,0.07602051986283612
4193,-1.6903094803396872,0.07602051986283612
4195,-1.6908353511010916,0.07589901127558804
4197,-1.6834276928141376,0.07761063732389827
4199,-1.6710404302823707,0.08047285914830031
4201,-1.255437113563762,0.20440934463773344
4203,-1.255437113563762,0.20440934463773344
4205,-1.255437113563762,0.20440934463773344
4207,-1.255437113563762,0.20440934463773344
4209,-1.255437113563762,0.20440934463773344
4211,-1.2544166164386863,0.2046451424288628
4213,-1.2544166164386863,0.2046451424288628
4215,-1.2544166164386863,0.2046451424288628
4217,-1.2544166164386863,0.2046451424288628
4219,-1.2544166164386863,0.2046451424288628
4221,-1.2584874587058181,0.20370452673182696
4223,-1.2584874587058181,0.20370452673182696
4225,-1.2584874587058181,0.20370452673182696
4227,-1.2584874587058181,0.20370452673182696
4229,-1.2584874587058181,0.20370452673182696
4231,-1.2584874587058181,0.20370452673182696
4233,-1.2584874587058181,0.20370452673182696
4235,-1.2584874587058181,0.20370452673182696
4237,-1.2584874587058181,0.20370452673182696
4239,-1.2584874587058181,0.20370452673182696
4241,-1.2584874587058181,0.20370452673182696
4243,-1.2584874587058181,0.20370452673182696
4245,-1.2584874587058181,0.20370452673182696
4247,-1.2584874587058181,0.20370452673182696
4249,-1.2584874587058181,0.20370452673182696
4251,-1.2584874587058181,0.20370452673182696
4253,-1.2635346158019234,0.20253832207969996
4255,-1.2635346158019234,0.20253832207969996
4257,-1.2635346158019234,0.20253832207969996
4259,-1.2635346158019234,0.20253832207969996
4261,-1.2482541423863265,0.20606905410262785
4263,-1.2482541423863265,0.20606905410262785
4265,-1.2482541423863265,0.20606905410262785
4267,-1.2482541423863265,0.20606905410262785
4269,-1.2482541423863265,0.20606905410262785
4271,-1.2482541423863265,0.20606905410262785
4273,-1.2482541423863265,0.20606905410262785
4275,-1.2482541423863265,0.20606905410262785
4277,-1.2482541423863265,0.20606905410262785
4279,-1.2482541423863265,0.20606905410262785
4281,-1.2341346844037875,0.20933151993660162
4283,-1.2341346844037875,0.20933151993660162
4285,-1.2341346844037875,0.20933151993660162
4287,-1.2341346844037875,0.20933151993660162
4289,-1.9102498841506457,0.448011143086723
4291,-1.9102498841506457,0.448011143086723
4293,-1.9103152141023791,0.44799604783761776
4295,-1.9092690162617407,0.4482377840795388
4297,-1.9317621099133242,0.45244041902670645
4299,-1.9701135847403146,0.44357886241027755
4301,-1.9701135847403146,0.44357886241027755
4303,-1.9701135847403146,0.44357886241027755
4305,-1.9701135847403146,0.44357886241027755
4307,-1.9701135847403146,0.44357886241027755
4309,-1.9701135847403146,0.44357886241027755
4311,-1.9714095900420798,0.4432794052340258
4313,-1.9714095900420798,0.4432794052340258
4315,-1.9105111580950123,0.4479507726873871
4317,-1.9105111580950123,0.4479507726873871
4319,-1.9714095900420798,0.4432794052340258
4321,-1.9105111580950123,0.4479507726873871
4323,-1.9084830791069909,0.4484193840473423
4325,-1.9716346754370437,0.4432273966221012
4327,-1.9084830791069909,0.4484193840473423
4329,-1.9716346754370437,0.4432273966221012
4331,-1.9084830791069909,0.4484193840473423
4333,-1.9716346754370437,0.4432273966221012
4335,-1.9084830791069909,0.4484193840473423
4337,-1.9716346754370437,0.4432273966221012
4339,-1.9716346754370437,0.4432273966221012
4341,-1.9084830791069909,0.4484193840473423
4343,-1.9084830791069909,0.4484193840473423
4345,-1.9084830791069909,0.4484193840473423
4347,-1.9084830791069909,0.4484193840473423
4349,-1.9716346754370437,0.4432273966221012
4351,-1.9084830791069909,0.4484193840473423
4353,-1.974832319576343,0.4424885435608464
4355,-1.9084830791069909,0.4484193840473423
4357,-1.9084830791069909,0.4484193840473423
4359,-0.8612439792420916,0.3500683872704373
4361,-0.9142045001794895,0.32864082824776486
4363,-0.7842961318959616,1.6399486394016525
4365,-0.7842961318959616,1.6399486394016525
4367,-0.7842961318959616,1.6399486394016525
4369,-0.7842961318959616,1.6399486394016525
4371,-0.7842961318959616,1.6399486394016525
4373,-0.7842961318959616,1.6399486394016525
4375,-0.7842961318959616,1.6399486394016525
4377,-0.7842961318959616,1.6399486394016525
4379,-0.7842961318959616,1.6399486394016525
4381,-0.7842961318959616,1.6399486394016525
4383,-0.7842961318959616,1.6399486394016525
4385,-0.7842961318959616,1.6399486394016525
4387,-0.7842961318959616,1.6399486394016525
4389,-0.7842961318959616,1.6399486394016525
4391,-0.7842961318959616,1.6399486394016525
4393,-0.7842961318959616,1.6399486394016525
4395,-0.7842961318959616,1.6399486394016525
4397,-0.7842961318959616,1.6399486394016525
4399,-0.7842961318959616,1.6399486394016525
4401,-0.7842961318959616,1.6399486394016525
4403,-0.7842961318959616,1.6399486394016525
4405,-0.7842961318959616,1.6399486394016525
4407,-0.7842961318959616,1.6399486394016525
4409,-0.7842961318959616,1.6399486394016525
4411,-0.7842961318959616,1.6399486394016525
4413,-0.7842961318959616,1.6399486394016525
4415,-0.7842961318959616,1.6399486394016525
4417,-0.7842961318959616,1.6399486394016525
4419,-0.7842961318959616,1.6399486394016525
4421,-0.7842961318959616,1.6399486394016525
4423,-0.7842961318959616,1.6399486394016525
4425,-0.7842961318959616,1.6399486394016525
4427,-0.7842961318959616,1.6399486394016525
4429,-0.7842961318959616,1.6399486394016525
4431,-0.7842961318959616,1.6399486394016525
4433,-0.7842961318959616,1.6399486394016525
4435,-0.7842961318959616,1.6399486394016525
4437,-0.7842961318959616,1.6399486394016525
4439,-0.7842961318959616,1.6399486394016525
4441,-0.7842961318959616,1.6399486394016525
4443,-0.7842961318959616,1.6399486394016525
4445,-0.7842961318959616,1.6399486394016525
4447,-0.7842961318959616,1.6399486394016525
4449,-0.7842961318959616,1.6399486394016525
4451,-0.7842961318959616,1.6399486394016525
4453,-0.7842961318959616,1.6399486394016525
4455,-0.7842961318959616,1.6399486394016525
4457,-0.7842961318959616,1.6399486394016525
4459,-0.7842961318959616,1.6399486394016525
4461,-0.7842961318959616,1.6399486394016525
4463,-0.7842961318959616,1.6399486394016525
4465,-0.7842961318959616,1.6399486394016525
4467,-0.7842961318959616,1.6399486394016525
4469,-0.7842961318959616,1.6399486394016525
4471,-0.7842961318959616,1.6399486394016525
4473,-0.7842961318959616,1.6399486394016525
4475,-0.7842961318959616,1.6399486394016525
4477,-0.7842961318959616,1.6399486394016525
4479,-0.7842961318959616,1.6399486394016525
4481,-0.7842961318959616,1.6399486394016525
4483,-0.7842961318959616,1.6399486394016525
4485,-0.7842961318959616,1.6399486394016525
4487,-0.7862781352248256,1.639426381176585
4489,-0.7862781352248256,1.639426381176585
4491,-0.7862781352248256,1.639426381176585
4493,-0.7862781352248256,1.639426381176585
4495,-0.7862781352248256,1.639426381176585
4497,-0.7862781352248256,1.639426381176585
4499,-0.7862781352248256,1.639426381176585
4501,1.0786240914877019,1.0181965170088723
4503,-1.786674283726246,0.17108504083161596
4505,-1.786674283726246,0.17108504083161596
4507,-1.7895040899580963,0.17043118101917862
4509,-1.7895040899580963,0.17043118101917862
4511,-1.7895040899580963,0.17043118101917862
4513,-1.7895040899580963,0.17043118101917862
4515,-1.7895040899580963,0.17043118101917862
4517,-1.7947216855492856,0.1692255945602087
4519,-1.7947216855492856,0.1692255945602087
4521,-1.7947216855492856,0.1692255945602087
4523,-1.7939221459922827,0.1694103375220745
4525,-1.7940554821381332,0.16937952864677577
4527,-1.7940554821381332,0.16937952864677577
4529,-1.7940554821381332,0.16937952864677577
4531,-1.7952540764069498,0.1691025794284948
4533,-1.7952540764069498,0.1691025794284948
4535,-1.7951210262878727,0.16913332221396413
4537,-1.7951210262878727,0.16913332221396413
4539,-1.7951210262878727,0.16913332221396413
4541,-1.7951210262878727,0.16913332221396413
4543,-1.7951210262878727,0.16913332221396413
4545,-1.7951210262878727,0.16913332221396413
4547,-1.7951210262878727,0.16913332221396413
4549,-1.7951210262878727,0.16913332221396413
4551,-1.7951210262878727,0.16913332221396413
4553,-1.7951210262878727,0.16913332221396413
4555,-1.7951210262878727,0.16913332221396413
4557,-1.7951210262878727,0.16913332221396413
4559,-1.7951210262878727,0.16913332221396413
4561,-1.7951210262878727,0.16913332221396413
4563,-1.7951210262878727,0.16913332221396413
4565,-1.7967155385035445,0.16876489152548285
4567,-1.7967155385035445,0.16876489152548285
4569,-1.7967155385035445,0.16876489152548285
4571,-0.737567430328728,0.24845626536720017
4573,-0.7357925106395391,0.2488663813115363
4575,-0.7357925106395391,0.2488663813115363
4577,-0.7357925106395391,0.2488663813115363
4579,-0.737567430328728,0.24845626536720017
4581,-0.737567430328728,0.24845626536720017
4583,-0.737567430328728,0.24845626536720017
4585,-0.7550129680160205,0.2444252699330638
4587,-0.7550129680160205,0.2444252699330638
4589,-0.7532927454776226,0.24482274746125904
4591,-0.7532927454776226,0.24482274746125904
4593,-0.7532927454776226,0.24482274746125904
4595,-0.7504129237724195,0.2931946073570148
4597,-0.7719297708572966,0.24051644486640852
4599,-0.7719297708572966,0.24051644486640852
4601,-0.7719297708572966,0.24051644486640852
4603,-0.7719297708572966,0.24051644486640852
4605,-0.7669083417464343,0.24167670476676495
4607,-0.7752524697865563,0.23974869643394764
4609,-0.7752524697865563,0.23974869643394764
4611,-0.7752524697865563,0.23974869643394764
4613,-0.7752524697865563,0.23974869643394764
4615,-0.7752524697865563,0.23974869643394764
4617,-0.8058691576909002,0.23267435276148613
4619,-0.8481323878593576,0.2229089393420422
4621,-1.5706008224778434,0.17929352861526532
4623,-1.5670324418714598,0.18011804467142972
4625,-1.5670324418714598,0.18011804467142972
4627,-1.5746176017668643,0.1783654048013591
4629,-1.5746176017668643,0.1783654048013591
4631,-1.5746176017668643,0.1783654048013591
4633,-1.5963208756898235,0.17335060963382584
4653,-1.6677632480400855,0.08123009041811127
4655,-1.6677632480400855,0.08123009041811127
4657,-1.6677632480400855,0.08123009041811127
4659,-1.6677632480400855,0.08123009041811127
4661,-1.6677632480400855,0.08123009041811127
4663,-1.6677632480400855,0.08123009041811127
4665,-1.6677632480400855,0.08123009041811127
4667,-1.6753802909910982,0.07947008359530544
4669,-1.680222640342546,0.0783512021669391
4671,-1.680222640342546,0.0783512021669391
4673,-1.667215175564101,0.08135672897106835
4675,-1.680222640342546,0.0783512021669391
4677,-1.667215175564101,0.08135672897106835
4679,-1.667215175564101,0.08135672897106835
4681,-1.667215175564101,0.08135672897106835
4683,-1.667215175564101,0.08135672897106835
4685,-1.6804904320348721,0.07828932576574042
4687,-1.6804904320348721,0.07828932576574042
4689,-1.6804904320348721,0.07828932576574042
4691,-1.6804904320348721,0.07828932576574042
4693,-1.2357816691932542,0.13333804097750734
4695,-1.2357816691932542,0.13333804097750734
4697,-1.2357816691932542,0.13333804097750734
4699,-1.2357816691932542,0.13333804097750734
4701,-1.2386777160104976,0.13266887550341258
4703,-1.2357816691932542,0.13333804097750734
4705,-1.2357816691932542,0.13333804097750734
4707,-1.25504456178245,0.1288871244470371
4709,-1.283747205233978,0.12225504312202146
4711,-1.283747205233978,0.12225504312202146
4713,0.17810972033679637,-0.3346822966822127
4715,0.17810972033679637,-0.3346822966822127
4717,0.17810972033679637,-0.3346822966822127
4719,0.17810972033679637,-0.3346822966822127
4721,0.17810972033679637,-0.3346822966822127
4723,0.1466823726304862,-0.34194395277914286
4725,0.1466823726304862,-0.34194395277914286
4727,0.15189711332839512,-0.40582875738228724
4729,0.15189711332839512,-0.40582875738228724
4731,0.15189711332839512,-0.40582875738228724
4733,0.15189711332839512,-0.40582875738228724
4735,0.15189711332839512,-0.40582875738228724
4737,0.22443519426682734,-0.37236292786915287
4739,0.22443519426682734,-0.37236292786915287
4741,0.1516272895814633,-0.38918604542600005
4743,0.22443519426682734,-0.37236292786915287
4745,0.16856742952309858,-0.38527182804947874
4747,0.15314623411582934,-0.3888350755337281
4749,0.15314623411582934,-0.3888350755337281
4751,0.15314623411582934,-0.3888350755337281
4753,0.15314623411582934,-0.3888350755337281
4755,0.1516272895814633,-0.38918604542600005
4757,0.1516272895814633,-0.38918604542600005
4759,0.1516272895814633,-0.38918604542600005
4761,0.1516272895814633,-0.38918604542600005
4763,0.1516272895814633,-0.38918604542600005
4765,0.04986901723466686,-0.37385849979592894
4767,0.14709509874198376,-0.3902332611041895
4769,0.051225547117194535,-0.37354505770771373
4771,0.051225547117194535,-0.37354505770771373
4773,0.051225547117194535,-0.37354505770771373
4775,0.051225547117194535,-0.37354505770771373
4777,0.051225547117194535,-0.37354505770771373
4779,0.051225547117194535,-0.37354505770771373
4781,0.04986901723466686,-0.37385849979592894
4783,0.04986901723466686,-0.37385849979592894
4785,0.04986901723466686,-0.37385849979592894
4787,0.04986901723466686,-0.37385849979592894
4789,0.04986901723466686,-0.37385849979592894
4793,0.08677632669996962,-0.17455105793996267
4795,0.10177757987504263,-0.2050995871145588
4797,0.10177757987504263,-0.2050995871145588
4799,0.09065082009350044,-0.21246064258372196
4801,0.07960287659361902,-0.17581921299528738
4803,0.07960287659361902,-0.17581921299528738
4805,0.07960287659361902,-0.17581921299528738
4807,0.07960287659361902,-0.17581921299528738
4809,0.06865622065827891,-0.1443970175229471
4811,0.06865622065827891,-0.1443970175229471
4813,0.1745032309672527,-0.07223338493623034
4815,0.1745032309672527,-0.07223338493623034
4817,0.16834868381546314,-0.07365546500694742
4819,0.1811652220533631,-0.10464560231294744
4821,0.1759845651747951,-0.10584265365052524
4823,0.1759845651747951,-0.10584265365052524
4825,0.18100112371682,-0.12024300031283025
4827,0.16751114858707353,-0.08940846847367658
4829,0.7578288770713116,-0.3379682472106032
4831,0.7578288770713116,-0.3379682472106032
4833,0.7578288770713116,-0.3379682472106032
4835,0.7578288770713116,-0.3379682472106032
4837,0.7578288770713116,-0.3379682472106032
4839,0.7578288770713116,-0.3379682472106032
4841,0.7578288770713116,-0.3379682472106032
4843,0.7578288770713116,-0.3379682472106032
4845,0.7578288770713116,-0.3379682472106032
4847,0.7578288770713116,-0.3379682472106032
4849,0.7578288770713116,-0.3379682472106032
4851,0.7578288770713116,-0.3379682472106032
4853,0.7578288770713116,-0.3379682472106032
4855,0.7578288770713116,-0.3379682472106032
4857,0.7578288770713116,-0.3379682472106032
4859,0.7578288770713116,-0.3379682472106032
4861,0.7578288770713116,-0.3379682472106032
4863,0.7578288770713116,-0.3379682472106032
4865,0.7578288770713116,-0.3379682472106032
4867,0.30527313126131383,-0.27878154806345373
4869,0.19446777158834871,-0.3408980685896447
4871,0.20344547503469085,-0.27147787437763715
4873,0.20344547503469085,-0.27147787437763715
4875,0.20344547503469085,-0.27147787437763715
4877,-0.3710509515023255,-2.9824481912847793
4879,-0.3710509515023255,-2.9824481912847793
4881,-0.3712102607184635,-2.982489438192479
4883,-0.37118632350741826,-2.9824839072200224
4885,-0.37129202014044804,-2.982522410373126
4887,-0.3712684406197673,-2.9826036356925276
4889,-0.3712578111022091,-2.9826011796182286
4891,-0.3712578111022091,-2.9826011796182286
4893,-0.3712578111022091,-2.9826011796182286
4895,-0.3712578111022091,-2.9826011796182286
4897,-0.3712578111022091,-2.9826011796182286
4899,-0.37141597307971447,-2.982734093397077
4901,-0.37141597307971447,-2.982734093397077
4903,-0.37141597307971447,-2.982734093397077
4905,-0.37141597307971447,-2.982734093397077
4907,-0.3716184232351293,-2.9828964790739776
4909,-0.3717558825000894,-2.982937103885975
4911,-0.3693102722171694,-2.9857375478063823
4913,-0.36932086959867233,-2.9857399964552696
4915,-0.36932086959867233,-2.9857399964552696
4917,-0.36932086959867233,-2.9857399964552696
4919,-0.36932086959867233,-2.9857399964552696
4921,-0.3688830992959398,-2.9864891833189287
4923,-0.3688830992959398,-2.9864891833189287
4925,-0.3688830992959398,-2.9864891833189287
4927,-0.36917612274944583,-2.9866335319419735
4929,-1.1019709653074639,-0.5921763561086912
4931,-1.1019709653074639,-0.5921763561086912
4933,-1.1019709653074639,-0.5921763561086912
4935,-1.1019709653074639,-0.5921763561086912
4937,-1.1019709653074639,-0.5921763561086912
4939,-1.1055751504626923,-0.5930091452244489
4941,-1.1055751504626923,-0.5930091452244489
4943,-1.1055751504626923,-0.5930091452244489
4945,-1.1055751504626923,-0.5930091452244489
4947,-1.1055751504626923,-0.5930091452244489
4949,-1.1055751504626923,-0.5930091452244489
4951,-1.1130812523384732,-0.5947435178148377
4953,-1.1055751504626923,-0.5930091452244489
4955,-1.1055751504626923,-0.5930091452244489
4957,-1.1130812523384732,-0.5947435178148377
4959,-1.1103857556647327,-0.5941206917959817
4961,-1.1103857556647327,-0.5941206917959817
4963,-1.1130812523384732,-0.5947435178148377
4965,-1.1103857556647327,-0.5941206917959817
4967,-1.1103857556647327,-0.5941206917959817
4969,-1.1103857556647327,-0.5941206917959817
4971,-1.1130812523384732,-0.5947435178148377
4973,-1.1103857556647327,-0.5941206917959817
4975,-1.1055751504626923,-0.5930091452244489
4977,-1.1055751504626923,-0.5930091452244489
4979,-1.1130812523384732,-0.5947435178148377
4981,-1.1103857556647327,-0.5941206917959817
4983,-1.1055751504626923,-0.5930091452244489
4985,1.0049308205236878,-0.19704556167359316
4987,1.0049308205236878,-0.19704556167359316
4989,1.0049308205236878,-0.19704556167359316
4991,1.0049308205236878,-0.19704556167359316
4993,1.0049308205236878,-0.19704556167359316
4995,1.0049308205236878,-0.19704556167359316
4997,1.0049308205236878,-0.19704556167359316
4999,1.0049308205236878,-0.19704556167359316
5001,1.0049308205236878,-0.19704556167359316
5003,1.0049308205236878,-0.19704556167359316
5005,1.0049308205236878,-0.19704556167359316
5007,1.0049308205236878,-0.19704556167359316
5009,1.0049308205236878,-0.19704556167359316
5011,1.0049308205236878,-0.19704556167359316
5013,1.0049308205236878,-0.19704556167359316
5015,1.0049308205236878,-0.19704556167359316
5017,1.0049308205236878,-0.19704556167359316
5019,1.0049308205236878,-0.19704556167359316
5021,1.0049308205236878,-0.19704556167359316
5023,1.0049308205236878,-0.19704556167359316
5025,1.0049308205236878,-0.19704556167359316
5027,1.0049308205236878,-0.19704556167359316
5029,1.0049308205236878,-0.19704556167359316
5031,1.0049308205236878,-0.19704556167359316
5033,1.0049308205236878,-0.19704556167359316
5035,1.0049308205236878,-0.19704556167359316
5037,1.0049308205236878,-0.19704556167359316
5039,1.0049308205236878,-0.19704556167359316
5041,1.0049308205236878,-0.19704556167359316
5043,1.0049308205236878,-0.19704556167359316
5045,1.0049308205236878,-0.19704556167359316
5047,1.0049308205236878,-0.19704556167359316
5049,1.0049308205236878,-0.19704556167359316
5051,1.0049308205236878,-0.19704556167359316
5053,1.0049308205236878,-0.19704556167359316
5055,1.0049308205236878,-0.19704556167359316
5057,1.0049308205236878,-0.19704556167359316
5059,1.0049308205236878,-0.19704556167359316
5061,1.0049308205236878,-0.19704556167359316
5063,1.0049308205236878,-0.19704556167359316
5065,1.0049308205236878,-0.19704556167359316
5067,1.0049308205236878,-0.19704556167359316
5069,1.0049308205236878,-0.19704556167359316
5071,1.0049308205236878,-0.19704556167359316
5073,1.0049308205236878,-0.19704556167359316
5075,1.0049308205236878,-0.19704556167359316
5077,1.0049308205236878,-0.19704556167359316
5079,1.0049308205236878,-0.19704556167359316
5081,1.0049308205236878,-0.19704556167359316
5083,1.0049308205236878,-0.19704556167359316
5085,1.0049308205236878,-0.19704556167359316
5087,1.0049308205236878,-0.19704556167359316
5089,1.0049308205236878,-0.19704556167359316
5091,1.0049308205236878,-0.19704556167359316
5093,1.0049308205236878,-0.19704556167359316
5095,1.0049308205236878,-0.19704556167359316
5097,1.0049308205236878,-0.19704556167359316
5099,-0.837860595784438,-2.4656731824509
5101,-0.8531104711737479,-2.474568451647957
5103,-0.8279493664491122,-2.481721288700942
5105,-0.8527913972502962,-2.474112559074253
5107,-0.8276171820799666,-2.481480747898044
5109,-0.8524570997930797,-2.4738712666541756
5111,-0.8522008988639572,-2.4736478609249004
5113,-0.852713167024963,-2.4740944830661196
5115,-0.851651594029894,-2.473246905550951
5117,-0.851625446442379,-2.473240863845171
5119,-0.8276171820799666,-2.481480747898044
5121,-0.825983897943009,-2.4706380855749446
5123,-0.8261120150662759,-2.4703419982438524
5125,-0.8193415331161998,-2.4765396796727637
5127,-0.8265782764049813,-2.470775423667315
5129,-0.8193415331161998,-2.4765396796727637
5131,-0.8200383462556476,-2.4767006864949024
5133,-0.8193415331161998,-2.4765396796727637
5135,-0.8218627804889735,-2.479448593309064
5137,-0.8218627804889735,-2.479448593309064
5139,-0.8218627804889735,-2.479448593309064
5141,-0.8228202533841024,-2.479886505118151
5143,-0.8256151017575641,-2.4928129466628612
5145,-0.8219653505240724,-2.479472293314795
5147,-0.8219653505240724,-2.479472293314795
5149,-0.8220014213776056,-2.479426415611893
5151,-0.841504597061598,-2.4752414547703183
5153,-0.8414687661092324,-2.4752870273483505
5155,-0.841504597061598,-2.4752414547703183
5157,-0.841504597061598,-2.4752414547703183
5159,-0.8231736827656448,-2.4801565284849687
5161,-0.8238742036849954,-2.4802642660217904
5163,-0.8231992553781491,-2.480162437336051
5165,-0.8191709760969961,-2.4879861443238394
5167,-0.8191709760969961,-2.4879861443238394
5169,-0.8269404040055592,-2.492456416927611
5171,-0.8113872241950537,-2.4915241419141605
5173,-0.8238742036849954,-2.4802642660217904
5175,-0.8191709760969961,-2.4879861443238394
5177,-0.8115450073780558,-2.4926079288442797
5179,-0.8231934797985215,-2.492169330266937
5181,-0.8232081475220107,-2.4922261817219127
5183,-0.8243613375376346,-2.4927848932993713
5185,-0.8234090605657768,-2.492272605029499
5187,-0.8234090605657768,-2.492272605029499
5189,-0.8249166855344336,-2.492384761179571
5191,0.44954327382458903,-0.416085136952671
5193,0.44954327382458903,-0.416085136952671
5195,0.44954327382458903,-0.416085136952671
5197,0.44954327382458903,-0.416085136952671
5199,0.533363714026008,-0.3799126472527076
5201,0.537477213403346,-0.21952811541895917
5203,0.533363714026008,-0.3799126472527076
5205,0.533363714026008,-0.3799126472527076
5207,0.533363714026008,-0.3799126472527076
5209,0.533363714026008,-0.3799126472527076
5211,0.533363714026008,-0.3799126472527076
5213,0.533363714026008,-0.3799126472527076
5215,0.533363714026008,-0.3799126472527076
5217,0.533363714026008,-0.3799126472527076
5219,0.533363714026008,-0.3799126472527076
5221,0.533363714026008,-0.3799126472527076
5223,0.533363714026008,-0.3799126472527076
5225,0.533363714026008,-0.3799126472527076
5227,0.533363714026008,-0.3799126472527076
5229,0.533363714026008,-0.3799126472527076
5231,0.533363714026008,-0.3799126472527076
5233,0.533363714026008,-0.3799126472527076
5235,0.533363714026008,-0.3799126472527076
5237,0.533363714026008,-0.3799126472527076
5239,0.533363714026008,-0.3799126472527076
5241,0.533363714026008,-0.3799126472527076
5243,0.533363714026008,-0.3799126472527076
5245,0.533363714026008,-0.3799126472527076
5247,0.533363714026008,-0.3799126472527076
5249,0.533363714026008,-0.3799126472527076
5251,0.533363714026008,-0.3799126472527076
5253,0.533363714026008,-0.3799126472527076
5255,0.533363714026008,-0.3799126472527076
5257,0.533363714026008,-0.3799126472527076
5259,0.533363714026008,-0.3799126472527076
5261,0.533363714026008,-0.3799126472527076
5263,0.533363714026008,-0.3799126472527076
5265,0.533363714026008,-0.3799126472527076
5267,0.533363714026008,-0.3799126472527076
5269,0.533363714026008,-0.3799126472527076
5271,0.533363714026008,-0.3799126472527076
5273,0.533363714026008,-0.3799126472527076
5275,0.533363714026008,-0.3799126472527076
5277,0.533363714026008,-0.3799126472527076
5279,0.533363714026008,-0.3799126472527076
5375,-1.2190926522079026,2.1739654752698025
5377,0.507712694806197,-0.42406262488539037
5379,0.5031611326410239,-0.42547998734844056
5381,0.5033921965030116,-0.4254265973418174
5383,0.5033595992779488,-0.42561667024478667
5385,0.5033595992779488,-0.42561667024478667
5387,0.5051121326090546,-0.4289709738280387
5389,0.505035280984793,-0.4289887312942774
5391,0.505035280984793,-0.4289887312942774
5393,0.505035280984793,-0.4289887312942774
5395,0.5068290997764577,-0.4280301300661302
5397,0.5037339000653246,-0.42649777117833665
5399,0.49606824997794835,-0.4229102805014857
5401,0.4946957848834624,-0.4232274046067182
5403,0.49446736841490696,-0.4232801829021386
5405,0.35487591932255774,-0.6597556006832395
5407,0.3556919091056036,-0.6592832383666912
5409,0.35487591932255774,-0.6597556006832395
5411,0.3554731768592169,-0.6596175973470035
5413,0.35487150285312175,-0.6594728028224945
5415,0.3590607290584587,-0.6585048331325392
5417,0.35918264231950053,-0.6590868078796461
5419,0.3543389819541006,-0.6752877017881377
5421,0.3549314365233588,-0.6723368526823016
5423,0.35445567740658057,-0.6754361240951946
5425,0.35349545773982866,-0.6765820594312318
5427,0.3518660736742456,-0.6769585476683131
5429,0.21425742097658448,-0.8132862508412723
5431,0.3374150821130321,-0.6455849179652686
5433,0.32999796974579215,-0.6170790139369408
5435,0.3478479319995348,-0.6561253154481068
5437,0.3476352663907852,-0.6561744543232298
5439,0.3476352663907852,-0.6561744543232298
5441,0.3476352663907852,-0.6561744543232298
5443,0.3337643481405626,-0.6538056710590582
5445,0.3343232585972149,-0.6536765282639642
5447,0.3343232585972149,-0.6536765282639642
5449,0.1616085553459199,-0.6488869668017408
5451,0.1616085553459199,-0.6488869668017408
5453,0.1616085553459199,-0.6488869668017408
5455,0.1616085553459199,-0.6488869668017408
5457,0.1616085553459199,-0.6488869668017408
5459,0.1616085553459199,-0.6488869668017408
5461,0.16548284713132813,-0.6474007770918224
5463,-1.7273079430050329,0.3313447945478259
5465,-1.7273079430050329,0.3313447945478259
5467,-1.7276920362799815,0.3312560453063089
5469,-1.7277372063538006,0.33124560823268095
5471,-1.7962560416405156,0.3154135303028464
5473,-1.796156155844069,0.3154366100838555
5475,-1.7963958517349414,0.31538122554604375
5477,-1.7963958517349414,0.31538122554604375
5479,-0.3923658223663796,1.7889831013556425
5481,-0.12143566404240848,1.8575733137382286
5483,-0.15951031215115888,1.8487757211713616
5485,-0.21771003546938558,1.8353279947000447
5487,-0.21771003546938558,1.8353279947000447
5489,1.4632032411925797,0.20978352567413075
5491,1.4634472007280699,0.2109066438552821
5493,1.4634472007280699,0.2109066438552821
5495,1.4634650966623601,0.21091077892011664
5497,1.4638707340361226,0.210659093489035
5499,1.4637542222541504,0.2106413260060938
5501,1.46380429988484,0.21065289702810946
5503,1.0155289962406928,0.3304833386415104
5505,1.0155544200038975,0.3304892130992215
5507,1.015640869461102,0.33050918825696846
5509,1.015640869461102,0.33050918825696846
5511,1.0154194143722466,0.33032600526555145
5513,1.015701900669146,0.3305232902310873
5515,1.0101242452698498,0.3272059087192781
5517,-0.5930650526176453,-0.8525666537875984
5519,-0.5939485322617569,-0.8527707920879132
5521,-0.2213802967576636,1.4423601670799144
5523,0.560934994697148,-0.640441273766956
5525,0.560934994697148,-0.640441273766956
5527,0.5527175676866946,-0.6432861200004688
5529,0.5554317791239071,-0.6507794738004897
5531,-0.4406033809473931,-2.2842832949061607
5533,-0.44080463694508215,-2.2843734131237596
5535,-0.4407248895589033,-2.2844416117264004
5537,-0.4406644308747504,-2.2843410168720952
5539,-0.443116339760218,-2.3065513903290844
5541,-0.4406644308747504,-2.2843410168720952
5543,-0.44062207994318975,-2.284287615527745
5545,-0.44062207994318975,-2.284287615527745
5547,0.613510551530517,0.5606386281959321
5549,0.613510551530517,0.5606386281959321
5551,0.613510551530517,0.5606386281959321
5553,0.613510551530517,0.5606386281959321
5555,0.613510551530517,0.5606386281959321
5557,0.613510551530517,0.5606386281959321
5559,0.613510551530517,0.5606386281959321
5561,0.613510551530517,0.5606386281959321
5563,0.613510551530517,0.5606386281959321
5565,0.613510551530517,0.5606386281959321
5615,1.2607699786156457,1.4055128708860376
5617,1.2607699786156457,1.4055128708860376
5619,1.2606086576078208,1.4050206077534293
5621,1.2604432452286372,1.405024623791232
5623,1.2604432452286372,1.405024623791232
5625,1.2604432452286372,1.405024623791232
5627,1.2604432452286372,1.405024623791232
5629,1.2604432452286372,1.405024623791232
5631,1.2604432452286372,1.405024623791232
5633,1.2604432452286372,1.405024623791232
5635,1.2604432452286372,1.405024623791232
5637,1.2604432452286372,1.405024623791232
5639,0.30537710231899123,2.692876362618787
5641,0.8665395567988105,0.5147364272266447
5643,0.8665395567988105,0.5147364272266447
5645,0.8665395567988105,0.5147364272266447
5647,0.8665395567988105,0.5147364272266447
5649,0.8665395567988105,0.5147364272266447
5651,0.8663920998261478,0.5147023555692282
5653,0.8576385632748427,0.5317160805294295
5655,0.8663920998261478,0.5147023555692282
5657,0.8576385632748427,0.5317160805294295
5659,0.8665395567988105,0.5147364272266447
5661,0.8666736424019985,0.5147674092728233
5663,0.8663920998261478,0.5147023555692282
5665,0.8663920998261478,0.5147023555692282
5667,0.864563214646902,0.5145318655993746
5669,0.864563214646902,0.5145318655993746
5671,0.864563214646902,0.5145318655993746
5673,0.864563214646902,0.5145318655993746
5675,0.864563214646902,0.5145318655993746
5677,0.864563214646902,0.5145318655993746
5679,0.864563214646902,0.5145318655993746
5681,0.864563214646902,0.5145318655993746
5683,0.864563214646902,0.5145318655993746
5685,0.864563214646902,0.5145318655993746
5687,0.864563214646902,0.5145318655993746
5689,0.864563214646902,0.5145318655993746
5691,0.864563214646902,0.5145318655993746
5693,0.864563214646902,0.5145318655993746
5695,-0.8643594135563923,-2.7331619165376995
5697,-0.8651350612025165,-2.7370251277311466
5699,-0.8727152739553415,-2.749181090773766
5701,-0.8731926569164605,-2.7494777374739874
5703,-0.8731926569164605,-2.7494777374739874
5705,-0.8731926569164605,-2.7494777374739874
5707,-0.8708387458649445,-2.7520002889366713
5709,-0.8708387458649445,-2.7520002889366713
5711,-0.873861056873312,-2.7499577866492704
5713,-0.8759355771353347,-2.7511790415766697
5715,-0.8760927490509882,-2.7512153579852394
5717,-0.8760968273551678,-2.7513273256971096
5719,-0.8725466286573286,-2.757208678639722
5721,-0.8746511908387541,-2.755366717710896
5723,-0.8741129081947379,-2.754760431394184
5725,-0.8666563233260224,-2.757880990846069
5727,-0.8666563233260224,-2.757880990846069
5729,-0.8669636325203556,-2.7579519982280947
5731,-0.8669636325203556,-2.7579519982280947
5733,-0.8671741494940135,-2.7584207286060205
5735,-0.8671741494940135,-2.7584207286060205
5737,-0.8671741494940135,-2.7584207286060205
5739,-0.8671741494940135,-2.7584207286060205
5741,-0.8671741494940135,-2.7584207286060205
5743,-0.8671741494940135,-2.7584207286060205
5745,-0.8671741494940135,-2.7584207286060205
5747,-0.869523264222576,-2.755757037384741
5749,-0.872888996651954,-2.7607613269570144
5751,-0.872965347966592,-2.7608242214792273
5753,-0.8733603116540213,-2.76087022979827
5755,-0.8713408734536049,-2.768248857335501
5757,-0.8713408734536049,-2.768248857335501
5759,-1.0542427943849437,1.9918120208075458
5761,-0.18810383929499938,1.8483867371509486
5763,-0.18810383929499938,1.8483867371509486
5765,-1.5917470042293675,1.064327388533938
5767,-1.5917470042293675,1.064327388533938
5769,-1.5917470042293675,1.064327388533938
5771,-1.5917470042293675,1.064327388533938
5773,-1.5917470042293675,1.064327388533938
5775,-1.5917470042293675,1.064327388533938
5777,-1.5965516390896555,1.0632172214796656
5779,-1.5965516390896555,1.0632172214796656
5781,-1.5965516390896555,1.0632172214796656
5783,-1.5965516390896555,1.0632172214796656
5785,-1.5984310397170456,1.0627829639930961
5787,-1.5984310397170456,1.0627829639930961
5789,-1.6214015131805375,1.057475367557205
5791,-1.5984310397170456,1.0627829639930961
5793,-1.6213756975318279,1.0574813325646437
5795,-1.6214015131805375,1.057475367557205
5797,-1.6214015131805375,1.057475367557205
5799,-1.6214015131805375,1.057475367557205
5801,-1.6214015131805375,1.057475367557205
5803,-1.6214015131805375,1.057475367557205
5805,-1.6214015131805375,1.057475367557205
5807,-1.6214015131805375,1.057475367557205
5809,-1.6214015131805375,1.057475367557205
5811,-1.6214015131805375,1.057475367557205
5813,-1.6213756975318279,1.0574813325646437
5815,-1.6213756975318279,1.0574813325646437
5817,-1.6213756975318279,1.0574813325646437
5819,-1.6213756975318279,1.0574813325646437
5821,-1.6213756975318279,1.0574813325646437
5823,-1.6213756975318279,1.0574813325646437
5825,-1.6213756975318279,1.0574813325646437
5827,-1.6213756975318279,1.0574813325646437
5829,-1.6213756975318279,1.0574813325646437
5831,-1.6213756975318279,1.0574813325646437
5833,-1.6213756975318279,1.0574813325646437
5835,-1.6213756975318279,1.0574813325646437
5837,-1.6213756975318279,1.0574813325646437
5839,-1.6213756975318279,1.0574813325646437
5841,-1.6213756975318279,1.0574813325646437
5843,-1.6213756975318279,1.0574813325646437
5845,-1.6213756975318279,1.0574813325646437
5847,-1.6213756975318279,1.0574813325646437
5849,-1.6213756975318279,1.0574813325646437
5851,-1.6213756975318279,1.0574813325646437
5853,-1.6224460448980285,1.0572340162925153
5855,-1.6224460448980285,1.0572340162925153
5857,-1.6224460448980285,1.0572340162925153
5859,-1.6224460448980285,1.0572340162925153
5861,-1.6224460448980285,1.0572340162925153
5863,-1.6224460448980285,1.0572340162925153
5865,-1.6225040171685796,1.0572206211216646
5867,-1.6224460448980285,1.0572340162925153
5869,-1.6225040171685796,1.0572206211216646
5871,-1.6225040171685796,1.0572206211216646
5873,-1.6224460448980285,1.0572340162925153
5875,-1.6225040171685796,1.0572206211216646
5877,-2.0014776652450084,-0.28135355581690547
5879,-2.0011535569086973,-0.28127866679672997
5881,-2.0016396488716772,-0.2813909840275587
5883,-2.0016396488716772,-0.2813909840275587
5885,-2.0016396488716772,-0.2813909840275587
5887,-2.0016396488716772,-0.2813909840275587
5889,-2.0016396488716772,-0.2813909840275587
5891,-2.0016396488716772,-0.2813909840275587
5893,-2.0042250145628424,-0.2819883629953759
5965,-0.6704515537010406,-1.112892860820879
5967,-0.6704515537010406,-1.112892860820879
5969,-0.6704515537010406,-1.112892860820879
5971,-0.6704515537010406,-1.112892860820879
5973,-0.6763661224050787,-1.1142594910657142
5975,-0.6763661224050787,-1.1142594910657142
5977,-0.6763661224050787,-1.1142594910657142
5979,-0.681053066581241,-1.1153424643115277
5981,-0.681053066581241,-1.1153424643115277
5983,-0.681053066581241,-1.1153424643115277
5985,-0.681053066581241,-1.1153424643115277
5987,-0.6854695058864649,-1.1163629342445043
5989,-0.6854695058864649,-1.1163629342445043
5991,-0.6854695058864649,-1.1163629342445043
5993,-0.6875493699972557,-1.116843511162482
5995,-0.6875493699972557,-1.116843511162482
5997,-0.6843106684930156,-1.116095171317065
5999,-0.6843106684930156,-1.116095171317065
6001,-0.6854695058864649,-1.1163629342445043
6003,-0.6875493699972557,-1.116843511162482
6005,-0.6875493699972557,-1.116843511162482
6007,-0.7232871252218014,-1.1251011373084134
6009,-0.7445144650962195,-1.1300059623500036
6011,-0.7445144650962195,-1.1300059623500036
6013,-0.7436806908232869,-1.129813309056793
6015,-0.7436806908232869,-1.129813309056793
6017,-0.7436806908232869,-1.129813309056793
6019,-0.7799435954128857,-1.1275827256366138
6021,-0.7799435954128857,-1.1275827256366138
6023,-0.8003623925375088,-1.142910278889688
6025,-0.8003623925375088,-1.142910278889688
6027,-0.8003623925375088,-1.142910278889688
6029,-0.8003623925375088,-1.142910278889688
6237,-1.1935755288188201,0.14309026313261922
6239,-0.006353894383393908,0.4174117012848492
6249,-1.4714747999897781,0.07887838767658786
6257,-1.4714747999897781,0.07887838767658786
6281,-0.7047219705486485,0.25604559283757367
6285,-0.6576868548328835,0.26691360619966276
6359,-0.30832154734625933,0.3476385448382698
6361,0.5566942533861717,0.5475105582843235
6363,0.06351364542748206,0.4335554131623639
6365,-0.21263162030362712,0.36974882116885543
6367,0.5566942533861717,0.5475105582843235
6369,0.06351364542748206,0.4335554131623639
6371,-0.21263162030362712,0.36974882116885543
6373,-0.4166241608254054,0.7872054686932722
6377,-0.8690986461218475,0.604017367595431
6379,-0.19646338085680834,0.5724169730734218
6383,-0.0957872298372297,0.6862930596060787
6385,-0.05996060557802008,0.5497982319709396
6389,0.4324182199307591,-1.0184342476133967
6391,0.4324182199307591,-1.0184342476133967
6411,0.7043829612565082,-1.4952524051268175
6413,0.39624126855994496,-1.2067914331474305
6419,0.45067220729498314,-0.9859618425741546
6461,0.47474289412320136,-1.0005358320105784
6469,0.45674976837033876,-1.0187854220536323
6471,0.45998578770509463,-1.0180377019548317
6477,-0.46161679129343186,0.6027579270766462
6479,-0.5132904745563732,0.5908181184544307
6485,0.5637143914025288,-0.25123382037849956
6501,0.05743230048120156,0.4727670499992886
6551,0.8908417876431229,0.867053823536557
6639,0.04321162537074544,-1.1450150444572709
6641,0.7687971463885827,-0.4738542373770971
6643,0.1838775921579282,-0.07401459589715433
6645,0.25923048907169194,-0.9093035481444202
6647,0.8055482746665896,-1.4742019752676268
6649,0.15783373352595415,-0.9944603565437807
6651,0.17155833027065578,-1.0194269577752737
6653,0.5519207902826048,-1.3095616512260793
6655,0.12275543976930148,-0.8619885594208386
6657,0.26645232917606926,-0.9127038025047777
6659,0.4853185740502303,-1.366194824022758
6661,0.6063746161910814,-0.7831582469460215
6663,0.20115760504810667,-1.2011548976972246
6665,0.4843513103141632,-1.3758778783314896
6667,0.3529928739091026,-0.4482603024356281
6669,0.17035138542867717,-1.0197058364911082
6671,0.11655698910170312,-1.2822642193463258
6673,-0.0759763019035911,-0.5702166335160253
6675,0.16391700153646002,-1.0718635465746704
6677,0.08243651243065678,-1.3631340870015018
6679,0.11851304631305752,-1.4668874809681274
6681,0.13359892013037947,-1.3712056154261345
6685,0.9993216498637346,-1.1543200386571317
6687,0.993170714159495,-1.1562908500199076
6713,0.07244536822904787,-1.3176020559434707
6731,0.5213877926737205,0.9294554982359647
6733,0.3210738435204855,0.9308770618865144
6737,0.21390299042144084,0.8030208609836503
6747,0.4036131005887092,0.6229102995885266
6761,0.4036131005887092,0.6229102995885266
6763,0.17265835470341598,-1.8569265899482277
6767,-0.05192145232362909,-0.5137816260896753
6769,0.24148223446413306,-0.9543990527338357
6771,0.4292648235481168,-0.4025979116191887
6773,0.19681078606588304,-1.076294832182354
6797,-1.0695397676468994,0.28252110711508516
6813,0.13065024505032033,1.138575564993169
6821,0.6665762135345442,0.6485129936485508
6823,0.1510978513828118,-0.7205176651470881
6829,0.007103259034724175,-0.9878441560647898
6833,0.006726453134800156,-1.0659633806693145
6835,0.10499543337220932,-0.9306785874048727
6837,0.9084564893958463,-0.2257413461980534
6839,1.322908865185319,-1.4073109089384823
6841,1.2945920597824179,-1.412434740227548
6843,0.10499543337220932,-0.9306785874048727
6845,0.34409391523015703,-0.6316150395788105
6847,0.22153971686280105,-1.2688362947580125
6849,0.7408608467816766,-1.5096788184299326
6851,1.2759404811331299,-1.4167571219784536
6853,0.5129011989726057,-1.0828927279222393
6855,0.6373673974518049,0.0377379498976456
6857,0.20879972222243975,-0.8727499571421833
6859,1.266108117787111,-1.4161868431017461
6863,0.495895753900175,-1.0936244164052287
6865,0.8950049524293024,-0.22884948107278158
6867,0.41860986206900075,-0.8807534427652168
6869,0.4308304426504347,-0.895500212229242
6871,0.14760061669897376,-1.0532528091033542
6873,0.1502653811901553,-0.9682829517662794
6875,0.492536168703774,-1.0985446605036508
6877,0.40351524627574403,-0.8954661004039257
6881,0.39171328929258975,-0.8981930805386575
6883,0.4910854659107705,-1.101345277763497
6885,0.4691984240687427,-1.144621926453353
6887,0.49259957804893406,-1.1034415264954138
6891,0.096060680029389,-1.1668176406554616
6893,0.6481300845618689,-1.6323049358539974
6895,0.8129712456889989,-1.5418872641111692
6897,0.4347099274650655,-1.2054952045986203
6899,0.1740657129258033,-0.9308403712254696
6901,0.054315693053550475,-1.2076934386778677
6903,0.054315693053550475,-1.2076934386778677
6905,0.15061602001184018,-1.4360350267239805
6907,0.031032092641148812,-1.288828384787624
6909,0.16199288454221383,-0.9450746967016413
6911,1.1928105432577059,-1.4526384465580544
6913,0.4676263284207223,-1.149381099814193
6915,0.43238922826477616,-1.198074830651864
6917,0.4677451203959422,-1.1587001064049094
6919,0.007526702644657038,-1.311749447398106
6935,0.15721860605897858,-1.1861585893617346
6937,0.7125161078892339,-0.23249537767738374
6941,0.22333796740271789,-1.1914387710305532
6943,0.22333796740271789,-1.1914387710305532
6945,0.21877490298596705,-1.192493120409707
6947,0.21877490298596705,-1.192493120409707
6949,0.4213304074985126,-0.7808914357660267
6975,0.44084786623435107,0.6161557830482595
7057,-0.12952682564880885,-1.4182309750428557
7059,0.10953296106435226,-1.2382466045267198
7061,0.3391687852555652,-2.524065986177999
7063,0.46014458602903874,-1.916292837501296
7065,0.25779991688771053,-2.34158038938379
7067,0.4340331177567798,-2.168841024273187
7069,0.6500322890906931,-2.0283578307203953
7071,0.6711167087153278,-1.9719536446967765
7073,0.4139104596344466,-2.312657828060313
7075,0.23545348900785795,-2.5374831232347677
7077,0.5059451401518296,-2.3128186168487423
7079,0.15365429713996237,-2.667498955910814
7081,0.4051302242936117,-1.9879707532702426
7083,0.792688033452184,-1.8669109476956482
7085,0.32643182163700446,-2.530945089709166
7087,0.7907101617108514,-1.8687836171929242
7089,0.2459932103578182,-2.484029522508885
7091,0.7882674036528847,-1.8735135914520264
7093,0.5033651200953134,-2.153766814643538
7095,0.43950509885510736,-2.2441032289316354
7097,0.7149858037604052,-1.9103045115297852
7103,0.10113850595636278,-2.55858144246866
7111,0.3141230665948041,-2.449052714495388
7115,0.05761121469802412,-2.882181539296523
7119,0.3011264309372804,0.488458625126996
7121,0.3020579969290047,-2.481866000444415
7125,0.3817094680598482,-2.4068801053355173
7127,0.16807054536955077,-2.7498008033580272
7129,0.4929332451294393,-2.1949557061243796
7133,0.004487670971272585,-2.9728795786274373
7193,0.22105073226154448,-1.231122971435288
7195,0.18043268966183224,-1.2603438962727243
7197,0.25330409751877636,-1.1894095248425784
7215,0.6160970901557616,1.584744498638078
7217,0.11837842499766112,-1.3667394115079787
7219,1.309920916158842,1.0008843636717348
7221,0.23609716824626467,-1.0014148087015582
7223,0.4908746607311044,-0.7124413061986652
7225,0.3687867074003383,-0.4668298033094561
7229,-0.0506820193821018,0.8832629776290214
7231,0.03868477332773313,-0.9549170585822713
7233,0.9455427298208946,-0.4645958802526489
7235,0.0012181362804493598,-0.42340406343774994
7237,0.6804478788008929,-1.4842996663163177
7239,0.14989799686014293,-1.5125532566274205
7241,0.2110751060716016,-0.6236164352032612
7243,0.36252852200576996,-0.9614858324033484
7245,0.3202527575146853,-1.2709328552546584
7247,0.25694285577178444,-1.2997254885391443
7249,0.36834196052029894,-0.8850614181187206
7251,0.13597036486427458,-0.6295476528724734
7255,0.8663293408645625,-0.9452231862966105
7257,0.13866597861768323,-0.6730415091011392
7259,0.4425388748200973,-0.7456007105314452
7261,0.20155726097061566,-1.2095319512958076
7263,-0.15264507478575803,-0.28775049881658776
7265,0.09316007021383794,-0.7567861557603175
7267,0.19040067134833594,-0.661382985834059
7269,-0.17251078676025594,-0.23579717073516335
7271,0.14371265923919097,-1.3461779347995746
7273,-0.15320023323225976,-0.2878787746658726
7275,0.31815310598303803,-1.2780255354553125
7277,1.0122675089831579,-0.9448029187641297
7279,0.1546567428868463,-0.5369536301157912
7281,0.20972124278528947,-0.6193934010385697
7283,-0.09923765559781302,0.47156274624406075
7285,1.0291425608142117,-0.982640891644432
7287,-0.15687977818140336,-0.6375693107136242
7289,-0.15687977818140336,-0.6375693107136242
7291,0.7971834379806418,-1.5651994631851758
7293,-0.023109007583447062,-0.6093560812333589
7295,0.5544790111967444,-1.1728855250166619
7297,0.0233261184406743,-0.2028136594700392
7299,1.3057964593832507,-1.3021920861733642
7303,0.2561142396882495,-1.3226461167322991
7305,-0.023109007583447062,-0.6093560812333589
7307,1.3184429743602362,-1.3034803545446687
7309,0.3596914663176383,-0.5765130500345247
7311,0.3061247822903076,-0.8266223536442524
7313,0.2697377680284007,-0.3346551610330047
7315,0.16093441934744368,-0.6964729435819418
7317,0.3276631683344191,-1.0317457266009626
7319,0.3803617842082893,-0.6932612741316543
7321,0.3261995639705518,-0.3403771275882911
7323,0.025284417155918018,-0.4514427691635923
7325,0.2750802433734087,-0.6380894456675033
7327,0.318044804456137,-1.2786240404771536
7329,0.16697832985682104,-0.1148937739882633
7331,0.5961326992841086,-1.718868318386541
7333,0.41771102963835494,0.0023356273088121077
7335,0.5827582415741696,-0.5224686707160161
7337,0.0209731748433946,-0.23427904480496073
7339,0.1097129344076074,-0.9898971866723595
7341,0.2659640521706516,-0.11623390261137288
7343,0.101073441327603,0.03450345362456638
7345,0.5934183953063217,-1.721483733698062
7347,0.3241451039009966,-0.3855422014455393
7349,0.15026804603956254,-0.6803209523771638
7351,0.47740496767759877,-0.8574967376667715
7353,0.36674478697875035,-0.8854304637376583
7355,0.30075618631788964,-0.4145910146299646
7357,0.22890770606146832,-0.35986457544897943
7359,0.22153016251437885,-1.3559277571298363
7361,0.6223754612794841,-1.1323285352395989
7363,0.610499502922394,-1.2861146181263394
7365,0.7964970331592673,-1.4732740746337991
7367,-0.15590072010180717,-0.3478290653202662
7369,-0.1046616613385939,-0.4350756848230103
7371,0.27438447044841763,-0.3906783844474803
7375,0.7964970331592673,-1.4732740746337991
7381,0.06906864687652514,-0.7707151844830396
7383,0.9106366097477024,-1.8875948871659358
7385,0.7186607439260619,-0.9533387428362516
7387,0.20899197925736374,-1.1393133727953653
7391,0.22252746512649094,-1.122761990215955
7393,0.3809310565342021,-0.5499086364088493
7395,0.6699080083294803,-1.5124362610365836
7403,0.6430870611599615,-1.1695016629070487
7405,0.2112348684117342,-1.144002725344501
7409,0.7352759377301759,1.362518371585203
7411,-1.3078662186867658,0.6716275447469854
7421,-0.07884080192103976,0.8779406561111099
7423,0.11041904526879973,0.3742393255453176
7427,0.49093345188489157,1.8857452147183944
7435,0.20031954475711677,0.8527726006429055
7437,0.19101579985620465,0.8506228616157581
7439,0.13823208589625113,0.8384265674239023
7447,1.4579208010839602,0.143536088864183
7449,1.1202214695026758,0.5598595375926776
7451,-0.18211872162283627,0.4722120699748051
7453,0.5235105029332858,1.2545111809664982
7459,0.5235105029332858,1.2545111809664982
7461,0.5235105029332858,1.2545111809664982
7465,0.3916975211665641,0.61312158787173
7469,0.38484821103892747,0.611538974693141
7471,0.5079314888655448,1.2509114676357276
7473,2.1650834794061273,0.8012871202054624
7481,1.2134730261135718,0.5814063999286222
7483,0.48781357206038334,1.2462629877642812
7485,0.4927754871489129,1.2474094962540139
7495,0.48289537485353445,1.2451265808022058
7505,0.14619438709524965,1.2295507037685043
7523,-0.0937620680115826,0.737866441131979
7525,-0.21831189967067047,0.25057575418100214
7529,-0.2810153730563821,0.23608738360435896
7569,-1.1848964430403353,0.14509566736679402
7641,-0.02571578116880239,0.41293791098802757
7679,-1.1951391482500193,0.14272897058315098
8237,-0.6217969913994087,0.27520637872552683
8653,-1.5840104492570533,0.052875710286806224
8751,-1.905379953097027,-0.02138047062719254
8757,-1.9073451051158727,-0.02183454197525559
8825,-0.2687154530864184,0.35678999594210603
8893,-0.1026282658103709,0.39516638224666517
9137,-0.2520511776287507,0.360640471604543
9219,0.47322387920385595,0.5282237524978989
9351,-1.340692415685262,0.10909718651481261
9353,-1.342494069014548,0.10868089345039517
9355,-1.1146576988835106,0.16132515034809852
9441,-1.3537714580643974,0.10607512086924797
9443,-1.129781492668221,0.15783062098559056
9601,-1.6230674136678698,0.04385114205432876
10351,0.21670752335434804,0.46895264960928845
10459,-0.3044850252206562,0.34852501812722625
10709,-1.8358185583483662,-0.005307497145369192
10713,-1.8380439902870809,-0.005821709211786335
11081,-1.329758647312282,0.11162356152138486
11421,-1.392910503599297,0.09703158683346094
11819,-1.4874247928522908,0.07519295535826329
12093,0.47322387920385595,0.5282237524978989
12097,-0.5372000542273585,0.29475349006110035
12641,-1.493862232241321,0.07370550972890838
12839,-0.37321913972446935,0.3326431974175046
13243,0.7740980709513586,0.5977442519472829
13621,-0.06253429524391833,0.40443056287478585
13625,-0.06253429524391833,0.40443056287478585
13685,-0.8778541026553885,0.21604138966916672
13693,-0.8860632472483119,0.2141445708398829
13735,-1.5056240175118079,0.07098781173802587
13739,-1.505176194164927,0.07109128655771524
13997,-1.7114429930751103,0.02343093125513879
14183,0.04501635569672401,0.5263479427098042
14187,0.15458211152224124,0.5516643914995747
14189,0.654878493981883,0.5701971749217538
14191,0.11084474350823657,0.6594189333304845
14193,0.9592740686109008,0.7853043190640079
14195,0.654878493981883,0.5701971749217538
14197,1.6872493181475703,0.8564449664619322
14205,0.4374936633945258,0.6170344130089879
14207,0.8244165792753163,0.7064374761438228
14209,0.9619208343668292,0.6411428972241267
14211,0.9619208343668292,0.6411428972241267
14213,0.006937490015146371,0.4204828310364357
14215,1.012381553936708,0.03588229421607186
14217,1.0270469564194125,-0.37297376713044994
14219,1.3330090555767335,-1.2530759855067284
14223,1.0022215659730895,-0.1374383311128076
14225,1.2805177543251884,0.31515056647070594
14227,1.2425141576938319,0.6447022984060555
14229,1.0319516048837911,-0.06678046404694396
14231,1.202142934289024,0.06189048027447142
14233,1.129716647939882,0.16781237137234506
14235,1.1110984729210367,0.4085612727013672
14237,0.9837477871072635,-0.21863407217600933
14239,1.6544836826469411,-0.35245124157078944
14241,1.2793725912466736,-0.10527881120641819
14243,1.2793725912466736,-0.10527881120641819
14247,1.7961790345723352,-0.799609432371556
14251,1.3389669718977346,0.12827338661856041
14255,1.7781605635253366,0.7118840570706272
14259,1.2946168980096706,0.5500405129564264
14261,1.0025872758817855,-0.21879113345226892
14267,1.142292967414567,0.435750327726917
14271,0.6612043512886286,0.17560197904732358
14275,1.1307476733871542,-0.22630965972034622
14283,0.7569688340210899,-0.37685033317762795
14293,1.2848384299942466,0.5076586269860235
14339,0.647877913071874,-0.901458516193746
14401,1.1773873951011664,0.10000760549171205
14407,1.5199360122718848,0.37557872347848464
14409,1.1773873951011664,0.10000760549171205
14411,1.409214125948288,0.24573384478113297
14417,1.1166404517139332,0.16339908788007843
14419,0.3265027259448459,-0.3407233546974729
14427,1.0508059952477165,-0.46920900844031727
14429,0.8478528236175856,-0.06163880317914014
14431,1.3970582563193497,0.23799613916218304
14441,1.1586637048258743,-0.16983835956064144
14445,1.4124936666204155,0.2415626711638271
14459,0.5797777820178948,-1.0910858786452045
14465,0.8122877822845659,0.4264878400600388
14469,0.8337201251608484,-0.06490432837946851
14473,0.8059108249865037,-0.9059404827063996
14475,0.860355279730811,-1.089903422269277
14477,0.9983478686841524,-0.5616302415296914
14479,0.6109242472447648,-1.092075731454006
14481,0.6347369559074946,-1.0922355978882312
14483,0.5930490878207899,-1.0915662466737004
14485,0.682401184378501,-1.0931766053280882
14487,0.7194301175384137,-1.0939291832907294
14489,0.7051030751565813,-1.0931522513592151
14491,0.6942206156900149,-1.0935935175477582
14493,0.6935222331692421,-0.26184311667665533
14523,1.1907077543721813,0.3825704690181697
14525,0.8039133019330235,-0.6215986651524767
14531,0.868941713982353,-0.39003186992517414
14535,0.8032225057182021,-0.6132177053412778
14541,0.5232236239234005,-0.664004634051066
14543,0.5232236239234005,-0.664004634051066
14547,0.8005199068509762,-0.6223827487575305
14551,0.5967382365223964,-0.8882607042689661
14553,0.5924767725192369,-0.8818152985594222
14555,0.8138386588791856,-0.6461928614186327
14569,0.9126661699777794,-0.3016458353959824
14571,0.8138386588791856,-0.6461928614186327
14573,0.5224697494320681,-0.6653474683980669
14603,0.914876043928436,-0.1515233739808944
14607,0.6726181156090347,-0.27060230550180514
14609,0.8745393641866197,-0.27831779535974727
14611,0.96844585193881,-0.228907502501332
14633,0.9779519072957824,-0.08747947863774418
14637,1.0336710350457121,-0.3478737139523923
14639,1.2334104511180641,-0.7298998496332951
14641,0.9175624407559911,-0.5725708752871235
14653,1.2224495586179978,-0.6124726218491338
14661,0.9369908374336039,0.7461534612743842
14663,0.9758797011105805,-0.7451827164681912
14687,0.7276358628465025,-0.4309094796396045
14713,0.7617583613941223,-0.07689618081625044
14721,0.5133466432941365,0.7101740546623059
14729,0.189438668183335,-0.3855725024628902
14761,0.4404058984447198,0.5487633040105039
14763,-0.6969262312476245,0.3055533329646268
14767,0.21778668496709455,0.4269543543517709
14771,1.2191884885453137,0.4732056801453016
14781,0.6182858813868141,-0.4714040335037224
14787,0.5917353497758067,0.2776384210309265
14789,0.6837398274528191,-0.45227586525583147
14791,0.9272003575421751,-0.176726697072024
14795,0.5917353497758067,0.2776384210309265
14801,0.7372868677226188,-0.46693700969516855
14803,0.42272915765974817,-0.03858238346951877
14805,0.7046079993980535,-0.9460536287518172
14809,1.2527765602861407,-0.6414010594656336
14811,0.934634894657851,-0.9486010811997173
14823,0.9290772901254922,-0.4114288237566862
14835,0.9646053110875011,0.18605772326234415
14913,1.247069710965437,0.7070298787675691
14937,1.0864821915445952,0.6699242550162187
14939,1.0760864020270422,-0.04908014144776491
14941,0.9461179751469962,-0.27369676813384125
14943,1.065301628712451,-0.4568169237848674
14947,0.8842409903285171,-0.3550016344046799
14949,0.7511775528357262,-0.25146348692878817
14951,0.682580697444638,0.3255417166375362
14953,1.0976309810148228,-0.207575691790641
14955,0.6803017277867751,-0.2989679644555718
14961,0.9385237652403171,-0.4992721967139096
14965,0.8575861866573999,-0.3312034086994081
14975,1.0976309810148228,-0.207575691790641
14977,0.6923337546825108,-0.2568895989652761
14983,0.7503153462732188,-0.418299526788942
14985,0.7808734510785758,-0.3642180264907152
14987,0.7498022011487813,-0.4099144799477303
15015,0.3174202511286287,0.053092079672015374
15041,0.3892625736220759,-1.3245454664275917
15049,0.7317963606918989,-0.3148996363639643
15055,0.4710620454660933,-1.3243119717201424
15059,1.028003592498403,-0.263934948074855
15061,0.8341344527599244,-0.7745935896223063
15079,0.6038493853424669,-0.5466201816050319
15093,1.3069013793716553,0.2877220255431093
15111,0.6353056336449048,-0.6128323298744787
15119,0.4287243116940074,-0.5861036236554928
15121,0.5558452426274479,-0.5760277776542913
15129,1.0990447125441796,-0.2020490401143826
15131,1.1329372545565808,-0.11048959033394636
15133,1.0526588857389976,-0.15057576090088462
15135,1.1177044014345952,-0.22198468378858496
15139,1.0940525796815819,-0.25855745168164707
15155,1.5312775346915635,0.78768387387176
15157,1.4989204247108496,0.7424984480735329
15183,1.3345297769630784,-0.06782664823709328
15211,1.2646124669175345,-0.6551695122064983
15217,0.6331790060795872,-0.30202851760153293
15219,1.1293289533782702,-0.4605392611922327
15221,0.914620220591737,-0.512718002539207
15223,1.105140816862141,-0.4288419941841164
15231,0.9092544227600591,-0.36974319484428114
15245,0.8617039811183541,-0.4384486416613997
15249,1.0712681964931243,-0.17021109419455627
15251,0.892702577726197,-0.5566309188348013
15261,0.8712726337834491,-0.5715189282036444
15263,0.8764142821799545,-0.5622811788558303
15271,0.56075839713455,-1.1654642929332257
15273,0.6753170801018087,-0.7117037719850863
15275,1.0124547163544653,-0.1838006363545145
15281,0.8649571597216702,-0.4459169904851725
15285,0.8694945249814542,-0.5806547041945872
15311,1.0564427268566987,-0.2655051524523267
15313,1.0339234319658277,-0.281831132559112
15315,1.160574267494768,-0.128800068715239
15317,1.0307929652254975,-0.2842133728775102
15319,1.0635524353379466,-0.24121388091097196
15323,1.002410898337845,-0.30386384747626016
15325,1.2213864260027727,-0.0634856603324985
15327,1.0277268336213494,-0.09679464898466035
15329,1.030090295984003,-0.09893785906765568
15333,1.043092245830483,-0.08189523656912973
15335,1.043092245830483,-0.08189523656912973
15337,1.0411197640185652,-0.08235100155157271
15339,1.03935422136096,-0.08113777138990193
15341,0.7505327009764036,-0.5980553276153602
15343,0.7511459783225582,-0.5960579791000781
15347,0.7514632036752048,-0.5990492533185123
15351,0.5451421371830937,-0.5221562850165152
15353,0.5498940512539058,-0.5405853636987029
15363,0.8972552663118513,-0.9125635110262813
15367,1.3515392408901057,-0.38976919045754066
15369,0.8360544715469475,0.39707047516034677
15375,1.49232977052135,-0.5262417685582963
15381,0.8771278111607868,-0.6490539296692814
15385,0.8783896303382301,-0.6418432006337038
15391,1.3259835758341072,-0.5817114909200531
15393,1.4435344283781255,-0.14360442289946668
15395,0.9192000941845556,-0.9225913696767216
15397,0.9186649755915893,-0.917119448514092
15399,1.337562678008075,-0.43134424355231504
15401,1.3164886937435698,-0.4347144772276652
15403,0.9628746744989963,-1.6022971196818627
15405,1.5168377261915262,-0.6822032583100596
15407,1.3691581226100058,-0.8221734465211934
15417,0.8085992648627749,-1.4950839220311964
15419,0.8908623938295313,-1.4947385390488113
15443,0.9528044260114442,0.1833476081154419
15445,1.836155645610475,-0.7148596641115245
15459,1.0418014098626736,0.659600238056589
15465,1.3089037994063215,0.5717541979333097
15485,1.6288599019127468,0.7762390183589751
15495,1.064195179294015,-0.23442879417174797
15541,1.0446961607116583,-0.13710607091995639
15563,1.5751791467075689,0.7828433997424464
15581,0.8440442177311278,-0.27163040798742166
15663,1.2137405202777254,-0.2637652889152639
15673,1.2034978150680402,-0.26613198569890706
15685,1.0583561289065717,-0.2972118972789523
15707,1.0302042660300872,0.27257937096974705
15785,1.2446585285837493,0.6304390911954738
15853,0.961427680825858,-0.20911877556788733
15855,0.9992054548374936,-0.23175432680988386
15915,1.0391300960037038,-0.2873040196324216
15993,1.1810992257286794,0.1462852545301356
16145,0.736413242939046,-0.4922236242392777
16279,1.1056241721450604,-0.7561654491373709
16379,1.145680893542509,0.17783459788870878
16403,1.2193814176607027,0.17090672696368936
16409,1.2456531886466922,0.14635467762875123
16517,1.0002489670261498,0.06733153643308513
16553,0.922380828070963,0.2716538386719239
16599,1.1152131474935945,0.2833152832686669
16601,0.9461381058490819,0.27714323544304553
16645,0.6607711697077165,-0.6703494525527406
16647,0.835386724881925,0.6596121553719909
16733,1.1163474303269658,-0.038215691034302564
16735,0.9229201439087765,-0.44131173208284974
16739,1.755473633553895,0.8299613439658878
16761,1.008083720090295,-0.1541410609456016
16763,0.8477952805230664,-0.24530126919461373
16767,0.783943377210292,-0.3013441943845726
16781,1.3912376476445463,0.622480993935792
16783,0.8884304513401917,-0.14176957573176013
16795,1.1496237301777983,-0.18435141459263865
16797,1.3838882573139857,0.5083902800980185
16799,1.1496237301777983,-0.18435141459263865
16803,1.3810398292281958,0.5226406983877374
16805,1.3849248127830778,0.5105155460269599
16819,1.3362932701991237,0.38227697718680226
16829,1.3517640731859466,0.4117647987899852
16831,1.1187937249087108,0.24819544735494048
16833,0.9359181742106247,-0.32470154999207856
16835,1.0732887365950254,0.17148042869978394
16839,1.137987785720376,0.336101834568014
16841,0.9282185794220909,-0.32648063138203687
16843,1.0793494188959742,0.09572020674289874
16845,1.0793494188959742,0.09572020674289874
16863,1.1197506521413096,0.3226975201370595
16865,0.9760946289696097,-0.3154183104269709
16867,1.0523869566840824,0.21517304931113515
16869,0.9985739005716382,-0.27150920630425074
16871,0.85575450224193,-0.39093074699768615
16873,0.8640244575296081,-0.3890198771464565
16895,0.797484876930919,0.09264650902190773
16919,1.0374764405322405,-0.055259829544880644
16921,1.4664636271215838,0.42681295634169764
16923,1.473405107425386,0.7593273181510539
16925,1.1932200780265536,0.12111312788518921
16927,0.9889980087510237,0.09413174982916572
16929,0.8860799207945754,-0.4678811790292418
16931,1.0976101774017655,-0.2770057376144878
16933,0.8887017927918971,-0.2615551793195302
16935,1.193196104450444,0.08930018618617508
16937,0.9945022785233723,0.0712469840021348
16939,1.9313444473506147,-0.538114249089904
16941,1.669834512172421,-0.1482765696807687
16943,1.0873649959299287,-0.27900504737464615
16945,1.7367093554094923,0.41373025442498185
16947,0.8662209259549049,-0.5690789483168772
16951,0.9347569852691233,-0.34650287197730695
16953,0.8935908076538135,-0.453415743774542
16955,1.1029060538820035,-1.0781085668659793
16961,1.473405107425386,0.7593273181510539
16963,1.763430675540713,-0.5276807954911851
16967,0.8540078350787628,-0.4945158632028454
16971,1.1166677563039389,-0.08016440834318989
16973,1.7799576444993221,0.40638767992895086
16977,0.9259197589342757,-0.44645937004412123
16979,1.79847342973257,0.3694637640833013
16981,1.1166677563039389,-0.08016440834318989
16985,0.8485829938224876,-0.49576933619559155
16987,0.9712126361195337,-0.43758967776527735
16989,0.9681987899754558,-0.4419613645688337
16993,1.1437187459693807,-0.2296077586325309
16995,0.7269146943008279,-0.5132778807171451
17013,1.9861629118775084,-0.9672959107621653
17015,1.9861629118775084,-0.9672959107621653
17637,0.01530512588037793,0.8982133519795348
17641,0.1964927533763595,0.716133571328963
17643,-0.11182375755254721,0.7956930028361395
17645,-0.10707299039252857,0.7967907231285114
17649,0.01602761445891005,0.8450345199962791
17651,0.36800325709495085,0.8034695217237121
17653,0.30210691882359786,0.7756949663879046
17655,0.2660283820382181,0.7520005542331755
17657,-0.1247779919177405,0.9010035173581701
17659,0.25897385942839163,0.8534636466977512
17661,0.005188210344788404,0.8425299489549057
17665,0.5331575422387831,0.970162763440806
17667,0.005188210344788404,0.8425299489549057
17669,0.15937909978505457,0.7273579907580722
17677,0.0025109305270184148,0.8419113321535906
17681,0.3354848185127734,1.1250914730496648
17687,0.5389073759236246,0.991291292711549
17689,0.5389073759236246,0.991291292711549
17697,0.09262525969638732,1.1754807683639328
17705,0.49530949389309725,0.8049786355962923
17709,0.5468254061569129,0.9931208461646929
17715,0.5468254061569129,0.9931208461646929
17717,0.7138818115658692,0.9739334917011936
17719,0.7030424074517475,0.97142892065982
17771,0.38712058680554373,0.6144133083469963
17781,0.38712058680554373,0.6144133083469963
17997,0.6269699877205371,0.2557985784599944
17999,-0.26776267556296607,0.7453680099824365
18001,0.39811725433384987,-0.7537003683782728
18003,0.35507504240362237,-0.5459271582719398
18005,1.1999118373538171,-0.20381715542656523
18011,0.9006992825366578,0.6832619363067298
18015,0.8659993565785824,0.7889891870171255
18021,0.5196818250839703,0.8285043800428612
18031,0.729223012274216,-0.539661911553168
18035,0.5009702224227505,-0.18492932936944026
18043,1.3664338079997205,0.7447123073657311
18049,0.46700857048762934,0.4406837729202139
18051,0.5211970603322931,-0.42214058243902675
18053,0.3852213464390329,-0.5933740667431326
18061,1.0547240568756977,0.04777883332991728
18151,-0.14172178522627574,0.5623722243329015
18153,-0.13319930255498905,0.5643414435883498
18159,-0.14172178522627574,0.5623722243329015
18315,0.5360914306119371,-0.5889898439655226
18323,0.5410843092437512,-0.5801423580293684
18333,0.9071377123647355,-1.073998269118259
18343,0.5292986909029869,0.043424654340739
18349,0.49740710433331214,-0.6745270267618828
18351,0.49163998056723685,-0.6788559099408982
18353,0.48427695636472207,-0.7635903260157526
18357,0.4848685958180374,-0.7634536208033531
18359,0.46518502223678765,-0.7767460432936537
18363,0.5455869109878884,-0.7126669672945951
18367,0.4858206166619288,-0.7716071561232322
18371,0.44280609807728044,-0.7853012855567569
18373,0.46274842955173184,-0.7795163589405546
18377,0.5026863949050311,-0.6714211540475515
18381,0.7115267196470997,-1.0168619727524013
18383,0.46683520087147934,-0.7807019885718207
18389,0.4890821987760695,-0.7719967149496268
18393,0.845100726447326,-1.1541682378756724
18403,0.47809103974643147,-0.7917216822047913
18413,0.48135502194595076,-0.7889546198315708
18417,0.4689931016108474,-0.7925391964206621
18419,0.6457767929429351,-0.5182084632455816
18421,1.0278214744282022,0.0227618451012
18423,0.648997621958549,-0.44294454085785717
18645,0.5902483418700987,1.4713375762997924
18647,-0.514773782218179,0.7746926444609401
18649,-0.9100359591946076,1.3224834634267861
18651,-0.26372731196463234,1.373210357643256
18653,-0.2731524468349149,1.3710325700445456
18655,-0.7924996461149386,0.11790296267743137
18657,-0.24079595800272371,1.3785089150609704
18659,-0.10634604946809076,1.7731677277955802
18661,-0.10566154690292281,1.773325890115613
18663,-0.10634604946809076,1.7731677277955802
18665,-0.2398948895714781,1.378717117456179
18667,-0.2840898774260547,1.3685053488396532
18669,-0.2840898774260547,1.3685053488396532
18671,-0.4109986779401807,1.1475846855961445
18673,-0.3595182907939925,1.1594798308908076
18675,-0.3614073341262196,1.1590433453445552
18677,-0.3729187869270783,1.1294034990642638
18679,-0.3700971544392643,1.1300554702375836
18681,-0.3700971544392643,1.1300554702375836
18683,-0.8210623860311526,0.1113032076998279
18689,-0.36820811110703733,1.1304919557838353
18705,-0.3904653492770205,1.1253491607007673
18707,-0.3904653492770205,1.1253491607007673
18709,-0.3904653492770205,1.1253491607007673
18711,-0.3904653492770205,1.1253491607007673
18717,-1.395787589636542,0.14407324589273313
18721,-1.394448416410612,0.14438267752252887
18735,-1.3971235578177823,0.1437645548259824
18753,-1.4024356845546884,0.14253712584065367
18769,-1.420639855532209,0.13833083931581516
18771,-1.4193590631417516,0.13862678137105938
18783,-1.4219177159268392,0.1380355747324845
18873,0.5264805705051984,0.5882357770574264
19009,0.4861103258564188,0.5789077600727316
19157,-0.030447745024989994,0.48745745928782536
19195,-1.3279153486468391,0.11204947722758628
19197,-1.321104027873436,0.11362331252175563
19199,-1.321104027873436,0.11362331252175563
19205,-1.321104027873436,0.11362331252175563
19207,0.020553086283958074,0.4236288737309293
19215,-1.3248295930170246,0.11276247714066445
19219,-1.3248295930170246,0.11276247714066445
19231,-0.8524764702650613,0.22190518831660605
19239,-1.3248295930170246,0.11276247714066445
19245,-1.3248295930170246,0.11276247714066445
19247,-1.3248295930170246,0.11276247714066445
19259,-1.3248295930170246,0.11276247714066445
19261,-1.3248295930170246,0.11276247714066445
19281,-0.4977804969022353,0.3038618396254126
19283,-0.4977804969022353,0.3038618396254126
19285,-0.4977804969022353,0.3038618396254126
19287,-0.4977804969022353,0.3038618396254126
19289,-0.6658064419457579,0.2650374806731384
19291,-0.4977804969022353,0.3038618396254126
19293,-0.4977804969022353,0.3038618396254126
19295,-0.2604454977987404,0.358700865793336
19297,-0.4977804969022353,0.3038618396254126
19299,-0.4977804969022353,0.3038618396254126
19301,-0.4977804969022353,0.3038618396254126
19303,-0.4977804969022353,0.3038618396254126
19305,-0.4977804969022353,0.3038618396254126
19307,-0.4977804969022353,0.3038618396254126
19309,-0.6658064419457579,0.2650374806731384
19311,-0.4977804969022353,0.3038618396254126
19313,-0.4977804969022353,0.3038618396254126
19315,-0.4977804969022353,0.3038618396254126
19317,-0.4977804969022353,0.3038618396254126
19319,-0.4977804969022353,0.3038618396254126
19321,-0.4977804969022353,0.3038618396254126
19323,-0.4977804969022353,0.3038618396254126
19325,-0.4977804969022353,0.3038618396254126
19327,-0.4977804969022353,0.3038618396254126
19329,-0.4977804969022353,0.3038618396254126
19331,0.16977133750538126,0.458107495149488
19333,-0.4977804969022353,0.3038618396254126
19335,0.16977133750538126,0.458107495149488
19337,-0.4977804969022353,0.3038618396254126
19339,-0.4977804969022353,0.3038618396254126
19341,-0.38333805919865444,0.3303051027751972
19343,0.16977133750538126,0.458107495149488
19345,0.16977133750538126,0.458107495149488
19347,-0.4977804969022353,0.3038618396254126
19349,-0.4977804969022353,0.3038618396254126
19351,0.16977133750538126,0.458107495149488
19353,0.07860136853453135,0.43704160797310515
19355,-0.2604454977987404,0.358700865793336
19357,-0.4977804969022353,0.3038618396254126
19359,0.16977133750538126,0.458107495149488
19361,-0.2604454977987404,0.358700865793336
19363,0.07860136853453135,0.43704160797310515
19365,0.16977133750538126,0.458107495149488
19367,0.16977133750538126,0.458107495149488
19369,-0.3899835159215685,0.32876959230896896
19373,-0.4977804969022353,0.3038618396254126
19377,0.16977133750538126,0.458107495149488
19379,-0.4977804969022353,0.3038618396254126
19381,-0.6431870325405208,0.27026395965416666
19383,-0.4977804969022353,0.3038618396254126
19385,-0.4977804969022353,0.3038618396254126
19387,-0.4977804969022353,0.3038618396254126
19389,-0.4977804969022353,0.3038618396254126
19393,-0.4977804969022353,0.3038618396254126
19395,-0.6658064419457579,0.2650374806731384
19397,0.16977133750538126,0.458107495149488
19399,-0.4977804969022353,0.3038618396254126
19401,-0.4977804969022353,0.3038618396254126
19405,0.16977133750538126,0.458107495149488
19407,-0.4977804969022353,0.3038618396254126
19409,-0.4977804969022353,0.3038618396254126
19411,-0.4977804969022353,0.3038618396254126
19413,-0.2604454977987404,0.358700865793336
19415,0.07860136853453135,0.43704160797310515
19417,0.16977133750538126,0.458107495149488
19419,0.16977133750538126,0.458107495149488
19421,-0.4977804969022353,0.3038618396254126
19423,-0.4977804969022353,0.3038618396254126
19425,0.16977133750538126,0.458107495149488
19427,-0.4977804969022353,0.3038618396254126
19429,-0.4977804969022353,0.3038618396254126
19431,-0.4977804969022353,0.3038618396254126
19435,-1.0150720171532124,0.23204202976706098
19437,-0.7685871754087145,0.241288790622264
19439,-1.1083091618871064,0.16279205404030136
19441,-0.7685871754087145,0.241288790622264
19443,-0.7598470369113789,0.3772372205596565
19445,-0.7598470369113789,0.3772372205596565
19447,-0.7598470369113789,0.3772372205596565
19449,-0.7598470369113789,0.3772372205596565
19451,-0.7598470369113789,0.3772372205596565
19453,-0.7598470369113789,0.3772372205596565
19455,-0.7598470369113789,0.3772372205596565
19459,-0.7598470369113789,0.3772372205596565
19461,-0.8699877216793364,0.376336383673227
19463,-0.7598470369113789,0.3772372205596565
19465,-0.7598470369113789,0.3772372205596565
19473,-0.7598470369113789,0.3772372205596565
19475,-0.9984340440270509,0.3312993148152733
19477,-0.7598470369113789,0.3772372205596565
19481,-0.7704068178307804,0.3747972597264289
19483,-0.7704068178307804,0.3747972597264289
19485,-0.7704068178307804,0.3747972597264289
19487,-0.7704068178307804,0.3747972597264289
19489,-0.7704068178307804,0.3747972597264289
19495,-0.7704068178307804,0.3747972597264289
19501,-0.7704068178307804,0.3747972597264289
19503,-0.7704068178307804,0.3747972597264289
19505,-0.8778249014548746,0.37452551166354936
19507,-0.7704068178307804,0.3747972597264289
19509,-0.7704068178307804,0.3747972597264289
19511,-0.7704068178307804,0.3747972597264289
19517,-0.7704068178307804,0.3747972597264289
19519,-0.7704068178307804,0.3747972597264289
19521,-0.7704068178307804,0.3747972597264289
19523,-0.7704068178307804,0.3747972597264289
19525,-0.7704068178307804,0.3747972597264289
19533,-1.0607325310712048,0.17378519079699672
19535,-1.0607325310712048,0.17378519079699672
19537,0.3243886206368723,0.49383362600962133
19539,-1.059738386958132,0.17401489941661635
19541,-1.059738386958132,0.17401489941661635
19543,-1.059738386958132,0.17401489941661635
19545,-1.059738386958132,0.17401489941661635
19547,-1.059738386958132,0.17401489941661635
19549,-1.059738386958132,0.17401489941661635
19551,-1.059738386958132,0.17401489941661635
19553,-1.059738386958132,0.17401489941661635
19555,-1.059738386958132,0.17401489941661635
19557,-1.059738386958132,0.17401489941661635
19559,-1.059738386958132,0.17401489941661635
19561,-1.059738386958132,0.17401489941661635
19563,-1.059738386958132,0.17401489941661635
19565,-1.059738386958132,0.17401489941661635
19567,-1.059738386958132,0.17401489941661635
19569,-1.059738386958132,0.17401489941661635
19573,-1.059738386958132,0.17401489941661635
19575,-0.41263869704959233,0.32353484785319253
19579,-0.41263869704959233,0.32353484785319253
19581,-1.059738386958132,0.17401489941661635
19583,0.3243886206368723,0.49383362600962133
19585,0.3243886206368723,0.49383362600962133
19587,-1.059738386958132,0.17401489941661635
19589,-1.059738386958132,0.17401489941661635
19591,-1.059738386958132,0.17401489941661635
19593,-1.059738386958132,0.17401489941661635
19595,-1.059738386958132,0.17401489941661635
19597,-1.059738386958132,0.17401489941661635
19599,-1.059738386958132,0.17401489941661635
19601,-1.059738386958132,0.17401489941661635
19603,-1.059738386958132,0.17401489941661635
19605,-0.41263869704959233,0.32353484785319253
19607,-1.059738386958132,0.17401489941661635
19609,-1.059738386958132,0.17401489941661635
19611,-0.41263869704959233,0.32353484785319253
19613,-0.37661253480651663,0.331859113812451
19615,-1.059738386958132,0.17401489941661635
19617,-1.059738386958132,0.17401489941661635
19619,-1.059738386958132,0.17401489941661635
19623,-1.059738386958132,0.17401489941661635
19625,-1.059738386958132,0.17401489941661635
19627,-1.059738386958132,0.17401489941661635
19629,-0.37661253480651663,0.331859113812451
19631,-0.37661253480651663,0.331859113812451
19633,-1.059738386958132,0.17401489941661635
19635,-1.059738386958132,0.17401489941661635
19637,-1.059738386958132,0.17401489941661635
19639,-1.059738386958132,0.17401489941661635
19643,-1.059738386958132,0.17401489941661635
19645,-1.059738386958132,0.17401489941661635
19647,-1.059738386958132,0.17401489941661635
19649,0.14339422092332663,0.45201275399482643
19651,-1.059738386958132,0.17401489941661635
19653,-1.059738386958132,0.17401489941661635
19655,-1.059738386958132,0.17401489941661635
19657,-1.059738386958132,0.17401489941661635
19659,-1.059738386958132,0.17401489941661635
19661,-1.059738386958132,0.17401489941661635
19663,-1.059738386958132,0.17401489941661635
19665,-1.059738386958132,0.17401489941661635
19667,-1.059738386958132,0.17401489941661635
19669,-0.37661253480651663,0.331859113812451
19671,-1.059738386958132,0.17401489941661635
19673,-1.059738386958132,0.17401489941661635
19675,-1.059738386958132,0.17401489941661635
19677,-1.059738386958132,0.17401489941661635
19679,-1.059738386958132,0.17401489941661635
19681,-1.059738386958132,0.17401489941661635
19687,0.49750454747304296,0.7100729415408059
19689,0.49750454747304296,0.7100729415408059
19691,0.49750454747304296,0.7100729415408059
19693,0.49750454747304296,0.7100729415408059
19695,0.4922214191707355,-0.4633058967972944
19697,0.4389160401145936,-0.6796886262980218
19699,-0.5157367372799656,-1.490027106846466
19701,0.04135256041150599,-1.1997972283032508
19703,0.6583713838959885,-0.6341064133914582
19705,-0.04421666890687599,-1.3325320714401911
19707,0.3160849700359135,-1.1792624334401254
19709,0.49750454747304296,0.7100729415408059
19715,0.9180453546307954,-0.7298623879521982
19717,0.49750454747304296,0.7100729415408059
19719,0.49750454747304296,0.7100729415408059
19721,-0.38450386261981756,-1.4892462473953818
19725,0.5141560423528386,-0.5172273765977827
19731,0.49750454747304296,0.7100729415408059
19745,0.49750454747304296,0.7100729415408059
19749,0.09891707082184975,-1.3352570565629724
19755,0.1795761105107513,-0.5973668413360314
19757,0.25681563175839867,-0.5017295948143974
19759,0.285320834558956,-0.6228742598105139
19761,0.06518117035109047,-0.6365538771178237
19763,0.08369138001440525,-0.6599207391164477
19765,0.09577577316227964,-0.6294846364643271
19767,0.06713693471389405,-0.6637458372370764
19771,0.06890408226966499,-0.7001807189088971
19773,0.05424963550731341,-0.7099840471256943
19775,0.044191493622817414,-0.7123080983953685
19781,0.02460310581099094,-0.7168342244023116
19783,0.02460310581099094,-0.7168342244023116
19785,-0.008510306324272507,-0.7306693055187524
19789,0.044191493622817414,-0.7123080983953685
19799,0.2754558187280876,-0.5311266937885523
19807,0.2761345351856307,-0.558346331315604
19809,0.2775179603595127,-0.5580266747558951
19811,0.2804233551614719,-0.552606856341772
19813,0.29522735683036355,-0.5405717590656721
19817,0.29522735683036355,-0.5405717590656721
19821,0.19094403984016114,-0.6732171561667321
19825,1.1649022511845974,0.5701835545523073
19827,0.06816660312492187,-0.7698697543172263
19829,0.18643486665769435,-0.6823575773770615
19841,0.09819560838053462,-0.7804680797246522
19901,-0.10724213920609357,0.4978357463618588
19905,-0.13873151873540743,0.26896373155074166
19937,0.4933673701001642,-0.11175167874404551
19973,0.599883039094301,0.3217686880649505
19983,1.2621043480185798,0.9991952614284761
19985,0.10812394230967587,-0.48145412501830565
19989,0.0878873201443877,-0.7234669610874472
19993,0.01949632555124491,-0.482570516476822
19997,0.24707661594714395,-0.40114364020659266
19999,0.047972653186011155,-0.4980124798564572
20001,0.28113423969659285,-0.4664500194652565
20003,-0.301565366225642,0.231339067437689
20005,0.5620550205722917,0.6458157708010798
20007,0.06956227155658726,-0.6227680480966544
20015,-0.09546843866457952,-0.4709664622682617
20017,0.628287657062175,-0.02768542808384919
20019,0.6220435847940611,-0.10125771917655557
20021,0.3595566985762885,-0.7122334806790714
20025,0.9178409861730512,-0.08744807883112525
20027,0.9988875839355835,0.1354240223032425
20029,0.549791327352194,-0.1430908139209598
20033,-0.2434939661665522,-1.7835866868119525
20037,-0.5841752640348541,-0.9912201461145853
20093,-0.016128411687110048,-0.5633293226955606
20113,1.1649022511845974,0.5701835545523073
20125,1.26667629046678,0.5936996361436996
20127,0.7735940024791578,0.5870620508274306
20129,0.9846378149801238,-0.13382810114918609
20131,0.35074288713426494,0.3887314242676772
20137,0.517906036337685,0.5666706169057111
20143,-0.7056774196383954,-2.5277624500219917
20145,-0.7052955472664563,-2.5688955096966226
20149,-0.651938192350755,-2.5401638233571706
20151,0.13058838306413958,-0.5297459154048364
20153,-0.6216914352446745,-2.525112807297662
20155,-0.7014042272580513,-2.5666705505825824
20157,0.10210976327500607,-0.9279710603009332
20159,-0.48659111001698824,-2.432002439833572
20161,0.18343784819449352,-0.6224296145578314
20163,-0.6973282802768419,-2.569693852888317
20165,-0.5276634005296464,-2.453041186077281
20167,0.1768951971628633,-0.6265374036310479
20169,-0.5860479569087494,-2.4964054914749965
20171,-0.5937049457730422,-2.5220300836156206
20173,-0.48781101043128683,-2.433612364938268
20295,1.0788535270513095,0.5503009908668559
20427,0.31465672050004,-1.6751651090303654
20429,0.4538756882269929,-0.9562490927527972
20431,0.6719128529162965,-1.2909574116505247
20433,0.5730935867427577,-0.4271826915089776
20435,0.0025560605012258236,-1.5769271963249405
20437,0.14880501844008565,-1.697443573044997
20439,0.3561263756079367,-0.46999097508176935
20441,0.13850211307689278,0.10029331144586932
20443,0.48076317942469277,-0.9149987584578128
20445,0.27374442444290364,-1.5623878265161089
20447,0.33635397724920674,-1.5256419082742703
20449,0.5227604443025338,-1.509198644528369
20451,-0.06261378221721962,-1.0581728255181346
20457,0.48623936619761826,-0.7946044850608427
20459,0.1530983790321877,-1.2303235967560133
20463,0.5221982254121146,-0.6193527358099551
20465,-0.06721913479582318,-1.115652924464334
20467,0.438533331388544,-1.4497909478113828
20469,0.4298162656197516,-1.860141918429685
20475,0.11673267545733776,-0.8601473809109843
20477,0.03887309981513149,-1.4170060088590153
20479,0.2222708350638744,-0.7858430050507926
20481,0.020376740705896925,-1.0490208280561124
20483,0.9563347491304417,-1.449052558829118
20485,1.0926171429800022,-1.3041888110388198
20489,-0.24838420720571,-1.1350735490010329
20491,0.3156730868612978,-0.8748726871497849
20493,0.3082255418669787,-1.0577143228457135
20641,-0.4220734868068354,0.32135482937997667
20651,0.31037756582443193,-0.8266345726060409
20655,0.396289954782424,0.07718950133948742
20657,0.29717439365492576,-0.7400466767887266
20663,0.29735173641862395,-0.7604452645901122
20665,0.6304731030743373,-0.413011586504333
20679,-0.4582945213758377,0.3129855358916081
20687,0.2912871735778892,-0.7517775661655732
20689,0.2589005926753752,-1.5717711202678035
20691,-1.0773675922532178,0.16994146543448654
20693,0.1489551608435615,-0.7038031066775057
20697,0.2888981101489127,-0.7772592775272034
20701,0.33195387948142396,-1.165282900585817
20703,-0.16033528023106403,0.3818325019262615
20709,0.30091441717740774,-0.6422670487245151
20735,0.6970930216905826,0.06955060730701372
20737,0.6970930216905826,0.06955060730701372
20739,0.6970930216905826,0.06955060730701372
20741,0.6970930216905826,0.06955060730701372
20743,0.6970930216905826,0.06955060730701372
20745,0.6970930216905826,0.06955060730701372
20747,0.6970930216905826,0.06955060730701372
20749,0.6970930216905826,0.06955060730701372
20751,0.6970930216905826,0.06955060730701372
20753,0.6970930216905826,0.06955060730701372
20755,0.6970930216905826,0.06955060730701372
20757,0.6970930216905826,0.06955060730701372
20759,0.6970930216905826,0.06955060730701372
20761,0.6970930216905826,0.06955060730701372
20763,0.6970930216905826,0.06955060730701372
20765,0.6970930216905826,0.06955060730701372
20767,0.6968443708318088,0.06917296300804837
20769,0.6968443708318088,0.06917296300804837
20771,0.6968443708318088,0.06917296300804837
20773,0.6968443708318088,0.06917296300804837
20775,0.6968443708318088,0.06917296300804837
20777,0.6968443708318088,0.06917296300804837
20779,0.6968443708318088,0.06917296300804837
20781,0.6968443708318088,0.06917296300804837
20783,0.6968443708318088,0.06917296300804837
20785,0.6968443708318088,0.06917296300804837
20787,0.6968443708318088,0.06917296300804837
20789,0.6968443708318088,0.06917296300804837
20791,0.6968443708318088,0.06917296300804837
20793,0.6968443708318088,0.06917296300804837
20795,0.6968443708318088,0.06917296300804837
20797,0.6968443708318088,0.06917296300804837
20799,0.6968443708318088,0.06917296300804837
20801,0.6968443708318088,0.06917296300804837
20803,0.6968443708318088,0.06917296300804837
20805,0.6968443708318088,0.06917296300804837
20807,0.6968443708318088,0.06917296300804837
20809,0.6968443708318088,0.06917296300804837
20811,0.6968443708318088,0.06917296300804837
20813,0.6968443708318088,0.06917296300804837
20815,0.6968443708318088,0.06917296300804837
20817,0.6968443708318088,0.06917296300804837
20819,0.6968443708318088,0.06917296300804837
20821,0.6968443708318088,0.06917296300804837
20823,0.6968443708318088,0.06917296300804837
20825,0.6968443708318088,0.06917296300804837
20827,0.6968443708318088,0.06917296300804837
20829,0.6968443708318088,0.06917296300804837
20831,0.6968443708318088,0.06917296300804837
20833,0.6968443708318088,0.06917296300804837
20835,0.6968443708318088,0.06917296300804837
20837,0.6968443708318088,0.06917296300804837
20839,0.6968443708318088,0.06917296300804837
20841,0.696500245513545,0.052033757107996466
20843,0.6968443708318088,0.06917296300804837
20845,0.6968443708318088,0.06917296300804832
20875,-0.5717676910163932,-0.624319010842139
20877,-0.5717676910163932,-0.624319010842139
20879,-0.5717676910163932,-0.624319010842139
