,softwareQualityReliabilityIssues_size_adjusted,softwareQualityMaintainabilityIssues_size_adjusted,softwareQualitySecurityIssues_size_adjusted,securityHotspots_size_adjusted,complexity_size_adjusted,cognitiveComplexity_size_adjusted,duplicatedLinesDensity_size_adjusted
1,0.13762101426443252,0.17040199892201802,-0.5040205406487497,-1.4114311393697003,0.8144107446268798,0.7659315933867656,0.09714775680535581
3,0.13762101426443252,0.17040199892201802,-0.5040205406487497,-1.4114311393697003,0.8144107446268798,0.7659315933867656,0.09714775680535581
5,-0.08435098803547403,0.217871763296702,-0.5122241088632375,-1.4318975199717168,0.8274283314141337,0.8035839475100888,-0.04250742496129445
7,0.13762101426443252,0.17040199892201802,-0.5040205406487497,-1.4114311393697003,0.8144107446268798,0.7659315933867656,0.09714775680535581
9,0.13762101426443252,0.17040199892201802,-0.5040205406487497,-1.4114311393697003,0.8144107446268798,0.7659315933867656,0.09714775680535581
11,0.13762101426443252,0.17040199892201802,-0.5040205406487497,-1.4114311393697003,0.8144107446268798,0.7659315933867656,0.09714775680535581
13,-0.08435098803547403,0.217871763296702,-0.5122241088632375,-1.4318975199717168,0.8274283314141337,0.8035839475100888,-0.04250742496129445
15,0.13762101426443252,0.17040199892201802,-0.5040205406487497,-1.4114311393697003,0.8144107446268798,0.7659315933867656,0.09714775680535581
17,0.13762101426443252,0.17040199892201802,-0.5040205406487497,-1.4114311393697003,0.8144107446268798,0.7659315933867656,0.09714775680535581
19,-0.08435098803547403,0.217871763296702,-0.5122241088632375,-1.4318975199717168,0.8274283314141337,0.8035839475100888,-0.04250742496129445
21,-0.029941423573410564,0.1611790636994499,-0.5009669194952615,-1.4038129211617638,0.7524909835233391,0.6961665691406349,0.13212834579279642
23,-0.024747214347704993,0.1687627533796281,-0.4998922518803164,-1.4011318248567088,0.6929477387737775,0.6660118679083995,0.13452490273550577
25,-0.024747214347704993,0.1687627533796281,-0.4998922518803164,-1.4011318248567088,0.6929477387737775,0.6660118679083995,0.13452490273550577
27,-0.08497496427601403,0.21696074066160254,-0.5123532078326984,-1.4322195979474512,0.8264874605098091,0.8027448635259828,-0.04279532144878151
29,-0.029941423573410564,0.1611790636994499,-0.5009669194952615,-1.4038129211617638,0.7524909835233391,0.6961665691406349,0.13212834579279642
31,-0.08497496427601403,0.21696074066160254,-0.5123532078326984,-1.4322195979474512,0.8264874605098091,0.8027448635259828,-0.04279532144878151
33,-0.029941423573410564,0.1611790636994499,-0.5009669194952615,-1.4038129211617638,0.7524909835233391,0.6961665691406349,0.13212834579279642
35,-0.029941423573410564,0.1611790636994499,-0.5009669194952615,-1.4038129211617638,0.7524909835233391,0.6961665691406349,0.13212834579279642
37,-0.029941423573410564,0.1611790636994499,-0.5009669194952615,-1.4038129211617638,0.7524909835233391,0.6961665691406349,0.13212834579279642
39,0.7760948290340997,0.13550434374842935,0.14219829431872566,0.2007649541886003,-0.42660087762764487,-0.38105042965016844,0.28548175067634607
41,0.7760948290340997,0.13550434374842935,0.14219829431872566,0.2007649541886003,-0.42660087762764487,-0.38105042965016844,0.28548175067634607
43,-0.5979728354285059,-1.8706725956171688,-0.14209252947665718,-0.5084879037545693,-2.4985071491680424,-2.2288101605818698,-0.3484995269210114
45,-0.7782820171223883,-2.1339290069465333,-0.17939800367371783,-0.6015581402045298,-2.770388755896616,-2.471278602033408,-0.431692406230582
47,-0.9966067726506354,-2.452689211528381,-0.2245687956290946,-0.7142508851274763,-3.099592653135848,-2.7648679950189248,-0.5324252966265308
49,-0.9966067726506354,-2.452689211528381,-0.2245687956290946,-0.7142508851274763,-3.099592653135848,-2.7648679950189248,-0.5324252966265308
51,-1.0011811080670534,-2.4593678682369875,-0.2255152130563315,-0.716612021009787,-3.1064901258604634,-2.7710192734434402,-0.5345358499031003
53,-1.0018319771593895,-2.460318155182355,-0.22564987608292675,-0.7169479802757135,-3.1074715475103867,-2.7718945212423884,-0.5348361544873503
55,-1.0018319771593895,-2.460318155182355,-0.22564987608292675,-0.7169479802757135,-3.1074715475103867,-2.7718945212423884,-0.5348361544873503
57,-1.0018319771593895,-2.460318155182355,-0.22564987608292675,-0.7169479802757135,-3.1074715475103867,-2.7718945212423884,-0.5348361544873503
59,-1.0018319771593895,-2.460318155182355,-0.22564987608292675,-0.7169479802757135,-3.1074715475103867,-2.7718945212423884,-0.5348361544873503
61,-1.0018319771593895,-2.460318155182355,-0.22564987608292675,-0.7169479802757135,-3.1074715475103867,-2.7718945212423884,-0.5348361544873503
63,-1.0018319771593895,-2.460318155182355,-0.22564987608292675,-0.7169479802757135,-3.1074715475103867,-2.7718945212423884,-0.5348361544873503
65,-1.0018319771593895,-2.460318155182355,-0.22564987608292675,-0.7169479802757135,-3.1074715475103867,-2.7718945212423884,-0.5348361544873503
67,-1.1465358340426346,-2.671589803751395,-0.2555887064212389,-0.7916398071079678,-3.3256651898953384,-2.96648316238033,-0.6016010878547213
69,-1.1434007220386833,-2.667012453183208,-0.25494006036300954,-0.790021555542719,-3.3209378694067153,-2.962267261036689,-0.6001545780757045
71,-1.1434007220386833,-2.667012453183208,-0.25494006036300954,-0.790021555542719,-3.3209378694067153,-2.962267261036689,-0.6001545780757045
73,-1.144970159109667,-2.6693038748802786,-0.2552647725801327,-0.7908316522772145,-3.3233043660460426,-2.9643777412517434,-0.6008787008719132
75,-1.144970159109667,-2.6693038748802786,-0.2552647725801327,-0.7908316522772145,-3.3233043660460426,-2.9643777412517434,-0.6008787008719132
77,-1.144970159109667,-2.6693038748802786,-0.2552647725801327,-0.7908316522772145,-3.3233043660460426,-2.9643777412517434,-0.6008787008719132
79,-1.144970159109667,-2.6693038748802786,-0.2552647725801327,-0.7908316522772145,-3.3233043660460426,-2.9643777412517434,-0.6008787008719132
81,-1.1563655597868654,-2.685941476247871,-0.25762244966531933,-0.7967136191604622,-3.340487073084737,-2.979701559018312,-0.606136426431513
83,-1.133372408251319,-2.6523708366302126,-0.2528652297985313,-0.7848452382491884,-3.3058165425853465,-2.948781815694603,-0.5955276129330915
85,-1.1370849879271154,-2.6577913060319522,-0.2536333523311657,-0.786761561450368,-3.311414605412102,-2.9537742592257548,-0.5972405606043867
87,-1.1370849879271154,-2.6577913060319522,-0.2536333523311657,-0.786761561450368,-3.311414605412102,-2.9537742592257548,-0.5972405606043867
89,-1.154823299140856,-2.6836897328857807,-0.25730336017584143,-0.795917550088199,-3.3381615547806085,-2.9776276239494655,-0.6054248425699367
91,-1.1370849879271154,-2.6577913060319522,-0.2536333523311657,-0.786761561450368,-3.311414605412102,-2.9537742592257548,-0.5972405606043867
93,-1.154823299140856,-2.6836897328857807,-0.25730336017584143,-0.795917550088199,-3.3381615547806085,-2.9776276239494655,-0.6054248425699367
95,-1.154823299140856,-2.6836897328857807,-0.25730336017584143,-0.795917550088199,-3.3381615547806085,-2.9776276239494655,-0.6054248425699367
97,-1.154823299140856,-2.6836897328857807,-0.25730336017584143,-0.795917550088199,-3.3381615547806085,-2.9776276239494655,-0.6054248425699367
99,-1.154823299140856,-2.6836897328857807,-0.25730336017584143,-0.795917550088199,-3.3381615547806085,-2.9776276239494655,-0.6054248425699367
101,-1.154823299140856,-2.6836897328857807,-0.25730336017584143,-0.795917550088199,-3.3381615547806085,-2.9776276239494655,-0.6054248425699367
103,-1.154823299140856,-2.6836897328857807,-0.25730336017584143,-0.795917550088199,-3.3381615547806085,-2.9776276239494655,-0.6054248425699367
105,-1.1553377907626614,-2.6844409049378264,-0.25740980707855365,-0.7961831153602674,-3.3389373378409664,-2.9783194799076993,-0.6056622239334177
107,-1.1553377907626614,-2.6844409049378264,-0.25740980707855365,-0.7961831153602674,-3.3389373378409664,-2.9783194799076993,-0.6056622239334177
109,-1.1553377907626614,-2.6844409049378264,-0.25740980707855365,-0.7961831153602674,-3.3389373378409664,-2.9783194799076993,-0.6056622239334177
111,-1.213367924317549,-2.769166511061198,-0.2694160822423951,-0.8261365442452446,-3.4264388494187967,-3.0563547519226653,-0.6324367556117112
113,-1.213367924317549,-2.769166511061198,-0.2694160822423951,-0.8261365442452446,-3.4264388494187967,-3.0563547519226653,-0.6324367556117112
115,-1.2157165319546448,-2.772595543417478,-0.2699020027084612,-0.827348825650214,-3.429980228798093,-3.0595130116851355,-0.6335203800276332
117,-1.2157165319546448,-2.772595543417478,-0.2699020027084612,-0.827348825650214,-3.429980228798093,-3.0595130116851355,-0.6335203800276332
119,0.34858893943079616,-0.48866612423252587,0.05374850055967262,-0.019900870232255174,-1.0712213404313866,-0.9559334488601845,0.08823474670358555
189,-1.3310374877812738,-2.9409673406647876,-0.2937615915633125,-0.886874072925983,-3.6038684715657254,-3.214589376423212,-0.6867283324448157
191,-1.3396265151766165,-2.953507559125467,-0.29553863772848654,-0.891307473394279,-3.6168195511865413,-3.226139359993483,-0.6906912250317303
193,-1.3419495066476599,-2.956899191168109,-0.2960192582801904,-0.8925065324962624,-3.620322304887882,-3.2292631727477623,-0.6917630304011082
195,-1.3419495066476599,-2.956899191168109,-0.2960192582801904,-0.8925065324962624,-3.620322304887882,-3.2292631727477623,-0.6917630304011082
197,-1.3419495066476599,-2.956899191168109,-0.2960192582801904,-0.8925065324962624,-3.620322304887882,-3.2292631727477623,-0.6917630304011082
199,-1.3419495066476599,-2.956899191168109,-0.2960192582801904,-0.8925065324962624,-3.620322304887882,-3.2292631727477623,-0.6917630304011082
201,-1.294259208632449,-2.887270032005116,-0.286152266675309,-0.8678902191674147,-3.548411852364432,-3.1651322609246515,-0.6697591969315924
203,-1.294259208632449,-2.887270032005116,-0.286152266675309,-0.8678902191674147,-3.548411852364432,-3.1651322609246515,-0.6697591969315924
205,2.0286283175114406,1.7319692252169712,1.500817898468033,0.8248687508917513,-0.628293995137402,-0.5609236341767079,0.2237658023837803
207,2.343723548258975,2.1920170103287853,1.5660102358179162,0.9875115367689332,-0.15317344496157714,-0.13720339547097415,0.3691476362778796
209,2.343723548258975,2.009695453534831,1.5660102358179162,0.9875115367689332,-0.15317344496157714,-0.13720339547097415,0.3691476362778796
211,2.293456668958701,1.9363044141601258,1.5556101566256832,0.9615652688189141,-0.22896902997283952,-0.20479913167292896,0.3459549935981734
213,2.182487609162316,1.7742865059418607,1.53265096310034,0.90428634083058,-0.3962952082138438,-0.3540233404758508,0.2947549631171389
215,2.172361094996873,1.7595015141104595,1.530555815147495,0.89905933542277,-0.411564607786266,-0.3676408395070463,0.2900826892879409
217,1.4893404286023713,0.8579957740677057,0.8395037825403947,0.90428634083058,-0.3962952082138438,-0.3540233404758508,0.2947549631171389
219,1.510076998203827,0.888271741410449,0.8437941218061787,0.914989941267551,-0.3650272949089386,-0.3261381065399971,0.30432261195200083
221,1.4893404286023713,0.8579957740677057,0.8395037825403947,0.90428634083058,-0.3962952082138438,-0.3540233404758508,0.2947549631171389
223,1.5206975099322948,0.9037779833990832,0.8459914764972926,0.9204719335238646,-0.3490130145162862,-0.3118563106712138,0.3092228113879474
225,1.5206975099322948,0.9037779833990832,0.8459914764972926,0.9204719335238646,-0.3490130145162862,-0.3118563106712138,0.3092228113879474
227,1.5206975099322948,0.9037779833990832,0.8459914764972926,0.9204719335238646,-0.3490130145162862,-0.3118563106712138,0.3092228113879474
229,1.6125182004966674,2.2906017094037345,0.8649889250488642,1.8841577747404452,-0.21055996045078818,-0.18838162388601631,0.3515879730313074
231,1.6125182004966674,2.2906017094037345,0.8649889250488642,1.8841577747404452,-0.21055996045078818,-0.18838162388601631,0.3515879730313074
233,1.6125182004966674,2.2906017094037345,0.8649889250488642,1.8841577747404452,-0.21055996045078818,-0.18838162388601631,0.3515879730313074
235,0.15429305162013618,-0.7723435148155859,0.013549215302966822,-0.12019062835723893,-1.3641929886994193,-1.2172103325736003,-0.001411460955547561
237,0.15429305162013618,-0.7723435148155859,0.013549215302966822,-0.12019062835723893,-1.3641929886994193,-1.2172103325736003,-0.001411460955547561
239,0.08204853698987025,-0.8778225119533172,-0.0013979762437962284,-0.15748109795887455,-1.4731278445424767,-1.3143602098081537,-0.03474436796534164
241,0.08204853698987025,-0.8778225119533172,-0.0013979762437962284,-0.15748109795887455,-1.4731278445424767,-1.3143602098081537,-0.03474436796534164
243,0.08204853698987025,-0.8778225119533172,-0.0013979762437962284,-0.15748109795887455,-1.4731278445424767,-1.3143602098081537,-0.03474436796534164
245,-0.6015847178869866,-1.8759460442858966,-0.14283981803174817,-0.5103522500473219,-2.5039533743513704,-2.233667192831623,-0.35016601388870683
247,-0.6827694085992637,-0.8958656580479318,-0.1596367074419892,-0.5522573726246984,-2.626368794050239,-2.342839256293985,-0.3876238300285295
249,-0.6827694085992637,-0.8958656580479318,-0.1596367074419892,-0.5522573726246984,-2.626368794050239,-2.342839256293985,-0.3876238300285295
251,-0.6827694085992637,-0.8958656580479318,-0.1596367074419892,-0.5522573726246984,-2.626368794050239,-2.342839256293985,-0.3876238300285295
253,-0.7810244161692572,-1.0393206970260933,-0.17996539850031468,-0.60297368502224,-2.77452391891022,-2.4749664077041222,-0.4329577221217731
255,-0.7810244161692572,-1.0393206970260933,-0.17996539850031468,-0.60297368502224,-2.77452391891022,-2.4749664077041222,-0.4329577221217731
257,-0.7810244161692572,-1.0393206970260933,-0.17996539850031468,-0.60297368502224,-2.77452391891022,-2.4749664077041222,-0.4329577221217731
259,-0.7810244161692572,-1.0393206970260933,-0.17996539850031468,-0.60297368502224,-2.77452391891022,-2.4749664077041222,-0.4329577221217731
261,-0.7801115619604118,-1.0379879045369367,-0.17977653147305717,-0.6025024968316914,-2.773147459504891,-2.4737388588061027,-0.43253654018688614
263,-1.1563655597868654,-1.0765035638137708,-0.25762244966531933,-0.7967136191604622,-3.340487073084737,-2.979701559018312,-0.606136426431513
265,-1.1563655597868654,-1.0765035638137708,-0.25762244966531933,-0.7967136191604622,-3.340487073084737,-2.979701559018312,-0.606136426431513
267,-1.1563655597868654,-1.0765035638137708,-0.25762244966531933,-0.7967136191604622,-3.340487073084737,-2.979701559018312,-0.606136426431513
269,-1.1563655597868654,-1.0765035638137708,-0.25762244966531933,-0.7967136191604622,-3.340487073084737,-2.979701559018312,-0.606136426431513
271,-1.1619895615651727,-1.0847147625533922,-0.2587860401783141,-0.7996165615973629,-3.3489672992460777,-2.987264362715252,-0.6087312854219653
273,-1.1619895615651727,-1.0847147625533922,-0.2587860401783141,-0.7996165615973629,-3.3489672992460777,-2.987264362715252,-0.6087312854219653
275,-1.1735946431056496,-1.1016585038028952,-0.2611870996579032,-0.8056067595054597,-3.366466176373687,-3.002870146112433,-0.614085755665271
277,-1.1720925794000805,-1.6102910728558562,-0.26087632680494,-0.8048314388982283,-3.3642012695628276,-3.0008502653596674,-0.6133927182758332
279,-1.1720925794000805,-1.6102910728558562,-0.26087632680494,-0.8048314388982283,-3.3642012695628276,-3.0008502653596674,-0.6133927182758332
321,-1.1680701058388174,-1.6044181497775232,-0.2600440880790009,-0.8027551576908964,-3.358135929103816,-2.9954410960316444,-0.6115367886200924
323,-1.1680701058388174,-1.6044181497775232,-0.2600440880790009,-0.8027551576908964,-3.358135929103816,-2.9954410960316444,-0.6115367886200924
325,-1.1655434215268463,-1.6007291205318528,-0.25952132403826345,-0.8014509584030931,-3.354326034433001,-2.99204336996241,-0.6103710013815031
327,-1.1655434215268463,-1.6007291205318528,-0.25952132403826345,-0.8014509584030931,-3.354326034433001,-2.99204336996241,-0.6103710013815031
329,-1.1655434215268463,-1.6007291205318528,-0.25952132403826345,-0.8014509584030931,-3.354326034433001,-2.99204336996241,-0.6103710013815031
331,-1.1655434215268463,-1.6007291205318528,-0.25952132403826345,-0.8014509584030931,-3.354326034433001,-2.99204336996241,-0.6103710013815031
333,-1.1630069248239985,-1.5970257649230732,-0.25899652984081845,-0.8001416942509805,-3.350501344017607,-2.988632448807376,-0.609200686802474
335,-1.1655434215268463,-1.6007291205318528,-0.25952132403826345,-0.8014509584030931,-3.354326034433001,-2.99204336996241,-0.6103710013815031
337,-1.1624984412793524,-1.5962833648304868,-0.2588913259927601,-0.7998792301696362,-3.3497346203166023,-2.9879486721332436,-0.6089660775065786
339,-1.1624984412793524,-1.5962833648304868,-0.2588913259927601,-0.7998792301696362,-3.3497346203166023,-2.9879486721332436,-0.6089660775065786
341,-1.759137231852637,-3.566004852656728,-0.3823342521798758,-1.1078464273595638,-4.249384385757034,-3.7902709737531364,-0.8842493350161198
343,-1.759137231852637,-3.566004852656728,-0.3823342521798758,-1.1078464273595638,-4.249384385757034,-3.7902709737531364,-0.8842493350161198
345,-1.759137231852637,-3.566004852656728,-0.3823342521798758,-1.1078464273595638,-4.249384385757034,-3.7902709737531364,-0.8842493350161198
347,-1.759137231852637,-3.566004852656728,-0.3823342521798758,-1.1078464273595638,-4.249384385757034,-3.7902709737531364,-0.8842493350161198
349,-1.759137231852637,-3.566004852656728,-0.3823342521798758,-1.1078464273595638,-4.249384385757034,-3.7902709737531364,-0.8842493350161198
351,-1.759137231852637,-3.566004852656728,-0.3823342521798758,-1.1078464273595638,-4.249384385757034,-3.7902709737531364,-0.8842493350161198
353,-1.7581162107284887,-3.564514133468112,-0.3821230057150884,-1.1073194066246674,-4.247844825424448,-3.7888979687939015,-0.8837782459326036
355,-1.7546327513774655,-3.5594281861017762,-0.3814022875480194,-1.1055213485201503,-4.242592244738136,-3.784213631857936,-0.8821710121209527
357,-1.7546327513774655,-3.5594281861017762,-0.3814022875480194,-1.1055213485201503,-4.242592244738136,-3.784213631857936,-0.8821710121209527
359,-1.7607675530238835,-3.568385166830552,-0.382671561150032,-1.1086879506556702,-4.251842687299741,-3.7924633270750467,-0.8850015491361174
361,-0.8775239801895869,-2.278825028352185,-0.19993089311222967,-0.6527838896735927,-2.920032074778825,-2.6047329490912716,-0.4774816698628208
363,-0.6445627820076703,-1.938695211133668,-0.1517318613932216,-0.5325362484011305,-2.568758422089057,-2.2914613890342235,-0.3699956690829791
365,-1.7607675530238835,-3.568385166830552,-0.382671561150032,-1.1086879506556702,-4.251842687299741,-3.7924633270750467,-0.8850015491361174
367,-0.8751589308458416,-2.275371990647714,-0.19944157090224002,-0.6515631215486952,-2.9164659035526608,-2.601552579556305,-0.4763904594054993
369,-1.7607675530238835,-3.568385166830552,-0.382671561150032,-1.1086879506556702,-4.251842687299741,-3.7924633270750467,-0.8850015491361174
371,-1.7599529011189445,-3.5671957524315623,-0.3825030119095896,-1.1082674515734563,-4.250614303549349,-3.7913678344558672,-0.8846256767763729
373,-1.7599529011189445,-3.5671957524315623,-0.3825030119095896,-1.1082674515734563,-4.250614303549349,-3.7913678344558672,-0.8846256767763729
375,-0.6445627820076703,-1.938695211133668,-0.1517318613932216,-0.5325362484011305,-2.568758422089057,-2.2914613890342235,-0.3699956690829791
377,-1.757911814832561,-3.5642157097852634,-0.38208071676590727,-1.1072139035427682,-4.2475366243441055,-3.7886231100548224,-0.8836839396807443
379,-1.757911814832561,-3.5642157097852634,-0.38208071676590727,-1.1072139035427682,-4.2475366243441055,-3.7886231100548224,-0.8836839396807443
381,-1.7405101021424865,-3.5388087261212187,-0.3784803502307945,-1.098231657051022,-4.221297219553068,-3.7652223818450237,-0.875654960956505
383,-1.7405101021424865,-3.5388087261212187,-0.3784803502307945,-1.098231657051022,-4.221297219553068,-3.7652223818450237,-0.875654960956505
385,-1.7480248206669073,-3.5497804238035258,-0.38003512484281,-1.102110531234535,-4.232628388200937,-3.7753277024473695,-0.8791221780187448
387,-1.7480248206669073,-3.5497804238035258,-0.38003512484281,-1.102110531234535,-4.232628388200937,-3.7753277024473695,-0.8791221780187448
389,-1.7480248206669073,-3.5497804238035258,-0.38003512484281,-1.102110531234535,-4.232628388200937,-3.7753277024473695,-0.8791221780187448
391,-1.7480248206669073,-3.5497804238035258,-0.38003512484281,-1.102110531234535,-4.232628388200937,-3.7753277024473695,-0.8791221780187448
393,-1.7480248206669073,-3.5497804238035258,-0.38003512484281,-1.102110531234535,-4.232628388200937,-3.7753277024473695,-0.8791221780187448
395,-1.7480248206669073,-3.5497804238035258,-0.38003512484281,-1.102110531234535,-4.232628388200937,-3.7753277024473695,-0.8791221780187448
397,-1.7480248206669073,-3.5497804238035258,-0.38003512484281,-1.102110531234535,-4.232628388200937,-3.7753277024473695,-0.8791221780187448
399,-1.7488544772790786,-3.550991745491661,-0.3802067785159453,-1.1025387753003206,-4.23387939699944,-3.776443372452653,-0.8795049734025202
401,-1.7480248206669073,-3.5497804238035258,-0.38003512484281,-1.102110531234535,-4.232628388200937,-3.7753277024473695,-0.8791221780187448
403,-1.7488544772790786,-3.550991745491661,-0.3802067785159453,-1.1025387753003206,-4.23387939699944,-3.776443372452653,-0.8795049734025202
405,-1.7488544772790786,-3.550991745491661,-0.3802067785159453,-1.1025387753003206,-4.23387939699944,-3.776443372452653,-0.8795049734025202
407,-1.7488544772790786,-3.550991745491661,-0.3802067785159453,-1.1025387753003206,-4.23387939699944,-3.776443372452653,-0.8795049734025202
409,-1.7488544772790786,-3.550991745491661,-0.3802067785159453,-1.1025387753003206,-4.23387939699944,-3.776443372452653,-0.8795049734025202
411,-1.7488544772790786,-3.550991745491661,-0.3802067785159453,-1.1025387753003206,-4.23387939699944,-3.776443372452653,-0.8795049734025202
413,-1.7496830813611708,-3.552201530456661,-0.3803782144234997,-1.102966476081386,-4.235128818726414,-3.777557627081719,-0.8798872831592912
415,-1.7496830813611708,-3.552201530456661,-0.3803782144234997,-1.102966476081386,-4.235128818726414,-3.777557627081719,-0.8798872831592912
417,-1.7496830813611708,-3.552201530456661,-0.3803782144234997,-1.102966476081386,-4.235128818726414,-3.777557627081719,-0.8798872831592912
419,-1.7496830813611708,-3.552201530456661,-0.3803782144234997,-1.102966476081386,-4.235128818726414,-3.777557627081719,-0.8798872831592912
421,-1.7496830813611708,-3.552201530456661,-0.3803782144234997,-1.102966476081386,-4.235128818726414,-3.777557627081719,-0.8798872831592912
423,-1.7509240198220684,-3.554013335062657,-0.3806349611809208,-1.1036070116042616,-4.236999984351096,-3.7792263630369503,-0.8804598399344825
425,-1.7496830813611708,-3.552201530456661,-0.3803782144234997,-1.102966476081386,-4.235128818726414,-3.777557627081719,-0.8798872831592912
427,-1.7496830813611708,-3.552201530456661,-0.3803782144234997,-1.102966476081386,-4.235128818726414,-3.777557627081719,-0.8798872831592912
429,-1.7496830813611708,-3.552201530456661,-0.3803782144234997,-1.102966476081386,-4.235128818726414,-3.777557627081719,-0.8798872831592912
431,-1.7496830813611708,-3.552201530456661,-0.3803782144234997,-1.102966476081386,-4.235128818726414,-3.777557627081719,-0.8798872831592912
433,-1.7496830813611708,-3.552201530456661,-0.3803782144234997,-1.102966476081386,-4.235128818726414,-3.777557627081719,-0.8798872831592912
435,-1.7509240198220684,-3.554013335062657,-0.3806349611809208,-1.1036070116042616,-4.236999984351096,-3.7792263630369503,-0.8804598399344825
437,-1.7509240198220684,-3.554013335062657,-0.3806349611809208,-1.1036070116042616,-4.236999984351096,-3.7792263630369503,-0.8804598399344825
439,-1.7509240198220684,-3.554013335062657,-0.3806349611809208,-1.1036070116042616,-4.236999984351096,-3.7792263630369503,-0.8804598399344825
441,-1.7603603540829442,-3.567790645071417,-0.3825873128081474,-1.108477766674137,-4.251228686940576,-3.7919157515625708,-0.8848136715581134
443,-1.7603603540829442,-3.567790645071417,-0.3825873128081474,-1.108477766674137,-4.251228686940576,-3.7919157515625708,-0.8848136715581134
445,-1.7623938148789562,-3.5707595542900608,-0.3830080302588268,-1.1095273786535083,-4.254294867948362,-3.7946502216840026,-0.8857518903276409
447,-1.7623938148789562,-3.5707595542900608,-0.3830080302588268,-1.1095273786535083,-4.254294867948362,-3.7946502216840026,-0.8857518903276409
449,-1.7623938148789562,-3.5707595542900608,-0.3830080302588268,-1.1095273786535083,-4.254294867948362,-3.7946502216840026,-0.8857518903276409
451,-1.7623938148789562,-3.5707595542900608,-0.3830080302588268,-1.1095273786535083,-4.254294867948362,-3.7946502216840026,-0.8857518903276409
453,-1.7623938148789562,-3.5707595542900608,-0.3830080302588268,-1.1095273786535083,-4.254294867948362,-3.7946502216840026,-0.8857518903276409
455,-1.7623938148789562,-3.5707595542900608,-0.3830080302588268,-1.1095273786535083,-4.254294867948362,-3.7946502216840026,-0.8857518903276409
457,-1.768858670183961,-3.580198422523897,-0.3843455910558031,-1.1128643446704312,-4.264042986325254,-3.8033437522923084,-0.8887347108478751
459,-1.7678527450196095,-3.5787297438557033,-0.38413746790361336,-1.1123451160209654,-4.2625261886371755,-3.8019910474298833,-0.8882705868914229
461,-1.768858670183961,-3.580198422523897,-0.3843455910558031,-1.1128643446704312,-4.264042986325254,-3.8033437522923084,-0.8887347108478751
463,-1.768858670183961,-3.580198422523897,-0.3843455910558031,-1.1128643446704312,-4.264042986325254,-3.8033437522923084,-0.8887347108478751
465,-1.768858670183961,-3.580198422523897,-0.3843455910558031,-1.1128643446704312,-4.264042986325254,-3.8033437522923084,-0.8887347108478751
477,1.4101562442081663,2.1598639024836355,0.27338385869717274,1.2211957776538442,0.5294770919057692,0.4715954626861554,0.5780314383399865
479,1.4101562442081663,2.1598639024836355,0.27338385869717274,1.2211957776538442,0.5294770919057692,0.4715954626861554,0.5780314383399865
481,0.9840919536642483,1.5377982091535567,0.1852323278219462,1.0012740637883284,-0.11296963651105996,-0.10134898482250065,0.3814495739648527
483,0.8718484601364782,1.3739195923044285,0.16200945745976403,0.9433373110147804,-0.28221748666751,-0.2522869719126919,0.3296615323209522
485,0.8275503293723494,0.9037779833990832,0.15284429593734727,0.9204719335238646,-0.3490130145162862,-0.3118563106712138,0.3092228113879474
487,0.8275503293723494,0.9037779833990832,0.15284429593734727,0.9204719335238646,-0.3490130145162862,-0.3118563106712138,0.3092228113879474
489,0.8383463946780365,0.9195405384844796,0.15507797218116082,0.9260445413150494,-0.3327340233185998,-0.2973384413986264,0.3142040095141696
491,0.8383463946780365,0.2263933579245343,0.15507797218116082,0.9260445413150494,-0.3327340233185998,-0.2973384413986264,0.3142040095141696
493,-1.01535250793714,-2.4800585054982998,-0.22844723674599177,-0.7239268761067119,-3.127858660341494,-2.7900760802427733,-0.541074394130101
495,-1.0372827673258178,-2.512077293071675,-0.2329845471484543,-0.7352466237065782,-3.160926494727714,-2.819566513090659,-0.5511927996678025
497,-1.0372827673258178,-2.512077293071675,-0.2329845471484543,-0.7352466237065782,-3.160926494727714,-2.819566513090659,-0.5511927996678025
499,-1.0458527676165175,-2.5245897314313117,-0.234757656657965,-0.7396702029494027,-3.1738488840747827,-2.8310909102079016,-0.555146913336166
501,-1.0458527676165175,-2.5245897314313117,-0.234757656657965,-0.7396702029494027,-3.1738488840747827,-2.8310909102079016,-0.555146913336166
503,-1.0458527676165175,-2.5245897314313117,-0.234757656657965,-0.7396702029494027,-3.1738488840747827,-2.8310909102079016,-0.555146913336166
505,-1.0458527676165175,-2.5245897314313117,-0.234757656657965,-0.7396702029494027,-3.1738488840747827,-2.8310909102079016,-0.555146913336166
507,-1.0458527676165175,-2.5245897314313117,-0.234757656657965,-0.7396702029494027,-3.1738488840747827,-2.8310909102079016,-0.555146913336166
509,-1.0458527676165175,-2.5245897314313117,-0.234757656657965,-0.7396702029494027,-3.1738488840747827,-2.8310909102079016,-0.555146913336166
511,-1.0458527676165175,-2.5245897314313117,-0.234757656657965,-0.7396702029494027,-3.1738488840747827,-2.8310909102079016,-0.555146913336166
513,-1.0458527676165175,-2.5245897314313117,-0.234757656657965,-0.7396702029494027,-3.1738488840747827,-2.8310909102079016,-0.555146913336166
515,-1.0458527676165175,-2.5245897314313117,-0.234757656657965,-0.7396702029494027,-3.1738488840747827,-2.8310909102079016,-0.555146913336166
517,-1.0458527676165175,-2.5245897314313117,-0.234757656657965,-0.7396702029494027,-3.1738488840747827,-2.8310909102079016,-0.555146913336166
519,-1.0458527676165175,-2.5245897314313117,-0.234757656657965,-0.7396702029494027,-3.1738488840747827,-2.8310909102079016,-0.555146913336166
521,-1.0458527676165175,-2.5245897314313117,-0.234757656657965,-0.7396702029494027,-3.1738488840747827,-2.8310909102079016,-0.555146913336166
523,-1.0421936707628743,-2.5192473484347984,-0.23400059957426156,-0.7377814859902185,-3.1683314660354016,-2.826170387010534,-0.5534586421118868
525,-1.0458527676165175,-2.5245897314313117,-0.234757656657965,-0.7396702029494027,-3.1738488840747827,-2.8310909102079016,-0.555146913336166
527,-1.0421936707628743,-2.5192473484347984,-0.23400059957426156,-0.7377814859902185,-3.1683314660354016,-2.826170387010534,-0.5534586421118868
529,-1.0421936707628743,-2.5192473484347984,-0.23400059957426156,-0.7377814859902185,-3.1683314660354016,-2.826170387010534,-0.5534586421118868
531,-1.0421936707628743,-2.5192473484347984,-0.23400059957426156,-0.7377814859902185,-3.1683314660354016,-2.826170387010534,-0.5534586421118868
533,-1.0421936707628743,-2.5192473484347984,-0.23400059957426156,-0.7377814859902185,-3.1683314660354016,-2.826170387010534,-0.5534586421118868
535,-1.812028740080271,0.6472315180135118,-0.3932773598846153,2.5784246160097357,1.6522766587195035,1.9037949570049824,0.0076377762595396526
537,-1.8267277279933336,0.6393762396174161,-0.3963185400905389,2.5708374356576753,1.6326346629973258,1.8871585760132525,0.000855808109407441
539,-1.831311235084788,0.6326841920086181,-0.39726685511213655,2.5684715656295154,1.6456741470594158,1.893417484095842,-0.0012589768876276608
541,-1.831311235084788,0.6326841920086181,-0.39726685511213655,2.5684715656295154,1.6456741470594158,1.893417484095842,-0.0012589768876276608
543,-1.831311235084788,0.6326841920086181,-0.39726685511213655,2.5684715656295154,1.6456741470594158,1.893417484095842,-0.0012589768876276608
545,-1.831311235084788,0.6326841920086181,-0.39726685511213655,2.5684715656295154,1.6456741470594158,1.893417484095842,-0.0012589768876276608
547,-1.8320416204895102,0.631617809039497,-0.39741796984525113,2.5680945624082785,1.6470389181715186,1.8893441151939472,-0.001595969514701423
549,-1.953431926418355,0.32470676882659255,-0.42253329055748234,2.505436497137307,1.4689129396294094,1.726106070356816,0.22002747634863673
551,-1.953431926418355,0.32470676882659255,-0.42253329055748234,2.505436497137307,1.4689129396294094,1.726106070356816,0.22002747634863673
553,-1.9519147432039623,0.24687919076874287,-0.4222193895196924,2.5062196219852764,1.471200644593492,1.7281462828736407,0.2207274897304281
555,-1.9519147432039623,0.24687919076874287,-0.4222193895196924,2.5062196219852764,1.471200644593492,1.7281462828736407,0.2207274897304281
557,-1.9519147432039623,0.24687919076874287,-0.4222193895196924,2.5062196219852764,1.471200644593492,1.7281462828736407,0.2207274897304281
559,-1.9519147432039623,0.24687919076874287,-0.4222193895196924,2.5062196219852764,1.471200644593492,1.7281462828736407,0.2207274897304281
561,-1.9519147432039623,0.24687919076874287,-0.4222193895196924,2.5062196219852764,1.471200644593492,1.7281462828736407,0.2207274897304281
563,-1.9519147432039623,0.24687919076874287,-0.4222193895196924,2.5062196219852764,1.471200644593492,1.7281462828736407,0.2207274897304281
565,-1.9520666202143215,0.24665744611694507,-0.4222508124557729,2.5061412275899793,1.470971634815876,1.7279420482270842,0.22065741517474513
567,-1.9537349406108055,0.2442216520192737,-0.4225959833612074,2.5052800902240593,1.4684560356341114,1.725698595938204,0.21988766858674302
569,-1.9537349406108055,0.2442216520192737,-0.4225959833612074,2.5052800902240593,1.4684560356341114,1.725698595938204,0.21988766858674302
571,-1.953280366589364,0.2448853427112505,-0.42250193324535523,2.5055147278130168,1.4691414711408628,1.726309878477828,0.22009740455996263
573,-1.959315494583723,0.2360738882817941,-0.42375058464266324,2.5023995742519833,1.4746401222473038,1.7305020657905628,0.21731285598547623
575,-1.959315494583723,0.2360738882817941,-0.42375058464266324,2.5023995742519833,1.4746401222473038,1.7305020657905628,0.21731285598547623
577,-1.959315494583723,0.2360738882817941,-0.42375058464266324,2.5023995742519833,1.4746401222473038,1.7305020657905628,0.21731285598547623
579,-1.959315494583723,0.2360738882817941,-0.42375058464266324,2.5023995742519833,1.4746401222473038,1.7305020657905628,0.21731285598547623
581,-1.961564367734327,0.2327904710447939,-0.4242158703175478,2.5012387728224246,1.4760684152808583,1.7335755025577768,0.21627524807864007
583,-1.961564367734327,0.2327904710447939,-0.4242158703175478,2.5012387728224246,1.4760684152808583,1.7335755025577768,0.21627524807864007
585,-1.961564367734327,0.2327904710447939,-0.4242158703175478,2.5012387728224246,1.4760684152808583,1.7335755025577768,0.21627524807864007
587,-1.961564367734327,0.2327904710447939,-0.4242158703175478,2.5012387728224246,1.4760684152808583,1.7335755025577768,0.21627524807864007
589,-1.9621627618028525,0.23191679909109286,-0.42433967640591974,2.5009298996029656,1.477567080333663,1.7327708198688194,0.21599915495318345
591,-1.9621627618028525,0.23191679909109286,-0.42433967640591974,2.5009298996029656,1.477567080333663,1.7327708198688194,0.21599915495318345
593,-1.9621627618028525,0.23191679909109286,-0.42433967640591974,2.5009298996029656,1.477567080333663,1.7327708198688194,0.21599915495318345
595,-1.9621627618028525,0.23191679909109286,-0.42433967640591974,2.5009298996029656,1.477567080333663,1.7327708198688194,0.21599915495318345
597,-1.9630593262265559,0.23060779014050858,-0.42452517312139615,2.5004671197149815,1.4809998818216625,1.7346000801439647,0.21558548896460894
599,-1.9630593262265559,0.23060779014050858,-0.42452517312139615,2.5004671197149815,1.4809998818216625,1.7346000801439647,0.21558548896460894
601,-2.0196665272894196,0.30211038478867014,-0.4362370474629018,2.4712481662584933,1.4802658475902009,1.8100281763323807,0.12694712733240476
603,-2.083410148591033,0.4264558045325426,-0.4494254275406939,2.438345604941399,1.5326447995828296,1.8806901006756416,0.03084507422112992
605,-2.0827888729044015,0.4273628842839585,-0.4492968873084153,2.4386662889715307,1.5316894502688534,1.881525553124785,0.031131724699659635
607,-2.0827888729044015,0.4273628842839585,-0.4492968873084153,2.4386662889715307,1.5316894502688534,1.881525553124785,0.031131724699659635
609,-2.083410148591033,0.4264558045325426,-0.4494254275406939,2.438345604941399,1.5326447995828296,1.8806901006756416,0.03084507422112992
611,-2.083410148591033,0.4264558045325426,-0.4494254275406939,2.438345604941399,1.5326447995828296,1.8806901006756416,0.03084507422112992
613,-2.083410148591033,0.4264558045325426,-0.4494254275406939,2.438345604941399,1.5326447995828296,1.8806901006756416,0.03084507422112992
615,-2.0846509298914433,0.4246442293852226,-0.4496821417820418,2.4377051505400926,1.5307738709346879,1.8790215760599436,0.03027258995823834
617,-2.090574087780165,0.4498978060943859,-0.450907626872191,2.4346477926171346,1.5349882874510525,1.8799257237911196,-0.0075516165243523226
619,-2.090696917508803,0.44971847128036124,-0.45093304000550605,2.434584391564676,1.536667010443023,1.8819656226595143,-0.007608288950538444
621,-2.090696917508803,0.44971847128036124,-0.45093304000550605,2.434584391564676,1.536667010443023,1.8819656226595143,-0.007608288950538444
623,-2.090696917508803,0.44971847128036124,-0.45093304000550605,2.434584391564676,1.536667010443023,1.8819656226595143,-0.007608288950538444
625,-2.0914334111934294,0.4486431700529909,-0.4510854185249471,2.4342042354310385,1.5411275236579902,1.8853708437698833,-0.007948099877756576
627,-2.1253769745635327,0.5340039430319212,-0.4581082485082226,2.4166835776412805,1.4991619235917684,1.8397256756739342,-0.023609325469584608
629,-2.1253769745635327,0.5340039430319212,-0.4581082485082226,2.4166835776412805,1.4991619235917684,1.8397256756739342,-0.023609325469584608
631,-2.1253769745635327,0.5340039430319212,-0.4581082485082226,2.4166835776412805,1.4991619235917684,1.8397256756739342,-0.023609325469584608
633,-2.1253769745635327,0.5340039430319212,-0.4581082485082226,2.4166835776412805,1.4991619235917684,1.8397256756739342,-0.023609325469584608
635,-2.1274700237896194,0.540609943962707,-0.45854129464133364,2.4156032078867105,1.4960058913741916,1.8369110747813835,-0.02457503775344616
637,-2.1274700237896194,0.540609943962707,-0.45854129464133364,2.4156032078867105,1.4960058913741916,1.8369110747813835,-0.02457503775344616
639,-2.1274700237896194,0.540609943962707,-0.45854129464133364,2.4156032078867105,1.4960058913741916,1.8369110747813835,-0.02457503775344616
641,-2.1274700237896194,0.540609943962707,-0.45854129464133364,2.4156032078867105,1.4960058913741916,1.8369110747813835,-0.02457503775344616
643,-2.1277021713236466,0.5402710021177448,-0.4585893253281752,2.415483380234673,1.49565584461586,1.8365988973856817,-0.024682148337604293
645,-2.1277021713236466,0.5402710021177448,-0.4585893253281752,2.415483380234673,1.49565584461586,1.8365988973856817,-0.024682148337604293
647,-2.1277021713236466,0.5402710021177448,-0.4585893253281752,2.415483380234673,1.49565584461586,1.8365988973856817,-0.024682148337604293
649,-2.103226242817311,0.5165831168093824,-0.45352532298084935,2.428117126514352,1.504653412048519,1.8337945032727756,0.021702123652186156
651,-2.106710983918265,0.5114952980525622,-0.45424630633845675,2.4263184068086447,1.5162374630212927,1.8381582782400763,-0.014997021357519458
653,-2.106710983918265,0.5114952980525622,-0.45424630633845675,2.4263184068086447,1.5162374630212927,1.8381582782400763,-0.014997021357519458
655,-2.106710983918265,0.5114952980525622,-0.45424630633845675,2.4263184068086447,1.5162374630212927,1.8381582782400763,-0.014997021357519458
657,-2.1065911294211657,0.5116702889459361,-0.4542215087723709,2.42638027213508,1.516418187224792,1.8383194510258418,-0.014941721673841446
659,-2.1073099267205397,0.5106208249323512,-0.4543702259583333,2.4260092503491455,1.5153343391210505,1.8373528576485025,-0.015273367663319437
661,-2.1073099267205397,0.5106208249323512,-0.4543702259583333,2.4260092503491455,1.5153343391210505,1.8373528576485025,-0.015273367663319437
663,-2.1073099267205397,0.5106208249323512,-0.4543702259583333,2.4260092503491455,1.5153343391210505,1.8373528576485025,-0.015273367663319437
665,-0.4600279314441851,-1.6692692059343326,-0.11355210791931336,-0.43728484736954054,-2.2905050841431507,-2.0433105339902236,-0.2848531078050882
667,-0.4600279314441851,-1.6692692059343326,-0.11355210791931336,-0.43728484736954054,-2.2905050841431507,-2.0433105339902236,-0.2848531078050882
669,-0.4600279314441851,-1.6692692059343326,-0.11355210791931336,-0.43728484736954054,-2.2905050841431507,-2.0433105339902236,-0.2848531078050882
671,-0.4600279314441851,-1.6692692059343326,-0.11355210791931336,-0.43728484736954054,-2.2905050841431507,-2.0433105339902236,-0.2848531078050882
673,-0.4600279314441851,-1.6692692059343326,-0.11355210791931336,-0.43728484736954054,-2.2905050841431507,-2.0433105339902236,-0.2848531078050882
675,-0.4600279314441851,-1.6692692059343326,-0.11355210791931336,-0.43728484736954054,-2.2905050841431507,-2.0433105339902236,-0.2848531078050882
677,-0.4600279314441851,-1.6692692059343326,-0.11355210791931336,-0.43728484736954054,-2.2905050841431507,-2.0433105339902236,-0.2848531078050882
679,-0.48633271107076803,-1.7076749145080683,-0.11899449453767685,-0.45086259219989855,-2.3301690972695495,-2.07868354638408,-0.29698987386536824
681,-0.5088572562758045,-1.7405613758729208,-0.12365476104242767,-0.4624890924616525,-2.3641330334576285,-2.108973137401925,-0.3073824770214679
683,-0.6922431020405848,-2.008309802165483,-0.1615967885809857,-0.5571474113923032,-2.640653829178696,-2.355578883094614,-0.39199489880980654
685,-0.67423141669259,-1.982012241485756,-0.15787022037917353,-0.5478503151576468,-2.613494668972333,-2.33135790203743,-0.38368448471308203
687,-0.67423141669259,-1.982012241485756,-0.15787022037917353,-0.5478503151576468,-2.613494668972333,-2.33135790203743,-0.38368448471308203
689,-0.67423141669259,-1.982012241485756,-0.15787022037917353,-0.5478503151576468,-2.613494668972333,-2.33135790203743,-0.38368448471308203
691,-0.6806453511822377,-1.991376763915417,-0.15919724579938432,-0.5511609973642775,-2.6231660057179997,-2.3399829575374733,-0.38664381087098465
693,-0.6806453511822377,-1.991376763915417,-0.15919724579938432,-0.5511609973642775,-2.6231660057179997,-2.3399829575374733,-0.38664381087098465
695,-0.6763764008211086,-1.985143977866163,-0.158314011700879,-0.548957492164093,-2.616729011925866,-2.3342423417187277,-0.3846741592490561
697,-0.6763764008211086,-1.985143977866163,-0.158314011700879,-0.548957492164093,-2.616729011925866,-2.3342423417187277,-0.3846741592490561
699,-0.6546028152620162,-1.9533539384338336,-0.15380911668321295,-0.5377186149349316,-2.5838974202651688,-2.3049625939780514,-0.3746280414721508
701,-0.6546028152620162,-1.9533539384338336,-0.15380911668321295,-0.5377186149349316,-2.5838974202651688,-2.3049625939780514,-0.3746280414721508
703,-0.6546028152620162,-1.9533539384338336,-0.15380911668321295,-0.5377186149349316,-2.5838974202651688,-2.3049625939780514,-0.3746280414721508
705,-0.6546028152620162,-1.9533539384338336,-0.15380911668321295,-0.5377186149349316,-2.5838974202651688,-2.3049625939780514,-0.3746280414721508
707,-0.6806453511822377,-1.991376763915417,-0.15919724579938432,-0.5511609973642775,-2.6231660057179997,-2.3399829575374733,-0.38664381087098465
709,-0.6806453511822377,-1.991376763915417,-0.15919724579938432,-0.5511609973642775,-2.6231660057179997,-2.3399829575374733,-0.38664381087098465
711,-0.6806453511822377,-1.991376763915417,-0.15919724579938432,-0.5511609973642775,-2.6231660057179997,-2.3399829575374733,-0.38664381087098465
713,-0.6806453511822377,-1.991376763915417,-0.15919724579938432,-0.5511609973642775,-2.6231660057179997,-2.3399829575374733,-0.38664381087098465
715,-0.6806453511822377,-1.991376763915417,-0.15919724579938432,-0.5511609973642775,-2.6231660057179997,-2.3399829575374733,-0.38664381087098465
717,-0.6158357649835735,-1.8967529687092055,-0.14578832051369828,-0.5177082166735285,-2.5254420059661635,-2.252831104209294,-0.35674130656101344
719,-0.6158357649835735,-1.8967529687092055,-0.14578832051369828,-0.5177082166735285,-2.5254420059661635,-2.252831104209294,-0.35674130656101344
721,-0.67423141669259,-1.982012241485756,-0.15787022037917353,-0.5478503151576468,-2.613494668972333,-2.33135790203743,-0.38368448471308203
723,-0.7077334821510317,-2.03092618719754,-0.16480170565777674,-0.5651430848573777,-2.6640112056234226,-2.3764093715233647,-0.3991420075198646
725,-0.7077334821510317,-2.03092618719754,-0.16480170565777674,-0.5651430848573777,-2.6640112056234226,-2.3764093715233647,-0.3991420075198646
727,-0.7077334821510317,-2.03092618719754,-0.16480170565777674,-0.5651430848573777,-2.6640112056234226,-2.3764093715233647,-0.3991420075198646
729,-0.7077334821510317,-2.03092618719754,-0.16480170565777674,-0.5651430848573777,-2.6640112056234226,-2.3764093715233647,-0.3991420075198646
731,-0.7077334821510317,-2.03092618719754,-0.16480170565777674,-0.5651430848573777,-2.6640112056234226,-2.3764093715233647,-0.3991420075198646
733,-0.7077334821510317,-2.03092618719754,-0.16480170565777674,-0.5651430848573777,-2.6640112056234226,-2.3764093715233647,-0.3991420075198646
735,-0.7077334821510317,-2.03092618719754,-0.16480170565777674,-0.5651430848573777,-2.6640112056234226,-2.3764093715233647,-0.3991420075198646
737,-0.7077334821510317,-2.03092618719754,-0.16480170565777674,-0.5651430848573777,-2.6640112056234226,-2.3764093715233647,-0.3991420075198646
739,-0.7077334821510317,-2.03092618719754,-0.16480170565777674,-0.5651430848573777,-2.6640112056234226,-2.3764093715233647,-0.3991420075198646
741,-0.7077334821510317,-2.03092618719754,-0.16480170565777674,-0.5651430848573777,-2.6640112056234226,-2.3764093715233647,-0.3991420075198646
743,-0.7077334821510317,-2.03092618719754,-0.16480170565777674,-0.5651430848573777,-2.6640112056234226,-2.3764093715233647,-0.3991420075198646
745,-0.7077334821510317,-2.03092618719754,-0.16480170565777674,-0.5651430848573777,-2.6640112056234226,-2.3764093715233647,-0.3991420075198646
747,-0.25704432714118797,-1.3729075080690043,-0.0715553579944661,-0.332510748399814,-1.9844335465819087,-1.7703509558189854,-0.19119847338236506
749,-0.25704432714118797,-1.3729075080690043,-0.0715553579944661,-0.332510748399814,-1.9844335465819087,-1.7703509558189854,-0.19119847338236506
751,-0.25704432714118797,-1.3729075080690043,-0.0715553579944661,-0.332510748399814,-1.9844335465819087,-1.7703509558189854,-0.19119847338236506
753,-0.25704432714118797,-1.3729075080690043,-0.0715553579944661,-0.332510748399814,-1.9844335465819087,-1.7703509558189854,-0.19119847338236506
755,-0.17243953917725463,-1.2493821686967683,-0.05405085986139402,-0.28884027334896256,-1.8568610875841376,-1.656579760784779,-0.15216265807904383
757,-0.25704432714118797,-1.3729075080690043,-0.0715553579944661,-0.332510748399814,-1.9844335465819087,-1.7703509558189854,-0.19119847338236506
759,-0.17243953917725463,-1.2493821686967683,-0.05405085986139402,-0.28884027334896256,-1.8568610875841376,-1.656579760784779,-0.15216265807904383
761,-0.17243953917725463,-1.2493821686967683,-0.05405085986139402,-0.28884027334896256,-1.8568610875841376,-1.656579760784779,-0.15216265807904383
763,-0.17243953917725463,-1.2493821686967683,-0.05405085986139402,-0.28884027334896256,-1.8568610875841376,-1.656579760784779,-0.15216265807904383
765,-0.17243953917725463,-1.2493821686967683,-0.05405085986139402,-0.28884027334896256,-1.8568610875841376,-1.656579760784779,-0.15216265807904383
767,-0.17243953917725463,-1.2493821686967683,-0.05405085986139402,-0.28884027334896256,-1.8568610875841376,-1.656579760784779,-0.15216265807904383
769,-0.22364934375202639,-1.3241499051513665,-0.064646027701732,-0.31527325127918204,-1.9340784750585192,-1.7254434835615982,-0.17579035718694924
771,-0.17243953917725463,-1.2493821686967683,-0.05405085986139402,-0.28884027334896256,-1.8568610875841376,-1.656579760784779,-0.15216265807904383
773,-0.22364934375202639,-1.3241499051513665,-0.064646027701732,-0.31527325127918204,-1.9340784750585192,-1.7254434835615982,-0.17579035718694924
775,-0.22364934375202639,-1.3241499051513665,-0.064646027701732,-0.31527325127918204,-1.9340784750585192,-1.7254434835615982,-0.17579035718694924
777,-0.22364934375202639,-1.3241499051513665,-0.064646027701732,-0.31527325127918204,-1.9340784750585192,-1.7254434835615982,-0.17579035718694924
779,-0.22364934375202639,-1.3241499051513665,-0.064646027701732,-0.31527325127918204,-1.9340784750585192,-1.7254434835615982,-0.17579035718694924
781,-0.23215952382194782,-1.3365750043278348,-0.0664067605719515,-0.319665953103341,-1.9469106636870936,-1.7368874382101698,-0.17971687039503248
783,-0.23215952382194782,-1.3365750043278348,-0.0664067605719515,-0.319665953103341,-1.9469106636870936,-1.7368874382101698,-0.17971687039503248
785,-0.23215952382194782,-1.3365750043278348,-0.0664067605719515,-0.319665953103341,-1.9469106636870936,-1.7368874382101698,-0.17971687039503248
787,-0.23215952382194782,-1.3365750043278348,-0.0664067605719515,-0.319665953103341,-1.9469106636870936,-1.7368874382101698,-0.17971687039503248
789,-0.23215952382194782,-1.3365750043278348,-0.0664067605719515,-0.319665953103341,-1.9469106636870936,-1.7368874382101698,-0.17971687039503248
791,-0.23215952382194782,-1.3365750043278348,-0.0664067605719515,-0.319665953103341,-1.9469106636870936,-1.7368874382101698,-0.17971687039503248
793,-0.23215952382194782,-1.3365750043278348,-0.0664067605719515,-0.319665953103341,-1.9469106636870936,-1.7368874382101698,-0.17971687039503248
795,-0.23215952382194782,-1.3365750043278348,-0.0664067605719515,-0.319665953103341,-1.9469106636870936,-1.7368874382101698,-0.17971687039503248
797,-0.23215952382194782,-1.3365750043278348,-0.0664067605719515,-0.319665953103341,-1.9469106636870936,-1.7368874382101698,-0.17971687039503248
799,-0.23215952382194782,-1.3365750043278348,-0.0664067605719515,-0.319665953103341,-1.9469106636870936,-1.7368874382101698,-0.17971687039503248
801,-0.23215952382194782,-1.3365750043278348,-0.0664067605719515,-0.319665953103341,-1.9469106636870936,-1.7368874382101698,-0.17971687039503248
803,-0.23215952382194782,-1.3365750043278348,-0.0664067605719515,-0.319665953103341,-1.9469106636870936,-1.7368874382101698,-0.17971687039503248
805,-0.23215952382194782,-1.3365750043278348,-0.0664067605719515,-0.319665953103341,-1.9469106636870936,-1.7368874382101698,-0.17971687039503248
807,-0.23215952382194782,-1.3365750043278348,-0.0664067605719515,-0.319665953103341,-1.9469106636870936,-1.7368874382101698,-0.17971687039503248
809,-0.23215952382194782,-1.3365750043278348,-0.0664067605719515,-0.319665953103341,-1.9469106636870936,-1.7368874382101698,-0.17971687039503248
811,-0.23215952382194782,-1.3365750043278348,-0.0664067605719515,-0.319665953103341,-1.9469106636870936,-1.7368874382101698,-0.17971687039503248
813,-0.23215952382194782,-1.3365750043278348,-0.0664067605719515,-0.319665953103341,-1.9469106636870936,-1.7368874382101698,-0.17971687039503248
815,-0.23215952382194782,-1.3365750043278348,-0.0664067605719515,-0.319665953103341,-1.9469106636870936,-1.7368874382101698,-0.17971687039503248
817,-0.23215952382194782,-1.3365750043278348,-0.0664067605719515,-0.319665953103341,-1.9469106636870936,-1.7368874382101698,-0.17971687039503248
819,-0.23215952382194782,-1.3365750043278348,-0.0664067605719515,-0.319665953103341,-1.9469106636870936,-1.7368874382101698,-0.17971687039503248
821,-0.23215952382194782,-1.3365750043278348,-0.0664067605719515,-0.319665953103341,-1.9469106636870936,-1.7368874382101698,-0.17971687039503248
823,-0.23215952382194782,-1.3365750043278348,-0.0664067605719515,-0.319665953103341,-1.9469106636870936,-1.7368874382101698,-0.17971687039503248
825,-0.23215952382194782,-1.3365750043278348,-0.0664067605719515,-0.319665953103341,-1.9469106636870936,-1.7368874382101698,-0.17971687039503248
827,-0.23215952382194782,-1.3365750043278348,-0.0664067605719515,-0.319665953103341,-1.9469106636870936,-1.7368874382101698,-0.17971687039503248
829,-0.23215952382194782,-1.3365750043278348,-0.0664067605719515,-0.319665953103341,-1.9469106636870936,-1.7368874382101698,-0.17971687039503248
831,-0.23215952382194782,-1.3365750043278348,-0.0664067605719515,-0.319665953103341,-1.9469106636870936,-1.7368874382101698,-0.17971687039503248
833,-0.23215952382194782,-1.3365750043278348,-0.0664067605719515,-0.319665953103341,-1.9469106636870936,-1.7368874382101698,-0.17971687039503248
835,-0.23215952382194782,-1.3365750043278348,-0.0664067605719515,-0.319665953103341,-1.9469106636870936,-1.7368874382101698,-0.17971687039503248
837,-0.23215952382194782,-1.3365750043278348,-0.0664067605719515,-0.319665953103341,-1.9469106636870936,-1.7368874382101698,-0.17971687039503248
839,-0.23215952382194782,-1.3365750043278348,-0.0664067605719515,-0.319665953103341,-1.9469106636870936,-1.7368874382101698,-0.17971687039503248
841,-0.23215952382194782,-1.3365750043278348,-0.0664067605719515,-0.319665953103341,-1.9469106636870936,-1.7368874382101698,-0.17971687039503248
843,-0.25704432714118797,-1.3729075080690043,-0.0715553579944661,-0.332510748399814,-1.9844335465819087,-1.7703509558189854,-0.19119847338236506
845,-0.25704432714118797,-1.3729075080690043,-0.0715553579944661,-0.332510748399814,-1.9844335465819087,-1.7703509558189854,-0.19119847338236506
847,-0.25704432714118797,-1.3729075080690043,-0.0715553579944661,-0.332510748399814,-1.9844335465819087,-1.7703509558189854,-0.19119847338236506
849,-0.25704432714118797,-1.3729075080690043,-0.0715553579944661,-0.332510748399814,-1.9844335465819087,-1.7703509558189854,-0.19119847338236506
851,-0.25704432714118797,-1.3729075080690043,-0.0715553579944661,-0.332510748399814,-1.9844335465819087,-1.7703509558189854,-0.19119847338236506
853,-0.25704432714118797,-1.3729075080690043,-0.0715553579944661,-0.332510748399814,-1.9844335465819087,-1.7703509558189854,-0.19119847338236506
855,-0.25704432714118797,-1.3729075080690043,-0.0715553579944661,-0.332510748399814,-1.9844335465819087,-1.7703509558189854,-0.19119847338236506
857,-0.25704432714118797,-1.3729075080690043,-0.0715553579944661,-0.332510748399814,-1.9844335465819087,-1.7703509558189854,-0.19119847338236506
859,-0.25704432714118797,-1.3729075080690043,-0.0715553579944661,-0.332510748399814,-1.9844335465819087,-1.7703509558189854,-0.19119847338236506
861,-0.25704432714118797,-1.3729075080690043,-0.0715553579944661,-0.332510748399814,-1.9844335465819087,-1.7703509558189854,-0.19119847338236506
863,-0.25704432714118797,-1.3729075080690043,-0.0715553579944661,-0.332510748399814,-1.9844335465819087,-1.7703509558189854,-0.19119847338236506
865,-0.25704432714118797,-1.3729075080690043,-0.0715553579944661,-0.332510748399814,-1.9844335465819087,-1.7703509558189854,-0.19119847338236506
867,-0.25704432714118797,-1.3729075080690043,-0.0715553579944661,-0.332510748399814,-1.9844335465819087,-1.7703509558189854,-0.19119847338236506
869,-0.25704432714118797,-1.3729075080690043,-0.0715553579944661,-0.332510748399814,-1.9844335465819087,-1.7703509558189854,-0.19119847338236506
871,-0.25704432714118797,-1.3729075080690043,-0.0715553579944661,-0.332510748399814,-1.9844335465819087,-1.7703509558189854,-0.19119847338236506
873,-0.25704432714118797,-1.3729075080690043,-0.0715553579944661,-0.332510748399814,-1.9844335465819087,-1.7703509558189854,-0.19119847338236506
875,-0.25704432714118797,-1.3729075080690043,-0.0715553579944661,-0.332510748399814,-1.9844335465819087,-1.7703509558189854,-0.19119847338236506
877,-0.25704432714118797,-1.3729075080690043,-0.0715553579944661,-0.332510748399814,-1.9844335465819087,-1.7703509558189854,-0.19119847338236506
879,-0.25704432714118797,-1.3729075080690043,-0.0715553579944661,-0.332510748399814,-1.9844335465819087,-1.7703509558189854,-0.19119847338236506
881,-0.25704432714118797,-1.3729075080690043,-0.0715553579944661,-0.332510748399814,-1.9844335465819087,-1.7703509558189854,-0.19119847338236506
883,-0.25704432714118797,-1.3729075080690043,-0.0715553579944661,-0.332510748399814,-1.9844335465819087,-1.7703509558189854,-0.19119847338236506
885,-0.25704432714118797,-1.3729075080690043,-0.0715553579944661,-0.332510748399814,-1.9844335465819087,-1.7703509558189854,-0.19119847338236506
887,-0.042143645908359506,-1.059146547023559,-0.027092997601345536,-0.22158540878203858,-1.660392685480109,-1.4813660424835051,-0.09204541711870906
889,-0.042143645908359506,-1.059146547023559,-0.027092997601345536,-0.22158540878203858,-1.660392685480109,-1.4813660424835051,-0.09204541711870906
891,-0.042143645908359506,-1.059146547023559,-0.027092997601345536,-0.22158540878203858,-1.660392685480109,-1.4813660424835051,-0.09204541711870906
893,-0.042143645908359506,-1.059146547023559,-0.027092997601345536,-0.22158540878203858,-1.660392685480109,-1.4813660424835051,-0.09204541711870906
895,-0.3991170718750632,-1.580337659850465,-0.10094981845945405,-0.40584447340071494,-2.198659831387321,-1.961401442903158,-0.2567494375362096
897,-0.3991170718750632,-1.580337659850465,-0.10094981845945405,-0.40584447340071494,-2.198659831387321,-1.961401442903158,-0.2567494375362096
899,-0.3991170718750632,-1.580337659850465,-0.10094981845945405,-0.40584447340071494,-2.198659831387321,-1.961401442903158,-0.2567494375362096
901,-0.3991170718750632,-1.580337659850465,-0.10094981845945405,-0.40584447340071494,-2.198659831387321,-1.961401442903158,-0.2567494375362096
903,-0.3991170718750632,-1.580337659850465,-0.10094981845945405,-0.40584447340071494,-2.198659831387321,-1.961401442903158,-0.2567494375362096
905,-0.3991170718750632,-1.580337659850465,-0.10094981845945405,-0.40584447340071494,-2.198659831387321,-1.961401442903158,-0.2567494375362096
907,-0.3991170718750632,-1.580337659850465,-0.10094981845945405,-0.40584447340071494,-2.198659831387321,-1.961401442903158,-0.2567494375362096
909,-0.3991170718750632,-1.580337659850465,-0.10094981845945405,-0.40584447340071494,-2.198659831387321,-1.961401442903158,-0.2567494375362096
911,-0.3991170718750632,-1.580337659850465,-0.10094981845945405,-0.40584447340071494,-2.198659831387321,-1.961401442903158,-0.2567494375362096
913,-0.3974780570121852,-1.5779446526454892,-0.10061071078839001,-0.40499846267957484,-2.196188420945629,-1.9591973988517992,-0.2559932122325783
915,-0.07522145212479092,-1.1074410624629873,-0.03393670480865485,-0.23865918848026757,-1.7102694971693113,-1.5258469948376154,-0.10730719089271945
917,-0.07522145212479092,-1.1074410624629873,-0.03393670480865485,-0.23865918848026757,-1.7102694971693113,-1.5258469948376154,-0.10730719089271945
919,-0.1367395566247107,-1.1972592030052072,-0.046664631575967674,-0.27041300422039627,-1.803030392300709,-1.608572670696276,-0.135691037987673
921,-0.1367395566247107,-1.1972592030052072,-0.046664631575967674,-0.27041300422039627,-1.803030392300709,-1.608572670696276,-0.135691037987673
923,-0.1367395566247107,-1.1972592030052072,-0.046664631575967674,-0.27041300422039627,-1.803030392300709,-1.608572670696276,-0.135691037987673
925,-0.1367395566247107,-1.1972592030052072,-0.046664631575967674,-0.27041300422039627,-1.803030392300709,-1.608572670696276,-0.135691037987673
927,-0.1367395566247107,-1.1972592030052072,-0.046664631575967674,-0.27041300422039627,-1.803030392300709,-1.608572670696276,-0.135691037987673
929,-0.1367395566247107,-1.1972592030052072,-0.046664631575967674,-0.27041300422039627,-1.803030392300709,-1.608572670696276,-0.135691037987673
931,-0.1367395566247107,-1.1972592030052072,-0.046664631575967674,-0.27041300422039627,-1.803030392300709,-1.608572670696276,-0.135691037987673
933,-0.1367395566247107,-1.1972592030052072,-0.046664631575967674,-0.27041300422039627,-1.803030392300709,-1.608572670696276,-0.135691037987673
935,-0.1367395566247107,-1.1972592030052072,-0.046664631575967674,-0.27041300422039627,-1.803030392300709,-1.608572670696276,-0.135691037987673
937,0.12079098616169448,-0.8212574605273701,0.006617730024363611,-0.13748339805696963,-1.414709525350509,-1.2622618020595349,-0.016868983762330148
939,-1.1397239696186587,-2.6616442925695925,-0.2541793503911397,-0.7881237253053179,-3.3153938291858642,-2.957322995744641,-0.5984581607471093
941,-1.1460143593002745,-2.6708284361494634,-0.255480814730074,-0.7913706373567762,-3.32487887724343,-2.965781915960993,-0.6013604845482421
943,-1.1589279290211327,-2.689682606470841,-0.2581525968184165,-0.7980362379437376,-3.3443507757420265,-2.9831472719255503,-0.6073186783415396
945,-1.1840134653828183,-2.7263081860270795,-0.2633427253557922,-0.8109846456660905,-3.382176336634661,-3.016880722698568,-0.6188928975762349
947,-1.1825351990103035,-2.7241498760810128,-0.2630368761056422,-0.810221608534351,-3.379947312950141,-3.01489284310183,-0.6182108400417232
949,1.3132161512352813,0.9197163866560842,0.2533272198555617,0.47801100450038936,0.3833046785750316,0.341236525684224,0.5333042348820751
955,-3.231331464400259,2.009880732130674,0.006219987302847119,-1.8677493010584507,2.469541968468471,3.3756033559887575,1.8833026489199582
957,-3.2337688225311303,2.0172991802205873,0.4111808127116723,-1.8690073928285005,2.4684873120453634,3.374989435063225,1.8628848729662528
959,-3.2337901626739156,2.01726802301964,0.4111763974947735,-1.8690184079754621,2.4684551340261756,3.3749607381820512,1.8628750268346996
961,-3.2347923637084466,2.0171139679940007,0.41096904485480956,-1.17638853377994,2.4669439518169636,3.373613041295065,1.8591605857686644
963,-3.2347923637084466,2.0171139679940007,0.41096904485480956,-1.17638853377994,2.4669439518169636,3.373613041295065,1.8753160259909496
965,-3.2347923637084466,2.0171139679940007,0.41096904485480956,-1.17638853377994,2.4669439518169636,3.373613041295065,1.8753160259909496
967,-3.2347923637084466,2.0171139679940007,0.41096904485480956,-1.17638853377994,2.4669439518169636,3.373613041295065,1.8591605857686644
969,-3.2347923637084466,2.0171139679940007,0.41096904485480956,-1.17638853377994,2.4669439518169636,3.373613041295065,1.8591605857686644
971,-3.234771056285797,2.017145077422641,0.4109734533020022,-1.1763775355221395,2.4669760804986574,3.373641694176258,1.8591704168034693
973,-3.232144928142923,2.021415312253775,0.41151679199807867,-1.1750220062866945,2.4755054196985196,3.3772795460092544,1.8472671443676925
975,-3.2321235341770813,2.02144654803788,0.4115212183508199,-1.175010963357872,2.4755376788755203,3.377308315268288,1.863643992796879
977,-3.232144928142923,2.021415312253775,0.41151679199807867,-1.1750220062866945,2.4755054196985196,3.3772795460092544,1.8636341218318981
979,-3.232144928142923,2.021415312253775,0.41151679199807867,-1.1750220062866945,2.4755054196985196,3.3772795460092544,1.8636341218318981
981,-3.230281026595264,2.227735615503465,0.41190242810622824,-1.1740599157479297,2.492285887970276,3.4255367827686074,1.8514220260680556
983,-3.230281026595264,2.227735615503465,0.006437319998063962,-1.1740599157479297,2.492285887970276,3.4255367827686074,1.8514220260680556
985,-3.230281026595264,2.227735615503465,0.006437319998063962,-1.1740599157479297,2.492285887970276,3.4255367827686074,1.8677356015595792
987,-3.230281026595264,2.227735615503465,0.006437319998063962,-1.1740599157479297,2.492285887970276,3.4255367827686074,1.8677356015595792
989,-3.230281026595264,2.227735615503465,0.006437319998063962,-1.1740599157479297,2.492285887970276,3.4255367827686074,1.8514220260680556
991,-3.230281026595264,2.227735615503465,0.006437319998063962,-1.1740599157479297,2.492285887970276,3.4255367827686074,1.8677356015595792
993,-3.230281026595264,2.227735615503465,0.006437319998063962,-1.1740599157479297,2.492285887970276,3.4255367827686074,1.8514220260680556
995,-3.230281026595264,2.227735615503465,0.006437319998063962,-1.1740599157479297,2.492285887970276,3.4255367827686074,1.8677356015595792
997,-3.230281026595264,2.227735615503465,0.006437319998063962,-1.1740599157479297,2.492285887970276,3.4255367827686074,1.8677356015595792
999,-3.2298947268060574,2.228299623920832,0.006517244362886587,-1.1738605192868938,2.4928683752644982,3.4260562544169284,1.8679138364749557
1001,-3.2298947268060574,2.228299623920832,0.006517244362886587,-1.1738605192868938,2.4928683752644982,3.4260562544169284,1.8679138364749557
1003,-3.2298947268060574,2.228299623920832,0.006517244362886587,-1.1738605192868938,2.4928683752644982,3.4260562544169284,1.8516002609834321
1005,-0.06181290331841427,1.4143420188242146,-0.3641507942034454,0.8834280755813153,1.3720740461920178,1.6009127068634532,-0.8436994088344276
1007,-0.05240817524013219,1.4280731829288822,-0.3622049818085429,0.8882825164798342,1.3862550909771345,1.613559593383564,-0.8393601599919358
1009,-0.05240817524013219,1.4280731829288822,-0.3622049818085429,0.8882825164798342,1.3862550909771345,1.613559593383564,-0.8393601599919358
1011,-0.292459011235948,1.0775922976672483,0.2812763404512503,1.4575225956029183,1.0242912332636465,1.2907543345151566,-0.9501172497837707
1013,-0.292459011235948,1.0775922976672483,0.2812763404512503,1.4575225956029183,1.0242912332636465,1.2907543345151566,-0.9501172497837707
1015,-0.292459011235948,1.0775922976672483,0.2812763404512503,1.4575225956029183,1.0242912332636465,1.2907543345151566,-0.9501172497837707
1017,-0.292459011235948,1.0775922976672483,0.2812763404512503,1.4575225956029183,1.0242912332636465,1.2907543345151566,-0.9501172497837707
1019,-0.292459011235948,1.0775922976672483,0.2812763404512503,1.4575225956029183,1.0242912332636465,1.2907543345151566,-0.9501172497837707
1021,-0.292459011235948,1.0775922976672483,0.2812763404512503,1.4575225956029183,1.0242912332636465,1.2907543345151566,-0.9501172497837707
1023,-0.292459011235948,1.0775922976672483,0.2812763404512503,1.4575225956029183,1.0242912332636465,1.2907543345151566,-0.9501172497837707
1025,-0.3116872402888766,1.0495185494025216,0.2772980726999884,1.6989119839737195,0.9952976913910501,1.264897422035503,-0.9589889651557186
1027,-0.3116872402888766,1.0495185494025216,0.2772980726999884,1.6989119839737195,0.9952976913910501,1.264897422035503,-0.9589889651557186
1029,-0.3116872402888766,1.0495185494025216,0.2772980726999884,1.6989119839737195,0.9952976913910501,1.264897422035503,-0.9589889651557186
1031,-0.3104121845787018,1.051380166139686,0.27756187822252965,1.699570129805884,0.9972203011655179,1.2666120367207103,-0.9584006670179699
1033,-0.3104121845787018,1.051380166139686,0.27756187822252965,1.699570129805884,0.9972203011655179,1.2666120367207103,-0.9584006670179699
1035,-0.3113687096412032,1.049983612991726,0.27736397581565975,1.6990764000196303,0.9957779920805017,1.2653257620067153,-0.9588419982543144
1037,-0.3113687096412032,1.049983612991726,0.27736397581565975,1.6990764000196303,0.9957779920805017,1.2653257620067153,-0.9588419982543144
1039,-0.3113687096412032,1.049983612991726,0.27736397581565975,1.6990764000196303,0.9957779920805017,1.2653257620067153,-0.9588419982543144
1041,-0.3113687096412032,1.049983612991726,0.27736397581565975,1.6990764000196303,0.9957779920805017,1.2653257620067153,-0.9588419982543144
1043,-0.3113687096412032,1.049983612991726,0.27736397581565975,1.6990764000196303,0.9957779920805017,1.2653257620067153,-0.9588419982543144
1045,-0.3072136126617655,1.056050169942715,0.2782236539623658,1.7012211374906558,1.0020433105311195,1.270913274962071,-0.9569248774605614
1047,-0.3078545813884854,1.0551143378060175,0.27809103929420986,1.7008902884989825,1.0010768172796585,1.2700513405518157,-0.9572206141136941
1049,-0.3084949217143922,1.0541794231519548,0.2779585546404556,1.7005597638691177,1.0001112715707539,1.2691902511754307,-0.9575160608288851
1051,-0.3084949217143922,1.0541794231519548,0.2779585546404556,1.7005597638691177,1.0001112715707539,1.2691902511754307,-0.9575160608288851
1053,-0.3084949217143922,1.0541794231519548,0.2779585546404556,1.7005597638691177,1.0001112715707539,1.2691902511754307,-0.9575160608288851
1055,-0.3084949217143922,1.0541794231519548,0.2779585546404556,1.7005597638691177,1.0001112715707539,1.2691902511754307,-0.9575160608288851
1057,-0.3084949217143922,1.0541794231519548,0.2779585546404556,1.7005597638691177,1.0001112715707539,1.2691902511754307,-0.9575160608288851
1059,-0.3084949217143922,1.0541794231519548,0.2779585546404556,1.7005597638691177,1.0001112715707539,1.2691902511754307,-0.9575160608288851
1061,-0.3084949217143922,1.0541794231519548,0.2779585546404556,1.7005597638691177,1.0001112715707539,1.2691902511754307,-0.9575160608288851
1063,-0.3084949217143922,1.0541794231519548,0.2779585546404556,1.7005597638691177,1.0001112715707539,1.2691902511754307,-0.9575160608288851
1065,-0.3084949217143922,1.0541794231519548,0.2779585546404556,1.7005597638691177,1.0001112715707539,1.2691902511754307,-0.9575160608288851
1067,-0.3084949217143922,1.0541794231519548,0.2779585546404556,1.7005597638691177,1.0001112715707539,1.2691902511754307,-0.9575160608288851
1069,-0.3084949217143922,1.0541794231519548,0.2779585546404556,1.7005597638691177,1.0001112715707539,1.2691902511754307,-0.9575160608288851
1071,-0.3084949217143922,1.0541794231519548,0.2779585546404556,1.7005597638691177,1.0001112715707539,1.2691902511754307,-0.9575160608288851
1073,-0.31786773918407696,1.0404948494217976,0.2760193444627804,1.6957217942776033,0.9859783436228149,1.2565862760337634,-0.9618405864310806
1075,-0.317552209187548,1.04095553197702,0.27608462675197554,1.6958846614766447,0.9864541197403778,1.2570105809181333,-0.9616950040005401
1077,-0.31770999323955684,1.0407251628804133,0.2760519816652106,1.6958032180421478,0.9862162029511552,1.256798402853672,-0.9617678040070201
1079,-0.31770999323955684,1.0407251628804133,0.2760519816652106,1.6958032180421478,0.9862162029511552,1.256798402853672,-0.9617678040070201
1081,-0.31770999323955684,1.0407251628804133,0.2760519816652106,1.6958032180421478,0.9862162029511552,1.256798402853672,-0.9617678040070201
1083,-0.31770999323955684,1.0407251628804133,0.2760519816652106,1.6958032180421478,0.9862162029511552,1.256798402853672,-0.9617678040070201
1085,-0.31786773918407696,1.0404948494217976,0.2760193444627804,1.6957217942776033,0.9859783436228149,1.2565862760337634,-0.9618405864310806
1087,-0.31770999323955684,1.0407251628804133,0.2760519816652106,1.6958032180421478,0.9862162029511552,1.256798402853672,-0.9617678040070201
1089,-0.31770999323955684,1.0407251628804133,0.2760519816652106,1.6958032180421478,0.9862162029511552,1.256798402853672,-0.9617678040070201
1091,-0.31770999323955684,1.0407251628804133,0.2760519816652106,1.6958032180421478,0.9862162029511552,1.256798402853672,-0.9617678040070201
1093,-0.31786773918407696,1.0404948494217976,0.2760193444627804,1.6957217942776033,0.9859783436228149,1.2565862760337634,-0.9618405864310806
1095,-0.31723652668739244,1.0414164371917733,0.2761499405937523,1.696047607393523,0.986930125812572,1.2574350908797856,-0.9615493512063291
1097,-0.31723652668739244,1.0414164371917733,0.2761499405937523,1.696047607393523,0.986930125812572,1.2574350908797856,-0.9615493512063291
1099,-0.31723652668739244,1.0414164371917733,0.2761499405937523,1.696047607393523,0.986930125812572,1.2574350908797856,-0.9615493512063291
1101,-0.31723652668739244,1.0414164371917733,0.2761499405937523,1.696047607393523,0.986930125812572,1.2574350908797856,-0.9615493512063291
1103,-0.3336069846357359,1.0175151140821388,0.2727629378307824,1.687597663925679,0.9622457122510113,1.2354211291541883,-0.9691025191567615
1105,-0.33759802504035963,1.0116880842852014,0.27193720253857256,1.685537607578852,0.9562277686968681,1.2300542291572594,-0.9709439458638336
1107,-0.33759802504035963,1.0116880842852014,0.27193720253857256,1.685537607578852,0.9562277686968681,1.2300542291572594,-0.9709439458638336
1109,-0.3374449735856204,1.0119115436584005,0.27196886846396773,1.685616608187405,0.9564585493761193,1.2302600431227146,-0.9708733294310896
1111,-0.33759802504035963,1.0116880842852014,0.27193720253857256,1.685537607578852,0.9562277686968681,1.2300542291572594,-0.9709439458638336
1113,-0.33759802504035963,1.0116880842852014,0.27193720253857256,1.685537607578852,0.9562277686968681,1.2300542291572594,-0.9709439458638336
1115,-0.33759802504035963,1.0116880842852014,0.27193720253857256,1.685537607578852,0.9562277686968681,1.2300542291572594,-0.9709439458638336
1117,-0.33759802504035963,1.0116880842852014,0.27193720253857256,1.685537607578852,0.9562277686968681,1.2300542291572594,-0.9709439458638336
1119,-0.33759802504035963,1.0116880842852014,0.27193720253857256,1.685537607578852,0.9562277686968681,1.2300542291572594,-0.9709439458638336
1121,-0.33759802504035963,1.0116880842852014,0.27193720253857256,1.685537607578852,0.9562277686968681,1.2300542291572594,-0.9709439458638336
1123,-0.33759802504035963,1.0116880842852014,0.27193720253857256,1.685537607578852,0.9562277686968681,1.2300542291572594,-0.9709439458638336
1125,-0.3374449735856204,1.0119115436584005,0.27196886846396773,1.685616608187405,0.9564585493761193,1.2302600431227146,-0.9708733294310896
1127,-0.3374449735856204,1.0119115436584005,0.27196886846396773,1.685616608187405,0.9564585493761193,1.2302600431227146,-0.9708733294310896
1129,-0.3374449735856204,1.0119115436584005,0.27196886846396773,1.685616608187405,0.9564585493761193,1.2302600431227146,-0.9708733294310896
1131,-0.3374449735856204,1.0119115436584005,0.27196886846396773,1.685616608187405,0.9564585493761193,1.2302600431227146,-0.9708733294310896
1133,-0.3374449735856204,1.0119115436584005,0.27196886846396773,1.685616608187405,0.9564585493761193,1.2302600431227146,-0.9708733294310896
1135,-0.3374449735856204,1.0119115436584005,0.27196886846396773,1.685616608187405,0.9564585493761193,1.2302600431227146,-0.9708733294310896
1137,-0.3374449735856204,1.0119115436584005,0.27196886846396773,1.685616608187405,0.9564585493761193,1.2302600431227146,-0.9708733294310896
1139,-0.3374449735856204,1.0119115436584005,0.27196886846396773,1.685616608187405,0.9564585493761193,1.2302600431227146,-0.9708733294310896
1141,-0.3374449735856204,1.0119115436584005,0.27196886846396773,1.685616608187405,0.9564585493761193,1.2302600431227146,-0.9708733294310896
1143,-0.3374449735856204,1.0119115436584005,0.27196886846396773,1.685616608187405,0.9564585493761193,1.2302600431227146,-0.9708733294310896
1145,-0.3498775821496227,1.0320784542814474,0.26939659591728204,1.7332664867141154,0.9377118745786763,1.213541453457056,-0.9766096124869583
1147,4.805124828548546,2.4235984749689514,-0.4688466801522623,-0.1625807344147292,-1.6018711409397604,-2.9997670427922065,1.6467722471006296
1149,4.805124828548546,2.4235984749689514,-0.4688466801522623,-0.1625807344147292,-1.6018711409397604,-2.9997670427922065,1.6467722471006296
1151,4.805124828548546,2.4235984749689514,-0.4688466801522623,-0.1625807344147292,-1.6018711409397604,-2.9997670427922065,1.6467722471006296
1153,4.805124828548546,2.4235984749689514,-0.4688466801522623,-0.1625807344147292,-1.6018711409397604,-2.9997670427922065,1.6467722471006296
1179,4.804940242699292,2.4233018784215314,-0.46889160572268407,-0.10862559410714834,-1.6021985576669913,-3.000059038357896,1.6410619481744768
1181,4.70182230409975,2.273449008384409,-0.4902802980793818,-0.16198641307108996,-1.530746358685052,-2.8066934597966062,1.715046489825275
1183,4.70182230409975,2.273449008384409,-0.4902802980793818,-0.16198641307108996,-1.530746358685052,-2.8066934597966062,1.715046489825275
1185,4.701919389869515,2.273478830745054,-0.4902804105212136,-0.16198669359259732,-1.5311316456762736,-2.8066941906168497,1.7162907943071564
1187,4.701919389869515,2.273478830745054,-0.4902804105212136,-0.16198669359259732,-1.5311316456762736,-2.8066941906168497,1.7162907943071564
1189,4.701919389869515,2.273478830745054,-0.4902804105212136,-0.16198669359259732,-1.5311316456762736,-2.8066941906168497,1.7162907943071564
1191,4.70191504214969,2.2734724829534,-0.490281310052498,-0.16198893775625223,-1.5309459492081317,-2.8067000371568875,1.7162887883120796
1193,4.701914498686746,2.2735023043826885,-0.49028142249348716,-0.33383947520231816,-1.5297940307961753,-2.80057204603028,1.7162885375636345
1195,4.701914498686746,2.2735023043826885,-0.49028142249348716,-0.33383947520231816,-1.5297940307961753,-2.80057204603028,1.7162885375636345
1197,4.701914498686746,2.2735023043826885,-0.49028142249348716,-0.33383947520231816,-1.5297940307961753,-2.80057204603028,1.7162885375636345
1199,4.6976990370814296,2.2705548652134233,-0.4916847942536021,0.06812448074648403,-1.1453675862526147,0.6942542510704968,1.6892434042497153
1201,4.6976990370814296,2.2705548652134233,-0.4916847942536021,0.06812448074648403,-1.1453675862526147,0.6942542510704968,1.6892434042497153
1203,4.6976990370814296,2.2705548652134233,-0.4916847942536021,0.06812448074648403,-1.1453675862526147,0.6942542510704968,1.6892434042497153
1205,4.6976990370814296,2.2705548652134233,-0.4916847942536021,0.06812448074648403,-1.1453675862526147,0.6942542510704968,1.6892434042497153
1207,4.696582343979445,2.268924462280957,-0.49191583498769387,0.06754807698230936,-1.1453706255418332,0.692752592455701,1.6784848056438064
1209,4.696582343979445,2.268924462280957,-0.49191583498769387,0.06754807698230936,-1.1453706255418332,0.692752592455701,1.6784848056438064
1211,4.696582343979445,2.268924462280957,-0.49191583498769387,0.06754807698230936,-1.1453706255418332,0.692752592455701,1.6784848056438064
1213,4.696582343979445,2.268924462280957,-0.49191583498769387,0.06754807698230936,-1.1453706255418332,0.692752592455701,1.6784848056438064
1215,4.69661719062109,2.268900831061252,-0.4919220558392331,0.06753255711193829,-1.1452867890600409,0.6927121597790062,1.6771831026816568
1217,4.696582343979445,2.268924462280957,-0.49191583498769387,0.06754807698230936,-1.1453706255418332,0.692752592455701,1.677196975459378
1256,1.2275790800850737,-2.326726840203316,-0.36240082870659873,-1.0581162342486217,-3.4109627831943623,-3.660712880031336,-0.8397969073515075
1258,1.2275790800850737,-2.326726840203316,-0.36240082870659873,-1.0581162342486217,-3.4109627831943623,-3.660712880031336,-0.8397969073515075
1260,1.238067798741778,-2.311413019758524,-0.36023074163986113,-1.0527022696558814,-3.395147228744394,-3.6466083111922813,-0.8349575159399225
1262,1.238067798741778,-2.311413019758524,-0.36023074163986113,-1.0527022696558814,-3.395147228744394,-3.6466083111922813,-0.8349575159399225
1264,1.238067798741778,-2.311413019758524,-0.36023074163986113,-1.0527022696558814,-3.395147228744394,-3.6466083111922813,-0.8349575159399225
1266,1.2610562537932846,-2.2778492371379557,-0.355474493462715,-1.040836312929976,-3.360483779901161,-3.615694883404779,-0.8243508693529487
1268,1.2610562537932846,-2.2778492371379557,-0.355474493462715,-1.040836312929976,-3.360483779901161,-3.615694883404779,-0.8243508693529487
1270,1.2610562537932846,-2.2778492371379557,-0.355474493462715,-1.040836312929976,-3.360483779901161,-3.615694883404779,-0.8243508693529487
1272,2.995141536490061,2.395006633003767,-0.06762913600543141,2.458870344798342,2.0555366248058746,3.597528533686977,1.632183288611238
1274,2.995141536490061,2.395006633003767,-0.06762913600543141,2.458870344798342,2.0555366248058746,3.597528533686977,1.632183288611238
1276,2.995141536490061,2.395006633003767,-0.06762913600543141,2.458870344798342,2.0555366248058746,3.597528533686977,1.632183288611238
1278,2.995141536490061,2.395006633003767,-0.06762913600543141,2.458870344798342,2.0555366248058746,3.597528533686977,1.632183288611238
1280,2.995141536490061,2.395006633003767,-0.06762913600543141,2.458870344798342,2.0555366248058746,3.597528533686977,1.632183288611238
1282,2.995141536490061,2.395006633003767,-0.06762913600543141,2.458870344798342,2.0555366248058746,3.597528533686977,1.632183288611238
1284,2.995141536490061,2.395006633003767,-0.06762913600543141,2.458870344798342,2.0555366248058746,3.597528533686977,1.632183288611238
1286,2.995141536490061,2.395006633003767,-0.06762913600543141,2.458870344798342,2.0555366248058746,3.597528533686977,1.632183288611238
1288,2.9953648091950993,2.3953326173520075,-0.06758294149631949,2.4589855915276297,2.055873289534839,3.5978287767711103,1.632286304436771
1290,2.9953648091950993,2.3953326173520075,-0.06758294149631949,2.4589855915276297,2.055873289534839,3.5978287767711103,1.632286304436771
1292,2.9953648091950993,2.3953326173520075,-0.06758294149631949,2.4589855915276297,2.055873289534839,3.5978287767711103,1.632286304436771
1294,2.9953648091950993,2.3953326173520075,-0.06758294149631949,2.4589855915276297,2.055873289534839,3.5978287767711103,1.632286304436771
1296,2.9950051296227005,2.3948074751902553,-0.06765735821143781,2.458799935630715,2.055330941889906,3.5973451023152547,1.6321203518270613
1298,2.9953648091950993,2.3953326173520075,-0.06758294149631949,2.4589855915276297,2.055873289534839,3.5978287767711103,1.632286304436771
1300,2.9950051296227005,2.3948074751902553,-0.06765735821143781,2.458799935630715,2.055330941889906,3.5973451023152547,1.6321203518270613
1302,-0.05992088208684232,-2.0971159333786122,-0.17418130578147006,-0.5885434468714601,-2.7323695580365435,-2.4373724626616022,-0.42005893614381273
1304,1.8372664070013578,2.783456598334973,0.3617517776666835,1.441657339665871,1.173500852755966,1.0459463333833385,0.7750958578628373
1306,1.8372664070013578,2.783456598334973,0.3617517776666835,1.441657339665871,1.173500852755966,1.0459463333833385,0.7750958578628373
1308,1.8372664070013578,2.783456598334973,0.3617517776666835,1.441657339665871,1.173500852755966,1.0459463333833385,0.7750958578628373
1310,1.8372664070013578,2.783456598334973,0.3617517776666835,1.441657339665871,1.173500852755966,1.0459463333833385,0.7750958578628373
1312,1.8372664070013578,2.783456598334973,0.3617517776666835,1.441657339665871,1.173500852755966,1.0459463333833385,0.7750958578628373
1314,1.8372664070013578,2.783456598334973,0.3617517776666835,1.441657339665871,1.173500852755966,1.0459463333833385,0.7750958578628373
1316,1.8372664070013578,2.783456598334973,0.3617517776666835,1.441657339665871,1.173500852755966,1.0459463333833385,0.7750958578628373
1318,1.8372664070013578,2.783456598334973,0.3617517776666835,1.441657339665871,1.173500852755966,1.0459463333833385,0.7750958578628373
1320,1.8372664070013578,2.783456598334973,0.3617517776666835,1.441657339665871,1.173500852755966,1.0459463333833385,0.7750958578628373
1322,1.8372664070013578,2.783456598334973,0.3617517776666835,1.441657339665871,1.173500852755966,1.0459463333833385,0.7750958578628373
1324,1.8372664070013578,2.783456598334973,0.3617517776666835,1.441657339665871,1.173500852755966,1.0459463333833385,0.7750958578628373
1326,1.8372664070013578,2.783456598334973,0.3617517776666835,1.441657339665871,1.173500852755966,1.0459463333833385,0.7750958578628373
1328,1.8372664070013578,2.783456598334973,0.3617517776666835,1.441657339665871,1.173500852755966,1.0459463333833385,0.7750958578628373
1330,1.8372664070013578,2.783456598334973,0.3617517776666835,1.441657339665871,1.173500852755966,1.0459463333833385,0.7750958578628373
1332,1.8372664070013578,2.783456598334973,0.3617517776666835,1.441657339665871,1.173500852755966,1.0459463333833385,0.7750958578628373
1334,1.8372664070013578,2.783456598334973,0.3617517776666835,1.441657339665871,1.173500852755966,1.0459463333833385,0.7750958578628373
1336,1.8372664070013578,2.783456598334973,0.3617517776666835,1.441657339665871,1.173500852755966,1.0459463333833385,0.7750958578628373
1338,1.8372664070013578,2.783456598334973,0.3617517776666835,1.441657339665871,1.173500852755966,1.0459463333833385,0.7750958578628373
1340,1.8372664070013578,2.783456598334973,0.3617517776666835,1.441657339665871,1.173500852755966,1.0459463333833385,0.7750958578628373
1342,1.4936502375504412,2.281767450868443,0.29065853647552276,1.264292893560619,0.655374624404264,0.5838729310107391,0.6165547439528457
1344,1.8372664070013578,2.783456598334973,0.3617517776666835,1.441657339665871,1.173500852755966,1.0459463333833385,0.7750958578628373
1346,1.4936502375504412,2.281767450868443,0.29065853647552276,1.264292893560619,0.655374624404264,0.5838729310107391,0.6165547439528457
1348,1.4936502375504412,2.281767450868443,0.29065853647552276,1.264292893560619,0.655374624404264,0.5838729310107391,0.6165547439528457
1350,1.4936502375504412,2.281767450868443,0.29065853647552276,1.264292893560619,0.655374624404264,0.5838729310107391,0.6165547439528457
1352,1.4936502375504412,2.281767450868443,0.29065853647552276,1.264292893560619,0.655374624404264,0.5838729310107391,0.6165547439528457
1354,2.0086288602634594,1.9350382490912343,0.39720619833710497,0.8369623604520889,1.431892015580655,1.2763837774194102,0.8541608048527761
1356,2.0086288602634594,1.9350382490912343,0.39720619833710497,0.8369623604520889,1.431892015580655,1.2763837774194102,0.8541608048527761
1358,2.0086288602634594,1.9350382490912343,0.39720619833710497,0.8369623604520889,1.431892015580655,1.2763837774194102,0.8541608048527761
1360,2.0086288602634594,1.9350382490912343,0.39720619833710497,0.8369623604520889,1.431892015580655,1.2763837774194102,0.8541608048527761
1362,2.0086288602634594,1.9350382490912343,0.39720619833710497,0.8369623604520889,1.431892015580655,1.2763837774194102,0.8541608048527761
1364,2.0086288602634594,1.9350382490912343,0.39720619833710497,0.8369623604520889,1.431892015580655,1.2763837774194102,0.8541608048527761
1366,2.0086288602634594,1.9350382490912343,0.39720619833710497,0.8369623604520889,1.431892015580655,1.2763837774194102,0.8541608048527761
1368,2.0086288602634594,1.9350382490912343,0.39720619833710497,0.8369623604520889,1.431892015580655,1.2763837774194102,0.8541608048527761
1370,2.0086288602634594,1.9350382490912343,0.39720619833710497,0.8369623604520889,1.431892015580655,1.2763837774194102,0.8541608048527761
1372,1.58940386865282,1.3229581220882238,0.3104696996165613,0.620570889266909,0.7997580153643993,0.7126363887482166,0.6607345255974522
1374,1.58940386865282,1.3229581220882238,0.3104696996165613,0.620570889266909,0.7997580153643993,0.7126363887482166,0.6607345255974522
1376,2.0086288602634594,1.9350382490912343,0.39720619833710497,0.8369623604520889,1.431892015580655,1.2763837774194102,0.8541608048527761
1378,1.58940386865282,1.3229581220882238,0.3104696996165613,0.620570889266909,0.7997580153643993,0.7126363887482166,0.6607345255974522
1380,1.58940386865282,1.3229581220882238,0.3104696996165613,0.620570889266909,0.7997580153643993,0.7126363887482166,0.6607345255974522
1382,1.58940386865282,1.3229581220882238,0.3104696996165613,0.620570889266909,0.7997580153643993,0.7126363887482166,0.6607345255974522
1384,1.58940386865282,1.3229581220882238,0.3104696996165613,0.620570889266909,0.7997580153643993,0.7126363887482166,0.6607345255974522
1386,1.58940386865282,1.3229581220882238,0.3104696996165613,0.620570889266909,0.7997580153643993,0.7126363887482166,0.6607345255974522
1388,1.58940386865282,1.3229581220882238,0.3104696996165613,0.620570889266909,0.7997580153643993,0.7126363887482166,0.6607345255974522
1390,1.58940386865282,1.3229581220882238,0.3104696996165613,0.620570889266909,0.7997580153643993,0.7126363887482166,0.6607345255974522
1392,1.58940386865282,1.3229581220882238,0.3104696996165613,0.620570889266909,0.7997580153643993,0.7126363887482166,0.6607345255974522
1394,1.58940386865282,1.3229581220882238,0.3104696996165613,0.620570889266909,0.7997580153643993,0.7126363887482166,0.6607345255974522
1396,1.58940386865282,1.3229581220882238,0.3104696996165613,0.620570889266909,0.7997580153643993,0.7126363887482166,0.6607345255974522
1398,1.58940386865282,1.3229581220882238,0.3104696996165613,0.620570889266909,0.7997580153643993,0.7126363887482166,0.6607345255974522
1400,1.58940386865282,1.3229581220882238,0.3104696996165613,0.620570889266909,0.7997580153643993,0.7126363887482166,0.6607345255974522
1402,1.58940386865282,1.3229581220882238,0.3104696996165613,0.620570889266909,0.7997580153643993,0.7126363887482166,0.6607345255974522
1404,1.58940386865282,1.3229581220882238,0.3104696996165613,0.620570889266909,0.7997580153643993,0.7126363887482166,0.6607345255974522
1406,-0.6027842537248076,-1.184550219352765,-0.14308799870023048,-0.5109714147676507,-2.505762110478125,-2.2352802531446336,-0.3507194679016745
1434,1.1031747461252959,0.6130501036616431,0.20987023033881108,1.979031791116367,0.0665909418459627,0.058786061105152054,0.4363932007285627
1436,1.1031747461252959,0.6130501036616431,0.20987023033881108,1.979031791116367,0.0665909418459627,0.058786061105152054,0.4363932007285627
1438,1.1031747461252959,0.6130501036616431,0.20987023033881108,1.979031791116367,0.0665909418459627,0.058786061105152054,0.4363932007285627
1440,1.1031747461252959,0.6130501036616431,0.20987023033881108,1.979031791116367,0.0665909418459627,0.058786061105152054,0.4363932007285627
1442,1.1031747461252959,0.6130501036616431,0.20987023033881108,1.979031791116367,0.0665909418459627,0.058786061105152054,0.4363932007285627
1444,1.1031747461252959,0.6130501036616431,0.20987023033881108,1.979031791116367,0.0665909418459627,0.058786061105152054,0.4363932007285627
1446,1.1031747461252959,0.6130501036616431,0.20987023033881108,1.979031791116367,0.0665909418459627,0.058786061105152054,0.4363932007285627
1448,1.1031747461252959,0.6130501036616431,0.20987023033881108,1.979031791116367,0.0665909418459627,0.058786061105152054,0.4363932007285627
1450,1.1031747461252959,0.6130501036616431,0.20987023033881108,1.979031791116367,0.0665909418459627,0.058786061105152054,0.4363932007285627
1452,1.1031747461252959,0.6130501036616431,0.20987023033881108,1.979031791116367,0.0665909418459627,0.058786061105152054,0.4363932007285627
1454,1.1031747461252959,0.6130501036616431,0.20987023033881108,1.979031791116367,0.0665909418459627,0.058786061105152054,0.4363932007285627
1456,1.1031747461252959,0.6130501036616431,0.20987023033881108,1.979031791116367,0.0665909418459627,0.058786061105152054,0.4363932007285627
1458,1.1031747461252959,0.6130501036616431,0.20987023033881108,1.979031791116367,0.0665909418459627,0.058786061105152054,0.4363932007285627
1460,1.1031747461252959,0.6130501036616431,0.20987023033881108,1.979031791116367,0.0665909418459627,0.058786061105152054,0.4363932007285627
1462,1.1031747461252959,0.6130501036616431,0.20987023033881108,1.979031791116367,0.0665909418459627,0.058786061105152054,0.4363932007285627
1464,1.1031747461252959,0.6130501036616431,0.20987023033881108,1.979031791116367,0.0665909418459627,0.058786061105152054,0.4363932007285627
1466,0.7069541421019938,-0.2788764567897317,-0.24281683417760913,-0.7597763555580885,-0.9299989279503897,-0.9375617120620225,-0.573119240378158
1468,0.7121310284914344,-0.27131805893144634,-0.24174575060988324,-0.7571042007858602,-0.9221928906971,-0.9306001610049572,-0.5707306760213671
1470,0.7092499162762262,-0.27552456275608694,-0.24234184480982135,-0.7585913452151638,-0.9265372142133934,-0.9344744994158252,-0.5720599928012753
1472,0.7075273295719615,-0.2780395871697534,-0.24269824326521028,-0.7594804932350561,-0.9291346395717976,-0.9367909256206606,-0.5728547773288399
1474,-0.5113633091983152,1.38276433408467,1.4510267821790288,1.0962710636659445,2.1111909447279116,2.208035564402202,-0.3023297817585704
1476,-0.5113633091983152,1.38276433408467,1.4510267821790288,1.0962710636659445,2.1111909447279116,2.208035564402202,-0.3023297817585704
1478,-0.5113633091983152,1.38276433408467,1.4510267821790288,1.0962710636659445,2.1111909447279116,2.208035564402202,-0.3023297817585704
1480,-0.5113633091983152,1.38276433408467,1.4510267821790288,1.0962710636659445,2.1111909447279116,2.208035564402202,-0.3023297817585704
1482,-0.5113633091983152,1.38276433408467,1.4510267821790288,1.0962710636659445,2.1111909447279116,2.208035564402202,-0.3023297817585704
1484,-0.5113633091983152,1.38276433408467,1.4510267821790288,1.0962710636659445,2.1111909447279116,2.208035564402202,-0.3023297817585704
1486,-0.5113633091983152,1.38276433408467,1.4510267821790288,1.0962710636659445,2.1111909447279116,2.208035564402202,-0.3023297817585704
1488,-0.5113633091983152,1.38276433408467,1.4510267821790288,1.0962710636659445,2.1111909447279116,2.208035564402202,-0.3023297817585704
1490,-0.5113633091983152,1.38276433408467,1.4510267821790288,1.0962710636659445,2.1111909447279116,2.208035564402202,-0.3023297817585704
1492,-0.5112745844708666,1.3828938746500752,1.4510451390813195,1.096316860731213,2.1113247294926607,2.208154875832605,-0.30228884504379505
1494,-0.5113633091983152,1.38276433408467,1.4510267821790288,1.0962710636659445,2.1111909447279116,2.208035564402202,-0.3023297817585704
1496,-0.5113633091983152,1.38276433408467,1.4510267821790288,1.0962710636659445,2.1111909447279116,2.208035564402202,-0.3023297817585704
1498,-0.5113633091983152,1.38276433408467,1.4510267821790288,1.0962710636659445,2.1111909447279116,2.208035564402202,-0.3023297817585704
1500,-0.5113633091983152,1.38276433408467,1.4510267821790288,1.0962710636659445,2.1111909447279116,2.208035564402202,-0.3023297817585704
1502,-0.5113633091983152,1.38276433408467,1.4510267821790288,1.0962710636659445,2.1111909447279116,2.208035564402202,-0.3023297817585704
1504,-0.5113633091983152,1.38276433408467,1.4510267821790288,1.0962710636659445,2.1111909447279116,2.208035564402202,-0.3023297817585704
1506,-0.5113633091983152,1.38276433408467,1.4510267821790288,1.0962710636659445,2.1111909447279116,2.208035564402202,-0.3023297817585704
1508,-0.5094975541810829,1.385488388210157,1.4514128017649395,1.0972341109105728,2.114004248338307,2.2105445143453437,-0.30146894078246667
1510,-0.5094975541810829,1.385488388210157,1.4514128017649395,1.0972341109105728,2.114004248338307,2.2105445143453437,-0.30146894078246667
1512,-0.5094975541810829,1.385488388210157,1.4514128017649395,1.0972341109105728,2.114004248338307,2.2105445143453437,-0.30146894078246667
1514,-0.5094975541810829,1.385488388210157,1.4514128017649395,1.0972341109105728,2.114004248338307,2.2105445143453437,-0.30146894078246667
1516,-0.5095865206158878,1.3853584947453017,1.451394394854061,1.097188189083156,2.1138700991118933,2.2104248778820983,-0.30150998901863413
1518,-0.5095865206158878,1.3853584947453017,1.451394394854061,1.097188189083156,2.1138700991118933,2.2104248778820983,-0.30150998901863413
1520,-0.5094975541810829,1.385488388210157,1.4514128017649395,1.0972341109105728,2.114004248338307,2.2105445143453437,-0.30146894078246667
1522,-0.5094975541810829,1.385488388210157,1.4514128017649395,1.0972341109105728,2.114004248338307,2.2105445143453437,-0.30146894078246667
1524,-0.5094975541810829,1.385488388210157,1.4514128017649395,1.0972341109105728,2.114004248338307,2.2105445143453437,-0.30146894078246667
1526,-0.5094975541810829,1.385488388210157,1.4514128017649395,1.0972341109105728,2.114004248338307,2.2105445143453437,-0.30146894078246667
1528,-0.5094975541810829,1.385488388210157,1.4514128017649395,1.0972341109105728,2.114004248338307,2.2105445143453437,-0.30146894078246667
1530,-0.5580915873299315,1.3335879456316846,1.4413588298444016,0.7844692439347793,2.1677726684479683,2.198699446497212,-0.2813301343166503
1532,-0.5094975541810829,1.385488388210157,1.4514128017649395,1.0972341109105728,2.114004248338307,2.2105445143453437,-0.30146894078246667
1534,-0.5094975541810829,1.385488388210157,1.4514128017649395,1.0972341109105728,2.114004248338307,2.2105445143453437,-0.30146894078246667
1536,-0.5580915873299315,1.3335879456316846,1.4413588298444016,0.7844692439347793,2.1677726684479683,2.198699446497212,-0.2813301343166503
1538,-0.5580915873299315,1.3335879456316846,1.4413588298444016,0.7844692439347793,2.1677726684479683,2.198699446497212,-0.2813301343166503
1540,1.1930832376512588,0.7604799863900533,0.5587564832460308,1.2717552461491215,1.8832986398133187,2.008108697572105,-0.4470720977327476
1542,1.1860611034816455,0.750227475541748,0.5573036229833872,1.2681306293580648,1.8829878038190433,2.003013606349967,-0.4503120412285817
1544,1.1860611034816455,0.750227475541748,0.5573036229833872,1.2681306293580648,1.8829878038190433,2.003013606349967,-0.4503120412285817
1546,1.1850551008490169,0.7444013783987637,0.557095483803224,1.2676113607217794,1.8848734104652296,2.0059898084026644,-0.45077620092813264
1548,1.1850551008490169,0.7178511463046426,0.557095483803224,1.2676113607217794,1.8848734104652296,2.0059898084026644,-0.4972962165630255
1550,1.1832356610938057,0.7151947137475929,0.5567190467177494,1.2666722200377987,1.8855209271835358,2.0078534918105886,-0.4981356881337151
1552,1.1832356610938057,0.7151947137475929,0.5567190467177494,1.2666722200377987,1.8855209271835358,2.0078534918105886,-0.4981356881337151
1554,1.0536643128497483,0.7390702886942595,0.5748211404657642,0.7364694403662553,1.9282807074112345,1.9959632924760342,-0.4112471921928469
1556,1.0536643128497483,0.7390702886942595,0.5748211404657642,0.7364694403662553,1.9282807074112345,1.9959632924760342,-0.4112471921928469
1558,1.0536643128497483,0.7390702886942595,0.5748211404657642,0.7364694403662553,1.9282807074112345,1.9959632924760342,-0.4112471921928469
1560,1.0523047073714453,0.7420480162903393,0.5745398418285428,0.7357676524586425,1.928448723652184,1.9978002259813037,-0.4118745007602893
1562,1.0523047073714453,0.7469862979309214,0.5745398418285428,0.7357676524586425,1.928448723652184,1.9978002259813037,-0.4118745007602893
1564,1.044559087388106,0.7405914925103358,0.5729372943392013,0.6139865581536157,1.9307043394527215,1.9958847583920418,-0.41544825347991354
1566,1.0435003303397492,0.7390456778246852,0.5727182404153948,0.6134400592570655,1.9305634828357459,1.99928610836825,-0.4159367535469354
1568,1.0508265604804867,0.7116894347457885,0.5620600795396311,0.7046329610475943,1.9176527713252902,1.9526195144336276,-0.4862249455817744
1570,1.0415285640721201,0.7603811024509461,0.5723102873930992,0.6124222921581952,1.9275903287461986,1.9966346011664138,-0.4168465070691272
1572,1.0538316433655996,0.7160769391903772,0.5626818229304971,0.7061840954493024,1.9180856592789146,1.956660560800434,-0.48483842995662507
1574,1.0420209478723788,0.7368857383491418,0.5724121602482861,0.6126764460303586,1.9312376439253294,2.0080688248992917,-0.41661932603661356
1576,1.0501751071249545,0.7107382947599339,0.5619252956305862,0.7042967002023841,1.918032866717203,1.9576086004066964,-0.486525519739305
1578,1.0548145586453215,0.7175120227881697,0.5628851854007888,0.7066914470807311,1.9188830641569554,1.9579823234179239,-0.48438492253415677
1580,1.030358904797649,0.7049018039849324,0.5578253778246252,0.6940681659768024,1.919646131521886,1.9710810122557447,-0.49566852018499685
1582,1.0499797977549141,0.710453137657157,0.5618848866586412,0.7041958873148777,1.9184188704751302,1.9631768809666479,-0.4866156335576759
1584,1.0470571439839507,0.7108479951135775,0.561280197624975,0.7026873003701108,1.9255101746567878,1.9810991885232596,-0.48796411720197663
1586,1.0354319173306692,0.7031341668528741,0.5588749701769062,0.6966867041539839,1.9200131521747226,1.966603325033101,-0.4933278822017797
1588,1.0471867623769358,0.711037241566026,0.5613070153142881,0.7027542055291829,1.9243597262576904,1.978995585868816,-0.48790431255296984
1590,1.0313703600212447,0.7018018896657434,0.5580346451308758,0.6945902490783629,1.9205114195247734,1.970191433859842,-0.4952018447137141
1592,0.9633370377717303,0.6629762780427617,-0.5486561092325144,0.9621180485019807,1.9130940080629077,1.942157975189879,-0.5620073494212093
1594,1.0305484333805266,0.7051785209779551,0.5578645907675919,0.6941659949939203,1.9205913278719828,1.9713358783677712,-0.4955810735648474
1596,0.9633370377717303,0.6629762780427617,-0.5486561092325144,0.9621180485019807,1.9130940080629077,1.942157975189879,-0.5620073494212093
1598,1.0193641514043201,0.6747475686630393,0.5497221165315418,0.8745227279948569,1.9113881619424866,1.9406366738589362,-0.5625293201868106
1600,1.0091053597968171,0.700899710593851,0.5534280777693752,0.8837684136778099,1.9181304541786162,1.9481028378825442,-0.5542648605432633
1602,1.0245732390660969,0.705545543086429,0.5566283394839617,0.8917524728779418,1.919460777937191,1.9644237777919296,-0.49833796933011976
1604,0.6046228840656628,-0.43371640401914313,-0.03668902675206054,-0.2455257210622166,-0.3440340075237416,-1.5437358228542557,-0.11344499217221293
1606,0.6046228840656628,-0.43371640401914313,-0.03668902675206054,-0.2455257210622166,-0.3440340075237416,-1.5437358228542557,-0.11344499217221293
1608,1.292267477584017,-1.1651014848811103,-0.6975021331553886,-1.2009846334664167,-1.2430171715127116,-1.3278578826885683,-1.1170842046391352
1610,1.51329126758919,-0.7264948164562011,-0.7009055074735302,-1.2094754209268297,-1.04567286959319,-1.2758702798467842,-0.6391660661095939
1612,1.52003780391041,-0.7284668378665984,-0.7011849581941039,-1.210172598625269,-1.0477095012818705,-1.2776865811306672,-0.40137823029509856
1614,1.52003780391041,-0.7284668378665984,-0.7011849581941039,-1.210172598625269,-1.0477095012818705,-1.2776865811306672,-0.40137823029509856
1616,1.5203077153352784,-0.7219188941181622,-0.7011291142620237,-1.2100332783760335,-1.047302511736591,-1.2773236212308836,-0.40125369582390635
1618,1.5203077153352784,-0.7219188941181622,-0.7011291142620237,-1.2100332783760335,-1.047302511736591,-1.2773236212308836,-0.40125369582390635
1620,1.5203077153352784,-0.7219188941181622,-0.7011291142620237,-1.2100332783760335,-1.047302511736591,-1.2773236212308836,-0.40125369582390635
1622,1.5203077153352784,-0.7219188941181622,-0.7011291142620237,-1.2100332783760335,-1.047302511736591,-1.2773236212308836,-0.40125369582390635
1624,1.5225230048709908,-0.6593759304556492,-0.7023326111962704,-1.2130357799297053,-1.0285669293689077,-1.2851457983300678,-0.43470920658891576
1626,0.6046228840656628,-0.43371640401914313,-0.03668902675206054,-0.2455257210622166,-0.3440340075237416,-1.5437358228542557,-0.11344499217221293
1628,0.6046228840656628,-0.43371640401914313,-0.03668902675206054,-0.2455257210622166,-0.3440340075237416,-1.5437358228542557,-0.11344499217221293
1630,0.6046228840656628,-0.43371640401914313,-0.03668902675206054,-0.2455257210622166,-0.3440340075237416,-1.5437358228542557,-0.11344499217221293
1632,0.6046228840656628,-0.43371640401914313,-0.03668902675206054,-0.2455257210622166,-0.3440340075237416,-1.5437358228542557,-0.11344499217221293
1634,0.6046228840656628,-0.43371640401914313,-0.03668902675206054,-0.2455257210622166,-0.3440340075237416,-1.5437358228542557,-0.11344499217221293
1636,0.6046228840656628,-0.43371640401914313,-0.03668902675206054,-0.2455257210622166,-0.3440340075237416,-1.5437358228542557,-0.11344499217221293
1638,1.4670369975670314,-0.6348568620524899,-0.7036351872834306,-1.2162854655867128,-1.0341916030490843,-1.3247025314691019,-0.40684235097166144
1640,0.6046228840656628,-0.43371640401914313,-0.03668902675206054,-0.2455257210622166,-0.3440340075237416,-1.5437358228542557,-0.11344499217221293
1642,0.6046228840656628,-0.43371640401914313,-0.03668902675206054,-0.2455257210622166,-0.3440340075237416,-1.5437358228542557,-0.11344499217221293
1644,0.6046228840656628,-0.43371640401914313,-0.03668902675206054,-0.2455257210622166,-0.3440340075237416,-1.5437358228542557,-0.11344499217221293
1646,0.5838863144642071,-0.4639923713618864,-0.040979366017844465,0.43691785906075753,-0.3753019208286459,-1.5716210567901099,-0.12301264100707487
1648,0.6046228840656628,-0.43371640401914313,-0.03668902675206054,-0.2455257210622166,-0.3440340075237416,-1.5437358228542557,-0.11344499217221293
1650,1.4670369975670314,-0.6348568620524899,-0.7036351872834306,-1.2162854655867128,-1.0341916030490843,-1.3247025314691019,-0.40684235097166144
1652,0.5838863144642071,-0.4639923713618864,-0.040979366017844465,0.43691785906075753,-0.3753019208286459,-1.5716210567901099,-0.12301264100707487
1654,0.5838863144642071,-0.4639923713618864,-0.040979366017844465,0.43691785906075753,-0.3753019208286459,-1.5716210567901099,-0.12301264100707487
1656,1.786628495854722,1.8688332004153008,2.193691679380623,2.2650961058691435,2.305590652656834,3.595166198093138,1.8519277950052704
1658,1.7810243550629528,1.8581215963850823,2.339887092698902,2.2800246934232957,2.29855800380448,3.58445491711221,1.8438708778907564
1660,1.781053667017706,1.858024912912036,2.33989315726179,2.28003982338248,2.2985761673400145,3.5844848642426745,1.843884402137781
1662,1.7877462333174643,1.8535721188146468,2.373328532133758,2.3186171274013496,2.2940455052916153,3.5800903493210585,1.8287930535180705
1664,1.7810243550629528,1.8581215963850823,2.339887092698902,2.2800246934232957,2.29855800380448,3.58445491711221,1.8438708778907564
1666,1.7810243550629528,1.8581215963850823,2.339887092698902,2.2800246934232957,2.29855800380448,3.58445491711221,1.8438708778907564
1668,1.7810243550629528,1.8581215963850823,2.339887092698902,2.2800246934232957,2.29855800380448,3.58445491711221,1.8438708778907564
1670,1.7808536821636851,1.8574539116138862,2.339851780945058,2.279936597149211,2.2983006523948504,3.584225406936995,1.843792131097183
1672,1.7809484949350418,1.857592340892424,2.339871397446903,2.2799855366816617,2.298443617097883,3.5843529051857503,1.843835876775414
1674,1.7778694191927622,1.8568500916286883,2.339766214972462,2.2797231259235264,2.2979894149502726,3.5837639599165305,1.8420497244522243
1676,1.7804952418971203,1.8570235934764199,2.3397776206389107,2.2797515809451054,2.2980855523603676,3.5838570289291534,1.8436267502909702
1678,1.7775249795614636,1.8564402148074208,2.3396949513592773,2.2795453364309086,2.297769306064888,3.5833954626948854,1.8418908034011339
1680,1.7774871022888599,1.8563849129378056,2.3396871146556637,2.279525785309418,2.297738210604594,3.5833729310301843,1.8418733272008727
1682,1.7189051659908623,1.8743988792060584,2.3453513394101013,2.266258000941235,2.3218965056292795,3.6147956613342442,1.8910942496785976
1684,1.7189051659908623,1.8743988792060584,2.3453513394101013,2.266258000941235,2.3218965056292795,3.6147956613342442,1.8910942496785976
1686,1.7189051659908623,1.8743988792060584,2.3453513394101013,2.266258000941235,2.3218965056292795,3.6147956613342442,1.8910942496785976
1688,1.721912092815919,1.878503809841673,2.3459734643070744,2.260841417813803,2.3264305403846475,3.6188391873154595,1.8984517830659673
1690,1.721912092815919,1.878503809841673,2.3459734643070744,2.260841417813803,2.3264305403846475,3.6188391873154595,1.8969625795144998
1692,1.721912092815919,1.878503809841673,2.3459734643070744,2.260841417813803,2.3264305403846475,3.6188391873154595,1.8984517830659673
1694,1.721912092815919,1.878503809841673,2.3459734643070744,2.260841417813803,2.3264305403846475,3.6188391873154595,1.8984517830659673
1696,1.721912092815919,1.878503809841673,2.3459734643070744,2.260841417813803,2.3264305403846475,3.6188391873154595,1.8984517830659673
1749,-0.41255225450643684,1.3232221228995105,-0.4367178021212821,-0.5503761135591282,1.9223472184194694,2.0728670404434606,-0.9102169087876469
1751,-0.3484786845278478,2.0395317431332067,2.0962004909563277,0.7550683911050244,1.6775303192255446,1.5085423164731777,1.3712141244723122
1753,-0.34587754553060535,2.043530543935127,2.096738659466844,0.756411021686775,1.6814524813875096,1.5120401645180488,1.372414264368862
1755,-0.3459067201628878,2.0434879481619976,2.0967326233155976,0.756395962609365,1.681408490028744,1.51200093230839,1.3724008034810713
1757,-0.3459067201628878,2.0434879481619976,2.0967326233155976,0.756395962609365,1.681408490028744,1.51200093230839,1.3724008034810713
1759,-0.3459067201628878,2.0434879481619976,2.0967326233155976,0.756395962609365,1.681408490028744,1.51200093230839,1.3724008034810713
1761,-0.346412206840383,2.042749923578656,2.096628039511118,0.7561350454217051,1.6806462851938804,1.5113211856326236,1.3721675769101425
1763,-0.346412206840383,2.042749923578656,2.096628039511118,0.7561350454217051,1.6806462851938804,1.5113211856326236,1.3721675769101425
1765,1.4258803785198029,2.0078555475843274,4.106990027038608,1.7072232652068546,1.5896469958749737,1.426940293005977,1.2627468941867508
1767,1.4258803785198029,2.0078555475843274,4.106990027038608,1.7072232652068546,1.5896469958749737,1.426940293005977,1.2627468941867508
1769,-0.346412206840383,2.042749923578656,2.096628039511118,0.7561350454217051,1.6806462851938804,1.5113211856326236,1.3721675769101425
1771,-0.3473443864659469,2.0415899406738873,2.096435174108248,0.7556538820258645,1.6792406857009592,1.5100676491302663,1.3675446001584164
1773,-0.34729586827160475,2.0416607785846743,2.0964452123893276,0.7556789256746521,1.6793138445080107,1.5101328933449745,1.3675669859750914
1775,-0.3473443864659469,2.0415899406738873,2.096435174108248,0.7556538820258645,1.6792406857009592,1.5100676491302663,1.3675446001584164
1777,-0.3473443864659469,2.0415899406738873,2.096435174108248,0.7556538820258645,1.6792406857009592,1.5100676491302663,1.3675446001584164
1779,-0.3473443864659469,2.0415899406738873,2.096435174108248,0.7556538820258645,1.6792406857009592,1.5100676491302663,1.3675446001584164
1781,-0.3473443864659469,2.0415899406738873,2.096435174108248,0.7556538820258645,1.6792406857009592,1.5100676491302663,1.3675446001584164
1783,-0.3473443864659469,2.0415899406738873,2.096435174108248,0.7556538820258645,1.6792406857009592,1.5100676491302663,1.3675446001584164
1785,-0.3473443864659469,2.0415899406738873,2.096435174108248,0.7556538820258645,1.6792406857009592,1.5100676491302663,1.3675446001584164
1787,-0.3473443864659469,2.0415899406738873,2.096435174108248,0.7556538820258645,1.6792406857009592,1.5100676491302663,1.3675446001584164
1789,-0.3473443864659469,2.0415899406738873,2.096435174108248,0.7556538820258645,1.6792406857009592,1.5100676491302663,1.3675446001584164
1791,-0.3473443864659469,2.0415899406738873,2.096435174108248,0.7556538820258645,1.6792406857009592,1.5100676491302663,1.3675446001584164
1793,-0.3473443864659469,2.0415899406738873,2.096435174108248,0.7556538820258645,1.6792406857009592,1.5100676491302663,1.3675446001584164
1795,-0.3473443864659469,2.0415899406738873,2.096435174108248,0.7556538820258645,1.6792406857009592,1.5100676491302663,1.3675446001584164
1797,-0.3473443864659469,2.0415899406738873,2.096435174108248,0.7556538820258645,1.6792406857009592,1.5100676491302663,1.3675446001584164
1799,-0.3473443864659469,2.0415899406738873,2.096435174108248,0.7556538820258645,1.6792406857009592,1.5100676491302663,1.3675446001584164
1801,-0.3473443864659469,2.0415899406738873,2.096435174108248,0.7556538820258645,1.6792406857009592,1.5100676491302663,1.3675446001584164
1803,-0.3473443864659469,2.0415899406738873,2.096435174108248,0.7556538820258645,1.6792406857009592,1.5100676491302663,1.3675446001584164
1805,-0.3473443864659469,2.0415899406738873,2.096435174108248,0.7556538820258645,1.6792406857009592,1.5100676491302663,1.3675446001584164
1807,-0.3498527129660767,2.037927714343187,2.149983429518608,0.9085098383217551,1.6754584721018038,1.506694609491217,1.3663872830332764
1809,-0.35810354645680764,2.0310937901989785,2.1482763547429307,0.9042510034877353,1.663017342674916,1.4955994078027635,1.3498952702534006
1811,-0.5784827082280399,1.9950646548746906,2.2937357485441634,0.9240292277932167,1.4360629398013351,1.240660466843793,2.151657086461435
1813,-0.5784827082280399,1.9950646548746906,2.2937357485441634,0.9240292277932167,1.4360629398013351,1.240660466843793,2.151657086461435
1815,-0.5784827082280399,1.9950646548746906,2.2937357485441634,0.9240292277932167,1.4360629398013351,1.240660466843793,2.151657086461435
1817,-0.57864615844914,1.9948260130138955,2.3362615455613804,0.9239448596507702,1.4358164792034032,1.2404406692716838,2.1515816721403818
1819,-0.57864615844914,1.9948260130138955,2.3362615455613804,0.9239448596507702,1.4358164792034032,1.2404406692716838,2.1515816721403818
1821,-0.57864615844914,1.9948260130138955,2.3362615455613804,0.9239448596507702,1.4358164792034032,1.2404406692716838,2.1515816721403818
1823,-0.9090889186553319,2.009050544047021,2.064101390726704,0.34956469127660705,1.4788896855451394,1.261722951293823,2.0789181822563703
1825,-0.9090889186553319,2.009050544047021,2.064101390726704,0.34956469127660705,1.4788896855451394,1.261722951293823,2.0789181822563703
1827,2.010208759533971,0.30896907180060396,-0.4692949776653519,0.6211128463351816,1.6241251658914901,1.2612953642961529,0.5704829755813843
1829,1.7963737478874449,1.2618899391995653,-0.5730574841802893,0.36224464471487483,1.7691587899352417,1.6073736815570223,0.35813613089229834
1831,1.7967220797353085,1.266556523517103,-0.5729854152781937,0.362424443253913,1.769077782427213,1.6078420963069862,0.35829684777375004
1833,1.784994802384149,1.2764405952291522,-0.5730471909757291,0.3622703243504479,1.772863574670489,1.6113647211133575,0.35815908519975936
1835,1.758496971793679,1.193554807516965,-0.5687913806545202,0.3728877814772176,1.783134741395406,1.6139085481667905,0.4046910046211485
1837,1.7852933839116853,1.2931701720351931,-0.5729854152781937,0.362424443253913,1.773313794812819,1.6117662347631203,0.35829684777375004
1839,0.9683876784908119,1.594344952180303,-0.48399340614700415,-0.26285486596179886,1.8121203416103553,1.5724388279795614,0.6639985466794318
1841,1.0739156929243059,1.6725788876552672,-0.49286764115112147,-0.2849944357681735,1.7898657967360219,1.5916317369763604,0.5740043462468991
1843,1.0739156929243059,1.6725788876552672,-0.49286764115112147,-0.2849944357681735,1.7898657967360219,1.5916317369763604,0.5740043462468991
1845,0.9670427656576841,1.597967948812772,-0.4842716649163148,-0.26354906996299277,1.817840083631281,1.594554859916462,0.6633780171536623
1847,1.0726561802583072,1.6755943426589317,-0.4931282308605356,-0.2856445587432488,1.795393713591828,1.6121118810932256,0.573423219516541
1849,1.0726561802583072,1.6755943426589317,-0.4931282308605356,-0.2856445587432488,1.795393713591828,1.6121118810932256,0.573423219516541
1851,1.0674639200953688,1.6752511659647382,-0.49420249521975035,-0.28832464900007637,1.8001697037079154,1.622521399064838,0.5339862901718329
1853,0.88925105813165,1.600542753363679,-0.48311512967518966,-0.6661288372285327,1.8218489944034326,1.6044330837736327,0.6827642608880442
1855,0.8883805176516497,1.599271740093422,-0.4832952421082286,-0.6665781843308366,1.8205363383190276,1.60326243571554,0.6823626020906031
1857,0.8883805176516497,1.599271740093422,-0.4832952421082286,-0.2611130762226723,1.8205363383190276,1.60326243571554,0.6823626020906031
1859,0.7552072634544054,1.6638076988021195,-0.4920266115198666,-0.2828962228831464,1.8086937884876901,1.63881649671705,0.557530741347263
1861,0.8881872216809845,1.5989895226096342,-0.4833352345133757,-0.2612128498533084,1.820244874409176,1.6030025034574829,0.6822734172348595
1863,0.8404053282163493,1.8680969508526752,-0.49322117696503587,-0.28587644202872187,1.8320650634019993,1.70162106035726,0.5361746738577629
1865,0.8403155176861143,1.8679658249850553,-0.49323975851693924,-0.28592279955309263,1.8309107926059198,1.701500288807595,0.5361332361642837
1867,0.83879062509456,1.863741436802,-0.49355525460367833,-0.28670990375224403,1.8326806445612895,1.7153546170451461,0.5354296657518538
1869,1.006359452226774,1.6008897156263107,-0.484251808280322,-0.2634995313403985,1.8135649017293938,1.5970451951125222,0.6634222983418043
1871,0.9935289405795578,1.5959501345307876,-0.48690640588147427,-0.2701222598202364,1.8150409135955643,1.6326166698005196,0.6404079933657658
1873,0.9927764669017325,1.5948515020696847,-0.48706209061759465,-0.270510664351052,1.8171548000708313,1.6338394283499662,0.640060809427184
1875,0.9859498979428878,1.587620501677594,-0.4884744889755497,-0.2740343361972275,1.8100992622059264,1.624659487981079,0.6369110977921113
1877,0.9853919704487311,1.5868059120459757,-0.48858992264088785,-0.2743223217746411,1.8092579837855807,1.6239092221949436,0.6366536755452308
1879,0.9853919704487311,1.5840699322271012,-0.48858992264088785,-0.2743223217746411,1.8092579837855807,1.6239092221949436,0.6366536755452308
1881,0.9829797767860908,1.5941537145639186,-0.48908899888090285,-0.27556742439468507,1.8099218072681884,1.6361696424824839,0.6355407131638251
1883,0.9829797767860908,1.5941537145639186,-0.48908899888090285,-0.27556742439468507,1.8099218072681884,1.6361696424824839,0.6355407131638251
1885,1.0478009232242789,1.585985539817151,-0.49101041760095243,-0.280361007600457,1.805528868034516,1.6411109387759861,0.6138641205975923
1887,1.050545627137752,1.5791819676298378,-0.4904425459037889,-0.2789442730791627,1.8096675064719996,1.6448018438862748,0.6151304999315177
1889,1.047253363812489,1.5797952392387673,-0.4911237061385407,-0.28064364148214227,1.8068263663136586,1.6425321134746191,0.6136114820817284
1891,1.047253363812489,1.5797952392387673,-0.4911237061385407,-0.28064364148214227,1.8068263663136586,1.6425321134746191,0.6136114820817284
1893,1.0199195507117578,1.6642550275068286,0.6018332917132208,0.8038597458839634,1.77720810014059,1.6438348834417758,0.5652818475165318
1895,1.0199195507117578,1.6642550275068286,0.6018332917132208,0.8038597458839634,1.77720810014059,1.6438348834417758,0.5652818475165318
1897,-0.1367395566247107,-0.5041120224452619,0.6464825489839776,-0.27041300422039627,-1.803030392300709,-1.608572670696276,-0.135691037987673
1899,-0.07252805828695319,-1.1035086326810717,0.6597677315348066,-0.23726893869384225,-1.7062082273143604,-1.5222250882883168,-0.10606448552198122
1901,-0.07252805828695319,-1.1035086326810717,0.6597677315348066,-0.23726893869384225,-1.7062082273143604,-1.5222250882883168,-0.10606448552198122
1903,-0.16545394231971988,-0.5460358227785643,0.6405416214917313,-0.28523451603163075,-1.8463277621054104,-1.647185969704684,-0.14893957253889178
1905,-0.36896646908554587,-0.15002258156454062,0.5984354389628206,-0.39028162904432917,-2.153196842463296,-1.9208568095210934,-0.2428382465729142
1907,-0.36896646908554587,-0.15002258156454062,0.5984354389628206,-0.39028162904432917,-2.153196842463296,-1.9208568095210934,-0.2428382465729142
1909,-0.385888324376928,-0.17472896010386063,0.5949343536048337,-0.39901618741981326,-2.1787126878696617,-1.9436122556965172,-0.2506458238228628
1911,-1.1413022557191694,-1.277654272975566,0.4386412871117904,-0.7889383896456492,-3.3177736689524995,-2.959445375577773,-0.5991863663983263
1913,-1.599523472435783,-3.332964332434039,-0.3493106039802494,-0.33231137176165093,-4.0087086477909155,-3.575632433904789,-0.8106051195714676
1915,-1.599523472435783,-3.332964332434039,-0.3493106039802494,-0.33231137176165093,-4.0087086477909155,-3.575632433904789,-0.8106051195714676
1917,-1.599523472435783,-3.332964332434039,-0.3493106039802494,-0.33231137176165093,-4.0087086477909155,-3.575632433904789,-0.8106051195714676
1919,-1.599523472435783,-3.332964332434039,-0.3493106039802494,-0.33231137176165093,-4.0087086477909155,-3.575632433904789,-0.8106051195714676
1921,-1.599523472435783,-3.332964332434039,-0.3493106039802494,-0.33231137176165093,-4.0087086477909155,-3.575632433904789,-0.8106051195714676
1923,-1.599523472435783,-3.332964332434039,-0.3493106039802494,-0.33231137176165093,-4.0087086477909155,-3.575632433904789,-0.8106051195714676
1925,-1.6878454238933869,-2.7687696531494295,0.3255630075346677,-0.37790053604412666,-4.141886081386417,-3.6944022364999833,-0.8513559974744727
1927,-1.6878454238933869,-2.7687696531494295,0.3255630075346677,-0.37790053604412666,-4.141886081386417,-3.6944022364999833,-0.8513559974744727
1929,-1.6878454238933869,-2.7687696531494295,0.3255630075346677,-0.37790053604412666,-4.141886081386417,-3.6944022364999833,-0.8513559974744727
1931,-1.6878454238933869,-2.7687696531494295,0.3255630075346677,-0.37790053604412666,-4.141886081386417,-3.6944022364999833,-0.8513559974744727
1933,-1.6878454238933869,-2.7687696531494295,0.3255630075346677,-0.37790053604412666,-4.141886081386417,-3.6944022364999833,-0.8513559974744727
1935,-1.6809821690071227,-2.758749110465896,0.32698299611019166,-0.3743579280134085,-4.1315372308823255,-3.685172963204394,-0.8481893593140648
1937,-1.6809821690071227,-2.758749110465896,0.32698299611019166,-0.3743579280134085,-4.1315372308823255,-3.685172963204394,-0.8481893593140648
1939,-1.6809821690071227,-2.758749110465896,0.32698299611019166,-0.3743579280134085,-4.1315372308823255,-3.685172963204394,-0.8481893593140648
1941,-1.6809821690071227,-2.758749110465896,0.32698299611019166,-0.3743579280134085,-4.1315372308823255,-3.685172963204394,-0.8481893593140648
1943,-1.6809821690071227,-2.758749110465896,0.32698299611019166,-0.3743579280134085,-4.1315372308823255,-3.685172963204394,-0.8481893593140648
1945,-1.6809821690071227,-2.758749110465896,0.32698299611019166,-0.3743579280134085,-4.1315372308823255,-3.685172963204394,-0.8481893593140648
1947,-1.6809821690071227,-2.758749110465896,0.32698299611019166,-0.3743579280134085,-4.1315372308823255,-3.685172963204394,-0.8481893593140648
1949,-1.6809821690071227,-2.758749110465896,0.32698299611019166,-0.3743579280134085,-4.1315372308823255,-3.685172963204394,-0.8481893593140648
1951,-1.6809821690071227,-2.758749110465896,0.32698299611019166,-0.3743579280134085,-4.1315372308823255,-3.685172963204394,-0.8481893593140648
1953,-1.6809821690071227,-2.758749110465896,0.32698299611019166,-0.3743579280134085,-4.1315372308823255,-3.685172963204394,-0.8481893593140648
1955,-1.6809821690071227,-2.758749110465896,0.32698299611019166,-0.3743579280134085,-4.1315372308823255,-3.685172963204394,-0.8481893593140648
1957,-1.6809821690071227,-2.758749110465896,0.32698299611019166,-0.3743579280134085,-4.1315372308823255,-3.685172963204394,-0.8481893593140648
1959,-1.6809821690071227,-2.758749110465896,0.32698299611019166,-0.3743579280134085,-4.1315372308823255,-3.685172963204394,-0.8481893593140648
1961,-1.6809821690071227,-2.758749110465896,0.32698299611019166,-0.3743579280134085,-4.1315372308823255,-3.685172963204394,-0.8481893593140648
1963,-1.6809821690071227,-2.758749110465896,0.32698299611019166,-0.3743579280134085,-4.1315372308823255,-3.685172963204394,-0.8481893593140648
1965,-1.6809821690071227,-2.758749110465896,0.32698299611019166,-0.3743579280134085,-4.1315372308823255,-3.685172963204394,-0.8481893593140648
1967,-1.6809821690071227,-2.758749110465896,0.32698299611019166,-0.3743579280134085,-4.1315372308823255,-3.685172963204394,-0.8481893593140648
1969,-1.6809821690071227,-2.758749110465896,0.32698299611019166,-0.3743579280134085,-4.1315372308823255,-3.685172963204394,-0.8481893593140648
1971,-1.6809821690071227,-2.758749110465896,0.32698299611019166,-0.3743579280134085,-4.1315372308823255,-3.685172963204394,-0.8481893593140648
1973,-1.6809821690071227,-2.758749110465896,0.32698299611019166,-0.3743579280134085,-4.1315372308823255,-3.685172963204394,-0.8481893593140648
1975,-1.6809821690071227,-2.758749110465896,0.32698299611019166,-0.3743579280134085,-4.1315372308823255,-3.685172963204394,-0.8481893593140648
1977,-1.6809821690071227,-2.758749110465896,0.32698299611019166,-0.3743579280134085,-4.1315372308823255,-3.685172963204394,-0.8481893593140648
1979,-1.6809821690071227,-2.758749110465896,0.32698299611019166,-0.3743579280134085,-4.1315372308823255,-3.685172963204394,-0.8481893593140648
1981,-1.6809821690071227,-2.758749110465896,0.32698299611019166,-0.3743579280134085,-4.1315372308823255,-3.685172963204394,-0.8481893593140648
1983,-1.6809821690071227,-2.758749110465896,0.32698299611019166,-0.3743579280134085,-4.1315372308823255,-3.685172963204394,-0.8481893593140648
1985,-1.6809821690071227,-2.758749110465896,0.32698299611019166,-0.3743579280134085,-4.1315372308823255,-3.685172963204394,-0.8481893593140648
1987,-1.6809821690071227,-2.758749110465896,0.32698299611019166,-0.3743579280134085,-4.1315372308823255,-3.685172963204394,-0.8481893593140648
1989,-1.6809821690071227,-2.758749110465896,0.32698299611019166,-0.3743579280134085,-4.1315372308823255,-3.685172963204394,-0.8481893593140648
1991,-1.6809821690071227,-2.758749110465896,0.32698299611019166,-0.3743579280134085,-4.1315372308823255,-3.685172963204394,-0.8481893593140648
1993,-1.6809821690071227,-2.758749110465896,0.32698299611019166,-0.3743579280134085,-4.1315372308823255,-3.685172963204394,-0.8481893593140648
1995,-1.6809821690071227,-2.758749110465896,0.32698299611019166,-0.3743579280134085,-4.1315372308823255,-3.685172963204394,-0.8481893593140648
1997,-1.6809821690071227,-2.758749110465896,0.32698299611019166,-0.3743579280134085,-4.1315372308823255,-3.685172963204394,-0.8481893593140648
1999,-1.6809821690071227,-2.758749110465896,0.32698299611019166,-0.3743579280134085,-4.1315372308823255,-3.685172963204394,-0.8481893593140648
2001,-1.6809821690071227,-2.758749110465896,0.32698299611019166,-0.3743579280134085,-4.1315372308823255,-3.685172963204394,-0.8481893593140648
2003,-1.6809821690071227,-2.758749110465896,0.32698299611019166,-0.3743579280134085,-4.1315372308823255,-3.685172963204394,-0.8481893593140648
2005,-1.6809821690071227,-2.758749110465896,0.32698299611019166,-0.3743579280134085,-4.1315372308823255,-3.685172963204394,-0.8481893593140648
2007,-1.6809821690071227,-2.758749110465896,0.32698299611019166,-0.3743579280134085,-4.1315372308823255,-3.685172963204394,-0.8481893593140648
2009,-1.6809821690071227,-2.758749110465896,0.32698299611019166,-0.3743579280134085,-4.1315372308823255,-3.685172963204394,-0.8481893593140648
2011,-1.6809821690071227,-2.758749110465896,0.32698299611019166,-0.3743579280134085,-4.1315372308823255,-3.685172963204394,-0.8481893593140648
2013,-1.6809821690071227,-2.758749110465896,0.32698299611019166,-0.3743579280134085,-4.1315372308823255,-3.685172963204394,-0.8481893593140648
2015,-1.6809821690071227,-2.758749110465896,0.32698299611019166,-0.3743579280134085,-4.1315372308823255,-3.685172963204394,-0.8481893593140648
2017,-1.6809821690071227,-2.758749110465896,0.32698299611019166,-0.3743579280134085,-4.1315372308823255,-3.685172963204394,-0.8481893593140648
2019,-1.6809821690071227,-2.758749110465896,0.32698299611019166,-0.3743579280134085,-4.1315372308823255,-3.685172963204394,-0.8481893593140648
2021,-1.6809821690071227,-2.758749110465896,0.32698299611019166,-0.3743579280134085,-4.1315372308823255,-3.685172963204394,-0.8481893593140648
2023,-1.6809821690071227,-2.758749110465896,0.32698299611019166,-0.3743579280134085,-4.1315372308823255,-3.685172963204394,-0.8481893593140648
2025,-1.6809821690071227,-2.758749110465896,0.32698299611019166,-0.3743579280134085,-4.1315372308823255,-3.685172963204394,-0.8481893593140648
2027,-1.6809821690071227,-2.758749110465896,0.32698299611019166,-0.3743579280134085,-4.1315372308823255,-3.685172963204394,-0.8481893593140648
2029,-1.6809821690071227,-2.758749110465896,0.32698299611019166,-0.3743579280134085,-4.1315372308823255,-3.685172963204394,-0.8481893593140648
2031,-1.6809821690071227,-2.758749110465896,0.32698299611019166,-0.3743579280134085,-4.1315372308823255,-3.685172963204394,-0.8481893593140648
2033,-1.6809821690071227,-2.758749110465896,0.32698299611019166,-0.3743579280134085,-4.1315372308823255,-3.685172963204394,-0.8481893593140648
2035,-1.6809821690071227,-2.758749110465896,0.32698299611019166,-0.3743579280134085,-4.1315372308823255,-3.685172963204394,-0.8481893593140648
2037,-1.6809821690071227,-2.758749110465896,0.32698299611019166,-0.3743579280134085,-4.1315372308823255,-3.685172963204394,-0.8481893593140648
2039,-1.6809821690071227,-2.758749110465896,0.32698299611019166,-0.3743579280134085,-4.1315372308823255,-3.685172963204394,-0.8481893593140648
2041,-1.6809821690071227,-2.758749110465896,0.32698299611019166,-0.3743579280134085,-4.1315372308823255,-3.685172963204394,-0.8481893593140648
2043,-1.6809821690071227,-2.758749110465896,0.32698299611019166,-0.3743579280134085,-4.1315372308823255,-3.685172963204394,-0.8481893593140648
2045,-1.6809821690071227,-2.758749110465896,0.32698299611019166,-0.3743579280134085,-4.1315372308823255,-3.685172963204394,-0.8481893593140648
2047,-1.6809821690071227,-2.758749110465896,0.32698299611019166,-0.3743579280134085,-4.1315372308823255,-3.685172963204394,-0.8481893593140648
2049,-1.6809821690071227,-2.758749110465896,0.32698299611019166,-0.3743579280134085,-4.1315372308823255,-3.685172963204394,-0.8481893593140648
2051,-1.6805220442398654,-2.352612207422754,0.3270781946600997,-0.374120425294563,-4.130843425609392,-3.6845542163710814,-0.8479770622814335
2053,-1.6805220442398654,-2.352612207422754,0.3270781946600997,-0.374120425294563,-4.130843425609392,-3.6845542163710814,-0.8479770622814335
2055,-1.6805220442398654,-2.352612207422754,0.3270781946600997,-0.374120425294563,-4.130843425609392,-3.6845542163710814,-0.8479770622814335
2057,-1.6805220442398654,-2.352612207422754,0.3270781946600997,-0.374120425294563,-4.130843425609392,-3.6845542163710814,-0.8479770622814335
2059,-1.6805220442398654,-2.352612207422754,0.3270781946600997,-0.374120425294563,-4.130843425609392,-3.6845542163710814,-0.8479770622814335
2061,-1.6805220442398654,-2.352612207422754,0.3270781946600997,-0.374120425294563,-4.130843425609392,-3.6845542163710814,-0.8479770622814335
2063,-1.6805220442398654,-2.352612207422754,0.3270781946600997,-0.374120425294563,-4.130843425609392,-3.6845542163710814,-0.8479770622814335
2065,-1.6805220442398654,-2.352612207422754,0.3270781946600997,-0.374120425294563,-4.130843425609392,-3.6845542163710814,-0.8479770622814335
2067,-1.6805220442398654,-2.352612207422754,0.3270781946600997,-0.374120425294563,-4.130843425609392,-3.6845542163710814,-0.8479770622814335
2069,-1.6805220442398654,-2.352612207422754,0.3270781946600997,-0.374120425294563,-4.130843425609392,-3.6845542163710814,-0.8479770622814335
2071,-1.6805220442398654,-2.352612207422754,0.3270781946600997,-0.374120425294563,-4.130843425609392,-3.6845542163710814,-0.8479770622814335
2073,-1.6805220442398654,-2.352612207422754,0.3270781946600997,-0.374120425294563,-4.130843425609392,-3.6845542163710814,-0.8479770622814335
2075,-1.6805220442398654,-2.352612207422754,0.3270781946600997,-0.374120425294563,-4.130843425609392,-3.6845542163710814,-0.8479770622814335
2077,-1.6805220442398654,-2.352612207422754,0.3270781946600997,-0.374120425294563,-4.130843425609392,-3.6845542163710814,-0.8479770622814335
2079,-1.6921551441738711,-2.3695968563047036,0.32467133825188477,-0.38012508546401624,-4.148384550645727,-3.7001976771408014,-0.8533444599353648
2081,-1.6950876001588582,-2.373878323458715,0.3240646211670738,-0.38163873202010323,-4.152806293550715,-3.7041410594224207,-0.8546974662246054
2083,0.9114179772413844,1.1265124339657042,0.33781031530827477,0.7205355515794714,1.610473764479078,2.053367532857094,-0.504473882710001
2085,0.881020273047167,1.0860864343005598,0.3292349331026547,0.7597661858725226,1.6313653782731166,2.0639792933152785,-0.49460983246225343
2087,0.881404412172714,1.0841581766607282,0.32931441043210374,0.7599644670632442,1.6279446022484496,2.058918340913068,-0.4944325944557941
2089,0.882464876909713,1.085706484619208,0.32953381767199774,0.7605118474178783,1.631045515788232,2.062439603850975,-0.6153041634823315
2091,0.8797762826467861,1.0824039212925083,0.32897755490734126,0.7591240750292627,1.6284911084111506,2.0602185277106537,-0.6165446543765098
2093,0.8763125938315137,1.0792130919429486,0.32826092720978917,0.7573362218872424,1.6315588855651164,2.0693986361326724,-0.5863940679432431
2095,0.8779784321333213,1.0822665730996066,0.32860558457665623,0.7581960780697186,1.630928425766431,2.067277444535722,-0.6173741648838409
2097,0.8641545544859865,1.0794578606372243,0.3280316430215817,1.0145933096812394,1.6310430775919365,2.073390363218368,-0.586905381958349
2099,0.8641545544859865,1.0794578606372243,0.3280316430215817,1.0145933096812394,1.6310430775919365,2.073390363218368,-0.586905381958349
2101,-1.897949409784665,0.9226733958471636,-0.41105411033370376,0.7664130042952264,1.5695843388486903,2.0440864935737313,0.5992666029323339
2103,-1.897949409784665,0.9226733958471636,-0.41105411033370376,0.7664130042952264,1.5695843388486903,2.0440864935737313,0.5992666029323339
2105,-1.897949409784665,0.9226733958471636,-0.41105411033370376,0.7664130042952264,1.5695843388486903,2.0440864935737313,0.5992666029323339
2107,-1.897949409784665,0.9226733958471636,-0.41105411033370376,0.7664130042952264,1.5695843388486903,2.0440864935737313,0.5992666029323339
2109,-1.897949409784665,0.9226733958471636,-0.41105411033370376,0.7664130042952264,1.5695843388486903,2.0440864935737313,0.5992666029323339
2111,-1.897949409784665,0.9226733958471636,-0.41105411033370376,0.7664130042952264,1.5695843388486903,2.0440864935737313,0.5992666029323339
2113,2.0086288602634594,1.9350382490912343,0.39720619833710497,0.8369623604520889,1.431892015580655,1.2763837774194102,0.8541608048527761
2115,1.4101562442081663,1.061251613815526,0.27338385869717274,0.5280485970938991,0.5294770919057692,0.4715954626861554,0.5780314383399865
2117,-1.3903529122727227,-3.027569507240017,-0.3060337898899079,-0.9174909307625481,-3.6933080262407705,-3.2943530268117707,-0.7140958846934344
2163,-1.7438678923994355,1.8073027824473034,-0.5225853146748527,0.3340126631783791,0.6686397146420271,0.3154413983126414,-1.1970154897512075
2165,-1.7438678923994355,1.8073027824473034,-0.5225853146748527,0.3340126631783791,0.6686397146420271,0.3154413983126414,-1.1970154897512075
2167,-1.8021189785744167,1.7205289533966548,-0.5346373043286066,0.3039451851229533,0.6245700646730494,0.3614927228055178,-1.223891966790707
2169,-1.8021850832331547,1.7204324387595848,-0.534650981200842,0.3039110638643383,0.6244703878808782,0.36140382942013094,-1.2239224668287232
2171,-1.8042969075003037,1.719074742664887,-0.5350879118383545,0.30282100299201953,0.6461629502223971,0.46917385257776356,-1.2248968417314843
2173,-1.446283843738378,1.7340711994741538,-0.544905609413854,0.2783276691204464,0.663872848398019,0.5049480347258335,-0.9844264828388691
2175,-1.446283843738378,1.7340711994741538,-0.544905609413854,0.2783276691204464,0.663872848398019,0.5049480347258335,-0.9844264828388691
2177,-1.446283843738378,1.7340711994741538,-0.544905609413854,0.2783276691204464,0.663872848398019,0.5049480347258335,-0.9844264828388691
2179,-1.446283843738378,1.7340711994741538,-0.544905609413854,0.2783276691204464,0.663872848398019,0.5049480347258335,-0.9844264828388691
2181,-1.4468962648616435,1.7331770476310888,-0.5450323176613048,0.27801155555255286,0.6696683512802801,0.5182423708821098,-0.984709047909132
2183,-1.1995769020853042,1.3781031493332536,0.42658442291923104,0.5672763323489205,0.06009203036273325,-1.0918993039798395,-0.6260737138778154
2185,0.7233466522185905,1.476795453448907,0.3942012814475887,0.19880433030563283,0.435885834702777,-0.6092276638313985,-0.698289570614663
2187,0.7147055236830031,1.4641791658769492,0.3924134556996738,0.19434403677844636,0.43966331199847986,-0.6208477097365659,-0.7022765021541786
2189,0.7003094980538354,1.419630071360733,0.38943495755773816,0.1869132365459818,0.5132662523722091,-0.5066751864974459,-0.7089186864925123
2191,0.6999445094552845,1.419097177873402,0.38935944241969833,0.18672484028767955,0.5127158994413188,-0.5071660001975968,-0.7090870886345626
2193,2.245789774800192,2.051651989544686,0.27058651800939826,2.44367502191968,2.2115984446213854,3.3153664394005817,1.7514986995013282
2195,2.245774695273482,2.0517864063376408,0.27058339809676113,2.4436672383165208,2.211575706755726,3.315346161401954,1.751491741956328
2197,2.247841391985275,2.0518767686573938,0.27057403879101183,2.443643888585205,2.2115682182927525,3.3153306190444427,1.7514708702850688
2199,2.245729458782131,2.0517203598043334,0.27057403879101183,2.443643888585205,2.2115682182927525,3.3153306190444427,1.7514708702850688
2201,2.245654071591509,2.0517667012660574,0.27055844138843854,2.443604975959733,2.2115152630084385,3.3152745298728243,1.7514360873783303
2203,2.245488250394352,2.051368188861332,0.27052413343842896,2.443519383989969,2.2115687635016297,3.315459032704413,1.7513595791122927
2205,2.2454279622133826,2.0512801664432914,0.27051165997946014,2.443488265024172,2.211477857163114,3.3153779609523246,1.751331762739793
2207,2.279154901193777,2.054451153423896,0.27060679919748387,2.3754063757434976,2.220693236211611,3.3266227448119023,1.743554537426185
2209,2.312712448184492,2.0550980450028202,0.2696630557731299,2.3730519110022437,2.2209514996600817,3.3297174175031694,1.7414499472958793
2211,2.312645055150124,2.0553093906699935,0.26964911233951727,2.37301712472245,2.2209693830417283,3.329671167991946,1.7414188528140464
2213,2.3127573807375748,2.055318530454498,0.2696723521948865,2.373075103849666,2.2208997346592394,3.3296446989544135,1.7414706787330174
2215,2.3125477219307684,2.055476926925829,0.2696289743639073,2.3729668842097116,2.22106158074968,3.329717766315844,1.7413739442259502
2217,2.3126076175799644,2.055254730778154,0.26964136660913085,2.372997800562282,2.221032420890758,3.329753941690927,1.7414015794881585
2219,2.2906064351674904,2.0265508533513383,0.2574923013439887,2.3426881368678885,2.221923178144415,3.3440900305360737,1.7432961563580585
2221,2.288700255863646,2.026394587972744,0.257490885442605,2.342684604456643,2.2220221128779674,3.3441212441154162,1.743292998834519
2223,2.2815606264199286,2.023112897689412,0.25601371573063014,2.33899934009989,2.222338176916514,3.3458130633405316,1.7503348535079066
2225,2.281513244683721,2.0230437190390553,0.2560039125796154,2.338974883056988,2.2223747697625225,3.3458692250880757,1.7503129920418137
2227,2.281513244683721,2.0230437190390553,0.2560039125796154,2.338974883056988,2.2223747697625225,3.3458692250880757,1.7503129920418137
2229,2.281513244683721,2.0230437190390553,0.2560039125796154,2.338974883056988,2.2223747697625225,3.3458692250880757,1.7503129920418137
2231,2.2813237521038974,2.0227670546114904,0.2559647070855815,2.3388770726235757,2.222305081894966,3.3457342707466085,1.7502255620331182
2233,2.2813237521038974,2.0227670546114904,0.2559647070855815,2.3388770726235757,2.222305081894966,3.3457342707466085,1.7502255620331182
2235,2.28444251228967,2.021924854827436,0.25582478024314836,2.338527981113784,2.221933140897063,3.3455836116939706,1.7421715447500357
2237,2.2841316443332498,2.02205169908944,0.25576046251724005,2.338367520321177,2.2218960569455906,3.3458440156427427,1.7420281133388524
2239,2.2841181316909087,2.02203197025646,0.25575766678867295,2.338360545497123,2.2220375071182,3.3459455215642047,1.7420218787388566
2241,2.2840505726722404,2.022368651091462,0.25574368901336464,2.3383256735411706,2.2220974365575312,3.346133862796905,1.7419907076735033
2243,2.284023551021303,2.022619306072622,0.25573809830804217,2.3383117257686923,2.2221645431967385,3.3461772801377068,1.7419782401500856
2245,2.284707623238886,2.0224495693901545,0.2554881507170348,2.3376881529044997,2.2219054721835256,3.346385332463922,1.7362260289435985
2247,2.284721108957777,2.0224692589141497,0.2554909408752142,2.3376951138314697,2.221818123608646,3.346403467210089,1.73623225112138
2249,2.284707623238886,2.0224495693901545,0.2554881507170348,2.3376881529044997,2.2219054721835256,3.346385332463922,1.7362260289435985
2251,2.296159553429437,2.007125385344956,0.5326517187225517,2.311446435918339,2.2187662250285847,3.3404690787859996,1.7308343000377975
2253,2.297896750730297,2.007480214730606,0.532643975374101,2.311427117700659,2.2188098316642257,3.3406430831903497,1.725688815656814
2255,2.296203219873849,2.0069160647419455,0.5326607531899037,2.3114689752381246,2.2187820442984396,3.3404530099508074,1.7308544473048735
2257,2.299555965071762,2.008271088488721,0.5326207479906087,2.3113691696884624,2.2185905321654147,3.3404547305960426,1.7256370175506874
2259,2.2988391696051673,2.0089953029645056,0.5324724449783469,2.310999181189066,2.219059121829817,3.3418806734614366,1.7278736906923693
2261,2.2913793541175123,2.008885198946423,0.5323989985510276,2.310815945980182,2.2190730630034974,3.342111692388472,1.7251425063626886
2263,2.29274949848938,2.0082854195423554,0.5323140051600996,2.3106039032395227,2.2193018303716645,3.342267159900687,1.7275203627971747
2265,2.2911739218211187,2.008585262090122,0.5323564951734385,2.3107099079391897,2.219411985605646,3.342319836805527,1.727615117431116
2267,2.2927432762335815,2.008276334876136,0.532312717792474,2.3106006914961554,2.219292448060191,3.342258792602629,1.72495009640443
2269,2.087253087794175,1.7127120385454813,1.2415754209798437,2.4105991501610644,2.0523238282386878,3.1268207503560257,1.2872202813129987
2271,2.090861594431945,1.713578124607542,1.2412185564608098,2.409708839398852,2.050818004431271,3.1251214204276634,1.2832448045252391
2273,2.089877951831369,1.7089751289713675,1.2404655152931017,2.4288835506027935,2.049837582467724,3.1242722155391265,1.2719654152445843
2275,2.089877951831369,1.7089751289713675,1.2404655152931017,2.4288835506027935,2.049837582467724,3.1242722155391265,1.2751756908748324
2277,2.0917519620423244,1.7126710761446144,1.2411278245179327,2.4094824800358126,2.051418723074354,3.1257231737100986,1.2798526728583584
2279,2.0917519620423244,1.7126710761446144,1.2411278245179327,2.4094824800358126,2.051418723074354,3.1257231737100986,1.2798526728583584
2281,2.09172858171138,1.7126369402123096,1.2411229871917102,2.4094704118044064,2.0514114944578328,3.125763176342436,1.2798418854040965
2283,2.089877951831369,1.7089751289713675,1.2404655152931017,2.4288835506027935,2.049837582467724,3.1242722155391265,1.2751756908748324
2285,2.089877951831369,1.7089751289713675,1.2404655152931017,2.4288835506027935,2.049837582467724,3.1242722155391265,1.2719654152445843
2287,2.089877951831369,1.7089751289713675,1.2404655152931017,2.4288835506027935,2.049837582467724,3.1242722155391265,1.2751756908748324
2289,2.0886053549266173,1.707472436620682,1.2402022184906454,2.428226673932853,2.048700562937423,3.1238424415198365,1.2745885272056712
2291,2.0886053549266173,1.707472436620682,1.2402022184906454,2.428226673932853,2.048700562937423,3.1238424415198365,1.2745885272056712
2293,2.0886053549266173,1.707472436620682,1.2402022184906454,2.428226673932853,2.048700562937423,3.1238424415198365,1.271378251575423
2295,2.0886053549266173,1.707472436620682,1.2402022184906454,2.428226673932853,2.048700562937423,3.1238424415198365,1.271378251575423
2297,2.0886053549266173,1.707472436620682,1.2402022184906454,2.428226673932853,2.048700562937423,3.1238424415198365,1.271378251575423
2299,2.0886053549266173,1.707472436620682,1.2402022184906454,2.428226673932853,2.048700562937423,3.1238424415198365,1.2745885272056712
2301,2.0886053549266173,1.707472436620682,1.2402022184906454,2.428226673932853,2.048700562937423,3.1238424415198365,1.2745885272056712
2303,2.0885676216484903,1.707417344987002,1.2401944115790935,2.428207197137028,2.04875531395043,3.123886563341771,1.2745711174430427
2305,3.0230597327730018,2.2912007365725344,-0.6976618688523553,0.6704190325086643,1.962077933871587,3.2564077290722,2.4235189016353655
2307,3.0230597327730018,2.2912007365725344,-0.6976618688523553,0.6704190325086643,1.962077933871587,3.2564077290722,2.4235189016353655
2309,3.0452601130020933,2.2940058707569637,-0.6979195052441027,0.6697762775132075,1.960200284608371,3.254733210902608,2.422944360935757
2311,3.0451021572382984,2.2953115855649155,-0.6979521858575644,0.6696947454461941,1.9599621089012373,3.2545208019309415,2.4228714817031514
2313,2.8607138069600646,1.3937287138973264,-0.8508811372660161,0.6135877866118644,0.8616109942277692,2.2605528843820766,1.4066396895862718
2315,2.8607138069600646,1.3937287138973264,-0.8508811372660161,0.6135877866118644,0.8616109942277692,2.2605528843820766,1.4066396895862718
2317,1.3039980748939928,0.9928558999656869,0.8011569588848526,0.11547095013413244,-0.6757661505568713,-0.6032600749363626,0.2092398278469303
2319,1.2666652237907217,0.938348900855535,0.7934328945834559,0.0962008428279415,-0.7320589884831632,-0.6534629439024058,0.1920148182997765
2321,1.259448055549762,0.9278116348481888,0.7919396823074106,0.09247555525037576,-0.7429414919638448,-0.6631681376071277,0.1886848880056755
2395,-0.9900159288322947,-0.3636248548873282,-0.22320516815492975,-0.01770170702744378,1.7701578430644842,2.325399321998656,-0.5293843462479844
2397,-0.9900159288322947,-0.3636248548873282,-0.22320516815492975,-0.01770170702744378,1.7701578430644842,2.325399321998656,-0.5293843462479844
2399,-0.9900159288322947,-0.3636248548873282,-0.22320516815492975,-0.01770170702744378,1.7701578430644842,2.325399321998656,-0.5293843462479844
2437,-0.9900159288322947,-0.2458418192309444,-0.22320516815492975,-0.01770170702744378,1.7623757026224292,2.3559827453707367,-0.5293843462479844
2439,-0.9900159288322947,-0.2458418192309444,-0.22320516815492975,-0.01770170702744378,1.7623757026224292,2.3559827453707367,-0.5293843462479844
2441,-0.9900159288322947,-0.2458418192309444,-0.22320516815492975,-0.01770170702744378,1.7623757026224292,2.3559827453707367,-0.5293843462479844
2443,-0.9900159288322947,-0.2458418192309444,-0.22320516815492975,-0.01770170702744378,1.7623757026224292,2.3559827453707367,-0.5293843462479844
2445,-0.9900159288322947,-0.2458418192309444,-0.22320516815492975,-0.01770170702744378,1.7623757026224292,2.3559827453707367,-0.5293843462479844
2447,-0.9900159288322947,-0.2458418192309444,-0.22320516815492975,-0.01770170702744378,1.7623757026224292,2.3559827453707367,-0.5293843462479844
2449,-0.9900159288322947,-0.2458418192309444,-0.22320516815492975,-0.01770170702744378,1.7623757026224292,2.3559827453707367,-0.5293843462479844
2451,-0.9900159288322947,-0.2458418192309444,-0.22320516815492975,-0.01770170702744378,1.7623757026224292,2.3559827453707367,-0.5293843462479844
2453,-0.9900159288322947,-0.2458418192309444,-0.22320516815492975,-0.01770170702744378,1.7623757026224292,2.3559827453707367,-0.5293843462479844
2455,-0.9900159288322947,-0.2458418192309444,-0.22320516815492975,-0.01770170702744378,1.7623757026224292,2.3559827453707367,-0.5293843462479844
2457,-0.8899949476935958,-0.09980840981245231,-0.20251110201819122,0.03392614839890895,1.913193674303571,2.4904846669108576,-0.48323565135554336
2459,-0.9900159288322947,-0.2458418192309444,-0.22320516815492975,-0.01770170702744378,1.7623757026224292,2.3559827453707367,-0.5293843462479844
2461,-0.8899949476935958,-0.09980840981245231,-0.20251110201819122,0.03392614839890895,1.913193674303571,2.4904846669108576,-0.48323565135554336
2463,-0.8899949476935958,-0.09980840981245231,-0.20251110201819122,0.03392614839890895,1.913193674303571,2.4904846669108576,-0.48323565135554336
2465,-0.8899949476935958,-0.09980840981245231,-0.20251110201819122,0.03392614839890895,1.913193674303571,2.4904846669108576,-0.48323565135554336
2467,-2.022944562175748,0.23848386282120515,-0.4369152638727385,-1.24401592455183,2.0596925460137374,2.90942718683526,2.7850172399040938
2469,-2.9948293999664126,-0.14440305181925162,-0.6379955660409795,-1.7456739699467418,2.5915312419190393,2.8338133759375834,1.4687760582946758
2471,-2.9948293999664126,-0.14440305181925162,-0.6379955660409795,-1.7456739699467418,2.5915312419190393,2.8338133759375834,1.4687760582946758
2473,-3.0521424612402828,-0.20680431405645106,-0.649853480920416,-1.775257267448952,2.6057156764742917,2.8548673011913044,1.45302766581614
2475,-3.0521424612402828,-0.20680431405645106,-0.649853480920416,-1.775257267448952,2.6057156764742917,2.8548673011913044,1.45302766581614
2477,-3.0521424612402828,-0.20680431405645106,-0.649853480920416,-1.775257267448952,2.6057156764742917,2.8548673011913044,1.45302766581614
2479,-3.1767163931679074,-0.2285380140087554,-0.6756274851030886,-1.8395586257662957,2.6127192919592144,2.871724233941488,1.390217135447759
2481,2.5306043802619924,0.9022382942425535,-0.6030614811397126,-1.6585199098013248,1.6983876169652143,1.8995817185330806,1.3643590764065237
2483,2.5298875988559497,0.9011917734892032,0.0899373993170608,-1.658889891043082,1.6973068085531446,1.8994226650195278,1.36402836053036
2485,2.5298875988559497,0.9011917734892032,0.0899373993170608,-1.658889891043082,1.6973068085531446,1.8994226650195278,1.36402836053036
2487,2.5298875988559497,0.9011917734892032,0.0899373993170608,-1.658889891043082,1.6973068085531446,1.8994226650195278,1.36402836053036
2489,2.5304450275121657,0.9020056348035803,0.09005272977420009,-1.6586021629509757,1.6981473347940446,1.9001722599997928,1.3642855526183317
2491,2.5298875988559497,0.9011917734892032,0.0899373993170608,-1.658889891043082,1.698351740727638,1.9098269205369602,1.36402836053036
2493,2.5246657122210983,0.8924998359611811,0.08498965436858719,-1.6712335966830663,1.6829652377575997,1.8903272485952032,1.3529946675613713
2495,2.5246657122210983,0.8924998359611811,0.08498965436858719,-1.6712335966830663,1.6829652377575997,1.8903272485952032,1.3529946675613713
2497,2.6866141883225043,0.6779889777586847,0.03269983178434377,-1.8016870021574156,1.7580394407394877,2.0417639714768656,1.6694244548349455
2499,2.6866141883225043,0.6779889777586847,0.03269983178434377,-1.8016870021574156,1.7580394407394877,2.0417639714768656,1.6694244548349455
2501,2.7056133884709097,0.6797761044001076,0.027351255195819157,-1.8150307083688737,1.757219546392692,2.037786915506537,1.6533040110852797
2503,2.7000518970759333,0.6716561725556707,0.026200597909355028,-1.8179013848052168,1.748833577347364,2.0303081718395877,1.6465274612332514
2505,2.7000518970759333,0.6716561725556707,0.026200597909355028,-1.8179013848052168,1.748833577347364,2.0303081718395877,1.6465274612332514
2507,2.7000518970759333,0.6716561725556707,0.026200597909355028,-1.8179013848052168,1.748833577347364,2.0303081718395877,1.6465274612332514
2509,2.7000518970759333,0.6716561725556707,0.026200597909355028,-1.8179013848052168,1.748833577347364,2.0303081718395877,1.6465274612332514
2511,2.6886784018274237,0.655050553722142,0.023847452997167395,-1.8237720447577328,1.7369740950839052,2.0238367148774694,1.7300477631869557
2513,2.6926461611039874,0.6596529995928604,0.02286139710285562,-1.8262320712608597,1.7390556448743482,2.0343890180230915,1.7278488143524053
2515,2.6926461611039874,0.6596529995928604,0.02286139710285562,-1.8262320712608597,1.7390556448743482,2.0343890180230915,1.7278488143524053
2517,2.6926461611039874,0.6596529995928604,0.02286139710285562,-1.8262320712608597,1.7390556448743482,2.0343890180230915,1.7278488143524053
2519,2.9595624943680323,0.3173538811580432,-0.0668184433708946,-2.0499666340115548,1.6934497464036458,2.1141992334150865,2.6606299585605813
2521,2.9595624943680323,0.3173538811580432,-0.0668184433708946,-2.0499666340115548,1.6934497464036458,2.1141992334150865,2.6593854033283764
2523,0.7283986753244989,0.7590138156689966,0.8254772717467118,0.17614561832448072,0.6000921289300556,2.2628609852595893,0.263475215447152
2525,2.7140034687185426,0.630061966451315,0.006202261279865673,-1.8677935241968966,1.705603233049752,1.9886601943951696,1.772224802519808
2527,2.7140034687185426,0.630061966451315,0.006202261279865673,-1.8677935241968966,1.705603233049752,1.9886601943951696,1.772224802519808
2529,-1.6850752633777428,0.9561885499547849,-0.6999993157227893,-1.9003618212038342,1.568772361235144,1.833507428042461,2.0501788526907636
2531,-1.6850752633777428,0.9561885499547849,-0.6999993157227893,-1.9003618212038342,1.568772361235144,1.833507428042461,2.0501788526907636
2533,-1.7877193549275094,0.947191187908194,-0.7212360961951862,-1.9533436482022333,1.5849527013582243,1.9336253553141658,2.026106831886775
2539,1.6847606837509592,0.2783393184600529,2.796468007240815,-0.5146753573267587,1.6949297998253812,2.177780267119645,-0.9736151818665948
2541,-0.3706474652449534,-0.6909746329879858,1.4482471515560786,-1.395570248792606,1.162005732222931,1.4491065889164911,0.4477975995641863
2543,-0.3741147438857897,-0.696036956068212,1.4475297811334822,-1.397359954895806,1.1567775498364865,1.4444440107814014,0.4255785441700035
2545,-0.37437404928724116,-0.6964155491536164,1.4474761315585016,-1.3974938006312205,1.1563865527252046,1.4440953131945165,0.425458903213483
2547,-1.1056672144622408,-1.2256261233786152,-0.24713310133833033,-0.07739746072231124,1.2357687740616417,1.6102629625919072,1.8508686458197574
2549,-0.8551098711483349,-2.2460998068525786,1.1910008855736067,0.4573978953933533,1.7677256889229014,2.0405286511640535,1.0369373759120397
2551,-0.8551098711483349,-2.2460998068525786,1.1910008855736067,0.4573978953933533,1.7677256889229014,2.0405286511640535,1.0369373759120397
2553,-0.8551098711483349,-2.2460998068525786,1.1910008855736067,0.4573978953933533,1.7677256889229014,2.0405286511640535,1.0369373759120397
2555,-0.8551098711483349,-2.2460998068525786,1.1910008855736067,0.4573978953933533,1.7677256889229014,2.0405286511640535,1.0369373759120397
2557,-0.8822285413227386,-2.2856938182227733,1.1853901072374966,0.4434000444706798,1.8178062182743329,2.0710718802591215,0.9789627146979283
2559,-0.8822285413227386,-2.2856938182227733,1.1853901072374966,0.4434000444706798,1.8178062182743329,2.0710718802591215,0.9789627146979283
2561,1.3389867731622696,0.211443774511749,-0.5242793454696684,0.14746481386246968,0.5711943189886686,0.496637292532939,0.8786482873379584
2563,1.3393437426634822,0.21196495989432496,-0.5242054894608312,0.14764907090124657,0.5717325802165831,0.4971173226555967,0.9394376113639682
2565,1.3389867731622696,0.211443774511749,-0.5242793454696684,0.14746481386246968,0.5711943189886686,0.496637292532939,0.9739584671422836
2567,1.3389867731622696,0.211443774511749,-0.5242793454696684,0.14746481386246968,0.5711943189886686,0.496637292532939,0.9739584671422836
2569,1.3385586671298304,0.20237985917269885,-0.5243679194313311,0.14724383826216725,0.5705487935924776,0.4960616024794069,0.939075385250431
2571,1.3385586671298304,0.20237985917269885,-0.5243679194313311,0.14724383826216725,0.5705487935924776,0.4960616024794069,0.939075385250431
2573,1.3393437426634822,0.21196495989432496,-0.5242054894608312,0.14764907090124657,0.5717325802165831,0.4971173226555967,0.9394376113639682
2575,1.3385586671298304,0.20237985917269885,-0.5243679194313311,0.14724383826216725,0.5705487935924776,0.4960616024794069,0.939075385250431
2577,1.3593218993727079,0.19988376123775975,-0.5247216358579703,0.14636138140638133,0.5679709148100525,0.49376260822912865,0.9382865817671742
2579,1.3385586671298304,0.20237985917269885,-0.5243679194313311,0.14724383826216725,0.5705487935924776,0.4960616024794069,0.939075385250431
2581,1.3593218993727079,0.19988376123775975,-0.5247216358579703,0.14636138140638133,0.5679709148100525,0.49376260822912865,0.9382865817671742
2583,1.3593218993727079,0.19988376123775975,-0.5247216358579703,0.14636138140638133,0.5679709148100525,0.49376260822912865,0.9382865817671742
2585,1.359108510724981,0.19957220788761187,-0.5247657853827861,0.14625123653348515,0.5676491538888566,0.49347565660330606,0.9381881263482672
2587,1.3573329779616166,0.19697988075767991,-0.5251331382323052,0.14533475933272078,0.5649718931084138,0.4910880318698636,0.9606257751951368
2589,1.3577586658411929,0.1976013968805459,-0.525045064579825,0.1455544867544405,0.5656137722605283,0.4916604701435885,0.9375653212229338
2591,1.3577586658411929,0.1976013968805459,-0.525045064579825,0.1455544867544405,0.5656137722605283,0.4916604701435885,0.9375653212229338
2593,1.356624114119397,0.19594491986733065,-0.5252798002132799,0.14496886490190786,0.5639030233006554,0.4901347963806346,0.9602987124048856
2595,5.079622854811008,2.4430657465541206,-0.9772177360980012,1.2998499532805599,1.0002558397089434,3.8759780015157483,2.3822314408124443
2597,2.1989963569501185,1.5276219473506352,3.111399201111297,3.4589708487121333,1.8252784692215762,2.503478802572203,-0.15523658920507621
2599,2.1838840109535935,1.507545213483441,3.109460428322861,3.518474687091067,1.8123610664218504,2.464579279028107,-0.17636725772604755
2601,2.1838840109535935,1.507545213483441,3.109460428322861,3.518474687091067,1.8123610664218504,2.464579279028107,-0.17636725772604755
2603,1.5986665088396754,-0.8194536978466802,-0.4797492692872791,3.705366984724665,-1.1526807409204984,-3.037129464336389,2.3453187040807486
2605,2.2166497646704704,1.6815911355245081,3.2817145383319195,4.529265259525928,1.621383382073427,2.2985706851546244,-0.5394619547213375
2607,2.2896989726578205,1.623911031988575,3.268432393104308,4.525981734706937,1.629547676061236,2.3294735014642587,-0.4355503411956141
2609,2.2164045210479832,1.6811999137795084,3.2816637981003645,4.533289285788873,1.6210587713078173,2.298198234847195,-0.5395751077116369
2611,2.288384554882061,1.622695360330745,3.268160443678566,4.525303271347309,1.6305986860045039,2.3304718942063154,-0.436156800602471
2613,2.287623875151354,1.622575083120669,3.2680030611326547,4.524910631096078,1.6311267045583975,2.3308290858719243,-0.4365077707329741
2615,2.288152712725598,1.6226764348454736,3.2681124761735028,4.525183601322086,1.630789735244024,2.330519516505648,-0.43626377028843155
2617,2.287651124355767,1.6226467977250714,3.268008698918166,4.524924696324891,1.6311542956280043,2.330865728887341,-0.43649519821862626
2619,2.288158166889872,1.6226843980767427,3.2681136046251034,4.525186416599455,1.6307844470518198,2.3305268509225545,-0.43626125379079195
2667,0.42553057318445386,1.824583715865499,2.194604485522377,1.0397643043184253,1.9351544953080317,2.9199428301462014,0.28555624081453423
2685,0.3998839446772733,1.7930040456512204,2.1892982685619975,1.0265262775197679,1.8977926420153466,2.8862681967634938,0.2463241650059067
2687,0.40623308474987585,1.8022739664330603,2.1906118881953787,1.0298035147755737,1.9073662776342726,2.894806120808732,0.24925359565839766
2689,0.3998839446772733,1.7930040456512204,2.1892982685619975,1.0265262775197679,1.8977926420153466,2.8862681967634938,0.2463241650059067
2691,0.40000784623889185,1.793184945371153,2.1893239034546106,1.0265902318205307,1.8979794686391074,2.88643481178696,0.24638133196526635
2693,0.40000784623889185,1.793184945371153,2.1893239034546106,1.0265902318205307,1.8979794686391074,2.88643481178696,0.24638133196526635
2695,0.3998839446772733,1.7930040456512204,2.1892982685619975,1.0265262775197679,1.8977926420153466,2.8862681967634938,0.2463241650059067
2697,0.40000784623889185,1.793184945371153,2.1893239034546106,1.0265902318205307,1.8979794686391074,2.88643481178696,0.24638133196526635
2699,0.40000784623889185,1.793184945371153,2.1893239034546106,1.0265902318205307,1.8979794686391074,2.88643481178696,0.24638133196526635
2701,0.40211777688359884,1.7962655026919796,2.1897604423068433,1.0276793152612689,1.9011609557291127,2.8892721137489934,0.24735483316929585
2703,1.5800830550035614,0.9788519306549572,2.331757051828487,0.49209670238949665,1.4360737292079682,1.1256042589775053,0.8579224225849305
2705,1.565622199176635,0.9577386796602783,2.3287651404967904,0.48463243873726713,1.4332675790409013,1.1108475503850306,0.8789018575628265
2707,1.565622199176635,0.9577386796602783,2.3287651404967904,0.48463243873726713,1.4332675790409013,1.1108475503850306,0.8789018575628265
2709,1.5655973698793324,0.9577024281968614,2.32876000338341,0.48461962259252567,1.433230139853496,1.1108141615084195,0.8788904015697683
2711,1.5655973698793324,0.9577024281968614,2.32876000338341,0.48461962259252567,1.433230139853496,1.1108141615084195,0.8788904015697683
2713,1.5568622683832936,0.9406610156980157,2.3288422206411026,0.4848247393958467,1.4338293377085893,1.1113485359068713,0.8790737497389998
2715,1.5568622683832936,0.9406610156980157,2.3288422206411026,0.4848247393958467,1.4338293377085893,1.1113485359068713,0.8790737497389998
2717,1.5568622683832936,0.9406610156980157,2.3288422206411026,0.4848247393958467,1.4338293377085893,1.1113485359068713,0.8790737497389998
2719,1.5568622683832936,0.9406610156980157,2.3288422206411026,0.4848247393958467,1.4338293377085893,1.1113485359068713,0.8790737497389998
2721,1.556266285910087,0.939790864740436,2.328718913505175,0.4845171109701598,1.4329306775800532,1.1105470961795474,0.8787987692998547
2723,1.5445867766736936,0.9481515052486724,2.322540583287113,0.46910332340580685,1.5044497687491578,1.223036577181138,0.8373692847003205
2725,1.5445867766736936,0.9481515052486724,2.322540583287113,0.46910332340580685,1.5044497687491578,1.223036577181138,0.8373692847003205
2727,1.5443259967249934,0.947770759283344,2.3224866286323587,0.46896871655296146,1.5040565482221204,1.2226858967158991,0.837248963402232
2729,1.5443259967249934,0.947770759283344,2.3224866286323587,0.46896871655296146,1.5040565482221204,1.2226858967158991,0.837248963402232
2731,1.5359164434080435,0.9430638251696353,2.3226191012606368,0.4692992111814942,1.5038793666680146,1.219522757632487,0.837544383300072
2733,1.5359164434080435,0.9430638251696353,2.3226191012606368,0.4692992111814942,1.5038793666680146,1.219522757632487,0.837544383300072
2735,1.5359164434080435,0.9430638251696353,2.3226191012606368,0.4692992111814942,1.5038793666680146,1.219522757632487,0.837544383300072
2737,1.5359164434080435,0.9430638251696353,2.3226191012606368,0.4692992111814942,1.5038793666680146,1.219522757632487,0.837544383300072
2739,1.5359164434080435,0.9430638251696353,2.3226191012606368,0.4692992111814942,1.5038793666680146,1.219522757632487,0.837544383300072
2741,1.5359164434080435,0.9430638251696353,2.3226191012606368,0.4692992111814942,1.5038793666680146,1.219522757632487,0.837544383300072
2743,1.535821547170165,0.9429252740276572,2.3225994674897974,0.4692502285661073,1.5037362761088726,1.2193951471432039,0.8375005991112103
2745,1.535821547170165,0.9429252740276572,2.3225994674897974,0.4692502285661073,1.5037362761088726,1.2193951471432039,0.8375005991112103
2747,1.5349917926873657,0.9417138094456883,2.322427793567498,0.4688219339824149,1.5024851197348355,1.218279345527658,0.8371177585708915
2749,1.535821547170165,0.9429252740276572,2.3225994674897974,0.4692502285661073,1.5037362761088726,1.2193951471432039,0.8375005991112103
2751,1.535821547170165,0.9429252740276572,2.3225994674897974,0.4692502285661073,1.5037362761088726,1.2193951471432039,0.8375005991112103
2753,1.5331464090477502,0.9390194980971058,2.322045988763635,0.4678694018369829,1.4997025333781338,1.2157977897312522,0.8268765763978014
2755,1.5398756137909895,0.9449153618173662,2.319710263459867,0.46204220057543277,1.4974332462668123,1.197587872795511,0.8026196093238434
2757,1.5398756137909895,0.9449153618173662,2.319710263459867,0.46204220057543277,1.4974332462668123,1.197587872795511,0.8026196093238434
2759,1.6102645828993585,1.0550070566144178,2.718680096094788,0.4458376934055426,1.4858731715154585,1.1744006836267218,0.7080921462582803
2761,1.6102867141007189,1.0550393687828485,2.7186846749795324,0.44584911687341156,1.485906542342879,1.174430444273689,0.7081023573764633
2763,1.6100211891644345,1.0546516950039102,2.718629738599886,0.44571206079911074,1.486230542281012,1.1740733830477303,0.7079798467878704
2765,1.60539189148261,1.0631602639926419,2.717671949630975,0.4433225550302027,1.4918425532034831,1.178701779418649,0.6953726345964544
2767,1.60539189148261,1.0631602639926419,2.717671949630975,0.4433225550302027,1.4918425532034831,1.178701779418649,0.6953726345964544
2769,1.6049088107491278,1.0624549527096319,2.7175720015547387,0.4430732031243967,1.4911141334704183,1.1780521628464786,0.6951497459072606
2771,1.604886861021162,1.062422905497395,2.7175674602163413,0.44306187332769675,1.4910810362800788,1.178022646233515,0.6951396185191134
2773,1.604886861021162,1.062422905497395,2.7175674602163413,0.44306187332769675,1.4910810362800788,1.178022646233515,0.6951396185191134
2775,1.604886861021162,1.062422905497395,2.7175674602163413,0.44306187332769675,1.4910810362800788,1.178022646233515,0.6951396185191134
2777,1.6012315654642442,1.0617372436753696,2.7168111896104836,0.4411751184848154,1.4919841974485424,1.1780020071575112,0.6934531011756775
2779,1.5293240801272954,0.9415367763025451,2.7002718942468418,0.39991264525960735,1.376053604844902,1.0763464622649614,0.8122230410156774
2781,1.5293240801272954,0.9415367763025451,2.7002718942468418,0.39991264525960735,1.376053604844902,1.0763464622649614,0.8122230410156774
2783,1.5293240801272954,0.9415367763025451,2.7002718942468418,0.39991264525960735,1.376053604844902,1.0763464622649614,0.8122230410156774
2785,1.5287063738936584,0.940634908051603,2.700144092524579,0.3995938036749409,1.3751221882541902,1.075515809791595,0.8119380374475789
2787,1.5293240801272954,0.9415367763025451,2.7002718942468418,0.39991264525960735,1.376053604844902,1.0763464622649614,0.8122230410156774
2789,1.528860745693033,0.9408602951646277,2.700176031625651,0.3996734858061226,1.375354959832725,1.075723399273432,0.8120092630743243
2791,1.528860745693033,0.9408602951646277,2.700176031625651,0.3996734858061226,1.375354959832725,1.075723399273432,0.8120092630743243
2793,1.5287063738936584,0.940634908051603,2.700144092524579,0.3995938036749409,1.3751221882541902,1.075515809791595,0.8119380374475789
2795,1.5287063738936584,0.940634908051603,2.700144092524579,0.3995938036749409,1.3751221882541902,1.075515809791595,0.8119380374475789
2797,-0.1618668274933639,1.6037995899922164,-0.5978771041515176,0.9934714784882248,2.0430100152430004,2.8912017783119195,-0.2663072658283019
2799,-0.17266560763346517,1.588033071173201,-0.6001113420871111,1.056890340867217,2.0263422410779164,2.8763712825529835,-0.2712897165523658
2801,-0.17266560763346517,1.588033071173201,-0.6001113420871111,1.056890340867217,2.0263422410779164,2.8763712825529835,-0.2712897165523658
2803,-0.17315409409819926,1.5873198673724795,-0.6002124085942881,1.0566381986837283,2.0256056702408163,2.875714396693586,-0.27151509939268026
2805,-0.1732354730018799,1.5872010519137225,-0.600229245665828,1.0565961933141927,2.0254829619745003,2.8756049634647427,-0.2715526468167697
2807,-0.1738861394700968,1.5862510608051972,-0.6003638667700495,1.05626033863681,2.0245018458540613,2.8747299881419623,-0.2718528579122479
2809,-0.17152438311578555,1.5896992906536669,-0.5998752258705247,1.0574794070185083,2.0280630517021443,2.8779059294719493,-0.27076316680779655
2811,-0.17197295915696964,1.5890443571793922,-0.5999680350207444,1.057247865408555,2.027386660329995,2.877302712638749,-0.2709701353720413
2813,-0.17197295915696964,1.5890443571793922,-0.5999680350207444,1.057247865408555,2.027386660329995,2.877302712638749,-0.2709701353720413
2815,-0.17197295915696964,1.5890443571793922,-0.5999680350207444,1.057247865408555,2.027386660329995,2.877302712638749,-0.2709701353720413
2817,-0.17197295915696964,1.5890443571793922,-0.5999680350207444,1.057247865408555,2.027386660329995,2.877302712638749,-0.2709701353720413
2819,-0.17278776350429448,1.587854720210287,-0.6001366158010975,1.0568272876401152,2.026158046717317,2.876207015024641,-0.27134607806720057
2821,-0.17303200672812258,1.5874981183223928,-0.6001871490529194,1.0567012165527785,2.025789761311641,2.8758785721064255,-0.2714587694834183
2823,-0.17295060246801652,1.5876169708022347,-0.6001703067352049,0.9877503635235947,2.0262971971800656,2.8762970151808522,-0.2714212103601241
2825,-0.17278776350429448,1.587854720210287,-0.6001366158010975,1.0568272876401152,2.026158046717317,2.876207015024641,-0.27134607806720057
2827,-0.17295060246801652,1.5876169708022347,-0.6001703067352049,0.9877503635235947,2.0262971971800656,2.8762970151808522,-0.2714212103601241
2829,-0.1618668274933639,1.6037995899922164,-0.5978771041515176,0.9934714784882248,2.0430100152430004,2.8912017783119195,-0.2663072658283019
2831,-0.16475850861967212,1.5459934091298315,-0.5984753850301185,0.9919788787013746,2.0401870345718978,2.8907056748497864,-0.26764145899962477
2833,-0.1618668274933639,1.6037995899922164,-0.5978771041515176,0.9934714784882248,2.0430100152430004,2.8912017783119195,-0.2663072658283019
2835,-0.1618668274933639,1.6037995899922164,-0.5978771041515176,0.9934714784882248,2.0430100152430004,2.8912017783119195,-0.2663072658283019
2837,-0.1618668274933639,1.6037995899922164,-0.5978771041515176,0.9934714784882248,2.0430100152430004,2.8912017783119195,-0.2663072658283019
2839,-0.16207380125055737,1.605978793411733,-0.5979199264531105,0.9933646447910165,2.0434668621630108,2.892775305408297,-0.2664027614799416
2841,-0.16207380125055737,1.605978793411733,-0.5979199264531105,0.9933646447910165,2.0434668621630108,2.892775305408297,-0.2664027614799416
2843,-0.16207380125055737,1.605978793411733,-0.5979199264531105,0.9933646447910165,2.0434668621630108,2.892775305408297,-0.2664027614799416
2845,-0.16207380125055737,1.605978793411733,-0.5979199264531105,0.9933646447910165,2.0434668621630108,2.892775305408297,-0.2664027614799416
2847,-0.16207380125055737,1.605978793411733,-0.5979199264531105,0.9933646447910165,2.0434668621630108,2.892775305408297,-0.2664027614799416
2849,-0.1629010410294458,1.5487053633817993,-0.5980910800900812,0.9929376482226855,2.0429878418748464,2.8932034803825823,-0.2667844417606604
2851,-0.1629010410294458,1.5487053633817993,-0.5980910800900812,0.9929376482226855,2.0429878418748464,2.8932034803825823,-0.2667844417606604
2853,-0.16223933304644023,1.5483599998106614,-0.597954174526792,0.9932792022015817,2.0439856070907636,2.8940933036396563,-0.2664791362190835
2855,-0.1629010410294458,1.5487053633817993,-0.5980910800900812,0.9929376482226855,2.0429878418748464,2.8932034803825823,-0.2667844417606604
2857,-0.16475850861967212,1.5459934091298315,-0.5984753850301185,0.9919788787013746,2.0401870345718978,2.8907056748497864,-0.26764145899962477
2859,-0.1646760665772633,1.546113776800647,-0.5984583279980977,0.9920214328314991,2.0403113459061375,2.8908165377206894,-0.2676034210538045
2861,-0.1640161553515287,1.5470772655118203,-0.5983217941789503,0.9923620593777358,2.041306401857619,2.89170394481165,-0.2672989445183229
2863,-0.16380979628371284,1.5473785554801296,-0.5982790990549005,0.9924685757905702,2.041617563132898,2.8919814435007494,-0.2672037324783041
2865,-0.16380979628371284,1.5473785554801296,-0.5982790990549005,0.9924685757905702,2.041617563132898,2.8919814435007494,-0.2672037324783041
2867,-0.16393361954803032,1.54719777007643,-0.5983047177480174,0.9924046619045457,2.041430854570769,2.8918149337665673,-0.26726086331206034
2869,-0.16397488875349753,1.547137515890661,-0.5983132562332194,0.9923833599682002,2.0413686262483646,2.89175943753595,-0.26727990451671424
2871,-0.16397488875349753,1.547137515890661,-0.5983132562332194,0.9923833599682002,2.0413686262483646,2.89175943753595,-0.26727990451671424
2873,-0.1640161553515287,1.5470772655118203,-0.5983217941789503,0.9923620593777358,2.041306401857619,2.89170394481165,-0.2672989445183229
2875,-0.16397488875349753,1.547137515890661,-0.5983132562332194,0.9923833599682002,2.0413686262483646,2.89175943753595,-0.26727990451671424
2877,-0.16397488875349753,1.547137515890661,-0.5983132562332194,0.9923833599682002,2.0413686262483646,2.89175943753595,-0.26727990451671424
2879,-0.16397488875349753,1.547137515890661,-0.5983132562332194,0.9923833599682002,2.0413686262483646,2.89175943753595,-0.26727990451671424
2881,-0.1640161553515287,1.5470772655118203,-0.5983217941789503,0.9923620593777358,2.041306401857619,2.89170394481165,-0.2672989445183229
2883,0.21404411351190777,0.013475344417442692,-0.20138831769314902,-0.6564198935918817,0.24740007214933835,-0.8224460699930725,0.7131906764794744
2885,0.21404411351190777,0.013475344417442692,-0.20138831769314902,-0.6564198935918817,0.24740007214933835,-0.8224460699930725,0.7131906764794744
2887,0.21404411351190777,0.013475344417442692,-0.20138831769314902,-0.6564198935918817,0.24740007214933835,-0.8224460699930725,0.7131906764794744
2889,0.21404411351190777,0.013475344417442692,-0.20138831769314902,-0.6564198935918817,0.24740007214933835,-0.8224460699930725,0.7131906764794744
2891,0.21404411351190777,0.013475344417442692,-0.20138831769314902,-0.6564198935918817,0.24740007214933835,-0.8224460699930725,0.7131906764794744
2893,-0.002600367486639499,-0.20752143289602198,-0.2462114654657791,-0.7682453307809072,0.6546989743714282,-0.0723220606954218,0.3356013115924945
2895,-0.051043680671677194,-0.19123863812384512,-0.256234253839988,-0.793250328142636,0.6208737910247515,-0.1374655799348714,0.31325004434532433
2897,-0.09322925040442254,-0.2528307411626236,-0.2649623322903969,-0.8150252644654497,0.5572637165296475,-0.19419407955287582,0.25296404373058134
2899,0.2001352770975644,-0.4437511455466723,0.6410003513120357,0.6946865221507035,1.2965576109839905,1.3725166237952395,1.3882441091754312
2901,0.2001352770975644,-0.4437511455466723,0.6410003513120357,0.6946865221507035,1.2965576109839905,1.3725166237952395,1.3882441091754312
2903,0.2001352770975644,-0.4437511455466723,0.6410003513120357,0.6946865221507035,1.2965576109839905,1.3725166237952395,1.3882441091754312
2905,0.1135179299912994,-0.48547364868778153,0.6230794602229921,0.6499772239324089,1.4490501735781418,1.5602238271855535,1.6642282295211812
2907,0.2001352770975644,-0.4437511455466723,0.6410003513120357,0.6946865221507035,1.2965576109839905,1.3725166237952395,1.3882441091754312
2909,0.19931525554589546,-0.44494839977896916,0.6408306911064408,0.694263251416563,1.295321130540092,1.3714139104130263,1.3878657593136086
2911,0.1130552491180814,-0.4861491756084284,0.6229837328217851,0.6497384018276953,1.4483525140467108,1.5596016430617903,1.6640147531264526
2913,0.11345703220004166,-0.48556256115376684,0.62306686063733,0.6499457903039141,1.4489583480306134,1.56014193566791,1.6642001318805026
2915,0.1130552491180814,-0.4861491756084284,0.6229837328217851,0.6497384018276953,1.4483525140467108,1.5596016430617903,1.6640147531264526
2917,0.10594937265199933,-0.4718313399442051,0.621513546508129,0.6460705597540444,1.4666492191736804,1.5864992912443867,1.650652052693765
2919,0.10259887695980963,-0.47672315667707554,0.6208203381566844,0.644341133535328,1.4698774959218692,1.5919517083034167,1.6457220690195724
2921,0.1130552491180814,-0.4861491756084284,0.6229837328217851,0.6497384018276953,1.4483525140467108,1.5596016430617903,1.6640147531264526
2923,0.10567251595021121,-0.47223555841539255,0.6214562656173399,0.6459276545594439,1.465014224481937,1.5842005800813554,1.650524313740254
2925,0.10594937265199933,-0.4718313399442051,0.621513546508129,0.6460705597540444,1.4666492191736804,1.5864992912443867,1.650652052693765
2927,0.10300626265157264,-0.4700493161801722,0.6209046251368009,0.6445514139120818,1.4698882168474743,1.5917370492063156,1.6459100327625658
2929,0.10299427709192654,-0.4700668154300187,0.620902145357447,0.6445452273226926,1.4698701442613569,1.5917209317799035,1.6459045027434747
2931,0.10299427709192654,-0.4700668154300187,0.620902145357447,0.6445452273226926,1.4698701442613569,1.5917209317799035,1.6459045027434747
2933,0.10299427709192654,-0.4700668154300187,0.620902145357447,0.6445452273226926,1.4698701442613569,1.5917209317799035,1.6459045027434747
2935,0.10300626265157264,-0.4700493161801722,0.6209046251368009,0.6445514139120818,1.4698882168474743,1.5917370492063156,1.6459100327625658
2937,0.10299427709192654,-0.4700668154300187,0.620902145357447,0.6445452273226926,1.4698701442613569,1.5917209317799035,1.6459045027434747
2939,0.10259887695980963,-0.47672315667707554,0.6208203381566844,0.644341133535328,1.4698774959218692,1.5919517083034167,1.6457220690195724
2941,0.10259887695980963,-0.47672315667707554,0.6208203381566844,0.644341133535328,1.4698774959218692,1.5919517083034167,1.6457220690195724
2943,0.10259887695980963,-0.47672315667707554,0.6208203381566844,0.644341133535328,1.4698774959218692,1.5919517083034167,1.6457220690195724
2945,0.10259887695980963,-0.47672315667707554,0.6208203381566844,0.644341133535328,1.4698774959218692,1.5919517083034167,1.6457220690195724
2947,0.14445505733457775,-0.47002136350655555,0.6196261544016266,0.5723689951488113,1.4645876220080218,1.5883733735012964,1.632837431656741
2949,0.10259887695980963,-0.47672315667707554,0.6208203381566844,0.644341133535328,1.4698774959218692,1.5919517083034167,1.6457220690195724
2951,0.14445505733457775,-0.47002136350655555,0.6196261544016266,0.5723689951488113,1.4645876220080218,1.5883733735012964,1.632837431656741
2953,-0.8069570014220511,-2.1757952801487006,-0.1853307791255433,-0.616359314187447,-2.813626713781339,-2.509838916524717,-0.4449227613663276
2955,-0.8060797050106241,-2.174514403030992,-0.18514926890885763,-0.6159064798742901,-2.8123038706755406,-2.5086591835151637,-0.44451798544871246
2957,-0.7909824994023773,-2.1524720636881396,-0.18202569855611572,-0.6081137513926167,-2.7895393476528003,-2.488357411416171,-0.4375522835788488
2959,-0.8069570014220511,-2.1757952801487006,-0.1853307791255433,-0.616359314187447,-2.813626713781339,-2.509838916524717,-0.4449227613663276
2961,-0.7909824994023773,-2.1524720636881396,-0.18202569855611572,-0.6081137513926167,-2.7895393476528003,-2.488357411416171,-0.4375522835788488
2963,-0.8069570014220511,-2.1757952801487006,-0.1853307791255433,-0.616359314187447,-2.813626713781339,-2.509838916524717,-0.4449227613663276
2965,-0.8069570014220511,-2.1757952801487006,-0.1853307791255433,-0.616359314187447,-2.813626713781339,-2.509838916524717,-0.4449227613663276
2967,-0.8069570014220511,-2.1757952801487006,-0.1853307791255433,-0.616359314187447,-2.813626713781339,-2.509838916524717,-0.4449227613663276
2969,-0.8069570014220511,-2.1757952801487006,-0.1853307791255433,-0.616359314187447,-2.813626713781339,-2.509838916524717,-0.4449227613663276
2971,-0.8069570014220511,-2.1757952801487006,-0.1853307791255433,-0.616359314187447,-2.813626713781339,-2.509838916524717,-0.4449227613663276
3001,0.872099902306271,-0.32951402933416674,-0.5613563257989782,-0.16817892409650081,-0.8536135850631767,-1.4274716719900642,-1.2834765820863785
3003,0.872099902306271,-0.32951402933416674,-0.5613563257989782,-0.16817892409650081,-0.8536135850631767,-1.4274716719900642,-1.2834765820863785
3005,0.872099902306271,-0.32951402933416674,-0.5613563257989782,-0.16817892409650081,-0.8536135850631767,-1.4274716719900642,-1.2834765820863785
3007,0.872099902306271,-0.32951402933416674,-0.5613563257989782,-0.16817892409650081,-0.8536135850631767,-1.4274716719900642,-1.2834765820863785
3009,0.8405150286598699,-0.33070134578233734,-0.5615245777435263,-0.1685986814806193,-0.8457899666066675,-1.4285652323225317,-1.283851791462956
3011,0.872099902306271,-0.32951402933416674,-0.5613563257989782,-0.16817892409650081,-0.8536135850631767,-1.4274716719900642,-1.2834765820863785
3013,0.872099902306271,-0.32951402933416674,-0.5613563257989782,-0.16817892409650081,-0.8536135850631767,-1.4274716719900642,-1.2834765820863785
3015,0.872099902306271,-0.32951402933416674,-0.5613563257989782,-0.16817892409650081,-0.8536135850631767,-1.4274716719900642,-1.2834765820863785
3017,0.872099902306271,-0.32951402933416674,-0.5613563257989782,-0.16817892409650081,-0.8536135850631767,-1.4274716719900642,-1.2834765820863785
3019,0.872099902306271,-0.32951402933416674,-0.5613563257989782,-0.16817892409650081,-0.8536135850631767,-1.4274716719900642,-1.2834765820863785
3021,0.872099902306271,-0.32951402933416674,-0.5613563257989782,-0.16817892409650081,-0.8536135850631767,-1.4274716719900642,-1.2834765820863785
3023,0.872099902306271,-0.32951402933416674,-0.5613563257989782,-0.16817892409650081,-0.8536135850631767,-1.4274716719900642,-1.2834765820863785
3025,0.872099902306271,-0.32951402933416674,-0.5613563257989782,-0.16817892409650081,-0.8536135850631767,-1.4274716719900642,-1.2834765820863785
3027,0.872099902306271,-0.32951402933416674,-0.5613563257989782,-0.16817892409650081,-0.8536135850631767,-1.4274716719900642,-1.2834765820863785
3029,0.872099902306271,-0.32951402933416674,-0.5613563257989782,-0.16817892409650081,-0.8536135850631767,-1.4274716719900642,-1.2834765820863785
3031,0.872099902306271,-0.32951402933416674,-0.5613563257989782,-0.16817892409650081,-0.8536135850631767,-1.4274716719900642,-1.2834765820863785
3033,0.872099902306271,-0.32951402933416674,-0.5613563257989782,-0.16817892409650081,-0.8536135850631767,-1.4274716719900642,-1.2834765820863785
3035,0.7879902367070852,-0.15681133905337497,0.551047338849332,0.8977144607989427,1.7899355229082854,2.362839792676474,-0.4356500869689566
3037,0.7865979562384608,-0.158844107192472,0.5507592798464049,0.8969958070332149,1.7912555604682279,2.367666237991572,-0.43629247145488903
3039,0.6838388247115454,-0.1702444701740573,0.5504924503856539,0.8963301170362801,1.7968969450927528,2.3789765936007514,-0.39142513903360676
3041,0.6838388247115454,-0.1702444701740573,0.5504924503856539,0.8963301170362801,1.7968969450927528,2.3789765936007514,-0.39142513903360676
3043,0.6838174703820772,-0.17027564808795592,0.5504880322335692,0.8963190945665742,1.7970384623505389,2.3791675130483307,-0.3914349917107556
3045,0.6804805521215749,-0.17378245346826482,0.5497976330154293,0.8945966766142464,1.7956479419542504,2.3764355841273437,-0.3929746129075462
3047,0.6803955770036985,-0.1739065194995888,0.5497800518970553,0.8945528149859099,1.7956063424776652,2.3763213149359474,-0.39301381958942105
3049,0.6800628641974069,-0.17439228943412566,0.5497112145317389,0.8943810785315556,1.7956236881845324,2.376202688832122,-0.39316732999903303
3051,0.6803460132898809,-0.17397888389783667,0.5497697973008691,0.8945272316710664,1.7956181310723967,2.376583449914313,-0.3930366877984772
3053,0.6802610556727076,-0.1741029243776513,0.549752219803342,0.8944833790760729,1.7957495533927617,2.3770169393857534,-0.39307588640570046
3055,0.6782183238005488,-0.17300095278264216,0.549329584192485,0.8934289816429546,1.797243295125714,2.3802753703739077,-0.35053327081864794
3057,0.6736401466704076,-0.17697151262835042,0.5483823719252361,0.8910658627822885,1.797973981864546,2.3824663102228074,-0.3315921874262333
3059,0.6736401466704076,-0.17697151262835042,0.5483823719252361,0.8910658627822885,1.797973981864546,2.3824663102228074,-0.3315921874262333
3061,0.6732408161502828,-0.17484818467689411,0.5482997515379955,0.8908597402455403,1.7979698044257475,2.3830082972137143,-0.33177643459242434
3063,0.6732828394464279,-0.17478682949780033,0.5483084460424863,0.8908814314210636,1.798033169813845,2.3830648074980223,-0.33175704545776386
3065,0.6731567776684231,-0.17497088319363296,0.5482823642070391,0.890816362080856,1.7980992443570791,2.383110944226904,-0.3528686183175047
3067,0.6729537293005197,-0.1739169003502825,0.548240354057703,0.8907115545528423,1.798049168042608,2.3830535077363537,-0.3529623028332147
3069,0.6728697277467757,-0.17403954495094442,0.5482229743670726,0.8906681954493534,1.7979225051783825,2.3829405477327414,-0.35300106032219425
3071,0.6725618144464733,-0.17314048904691415,0.5481592679513956,0.8905092597623518,1.7959206720532528,2.3771222352274526,-0.35314312848416574
3073,0.6725967972846552,-0.17308941313191628,0.5481665058044813,0.8905273168628867,1.795887933040559,2.3772776496620045,-0.35312698774741946
3075,0.672638779163901,-0.17302811842264187,0.5481751917399298,0.8905489866602387,1.7958657403164882,2.377117349075598,-0.35310761772210775
3077,0.6809586065621054,-0.17095262240147058,0.5478975183490686,0.8898562430696648,1.7985335021182944,2.3846982880221033,-0.35372684182770087
3079,0.6809236932868088,-0.17100359675272614,0.5478902948883526,0.8898382218754222,1.7983106449036814,2.3842217394412595,-0.3537429504688179
3081,0.680679352600817,-0.1700189591138841,0.5478397414718768,0.8897121004810149,1.7986228898385495,2.385288689278254,-0.35385568685311775
3083,0.6807910398582897,-0.16985589261711986,0.5478628492585276,0.8897697501212818,1.7986211730671737,2.3853316004025684,-0.35380415545330735
3085,0.6809027462173973,-0.16969279823143602,0.5478859609972544,0.889827409621244,1.79836416959016,2.384408393912463,-0.35375261524019086
3087,0.6581006580718225,-0.1729200363746246,0.545167294437201,0.8830448409763267,1.8030978763800132,2.385885794665861,-0.359815363506538
3089,0.7688706726577275,-0.18030226057546184,0.5364791119355248,0.9039290520620873,1.8044883448294122,2.3950673991391485,-0.40069660506837246
3091,0.7688706726577275,-0.18030226057546184,0.5364791119355248,0.9039290520620873,1.8044883448294122,2.3950673991391485,-0.40069660506837246
3093,0.7681844084597111,-0.1813042253578212,0.5363371257588314,0.9035748228954064,1.8043871864356973,2.3951307476031607,-0.40101324060552934
3095,0.7673580007526004,-0.18126158415393512,0.5361661442752248,0.9031482558177761,1.805238571970209,2.396873919643757,-0.4013945369765317
3097,0.7674476378456463,-0.18113071150942872,0.5361846899434504,0.9031945238190295,1.8052185132101073,2.3968961633770425,-0.4013531793052614
3099,-0.5460044161895841,-0.028789197024689628,-0.502050516717907,-1.4065162951812284,1.7111574228370907,1.9024278168310902,1.6994845314664024
3101,-0.5460044161895841,-0.028789197024689628,-0.502050516717907,-1.4065162951812284,1.7111574228370907,1.9024278168310902,1.6936874137820763
3103,-0.5460044161895841,-0.028789197024689628,-0.502050516717907,-1.4065162951812284,1.7111574228370907,1.9024278168310902,1.6936874137820763
3105,-0.5460044161895841,-0.028789197024689628,-0.502050516717907,-1.4065162951812284,1.7111574228370907,1.9024278168310902,1.6936874137820763
3107,-0.5460044161895841,-0.028789197024689628,-0.502050516717907,-1.4065162951812284,1.7111574228370907,1.9024278168310902,1.6936874137820763
3109,-0.5460044161895841,-0.028789197024689628,-0.502050516717907,-1.4065162951812284,1.7111574228370907,1.9024278168310902,1.6936874137820763
3111,-0.5551114433911657,-0.04208570958408764,-0.5039347356195121,-1.4112170717420496,1.7261048779877166,1.995851324982537,1.7181407769503352
3113,-0.5551114433911657,-0.04208570958408764,-0.5039347356195121,-1.4112170717420496,1.7261048779877166,1.995851324982537,1.7181407769503352
3115,-0.5552773641541844,-0.04232795850467497,-0.503969064169425,-1.4113027151047504,1.725854692150171,1.9956282051811183,1.7180642227455905
3117,-0.5552773641541844,-0.04232795850467497,-0.503969064169425,-1.4113027151047504,1.725854692150171,1.9956282051811183,1.7180642227455905
3119,-0.558504422866152,-0.04703955381934932,-0.5046367337488704,-1.4129684268258023,1.729330799907781,1.999610483027845,1.7444322441646865
3121,-0.558999481313383,-0.03533983289842002,-0.5047391599811659,-1.4132239612711779,1.7306590089599991,2.0112990690808674,1.738694173265452
3123,-0.5604824092261369,-0.03750494882265887,-0.5050459736911814,-1.4139894045513353,1.7294586891833283,2.0106682476660103,1.7380099649422172
3125,-0.5604824092261369,-0.03750494882265887,-0.5050459736911814,-1.4139894045513353,1.7294586891833283,2.0106682476660103,1.7380099649422172
3127,-0.6343234067599708,-0.12092340219976805,-0.5203234731635067,-1.4521039311417916,1.7081427069389425,1.9734376419077932,1.6702293991133117
3129,-0.6397394938155285,-0.1288310396716863,-0.521444046691721,-1.4548995541830527,1.7131340723454525,2.0013781960656205,1.6959013468934279
3131,-0.3765211111415727,-0.008678335243921254,-0.5265055168797501,-0.7743798026351593,1.7474153220354367,2.0503286420250424,1.6391516674668596
3133,-0.3765211111415727,-0.008678335243921254,-0.5265055168797501,-0.7743798026351593,1.7474153220354367,2.0503286420250424,1.6391516674668596
3135,-0.3813476014875654,-0.01572514515046919,-0.5275041044689861,-0.7768710933919863,1.7418752540325562,2.0472493138193366,1.6310938520802258
3137,-0.3813476014875654,-0.01572514515046919,-0.5275041044689861,-0.7768710933919863,1.7418752540325562,2.0472493138193366,1.6310938520802258
3139,-0.5019154526076806,-0.12207763456168763,-0.5524492615414234,-0.839104631953897,1.7399344466885251,2.031617534797536,1.8891225927429747
3141,-0.50145173439146,-0.12140059309145457,-0.5523533195167998,-0.8388652744035808,1.7391822913268022,2.030278404707045,1.8893365477575408
3143,-0.50145173439146,-0.12140059309145457,-0.5523533195167998,-0.8388652744035808,1.7391822913268022,2.030278404707045,1.8893365477575408
3145,-0.29417581206180765,-0.12551957698285765,-0.5556362883489523,-0.84705567251653,1.7460057269976605,2.0255021243200586,1.8734316364437338
3147,-0.11287214702728665,-0.10831359419995401,-0.5558468873567799,-0.8475810779664411,1.7444708853194353,2.0241333275335736,1.8686423300737376
3149,-0.11287214702728665,-0.10831359419995401,-0.5558468873567799,-0.8475810779664411,1.7444708853194353,2.0241333275335736,1.8686423300737376
3151,-0.11287214702728665,-0.10831359419995401,-0.5558468873567799,-0.8475810779664411,1.7444708853194353,2.0241333275335736,1.8686423300737376
3153,-0.11383203484750126,-0.10971505706753959,-0.55604548550898,-0.8480765435082044,1.7437274831571008,2.024773033324668,1.8681994472941272
3155,-0.11383203484750126,-0.10971505706753959,-0.55604548550898,-0.8480765435082044,1.7437274831571008,2.024773033324668,1.8681994472941272
3157,-0.11371918006016113,-0.1095502859447528,-0.556022136163608,-0.848018291223747,1.7438976527547938,2.024924793341211,1.8682515173807115
3159,-0.11366274535324283,-0.10946788970581345,-0.5560104599778308,-0.8479891613066374,1.7439827485810193,2.0250006831838787,1.8682775557982638
3161,-0.13048817405668256,-0.13403348274957416,-0.5594915949397556,-0.8566739471455506,1.7470568135051918,2.023368042788084,1.9111582016443687
3163,-0.13048817405668256,-0.13403348274957416,-0.5594915949397556,-0.8566739471455506,1.7470568135051918,2.023368042788084,1.9111582016443687
3165,-0.1297176937582405,-0.1329085601224378,-0.5593321846833126,-0.8562762481327638,1.7536756319720999,2.0309923953347617,1.8694907038853827
3167,-0.1291116781202133,-0.13202376046566044,-0.5592068017131551,-0.8559634408858242,1.757985009743292,2.0355526497609544,1.907669586118875
3169,-0.12944230180740846,-0.13250648022831513,-0.5592752068454714,-0.8561340989990395,1.7540908854016193,2.031362725100996,1.8696177670172385
3171,-0.13394413189903442,-0.12986262204478116,-0.5602066231202556,-0.8584578097893004,1.758801007486305,2.042053524548611,1.901299146907871
3173,-0.13443635078110994,-0.13058127527844654,-0.5603084618543237,-0.8587118785356037,1.7594028948977432,2.042313703544207,1.9010720419669815
3175,-0.14935372191628993,-0.11632111481454643,-0.563394824948779,-0.8664117818113007,1.7601432412485742,2.046833970364344,1.8774525215950222
3177,-0.04882496934970604,0.4592880975767999,-0.4830750720682546,0.02711827962841218,1.4232983661550387,0.9020675152988629,-0.4670519919089635
3179,-0.04882496934970604,0.4592880975767999,-0.4830750720682546,0.02711827962841218,1.4232983661550387,0.9020675152988629,-0.4670519919089635
3181,-0.04882496934970604,0.4592880975767999,-0.4830750720682546,0.02711827962841218,1.4232983661550387,0.9020675152988629,-0.4670519919089635
3183,0.5097173669057433,0.5025503862530831,-0.48655545805068035,0.018435362354383145,1.399582182405525,0.8794466055537979,-0.4748134086237652
3185,0.5107561320898082,0.5283597048308648,-0.48634054038865715,0.01897154204522744,1.4011484983557407,0.8808434716082516,-0.47433413260588786
3187,0.5107561320898082,0.5283597048308648,-0.48634054038865715,0.01897154204522744,1.4011484983557407,0.8808434716082516,-0.47433413260588786
3189,0.5107561320898082,0.5283597048308648,-0.48634054038865715,0.01897154204522744,1.4011484983557407,0.8808434716082516,-0.47433413260588786
3191,0.5107561320898082,0.5283597048308648,-0.48634054038865715,0.01897154204522744,1.4011484983557407,0.8808434716082516,-0.47433413260588786
3193,0.5107561320898082,0.5283597048308648,-0.48634054038865715,0.01897154204522744,1.4011484983557407,0.8808434716082516,-0.47433413260588786
3195,0.5107561320898082,0.5283597048308648,-0.48634054038865715,0.01897154204522744,1.4011484983557407,0.8808434716082516,-0.47433413260588786
3197,0.5107561320898082,0.5283597048308648,-0.48634054038865715,0.01897154204522744,1.4011484983557407,0.8808434716082516,-0.47433413260588786
3199,0.491939127579216,0.5008863558150773,-0.49023372691216793,0.0092587640123587,1.3727750268991157,0.8555395480165187,0.28611697451084295
3201,0.4871816267624878,0.5019084421858411,-0.4912180407573843,0.006803083598504678,1.391619093508357,0.922569428842305,0.25922929793347405
3203,0.4885504300859118,0.4798093814620694,-0.4909348391112833,0.007509619160186443,1.3920766358247105,0.8929468399628844,0.25986085029600114
3205,0.4879112982028335,0.541889198996822,-0.49106707374153746,0.0071797182925656955,1.394323187912705,0.8782940534920378,0.259565961144421
3207,0.4879112982028335,0.541889198996822,-0.49106707374153746,0.0071797182925656955,1.394323187912705,0.8782940534920378,0.259565961144421
3209,0.4765125972546924,0.5773031410980805,-0.4934254336437125,-0.2863860245441592,1.3867049555325632,0.8675847435850734,0.2543067128723362
3211,0.4765125972546924,0.5773031410980805,-0.4934254336437125,-0.2863860245441592,1.3867049555325632,0.8675847435850734,0.2543067128723362
3213,0.4722220303208928,0.6205188515159392,-0.49431314015170047,-0.2886006875761902,1.3928538308619602,0.8935637574742188,0.2523270875768302
3215,0.4722220303208928,0.6205188515159392,-0.49431314015170047,-0.2886006875761902,1.3928538308619602,0.8935637574742188,0.2523270875768302
3217,0.4722220303208928,0.6205188515159392,-0.49431314015170047,-0.2886006875761902,1.3928538308619602,0.8935637574742188,0.2523270875768302
3219,0.4740956862307826,0.6232544411640646,-0.4939254858928108,-0.2876335621257773,1.3941104201661982,0.8960833320406358,0.2531915739469348
3221,0.4722220303208928,0.6205188515159392,-0.49431314015170047,-0.2886006875761902,1.3928538308619602,0.8935637574742188,0.2523270875768302
3223,0.47418504214857826,0.6233849032849008,-0.4939069983989717,-0.28758743925882535,1.394245156679741,0.8962034922560997,0.2532328018867156
3225,0.47364908991929067,0.6226023981501054,-0.49401788544239733,-0.2878640818581488,1.3934370139558965,0.8954827774233491,0.2529855188104577
3227,0.47364908991929067,0.6226023981501054,-0.49401788544239733,-0.2878640818581488,1.3934370139558965,0.8954827774233491,0.2529855188104577
3229,3.4079147736444173,2.674732746014234,-0.8371209197898384,0.06013031123688606,-1.9803649083212491,-3.0572958972604014,-0.4398289624159337
3231,2.7591744276743593,0.9452742125380942,-0.47574870076505404,0.26853976800642165,0.2571986446293053,0.5723913313640505,-0.6871026336346862
3233,3.5469328388864096,0.6414104491390766,-0.4496051787029769,-1.2756749075617069,-0.7323204701928097,-1.0920068711016357,-0.8519449591248087
3235,3.5469328388864096,0.6414104491390766,-0.4496051787029769,-1.2756749075617069,-0.7323204701928097,-1.0920068711016357,-0.8519449591248087
3237,-0.24184439393798018,-0.7048069461925341,-0.401398814880334,-1.1554089740510773,-0.39934251993540926,0.11116981906613965,-0.9267641642192275
3239,3.3474522364748798,1.725836542107162,-0.710111804803377,4.396974634742409,-1.1127681944465309,-5.920674461123412,0.014032572966168777
3241,3.347362026527619,1.725704833079595,-0.7101304689935655,4.39692807105085,-1.1129042187198035,-5.92079576978396,0.013990950985610207
3243,3.347362026527619,1.725704833079595,-0.7101304689935655,4.39692807105085,-1.1129042187198035,-5.92079576978396,0.013990950985610207
3245,3.347362026527619,1.725704833079595,-0.7101304689935655,4.39692807105085,-1.1129042187198035,-5.92079576978396,0.013990950985610207
3247,3.347362026527619,1.725704833079595,-0.7101304689935655,4.39692807105085,-1.1129042187198035,-5.92079576978396,0.013990950985610207
3249,3.347362026527619,1.725704833079595,-0.7101304689935655,4.39692807105085,-1.1129042187198035,-5.92079576978396,0.013990950985610207
3251,3.347362026527619,1.725704833079595,-0.7101304689935655,4.39692807105085,-1.1129042187198035,-5.92079576978396,0.013990950985610207
3253,3.3488972926911154,1.7279463643030226,-0.7098128266432986,4.397720529779284,-1.110589247139508,-5.918731240455064,0.03411739351899401
3255,3.3488972926911154,1.7279463643030226,-0.7098128266432986,4.397720529779284,-1.110589247139508,-5.918731240455064,0.03411739351899401
3257,3.3488972926911154,1.7279463643030226,-0.7098128266432986,4.397720529779284,-1.110589247139508,-5.918731240455064,0.03411739351899401
3259,3.3488972926911154,1.7279463643030226,-0.7098128266432986,4.397720529779284,-1.110589247139508,-5.918731240455064,0.03411739351899401
3261,3.3484272986466226,1.7272601599492727,-0.7099100671195455,4.397477932833083,-1.1112979339338764,-5.91936325887137,0.014482457042016117
3263,3.3488972926911154,1.7279463643030226,-0.7098128266432986,4.397720529779284,-1.110589247139508,-5.918731240455064,0.03411739351899401
3265,3.347975700011395,1.7266008134037758,-0.7100035016361665,4.3972448310499885,-1.1119788829648058,-5.919970540298842,0.014274093882669758
3267,3.347975700011395,1.7266008134037758,-0.7100035016361665,4.3972448310499885,-1.1119788829648058,-5.919970540298842,0.014274093882669758
3269,3.3474883239427107,1.7258892308121165,-0.7101043384054524,4.396993262019913,-1.1127137794763975,-5.920625932967504,0.014049223368148622
3271,3.3474883239427107,1.7258892308121165,-0.7101043384054524,4.396993262019913,-1.1127137794763975,-5.920625932967504,0.014049223368148622
3273,3.3474883239427107,1.7258892308121165,-0.7101043384054524,4.396993262019913,-1.1127137794763975,-5.920625932967504,0.014049223368148622
3275,3.3474883239427107,1.7258892308121165,-0.7101043384054524,4.396993262019913,-1.1127137794763975,-5.920625932967504,0.014049223368148622
3277,3.3474883239427107,1.7258892308121165,-0.7101043384054524,4.396993262019913,-1.1127137794763975,-5.920625932967504,0.014049223368148622
3279,3.3474883239427107,1.7258892308121165,-0.7101043384054524,4.396993262019913,-1.1127137794763975,-5.920625932967504,0.014049223368148622
3281,3.3474883239427107,1.7258892308121165,-0.7101043384054524,4.396993262019913,-1.1127137794763975,-5.920625932967504,0.014049223368148622
3283,3.3474883239427107,1.7258892308121165,-0.7101043384054524,4.396993262019913,-1.1127137794763975,-5.920625932967504,0.014049223368148622
3285,3.3474883239427107,1.7258892308121165,-0.7101043384054524,4.396993262019913,-1.1127137794763975,-5.920625932967504,0.014049223368148622
3287,3.347343986033201,1.7256784934568739,-0.7101342015222847,4.39691875908423,-1.11293142132015,-5.920820029505642,0.01398262727929267
3289,3.347343986033201,1.7256784934568739,-0.7101342015222847,4.39691875908423,-1.11293142132015,-5.920820029505642,0.01398262727929267
3291,3.347343986033201,1.7256784934568739,-0.7101342015222847,4.39691875908423,-1.11293142132015,-5.920820029505642,0.01398262727929267
3293,3.347343986033201,1.7256784934568739,-0.7101342015222847,4.39691875908423,-1.11293142132015,-5.920820029505642,0.01398262727929267
3295,3.3473981090114067,1.725757514507709,-0.7101230036268256,4.396946695755738,-1.112849811264926,-5.92074724833028,0.014007599088001532
3297,3.3473981090114067,1.725757514507709,-0.7101230036268256,4.396946695755738,-1.112849811264926,-5.92074724833028,0.014007599088001532
3299,3.3473981090114067,1.725757514507709,-0.7101230036268256,4.396946695755738,-1.112849811264926,-5.92074724833028,0.014007599088001532
3301,3.347325946037065,1.725652154561656,-0.7101379339479108,4.396909447374808,-1.112958623169158,-5.920844288557265,0.013974303802877008
3303,3.346172421449826,1.7239679766381375,-0.710376595015088,4.396314032293465,-1.1146979806174748,-5.922395475835784,0.013442078927442536
3305,3.346172421449826,1.7239679766381375,-0.710376595015088,4.396314032293465,-1.1146979806174748,-5.922395475835784,0.013442078927442536
3307,3.3461904296131633,1.7239942690565844,-0.7103728691755806,4.396323327571743,-1.1146708267679806,-5.922371259590906,0.013450387716517964
3309,3.3461904296131633,1.7239942690565844,-0.7103728691755806,4.396323327571743,-1.1146708267679806,-5.922371259590906,0.013450387716517964
3311,3.3461904296131633,1.7239942690565844,-0.7103728691755806,4.396323327571743,-1.1146708267679806,-5.922371259590906,0.013450387716517964
3313,3.3461904296131633,1.7239942690565844,-0.7103728691755806,4.396323327571743,-1.1146708267679806,-5.922371259590906,0.013450387716517964
3315,3.3461904296131633,1.7239942690565844,-0.7103728691755806,4.396323327571743,-1.1146708267679806,-5.922371259590906,0.013450387716517964
3317,3.3461904296131633,1.7239942690565844,-0.7103728691755806,4.396323327571743,-1.1146708267679806,-5.922371259590906,0.013450387716517964
3319,3.3461904296131633,1.7239942690565844,-0.7103728691755806,4.396323327571743,-1.1146708267679806,-5.922371259590906,0.013450387716517964
3321,-0.10309899595212335,-2.073559017711513,-0.3265249857525683,-0.2754654819357575,-3.149500302552518,-3.4275363847836404,-0.759792169783021
3323,1.983300783868347,-0.5447636952630401,-0.2655647151720034,0.28208419067939805,-2.2997578686957794,-3.031322635561329,0.118089310284202
3325,1.879370552240518,0.34980853695401226,-0.34658822472292616,-1.0186667211858456,0.6361048152246989,1.7252655091481364,0.3586167179818569
3327,1.880168532889698,0.37629141884102824,-0.34642312471948733,-1.0182548273099823,0.6373080609995352,1.726338583311624,0.358984898388506
3329,1.880168532889698,0.37629141884102824,-0.34642312471948733,-1.0182548273099823,0.6373080609995352,1.726338583311624,0.358984898388506
3331,1.8767176360014233,0.2658924979165347,-0.34713710580249635,-1.020036077639771,0.6321045800573852,1.7216980343265442,0.35739268857623263
3333,2.092939439082242,0.5935551167316433,-0.36828861077688857,-1.0728051580926963,0.5164190834064133,1.5842229705221165,0.42800692023202114
3335,2.0924868076849803,0.5928942623249034,-0.36838225896913657,-1.0730387929568341,0.5157365771114639,1.5836143003012486,0.42779808056645097
3337,2.0924868076849803,0.5928942623249034,-0.36838225896913657,-1.0730387929568341,0.5157365771114639,1.5836143003012486,0.42779808056645097
3339,2.0922606095597374,0.5925640067819442,-0.3684290587396495,-1.0731555497010168,0.5153955012485918,1.5833101232961084,0.42769371498086883
3341,2.0922606095597374,0.5925640067819442,-0.3684290587396495,-1.0731555497010168,0.5153955012485918,1.5833101232961084,0.42769371498086883
3343,2.09203448974439,0.5922338655736059,-0.3684758423080605,-1.0732722660239615,0.5150545434663396,1.583006051597187,0.4275893855266997
3345,2.09203448974439,0.5922338655736059,-0.3684758423080605,-1.0732722660239615,0.5150545434663396,1.583006051597187,0.4275893855266997
3347,1.8752864663910076,0.39959537414951374,-0.3659737202378066,-1.0670299357033477,0.5332899628875793,1.5992686953982345,0.21694612140668568
3349,1.8656845513000153,0.38557631153164174,-0.36796033008376283,-1.0719861586726707,0.5188115870329195,1.5863566441915715,0.2125158924200008
3351,1.862289220069874,0.33713392172882006,-0.36866281478480034,-1.073738727662484,0.5136918915101818,1.5817908164070396,0.21094932005473588
3353,2.096226950819965,0.5655439816679078,-0.3722580057522049,-1.0827080620730747,0.4874902061609836,1.5584237270093144,0.3909841145813697
3355,2.0490163218645603,0.6945417692256592,-0.3865731305481337,-1.1184216424052813,0.8902067420466411,1.8205329338338219,0.2694485860624096
3357,2.0490163218645603,0.6945417692256592,-0.3865731305481337,-1.1184216424052813,0.8902067420466411,1.8205329338338219,0.2694485860624096
3359,2.0490163218645603,0.6945417692256592,-0.3865731305481337,-1.1184216424052813,0.8902067420466411,1.8205329338338219,0.2694485860624096
3361,2.0490163218645603,0.6945417692256592,-0.3865731305481337,-1.1184216424052813,0.8902067420466411,1.8205329338338219,0.2694485860624096
3363,2.0490163218645603,0.6945417692256592,-0.3865731305481337,-1.1184216424052813,0.8902067420466411,1.8205329338338219,0.2694485860624096
3365,2.0551753209572445,0.6027293797758304,-0.385298850560984,-1.1152425502677306,0.8409974643690248,1.7851718785221236,0.2722902875407922
3367,2.0551753209572445,0.6027293797758304,-0.385298850560984,-1.1152425502677306,0.8409974643690248,1.7851718785221236,0.2722902875407922
3369,2.0551753209572445,0.6027293797758304,-0.385298850560984,-1.1152425502677306,0.8409974643690248,1.7851718785221236,0.2722902875407922
3371,2.0551753209572445,0.6027293797758304,-0.385298850560984,-1.1152425502677306,0.8409974643690248,1.7851718785221236,0.2722902875407922
3373,2.044876851638739,0.5876933286468411,-0.3874295755624595,-1.1205583138108939,0.8314748039836832,1.7713231450214977,0.2675386752987585
3375,2.062401361128605,0.6283174764124198,-0.3838038027069193,-1.11151268326358,0.8578993695686128,1.7948890026405762,0.2756243112561385
3377,1.236578368720521,-0.12166576589640599,-0.4020571160598818,0.6347081558754539,-0.44188053475266953,-3.918460526864961,0.1703800833166298
3379,1.1194092908199744,-0.6960734723849944,-0.483455140764371,-1.3601242823702007,-1.0545259208254678,-4.447510287312353,-0.4166062677465857
3381,1.1190232130312188,-0.7537955705154884,-0.48353501919791064,-1.360323564241207,-1.0166417925455513,-4.448029460428438,-0.4167844002331421
3383,1.1516715856579376,-0.7556252467199043,-0.4837942984993646,-1.3609704179915558,-1.018531415304356,-4.44971465675625,-0.4173626046950233
3385,1.1603971476974522,-0.7727386470377051,-0.4819890036915131,-1.3564665424010436,-1.005374460097603,-4.4379810699880435,-0.41333671636897107
3387,1.361584756983567,-0.6981855726299413,-0.48375444174166393,-1.3608709827761303,-0.9811996683102384,-4.4494556061442685,-0.4172737223391644
3389,-0.19069999540451366,-1.9137768365911365,-0.34464939180891685,-1.0138296927971802,-3.2815906390423146,-3.54533669648867,-0.8002104075365106
3391,-0.19392807650649746,-1.9184899246236198,-0.34531727291804715,-1.0154959322455477,-3.2864581442265344,-3.5496776168251953,-0.8016998123410577
3393,-0.19392807650649746,-1.9184899246236198,-0.34531727291804715,-1.0154959322455477,-3.2864581442265344,-3.5496776168251953,-0.8016998123410577
3395,-0.19392807650649746,-1.9184899246236198,-0.34531727291804715,-1.0154959322455477,-3.2864581442265344,-3.5496776168251953,-0.8016998123410577
3397,-0.19392807650649746,-1.9184899246236198,-0.34531727291804715,-1.0154959322455477,-3.2864581442265344,-3.5496776168251953,-0.8016998123410577
3399,-0.19392807650649746,-1.9184899246236198,-0.34531727291804715,-1.0154959322455477,-3.2864581442265344,-3.5496776168251953,-0.8016998123410577
3401,-0.19392807650649746,-1.9184899246236198,-0.34531727291804715,-1.0154959322455477,-3.2864581442265344,-3.5496776168251953,-0.8016998123410577
3403,-0.19392807650649746,-1.9184899246236198,-0.34531727291804715,-1.0154959322455477,-3.2864581442265344,-3.5496776168251953,-0.8016998123410577
3405,-0.1917777961113163,-1.9153504555468415,-0.3448723858133236,-1.0143860214637834,-3.28321581522661,-3.546786055057761,-0.8007076941598452
3407,-0.1917777961113163,-1.9153504555468415,-0.3448723858133236,-1.0143860214637834,-3.28321581522661,-3.546786055057761,-0.8007076941598452
3409,-0.1917777961113163,-1.9153504555468415,-0.3448723858133236,-1.0143860214637834,-3.28321581522661,-3.546786055057761,-0.8007076941598452
3411,-0.1917777961113163,-1.9153504555468415,-0.3448723858133236,-1.0143860214637834,-3.28321581522661,-3.546786055057761,-0.8007076941598452
3413,-0.1917777961113163,-1.9153504555468415,-0.3448723858133236,-1.0143860214637834,-3.28321581522661,-3.546786055057761,-0.8007076941598452
3415,-0.1917777961113163,-1.9153504555468415,-0.3448723858133236,-1.0143860214637834,-3.28321581522661,-3.546786055057761,-0.8007076941598452
3417,-0.1917777961113163,-1.9153504555468415,-0.3448723858133236,-1.0143860214637834,-3.28321581522661,-3.546786055057761,-0.8007076941598452
3419,-0.1917777961113163,-1.9153504555468415,-0.3448723858133236,-1.0143860214637834,-3.28321581522661,-3.546786055057761,-0.8007076941598452
3421,-0.20298860561318466,-1.9317185486735104,-0.3471918714915967,-1.02017270787283,-3.300120183997307,-3.5618616462272836,-0.8058802511704743
3423,-0.19069999540451366,-1.9137768365911365,-0.34464939180891685,-1.0138296927971802,-3.2815906390423146,-3.54533669648867,-0.8002104075365106
3425,-0.20298860561318466,-1.9317185486735104,-0.3471918714915967,-1.02017270787283,-3.300120183997307,-3.5618616462272836,-0.8058802511704743
3427,-0.19069999540451366,-1.9137768365911365,-0.34464939180891685,-1.0138296927971802,-3.2815906390423146,-3.54533669648867,-0.8002104075365106
3429,-0.1917777961113163,-1.9153504555468415,-0.3448723858133236,-1.0143860214637834,-3.28321581522661,-3.546786055057761,-0.8007076941598452
3431,-0.1917777961113163,-1.9153504555468415,-0.3448723858133236,-1.0143860214637834,-3.28321581522661,-3.546786055057761,-0.8007076941598452
3433,-0.19069999540451366,-1.9137768365911365,-0.34464939180891685,-1.0138296927971802,-3.2815906390423146,-3.54533669648867,-0.8002104075365106
3435,-0.2040463339093026,-1.7101193100381213,-0.3474107125693924,-1.0207186757580742,-3.301715093729187,-3.5632840126815575,-0.8063682765813529
3437,-0.19069999540451366,-1.9137768365911365,-0.34464939180891685,-1.0138296927971802,-3.2815906390423146,-3.54533669648867,-0.8002104075365106
3439,-0.20298860561318466,-1.9317185486735104,-0.3471918714915967,-1.02017270787283,-3.300120183997307,-3.5618616462272836,-0.8058802511704743
3441,-0.19069999540451366,-1.9137768365911365,-0.34464939180891685,-1.0138296927971802,-3.2815906390423146,-3.54533669648867,-0.8002104075365106
3443,-0.19069999540451366,-1.9137768365911365,-0.34464939180891685,-1.0138296927971802,-3.2815906390423146,-3.54533669648867,-0.8002104075365106
3445,-0.19069999540451366,-1.9137768365911365,-0.34464939180891685,-1.0138296927971802,-3.2815906390423146,-3.54533669648867,-0.8002104075365106
3447,-0.20298860561318466,-1.9317185486735104,-0.3471918714915967,-1.02017270787283,-3.300120183997307,-3.5618616462272836,-0.8058802511704743
3449,-0.20298860561318466,-1.9317185486735104,-0.3471918714915967,-1.02017270787283,-3.300120183997307,-3.5618616462272836,-0.8058802511704743
3451,-0.20298860561318466,-1.9317185486735104,-0.3471918714915967,-1.02017270787283,-3.300120183997307,-3.5618616462272836,-0.8058802511704743
3453,-0.20298860561318466,-1.9317185486735104,-0.3471918714915967,-1.02017270787283,-3.300120183997307,-3.5618616462272836,-0.8058802511704743
3455,-0.20298860561318466,-1.9317185486735104,-0.3471918714915967,-1.02017270787283,-3.300120183997307,-3.5618616462272836,-0.8058802511704743
3457,-0.20298860561318466,-1.9317185486735104,-0.3471918714915967,-1.02017270787283,-3.300120183997307,-3.5618616462272836,-0.8058802511704743
3459,-0.20298860561318466,-1.9317185486735104,-0.3471918714915967,-1.02017270787283,-3.300120183997307,-3.5618616462272836,-0.8058802511704743
3461,-0.2040463339093026,-1.7101193100381213,-0.3474107125693924,-1.0207186757580742,-3.301715093729187,-3.5632840126815575,-0.8063682765813529
3463,-0.2040463339093026,-1.7101193100381213,-0.3474107125693924,-1.0207186757580742,-3.301715093729187,-3.5632840126815575,-0.8063682765813529
3465,-0.20298860561318466,-1.9317185486735104,-0.3471918714915967,-1.02017270787283,-3.300120183997307,-3.5618616462272836,-0.8058802511704743
3467,-0.20298860561318466,-1.9317185486735104,-0.3471918714915967,-1.02017270787283,-3.300120183997307,-3.5618616462272836,-0.8058802511704743
3469,-0.2035176838763062,-1.9324910176268573,-0.34730133633031257,-1.020445802335279,-3.3009179617195024,-3.5625731173828834,-0.8061243626664933
3471,-0.2040463339093026,-1.7101193100381213,-0.3474107125693924,-1.0207186757580742,-3.301715093729187,-3.5632840126815575,-0.8063682765813529
3473,-0.21296852999182625,-1.7231459640320905,-0.349256690420386,-1.0253240479928787,-3.315168546202739,-3.5752820205374594,-0.810484889916828
3475,-0.21296852999182625,-1.7231459640320905,-0.349256690420386,-1.0253240479928787,-3.315168546202739,-3.5752820205374594,-0.810484889916828
3477,-0.2040463339093026,-1.7101193100381213,-0.3474107125693924,-1.0207186757580742,-3.301715093729187,-3.5632840126815575,-0.8063682765813529
3479,-0.21296852999182625,-1.7231459640320905,-0.349256690420386,-1.0253240479928787,-3.315168546202739,-3.5752820205374594,-0.810484889916828
3481,-0.21296852999182625,-1.7231459640320905,-0.349256690420386,-1.0253240479928787,-3.315168546202739,-3.5752820205374594,-0.810484889916828
3483,-0.21296852999182625,-1.7231459640320905,-0.349256690420386,-1.0253240479928787,-3.315168546202739,-3.5752820205374594,-0.810484889916828
3485,-0.27507791653711133,-1.477355156155529,-0.3621069518180229,-1.057383065937653,-3.4088210138598045,-3.6588028152838614,-0.8391415487198484
3487,-0.21296852999182625,-1.7231459640320905,-0.349256690420386,-1.0253240479928787,-3.315168546202739,-3.5752820205374594,-0.810484889916828
3489,-0.27365442070279467,-1.4752768127158664,-0.36181243444171485,-1.0566482997286293,-3.406674576662488,-3.656888587660415,-0.8384847617718436
3491,-0.2743665564231079,-1.4763165506390712,-0.36195977336527596,-1.057015883005595,-3.4077483800153106,-3.657846222965418,-0.8388133341743997
3493,-0.27507791653711133,-1.477355156155529,-0.3621069518180229,-1.057383065937653,-3.4088210138598045,-3.6588028152838614,-0.8391415487198484
3495,1.6243892716948474,0.904509683670705,-0.6132901718053549,-0.07460068274289133,-0.654472201840397,0.1510393770340661,-0.7574374999308904
3497,1.6243892716948474,0.904509683670705,-0.6132901718053549,-0.07460068274289133,-0.654472201840397,0.1510393770340661,-0.7574374999308904
3499,1.6243892716948474,0.904509683670705,-0.6132901718053549,-0.07460068274289133,-0.654472201840397,0.1510393770340661,-0.7574374999308904
3501,1.616750896510807,0.8933574438321834,-0.6148705306404334,-0.07854338481603973,-0.6659898278332772,0.14076777073705227,-0.8150289922273966
3503,1.6136186399702894,0.8887842623198878,-0.6155185859111252,-0.08016016247599733,-0.6707128426732414,0.1365557092409544,-0.8164741845237282
3505,1.594498679025555,0.8608685884990503,-0.6194744532883261,-0.09002931760899324,-0.6995431310335292,0.11084438890034587,-0.8252959460576448
3507,1.6136186399702894,0.8887842623198878,-0.6155185859111252,-0.08016016247599733,-0.6707128426732414,0.1365557092409544,-0.8164741845237282
3509,1.5955934674342154,0.8624670099711089,-0.6192479445750878,-0.08946422039597568,-0.6978923397162031,0.11231659146193262,-0.8247908214761033
3511,1.5955934674342154,0.8624670099711089,-0.6192479445750878,-0.08946422039597568,-0.6978923397162031,0.11231659146193262,-0.8247908214761033
3513,1.6136186399702894,0.8887842623198878,-0.6155185859111252,-0.08016016247599733,-0.6707128426732414,0.1365557092409544,-0.8164741845237282
3515,1.5935818822393384,0.8595300397374714,-0.6196641360240074,-0.09050254084071208,-0.70092553530678,0.10961153827236725,-0.8257189470588728
3517,1.5822638295439861,0.843005368570843,-0.6220058100243047,-0.09634458299637938,-0.7179916121584586,0.09439173320460537,-0.8309409850219889
3519,1.5942164506188257,0.8604565271895108,-0.6195328455701057,-0.09017499551790742,-0.6999686929043403,0.11046486589841198,-0.8254261634628715
3521,1.5935818822393384,0.8595300397374714,-0.6196641360240074,-0.09050254084071208,-0.70092553530678,0.10961153827236725,-0.8257189470588728
3523,1.5942164506188257,0.8604565271895108,-0.6195328455701057,-0.09017499551790742,-0.6999686929043403,0.11046486589841198,-0.8254261634628715
3525,1.5762656034040732,0.8342477918734108,-0.6232468265293352,-0.09944068891776192,-0.7270361175193099,0.08632569613452734,-0.8337085074445376
3527,1.5724336137338013,0.8286529805644705,-0.6240396546616842,-0.1014186480063426,-0.7328142343003492,0.0811726775567676,-0.8354765497103811
3529,1.5822638295439861,0.843005368570843,-0.6220058100243047,-0.09634458299637938,-0.7179916121584586,0.09439173320460537,-0.8309409850219889
3531,1.5712407129506247,0.826911312301652,-0.6242864625555937,-0.10203438790881769,-0.7346129656713796,0.07956853964772836,-0.8360269423745303
3533,1.5714109940163525,0.827159927385253,-0.6242512318710325,-0.10194649388755206,-0.7343562050931851,0.0797975229098542,-0.8359483763690907
3535,1.576128358797535,0.8340474109374441,-0.6232752220612752,-0.09951153050143446,-0.7272430636314802,0.0861411382238737,-0.8337718307533137
3537,1.5762656034040732,0.8342477918734108,-0.6232468265293352,-0.09944068891776192,-0.7270361175193099,0.08632569613452734,-0.8337085074445376
3539,1.5721948592174075,0.828304392341817,-0.6240890523150209,-0.10154188598615921,-0.7331742434852444,0.08085161550692721,-0.8355867086910851
3541,1.576128358797535,0.8340474109374441,-0.6232752220612752,-0.09951153050143446,-0.7272430636314802,0.0861411382238737,-0.8337718307533137
3543,1.576128358797535,0.8340474109374441,-0.6232752220612752,-0.09951153050143446,-0.7272430636314802,0.0861411382238737,-0.8337718307533137
3545,1.5725018453431718,0.8287526006085155,-0.6240255377292081,-0.10138342887907603,-0.732711350357274,0.08126443113152337,-0.835445068318307
3547,1.576128358797535,0.8340474109374441,-0.6232752220612752,-0.09951153050143446,-0.7272430636314802,0.0861411382238737,-0.8337718307533137
3549,1.576128358797535,0.8340474109374441,-0.6232752220612752,-0.09951153050143446,-0.7272430636314802,0.0861411382238737,-0.8337718307533137
3551,1.576128358797535,0.8340474109374441,-0.6232752220612752,-0.09951153050143446,-0.7272430636314802,0.0861411382238737,-0.8337718307533137
3553,1.5725018453431718,0.8287526006085155,-0.6240255377292081,-0.10138342887907603,-0.732711350357274,0.08126443113152337,-0.835445068318307
3555,1.5724336137338013,0.8286529805644705,-0.6240396546616842,-0.1014186480063426,-0.7328142343003492,0.0811726775567676,-0.8354765497103811
3557,1.5724336137338013,0.8286529805644705,-0.6240396546616842,-0.1014186480063426,-0.7328142343003492,0.0811726775567676,-0.8354765497103811
3559,1.5724336137338013,0.8286529805644705,-0.6240396546616842,-0.1014186480063426,-0.7328142343003492,0.0811726775567676,-0.8354765497103811
3561,1.565511167162701,0.8185460163776934,-0.62547188983414,-0.10499180902416771,-0.7432523377766245,0.07186380700809014,-0.8386704983307807
3563,1.5679121350835916,0.8220514962020289,-0.6249751361692444,-0.10375250079811549,-0.7396320062444026,0.07509247758539761,-0.8375627153959777
3565,1.5676750273635869,0.8217053123478273,-0.6250241931049336,-0.10387488875061779,-0.739989532285378,0.07477363004371629,-0.837672114561058
3567,1.565511167162701,0.8185460163776934,-0.62547188983414,-0.10499180902416771,-0.7432523377766245,0.07186380700809014,-0.8386704983307807
3569,1.565511167162701,0.8185460163776934,-0.62547188983414,-0.10499180902416771,-0.7432523377766245,0.07186380700809014,-0.8386704983307807
3571,1.565511167162701,0.8185460163776934,-0.62547188983414,-0.10499180902416771,-0.7432523377766245,0.07186380700809014,-0.8386704983307807
3573,1.565511167162701,0.8185460163776934,-0.62547188983414,-0.10499180902416771,-0.7432523377766245,0.07186380700809014,-0.8386704983307807
3575,1.5648364283835723,0.8220351594218167,-0.6256114914333379,-0.10534008911243342,-0.7190795028238774,0.09237055526017812,-0.8389818161532574
3577,1.5648364283835723,0.8220351594218167,-0.6256114914333379,-0.10534008911243342,-0.7190795028238774,0.09237055526017812,-0.8389818161532574
3579,0.18786997264698035,0.4391251434024186,2.9901141483436846,1.4926319071158567,1.7812611305957216,1.8629845885332488,-0.4504307596122419
3581,0.18786997264698035,0.4391251434024186,2.9901141483436846,1.4926319071158567,1.7812611305957216,1.8629845885332488,-0.4504307596122419
3583,0.18786997264698035,0.4391251434024186,2.9901141483436846,1.4926319071158567,1.7812611305957216,1.8629845885332488,-0.4504307596122419
3585,0.18786997264698035,0.4391251434024186,2.9901141483436846,1.4926319071158567,1.7812611305957216,1.8629845885332488,-0.4504307596122419
3587,0.18786997264698035,0.4391251434024186,2.9901141483436846,1.4926319071158567,1.7812611305957216,1.8629845885332488,-0.4504307596122419
3589,0.18786997264698035,0.4391251434024186,2.9901141483436846,1.4926319071158567,1.7812611305957216,1.8629845885332488,-0.4504307596122419
3591,0.18786997264698035,0.4391251434024186,2.9901141483436846,1.4926319071158567,1.7812611305957216,1.8629845885332488,-0.4504307596122419
3593,0.18786997264698035,0.4391251434024186,2.9901141483436846,1.4926319071158567,1.7812611305957216,1.8629845885332488,-0.4504307596122419
3595,0.18786997264698035,0.4391251434024186,2.9901141483436846,1.4926319071158567,1.7812611305957216,1.8629845885332488,-0.4504307596122419
3597,0.18786997264698035,0.4391251434024186,2.9901141483436846,1.4926319071158567,1.7812611305957216,1.8629845885332488,-0.4504307596122419
3599,0.18786997264698035,0.4391251434024186,2.9901141483436846,1.4926319071158567,1.7812611305957216,1.8629845885332488,-0.4504307596122419
3601,0.18786997264698035,0.4391251434024186,2.9901141483436846,1.4926319071158567,1.7812611305957216,1.8629845885332488,-0.4504307596122419
3603,0.18786997264698035,0.4391251434024186,2.9901141483436846,1.4926319071158567,1.7812611305957216,1.8629845885332488,-0.4504307596122419
3605,0.18786997264698035,0.4391251434024186,2.9901141483436846,1.4926319071158567,1.7812611305957216,1.8629845885332488,-0.4504307596122419
3607,0.18786997264698035,0.4391251434024186,2.9901141483436846,1.4926319071158567,1.7812611305957216,1.8629845885332488,-0.4504307596122419
3613,-0.699517687281284,-2.018930898586559,-0.1631018802764933,-0.5609023359173155,0.6805816005262568,1.566464345156748,-0.39535132074168633
3615,-0.7521152585681032,-1.402577632410388,-0.17398417323592652,-0.5880516377463751,0.7655747017798293,1.6069600761420508,-0.4196193217327273
3617,-0.8052012286440182,-1.4800846225860171,-0.184967514562688,-0.6154530365033668,0.8266069113678132,1.635656862615397,-0.44411266511140735
3619,-1.0108766905583724,-1.7803765072999482,-0.2275212024300144,-0.7216165923051034,1.0532775305404787,1.634783325120627,-0.5390092961051121
3621,-1.2468464609991687,-1.208608191671477,-0.27634269948173174,-0.8434171690902235,1.2326102934226846,2.1189812436882294,0.2275853148811322
3623,-1.2468464609991687,-1.208608191671477,-0.27634269948173174,-0.8434171690902235,1.2326102934226846,2.1189812436882294,0.2275853148811322
3625,-1.2468464609991687,-1.208608191671477,-0.27634269948173174,-0.8434171690902235,1.2326102934226846,2.1189812436882294,0.2275853148811322
3627,-1.3636153764635082,-0.3494746330094518,-0.3005018672065858,-0.9036898100626731,1.4159127262930982,2.3474039951609784,0.04017789553365181
3629,-1.3636153764635082,-0.3494746330094518,-0.3005018672065858,-0.9036898100626731,1.4159127262930982,2.3474039951609784,0.04017789553365181
3631,1.433265588745011,-0.13290578293236877,-0.5822963626266364,0.6958703011149516,1.4618753448761925,0.5084891443777533,0.6713061975673429
3633,1.4332191295153351,-0.13297361469757618,-0.5823059749135848,0.6958463202424829,1.4625754101130655,0.5084266689291663,0.671284761736672
3635,1.3369910558994174,-0.2882626391631353,-0.6054230724951815,0.8204950077253284,1.563131943401073,0.4365079995830312,0.9791065990415961
3637,1.3369910558994174,-0.2882626391631353,-0.6054230724951815,0.8204950077253284,1.563131943401073,0.4365079995830312,0.9791065990415961
3639,1.3369910558994174,-0.2882626391631353,-0.6054230724951815,0.8204950077253284,1.563131943401073,0.4365079995830312,0.9791065990415961
3641,1.3369910558994174,-0.2882626391631353,-0.6054230724951815,0.8204950077253284,1.563131943401073,0.4365079995830312,0.9791065990415961
3643,1.336951904268648,-0.2883198016310553,-0.6054311728599977,0.8204747988180563,1.5630729080919465,0.43645535093361953,0.9790885348650371
3645,1.336951904268648,-0.2883198016310553,-0.6054311728599977,0.8204747988180563,1.5630729080919465,0.43645535093361953,0.9790885348650371
3647,1.3247344921270447,-0.3061575625587869,-0.607958921858256,0.8141685340669016,1.5872593529180872,0.47984463908631536,1.0462108955999194
3649,1.381102699643129,-0.2714334896354229,-0.6116292304123421,0.9591624750421441,1.5981252659306806,0.6110612342361845,1.0640014294421687
3651,1.3647796355335058,-0.28066681700354135,-0.6150064275203204,0.9507369948641589,1.5971185621796904,0.5918696272016861,1.0478863848504174
3653,1.366935057559894,-0.2921186404236016,-0.6145604766262294,0.9518495596030194,1.5950523104296375,0.5920094806721456,1.0659753086888935
3655,1.3768159381230025,-0.2482124968541619,-0.615450911590703,0.9496280895782958,1.6012748724477248,0.6026607888763662,1.0382371027107329
3657,1.3646337623715126,-0.2808797958700362,-0.6150366082766727,0.9506616994768089,1.597958488897028,0.5971679854702554,1.0478190804111969
3659,-0.14885766081790486,1.7294870075953384,1.0494404546355083,1.8027735325174248,-1.8213028374840246,-1.6248683346744945,-0.1412822118266004
3661,-0.14885766081790486,1.7294870075953384,1.0494404546355083,1.8027735325174248,-1.8213028374840246,-1.6248683346744945,-0.1412822118266004
3663,-0.25704432714118797,1.6228247654849866,1.0270569306736435,1.8647138289364056,-1.9844335465819087,-1.7703509558189854,-0.19119847338236506
3665,-0.15364264251280968,1.7225008014718153,1.0484504550721154,1.8003036672916506,-1.8285179360117647,-1.6313028769592437,-0.14348995521993757
3667,-0.24472043171168245,1.6408179949694284,1.029606710771549,1.871075057193522,-1.9658507963356273,-1.7537785567357425,-0.1855123494952784
3669,-0.24472043171168245,1.6408179949694284,1.029606710771549,1.871075057193522,-1.9658507963356273,-1.7537785567357425,-0.1855123494952784
3671,-0.24472043171168245,1.6408179949694284,1.029606710771549,1.871075057193522,-1.9658507963356273,-1.7537785567357425,-0.1855123494952784
3673,-0.24472043171168245,1.6408179949694284,1.029606710771549,1.871075057193522,-1.9658507963356273,-1.7537785567357425,-0.1855123494952784
3675,-0.24472043171168245,1.6408179949694284,1.029606710771549,1.871075057193522,-1.9658507963356273,-1.7537785567357425,-0.1855123494952784
3677,-0.24472043171168245,1.6408179949694284,1.029606710771549,1.871075057193522,-1.9658507963356273,-1.7537785567357425,-0.1855123494952784
3679,-0.24472043171168245,1.6408179949694284,1.029606710771549,1.871075057193522,-1.9658507963356273,-1.7537785567357425,-0.1855123494952784
3681,-0.25704432714118797,1.6228247654849866,1.0270569306736435,1.8647138289364056,-1.9844335465819087,-1.7703509558189854,-0.19119847338236506
3683,-0.24472043171168245,1.6408179949694284,1.029606710771549,1.871075057193522,-1.9658507963356273,-1.7537785567357425,-0.1855123494952784
3685,-0.25704432714118797,1.6228247654849866,1.0270569306736435,1.8647138289364056,-1.9844335465819087,-1.7703509558189854,-0.19119847338236506
3687,-0.24472043171168245,1.6408179949694284,1.029606710771549,1.871075057193522,-1.9658507963356273,-1.7537785567357425,-0.1855123494952784
3689,-0.25704432714118797,1.6228247654849866,1.0270569306736435,1.8647138289364056,-1.9844335465819087,-1.7703509558189854,-0.19119847338236506
3691,-0.24472043171168245,1.6408179949694284,1.029606710771549,1.871075057193522,-1.9658507963356273,-1.7537785567357425,-0.1855123494952784
3693,-0.25704432714118797,1.6228247654849866,1.0270569306736435,1.8647138289364056,-1.9844335465819087,-1.7703509558189854,-0.19119847338236506
3695,-0.2590758904590569,1.6686487908065453,1.0266366058059773,1.863665196378813,-1.987496866451946,-1.7730828743312106,-0.1921358166741789
3697,-0.14885766081790486,1.5576367506686792,1.0494404546355083,1.6692421398929023,-1.8213028374840246,-1.6248683346744945,-0.1412822118266004
3699,0.21425688434685197,0.7014997069052578,1.124567856179702,1.5201988309581298,-1.273775723010636,-1.1365747435918285,0.026255260462124008
3701,-0.17475156665380087,1.5804555510531726,1.0440830766753435,1.655876475892212,-1.8603473090800078,-1.659688829849176,-0.15322940476942204
3703,0.21425688434685197,0.7014997069052578,1.124567856179702,1.5201988309581298,-1.273775723010636,-1.1365747435918285,0.026255260462124008
3705,-0.17475156665380087,1.5804555510531726,1.0440830766753435,1.655876475892212,-1.8603473090800078,-1.659688829849176,-0.15322940476942204
3707,-0.17475156665380087,1.5804555510531726,1.0440830766753435,1.655876475892212,-1.8603473090800078,-1.659688829849176,-0.15322940476942204
3709,-0.12688054558214557,1.5251854279421155,1.0539874593839706,1.6805860730873459,-1.7881643508832612,-1.595314893031893,-0.13114218746286554
3711,-0.11687043271444209,1.5398004706470814,1.056058524228188,1.6857529956075181,-1.773070468561583,-1.58185392314126,-0.1265236200451958
3713,-0.14885766081790486,1.4930982295311082,1.0494404546355083,1.6692421398929023,-1.8213028374840246,-1.6248683346744945,-0.1412822118266004
3715,-0.14885766081790486,1.4930982295311082,1.0494404546355083,1.6692421398929023,-1.8213028374840246,-1.6248683346744945,-0.1412822118266004
3717,-0.15364264251280968,1.486112023407585,1.0484504550721154,1.666772274667128,-1.8285179360117647,-1.6313028769592437,-0.14348995521993757
3719,-0.1416138111872023,1.5036744511082545,1.0509391872177698,1.6729811996102384,-1.8103801021136245,-1.6151272615157932,-0.1379399710022433
3721,-0.15364264251280968,1.486112023407585,1.0484504550721154,1.666772274667128,-1.8285179360117647,-1.6313028769592437,-0.14348995521993757
3723,-0.1701192984419837,1.4620556482974858,1.0450414802387473,1.6582675149603465,-1.8533624816164531,-1.6534596470468736,-0.15109212187204002
3725,-0.17243953917725463,1.4586680324054417,1.0445614288067155,1.6570698757063507,-1.8568610875841376,-1.656579760784779,-0.15216265807904383
3727,-0.17243953917725463,1.4586680324054417,1.0445614288067155,1.6570698757063507,-1.8568610875841376,-1.656579760784779,-0.15216265807904383
3729,-0.17243953917725463,1.4586680324054417,1.0445614288067155,1.6570698757063507,-1.8568610875841376,-1.656579760784779,-0.15216265807904383
3731,-0.17243953917725463,1.4586680324054417,1.0445614288067155,1.6570698757063507,-1.8568610875841376,-1.656579760784779,-0.15216265807904383
3733,-0.1816389459051182,1.4452366431728723,1.0426580968349848,1.6523214155818116,-1.8707325358300038,-1.668950544072847,-0.1564071736740964
3735,-0.18845445554007112,1.4352858098818397,1.0412479866207516,1.6488034522296793,-1.8810093930195118,-1.6781156125588792,-0.15955178264612568
3737,-0.18845445554007112,1.4352858098818397,1.0412479866207516,1.6488034522296793,-1.8810093930195118,-1.6781156125588792,-0.15955178264612568
3739,-0.27312260560337176,1.3762064812229293,1.0237303790434416,1.6051002715477856,-2.0086773934046924,-1.7919720129572072,-0.198616832597599
3741,-0.27312260560337176,1.3762064812229293,1.0237303790434416,1.6051002715477856,-2.0086773934046924,-1.7919720129572072,-0.198616832597599
3743,-0.27312260560337176,1.3762064812229293,1.0237303790434416,1.6051002715477856,-2.0086773934046924,-1.7919720129572072,-0.198616832597599
3745,-0.27312260560337176,1.3762064812229293,1.0237303790434416,1.6051002715477856,-2.0086773934046924,-1.7919720129572072,-0.198616832597599
3747,-0.27510484409027613,1.373312357997706,1.023320259347756,1.6040770990008124,-2.011666338169878,-1.7946376025405533,-0.19953141789855056
3749,-1.159439198777266,-0.4932044971733345,-0.2582583771259749,-0.7983001401845777,1.8752341244091069,2.078760237705401,-0.6075545731679544
3751,-1.159439198777266,-0.4932044971733345,-0.2582583771259749,-0.7983001401845777,1.8752341244091069,2.078760237705401,-0.6075545731679544
3753,-1.159439198777266,-0.4932044971733345,-0.2582583771259749,-0.7983001401845777,1.8752341244091069,2.078760237705401,-0.6075545731679544
3755,-1.294259208632449,-0.58468493901107,-0.286152266675309,-0.8678902191674147,1.8406598774520688,2.0818918112358347,0.16314992600351164
3757,-1.3231300415604825,-0.44451559985419253,-0.292125562670146,-0.8827924843869488,1.8417768803362344,2.1141640535167445,0.14982920824091672
3759,-1.3114914753465237,-0.5145343470413763,-0.2897175753036304,-0.8767850026863735,1.8372502960765704,2.0534418862112016,0.15519912798254265
3761,-1.3921448121075124,-0.32213552964643144,-0.3064045290415276,-0.9184158561587579,1.7635755478157993,2.083134692587504,0.07353471074799556
3763,-1.3921448121075124,-0.32213552964643144,-0.3064045290415276,-0.9184158561587579,1.7635755478157993,2.083134692587504,0.07353471074799556
3765,-1.4187932629233502,-0.23587986474406808,-0.3119180202845284,-0.9321709938348073,1.7650660218992709,2.061029725616007,0.014719362553317739
3767,-1.4187932629233502,-0.23587986474406808,-0.3119180202845284,-0.9321709938348073,1.7650660218992709,2.061029725616007,0.014719362553317739
3769,-1.4222200655380663,-0.18372467786244506,-0.31262701632855006,-0.9339398074172485,1.7639721972167974,2.069965802201617,0.013138269601391306
3771,-1.4222200655380663,-0.18372467786244506,-0.31262701632855006,-0.9339398074172485,1.7639721972167974,2.069965802201617,0.013138269601391306
3773,-1.4242675502245263,-0.18671406235049837,-0.3130506352836251,-0.9349966581117404,1.7649416707941965,2.0716867540296944,0.012193580347030109
3775,-1.4242675502245263,-0.18671406235049837,-0.3130506352836251,-0.9349966581117404,1.7649416707941965,2.0716867540296944,0.012193580347030109
3777,-1.459419987551612,-0.23803759681099024,-0.32032357796657607,-0.9531413006811842,1.774702294438442,2.085040590122129,0.7800935509917617
3779,-1.489393357072014,-0.22773232721318237,-0.3265249857525683,-0.9686126624957028,1.7741236145541084,2.073721825761087,0.7442852269932532
3781,-1.4927767495594666,-0.23267217418047537,-0.32722500036055124,-0.970359069061647,1.7762683295446822,2.0732453778341036,0.7427241630461969
3783,-1.5517009892493223,-0.21861974152764363,-0.3394162636266853,-1.0007740089390824,1.777133927417033,2.0870981912171436,0.9162077950716743
3785,-1.5517009892493223,-0.21861974152764363,-0.3394162636266853,-1.0007740089390824,1.777133927417033,2.0870981912171436,0.9162077950716743
3787,-1.5514206084422217,-0.21821037776485896,-0.33935825360819183,-1.0006292847061415,1.770934162599584,2.087475229683359,0.9163371600126418
3789,-1.5514206084422217,-0.21821037776485896,-0.33935825360819183,-1.0006292847061415,1.770934162599584,2.087475229683359,0.9163371600126418
3791,-1.5514206084422217,-0.21821037776485896,-0.33935825360819183,-1.0006292847061415,1.770934162599584,2.087475229683359,0.9163371600126418
3793,-1.5528213104161268,-0.22025544153547782,-0.3396480549974188,-1.0013522854024044,1.7688220954289857,2.0855916538090726,0.9156908899271752
3795,-1.5531010907074516,-0.22066392852855854,-0.3397059407708487,-1.0014966996669636,1.7684002249816695,2.085215422878684,0.9155618020582672
3797,-1.578341329738668,-0.21099536264254315,-0.3449280768654226,-1.0145249603058313,1.782132902731921,2.0840637605134527,0.8668749328562475
3799,-1.578341329738668,-0.21099536264254315,-0.3449280768654226,-1.0145249603058313,1.782132902731921,2.0840637605134527,0.8668749328562475
3801,-1.578341329738668,-0.21099536264254315,-0.3449280768654226,-1.0145249603058313,1.782132902731921,2.0840637605134527,0.8668749328562475
3803,-1.5879583930077428,-0.18058477945015206,-0.3469178208277963,-1.0194890023141114,1.7676316854947114,2.0711313389901145,0.8624377146494955
3805,-1.6129324108668794,-0.26149930146733347,-0.3520848764934512,-1.0323798475024695,1.7640861137717714,2.0762169924410934,1.1433029124419456
3807,-1.6977828464048668,-0.29837191612815284,-0.36964019843454765,-1.076177118524473,1.7539262874564718,2.1063650748514036,1.0003569640874106
3837,-1.9027163279678478,0.09556669163101272,-0.41204037260616033,-1.1819576861383936,1.7626289609887333,2.1259004753777253,1.7027466497564738
3839,-1.90418867016202,0.09341703114980238,-0.4123449961600911,-1.1827176653854818,1.7643458831149523,2.1283551593111047,1.7020673255794603
3841,-1.90418867016202,0.09341703114980238,-0.4123449961600911,-1.1827176653854818,1.7643458831149523,2.1283551593111047,1.7020673255794603
3843,-1.9129536979035513,0.08061984729726124,-0.4141584563132372,-1.1872419119975028,1.7667242769804554,2.131936531778546,1.6838385931755142
3845,-1.9129536979035513,0.08061984729726124,-0.4141584563132372,-1.1872419119975028,1.7667242769804554,2.131936531778546,1.6838385931755142
3847,-1.9430448970698362,0.057305148273148365,-0.42038424272916286,-1.2027740939704856,1.768573987533971,2.0582461330226662,1.5158041306312389
3849,-1.944121809234844,0.055732826613132946,-0.4206070528967141,-1.2033299639982433,1.7687934696435716,2.063532001490013,1.5153072539723307
3851,0.4660750268918905,0.25545766438204787,1.945270348502369,-0.5900614319716263,-4.7616615055173686,-4.247128045896211,-1.0410006839215367
3853,0.4616026411439096,0.24892785701986497,1.944345024181371,-0.5923699444674936,-4.768405252073411,-4.253142228821869,-1.043064198625903
3855,0.4654688578645203,0.25457264077257236,1.945144933796378,-0.5903743183935818,-4.76257552557759,-4.247943183860578,-1.0412803643363744
3857,0.46244642266954195,0.25015980147381356,1.9445196002602856,-0.5919344095415132,-4.767132944835579,-4.252007564521785,-1.0426748861462718
3859,0.4617231146442258,0.24910375167512022,1.9443699498175213,-0.5923077596300107,-4.768223594497648,-4.252980223639531,-1.043008613340242
3861,-0.37182381633232753,-0.9471378595872464,1.3544892877159023,-0.9363315426446003,-5.773203730431193,-5.149237863799901,-1.3505218436879747
3863,-0.3728218820244975,-0.899804899038414,1.3542827906669088,-0.9368467144682991,-5.774708677109219,-5.1505799997387,-1.3509823413614246
3865,-0.3718672422211182,-0.9472012625905455,1.3544803030188473,-0.9363539577967285,-5.773269210737338,-5.149296260202541,-1.350541879965058
3867,-0.37273515422193837,-0.8996782740387905,1.3543007344109275,-0.9368019481562614,-5.774577903434322,-5.150463373647232,-1.3509423260081115
3869,-0.20559433023857743,-0.8530316165882059,1.4878500731624358,-0.9367571758991627,-5.774447112392405,-5.150346732067569,-1.350902305340675
3871,-0.001760640204556907,-0.7997475073515821,1.6048457251723558,-0.9387215520056323,-5.780185549860899,-5.155464363988666,-1.3526582061589991
3873,-0.20732693177214223,-0.8555612629306992,1.4874916026663858,-0.937651493276057,-5.7770596387448645,-5.1526766255846566,-1.3517017106117724
3875,-0.0015881351972524271,-0.7994956452515334,1.6048814159843179,-0.9386325100518736,-5.779925435882708,-5.155232390109849,-1.3525786140488352
3877,-0.001760640204556907,-0.7997475073515821,1.6048457251723558,-0.9387215520056323,-5.780185549860899,-5.155464363988666,-1.3526582061589991
3879,-0.2344026682921747,-1.1394113273710689,1.5567127288687685,-1.0588044471688556,-6.130977937663086,-5.468306724186918,-1.4599969450030659
3881,-0.001760640204556907,-0.7997475073515821,1.6048457251723558,-0.9387215520056323,-5.780185549860899,-5.155464363988666,-1.3526582061589991
3883,-0.23313307112449078,-1.1375576802574914,1.5569754050338687,-1.0581491188739656,-6.129063558624786,-5.4665994498061705,-1.459411165383023
3885,-0.24580837268398792,-1.1278930954813715,1.7550236154354943,-1.0646917325231122,-6.148176181295415,-5.483644397740531,-1.4652594245950352
3887,-0.24580837268398792,-1.1278930954813715,1.7550236154354943,-1.0646917325231122,-6.148176181295415,-5.483644397740531,-1.4652594245950352
3889,-0.24580837268398792,-1.1278930954813715,1.7550236154354943,-1.0646917325231122,-6.148176181295415,-5.483644397740531,-1.4652594245950352
3891,-0.24580837268398792,-1.1278930954813715,1.7550236154354943,-1.0646917325231122,-6.148176181295415,-5.483644397740531,-1.4652594245950352
3893,-0.24598640659753102,-1.128153029938031,1.7549867807080253,-1.064783628333819,-6.1484446321086885,-5.483883806544546,-1.465341567688045
3895,-0.24598640659753102,-1.128153029938031,1.7549867807080253,-1.064783628333819,-6.1484446321086885,-5.483883806544546,-1.465341567688045
3897,-0.24628302198869179,-1.128586096644276,1.7549254117987025,-1.064936732376168,-6.148891887586039,-5.484282676257835,-1.4654784231060907
3899,-0.24652021735381435,-1.1289324084627852,1.7548763367294793,-1.0650591655684738,-6.149249545783876,-5.484601641659155,-1.4655878627097652
3901,-0.24628302198869179,-1.128586096644276,1.7549254117987025,-1.064936732376168,-6.148891887586039,-5.484282676257835,-1.4654784231060907
3903,-0.24628302198869179,-1.128586096644276,1.7549254117987025,-1.064936732376168,-6.148891887586039,-5.484282676257835,-1.4654784231060907
3905,-0.828239013639438,-0.3838618542681642,1.4933702511284361,-1.2168321765438548,1.652505221297897,2.4770207138737286,0.008184403367955229
3907,-0.9303594742739127,-0.23779582506542862,1.4722418084534583,-1.2695437208387288,1.652484657888488,2.503657094810527,0.37977736418677965
3909,-0.9237477788612001,-0.26391873936279264,1.473609750065198,-1.2661309603258393,1.654091615508472,2.506753285846284,0.3561596882032956
3911,-0.9303756370801182,-0.23781942321122695,1.4722384644132704,-1.269552063598543,1.652685334408993,2.5038345831166398,0.37976990682729683
3913,-0.9425610027740143,-0.23349259018195845,1.469717345736978,-1.2758417869265855,1.6587625639380725,2.5213301012633,0.4378635135809814
3915,-0.9303594742739127,-0.23779582506542862,1.4722418084534583,-1.2695437208387288,1.6527097057121,2.503856317841369,0.37977736418677965
3917,-0.9505705348238775,-0.20536523516260985,1.468060195566312,-1.2799760691341318,1.6591240696931706,2.5218567781468204,0.4217454744364182
3919,-0.9582662533430018,-0.2106131560177964,1.466467972552786,-1.2839483701312226,1.6529271500398917,2.5086479189979576,0.4181947457605548
3921,-0.994283970803072,-0.20803364218714737,1.459016005788138,-1.3025396445683044,1.6414735162680945,2.5044743543206573,0.450366690083873
3923,-0.9920524427231019,-0.21613930788515123,1.4594777028155734,-1.3013877961482936,1.6419410026539438,2.5058296838720393,0.4394201040993555
3925,-0.9919641994786392,-0.21601047029827303,1.4594959601003574,-1.3013422476102208,1.642074061408147,2.50594834783442,0.439460818662627
3927,-0.994283970803072,-0.20803364218714737,1.459016005788138,-1.3025396445683044,1.6414735162680945,2.5044743543206573,0.450366690083873
3929,-0.9944744717308316,-0.20831177883069163,1.4589765916696875,-1.3026379754809287,1.640979591277656,2.5036699851236213,0.4502787948333786
3931,-1.0019768848783261,-0.1832005754002468,1.4574243630063421,-1.3065104979948852,1.6360541424693889,2.4994131950137737,0.434841064304055
3933,-1.0019768848783261,-0.1832005754002468,1.4574243630063421,-1.3065104979948852,1.6360541424693889,2.4994131950137737,0.434841064304055
3935,-1.0057608273340248,-0.19145375109514706,1.4566414757106532,-1.3084636565404262,1.6348566786789256,2.4972280736865082,0.4330951905494631
3937,-1.0282658457746914,-0.16593969661997576,1.4519852492397904,-1.3200800776672192,1.6249613197227362,2.4925452432649964,0.398320143725829
3939,-1.011110348601072,-0.18031911442527448,1.4555346744611568,-1.3112249203015995,1.6363539409865453,2.502995851696361,0.4185056136292862
3941,-1.0074291844671732,-0.1830199265924639,1.4562962972045037,-1.3093248128687192,1.6335670152662498,2.4953468908410157,0.43232542701152576
3943,-1.0074004557634035,-0.18297798188734493,1.4563022410943662,-1.3093099839663438,1.6336103342257537,2.495385523394069,0.43233868215229565
3945,-1.0144299092299622,-0.17981815878026008,1.4548478664892983,-1.3129383787607773,1.6331694384990207,2.4997831444972247,0.4169740010726448
3947,-1.0248062687777049,-0.16346926474708745,1.4527010262134386,-1.318294346923496,1.628179886420014,2.4948988163674857,0.4121864510465256
3949,-1.016912093808961,-0.18344221718031495,1.4543343093210261,-1.3142196086100268,1.6312442748659581,2.497338036358596,0.41582874557226024
3951,-1.0196668899941903,-0.17685411698216402,1.4537643495605703,-1.3156415524618152,1.629911295003419,2.497018863697506,0.41455770976361617
3953,-1.0283632297074954,-0.15837965950351762,1.4519651007717074,-1.3201303443567314,1.6250140589404047,2.4911772103584946,0.398275211739048
3955,-1.0265941449663387,-0.1609249630319498,1.4523311195431512,-1.3192171954332403,1.626683294016475,2.4928485752770397,0.39909145000255064
3957,-1.030973267000002,-0.16989260677705253,1.451425091228354,-1.321477567973825,1.6230721004401154,2.491374046175795,0.3846484462582076
3959,-1.030973267000002,-0.16989260677705253,1.451425091228354,-1.321477567973825,1.6230721004401154,2.491374046175795,0.3846484462582076
3961,-1.0397947847391116,-0.1776308680940133,1.4495999434499451,-1.32603097304235,1.631246999280835,2.502500942445555,0.3805782849180992
3963,-0.8258540814411948,-0.1682526039370602,1.6483665949472464,-1.3307812094576175,1.623395062026182,2.5007438878468635,0.35101437356219334
3965,-0.8248154235221943,-0.1692455461437241,1.6485814904164222,-1.33024508513381,1.6251549583651705,2.5024812671302152,0.3514936000890265
3967,-0.8258271241965618,-0.16821324561146245,1.6483721723270814,-1.3307672949297586,1.6232419301942613,2.500268934356858,0.3510268113691768
3969,-0.8258271241965618,-0.16821324561146245,1.6483721723270814,-1.3307672949297586,1.6232419301942613,2.500268934356858,0.3510268113691768
3971,1.5240346499290347,1.2275172478578464,0.29694498789931584,1.279976423472423,0.7011901662385145,0.6247319768155504,0.6305738123561179
3973,1.5240346499290347,1.2275172478578464,0.29694498789931584,1.279976423472423,0.7011901662385145,0.6247319768155504,0.6305738123561179
3975,1.5240346499290347,1.2275172478578464,0.29694498789931584,1.279976423472423,0.7011901662385145,0.6247319768155504,0.6305738123561179
3977,1.4646166986215663,1.1407653892847018,0.28465157705623295,1.2493066443429997,0.6115960151352109,0.5448304548163847,0.6031589552450898
3979,1.4646166986215663,1.1407653892847018,0.28465157705623295,1.2493066443429997,0.6115960151352109,0.5448304548163847,0.6031589552450898
3981,1.4646166986215663,1.1407653892847018,0.28465157705623295,1.2493066443429997,0.6115960151352109,0.5448304548163847,0.6031589552450898
3983,1.4101562442081663,1.061251613815526,0.27338385869717274,1.2211957776538442,0.5294770919057692,0.4715954626861554,0.5780314383399865
3985,-0.5894666136937929,-1.8582532757200028,-0.14033261557511467,-0.5040972451053076,-2.4856809291680557,-2.2173715288534055,-0.3445748400497799
3987,-0.5894666136937929,-1.8582532757200028,-0.14033261557511467,-0.5040972451053076,-2.4856809291680557,-2.2173715288534055,-0.3445748400497799
3989,-0.5894666136937929,-1.8582532757200028,-0.14033261557511467,-0.5040972451053076,-2.4856809291680557,-2.2173715288534055,-0.3445748400497799
3991,-0.5894666136937929,-1.8582532757200028,-0.14033261557511467,-0.5040972451053076,-2.4856809291680557,-2.2173715288534055,-0.3445748400497799
3993,-0.5894666136937929,-1.8582532757200028,-0.14033261557511467,-0.5040972451053076,-2.4856809291680557,-2.2173715288534055,-0.3445748400497799
3995,-0.6039815905956067,-1.8794455449866208,-0.14333572440847886,-0.5115894444466094,-2.5075675308631,-2.2368903564251648,-0.3512719073329311
3997,-0.6039815905956067,-1.8794455449866208,-0.14333572440847886,-0.5115894444466094,-2.5075675308631,-2.2368903564251648,-0.3512719073329311
3999,-0.5979728354285059,-1.8706725956171688,-0.14209252947665718,-0.5084879037545693,-2.4985071491680424,-2.2288101605818698,-0.3484995269210114
4001,-0.7268415339034804,-2.0588244732669967,-0.16875510905582058,-0.5750060928195444,-2.6928235365491355,-2.4021046771315806,-0.4079582742698371
4003,-0.7268415339034804,-2.0588244732669967,-0.16875510905582058,-0.5750060928195444,-2.6928235365491355,-2.4021046771315806,-0.4079582742698371
4005,-0.768126875616749,-2.119102218403646,-0.17729693280285508,-0.5963163582152069,-2.7550761902071077,-2.457622606756515,-0.42700692402876883
4007,-0.768126875616749,-2.119102218403646,-0.17729693280285508,-0.5963163582152069,-2.7550761902071077,-2.457622606756515,-0.42700692402876883
4009,-0.768126875616749,-2.119102218403646,-0.17729693280285508,-0.5963163582152069,-2.7550761902071077,-2.457622606756515,-0.42700692402876883
4011,-0.768126875616749,-2.119102218403646,-0.17729693280285508,-0.5963163582152069,-2.7550761902071077,-2.457622606756515,-0.42700692402876883
4013,-0.768126875616749,-2.119102218403646,-0.17729693280285508,-0.5963163582152069,-2.7550761902071077,-2.457622606756515,-0.42700692402876883
4015,-0.7855696473171476,-2.144569149362714,-0.18090579433437237,-0.6053197981468175,-2.7813775063749953,-2.4810785485397284,-0.4350548469756945
4017,-0.7855696473171476,-2.144569149362714,-0.18090579433437237,-0.6053197981468175,-2.7813775063749953,-2.4810785485397284,-0.4350548469756945
4019,-0.7918802962174296,-2.1537828719643084,-0.18221145024997554,-0.6085771674043576,-2.7908931025658834,-2.489564712078516,-0.4379665181806449
4021,-0.7918802962174296,-2.1537828719643084,-0.18221145024997554,-0.6085771674043576,-2.7908931025658834,-2.489564712078516,-0.4379665181806449
4023,-0.7918802962174296,-2.1537828719643084,-0.18221145024997554,-0.6085771674043576,-2.7908931025658834,-2.489564712078516,-0.4379665181806449
4025,-0.7718379485556723,-2.124520487927718,-0.17806474359577096,-0.5982319036836288,-2.760671981080554,-2.4626130241227324,-0.428719176506521
4027,-0.7718379485556723,-2.124520487927718,-0.17806474359577096,-0.5982319036836288,-2.760671981080554,-2.4626130241227324,-0.428719176506521
4029,-0.7718379485556723,-2.124520487927718,-0.17806474359577096,-0.5982319036836288,-2.760671981080554,-2.4626130241227324,-0.428719176506521
4031,-0.7718379485556723,-2.124520487927718,-0.17806474359577096,-0.5982319036836288,-2.760671981080554,-2.4626130241227324,-0.428719176506521
4033,-0.7718379485556723,-2.124520487927718,-0.17806474359577096,-0.5982319036836288,-2.760671981080554,-2.4626130241227324,-0.428719176506521
4035,-0.7718379485556723,-2.124520487927718,-0.17806474359577096,-0.5982319036836288,-2.760671981080554,-2.4626130241227324,-0.428719176506521
4037,-0.7718379485556723,-2.124520487927718,-0.17806474359577096,-0.5982319036836288,-2.760671981080554,-2.4626130241227324,-0.428719176506521
4039,-0.7718379485556723,-2.124520487927718,-0.17806474359577096,-0.5982319036836288,-2.760671981080554,-2.4626130241227324,-0.428719176506521
4041,-0.941204752268368,-1.6786535430433256,-0.2131062698585291,-0.6856540100912556,0.2797828889139016,0.676928985763968,-0.506863350463449
4043,-0.9880256365452946,-1.7470133340102523,-0.22279338215013655,-0.70982155790836,0.20918339350231818,0.6139672068275899,-0.528466045003047
4045,-0.9880256365452946,-1.7470133340102523,-0.22279338215013655,-0.70982155790836,0.20918339350231818,0.6139672068275899,-0.528466045003047
4047,-0.9880256365452946,-1.7470133340102523,-0.22279338215013655,-0.70982155790836,0.20918339350231818,0.6139672068275899,-0.528466045003047
4049,-1.0229546936261449,-1.7980107271093697,-0.2300201080739973,-0.7278508982389484,0.1565151484831695,0.5669968088023585,-0.5445819676800054
4051,-1.013438054939384,-1.7841161704092663,-0.22805114168173424,-0.7229386924130166,0.17086493917327772,0.5797941856666919,-0.54019108438575
4053,-1.013438054939384,-1.7841161704092663,-0.22805114168173424,-0.7229386924130166,0.17086493917327772,0.5797941856666919,-0.54019108438575
4055,-1.013438054939384,-1.7841161704092663,-0.22805114168173424,-0.7229386924130166,0.17086493917327772,0.5797941856666919,-0.54019108438575
4057,-1.013438054939384,-1.7841161704092663,-0.22805114168173424,-0.7229386924130166,0.17086493917327772,0.5797941856666919,-0.54019108438575
4059,-1.013438054939384,-1.7841161704092663,-0.22805114168173424,-0.7229386924130166,0.17086493917327772,0.5797941856666919,-0.54019108438575
4061,-1.013438054939384,-1.7841161704092663,-0.22805114168173424,-0.7229386924130166,0.17086493917327772,0.5797941856666919,-0.54019108438575
4063,-1.0166256995295977,-1.7887702200118971,-0.22871065658770007,-0.7245840597367577,0.20242605089402899,0.5755076418066989,-0.5416618321823079
4065,-1.0525083304229539,-1.8411598573520438,-0.23613467431291701,-0.7431056065061343,0.14831994687156724,0.5272549377227551,-0.5582177244179509
4067,-1.0790506900752326,-1.8799124393594049,-0.2416262155857195,-0.7568059830791449,0.10829769553175028,0.49156244266024407,-0.5704641075605026
4069,-1.0819343463271491,-1.8841226575482706,-0.2422228361398614,-0.7582944406645271,0.1039495359557443,0.4876846831888968,-0.5717945981338741
4071,-1.0819343463271491,-1.8841226575482706,-0.2422228361398614,-0.7582944406645271,0.1039495359557443,0.4876846831888968,-0.5717945981338741
4073,-1.0819343463271491,-1.8841226575482706,-0.2422228361398614,-0.7582944406645271,0.1039495359557443,0.4876846831888968,-0.5717945981338741
4075,-1.0819343463271491,-1.8841226575482706,-0.2422228361398614,-0.7582944406645271,0.1039495359557443,0.4876846831888968,-0.5717945981338741
4077,-1.0819343463271491,-1.8841226575482706,-0.2422228361398614,-0.7582944406645271,0.1039495359557443,0.4876846831888968,-0.5717945981338741
4079,-1.0819343463271491,-1.8841226575482706,-0.2422228361398614,-0.7582944406645271,0.1039495359557443,0.4876846831888968,-0.5717945981338741
4081,-1.0819343463271491,-1.8841226575482706,-0.2422228361398614,-0.7582944406645271,0.1039495359557443,0.4876846831888968,-0.5717945981338741
4083,-1.0819343463271491,-1.8841226575482706,-0.2422228361398614,-0.7582944406645271,0.1039495359557443,0.4876846831888968,-0.5717945981338741
4085,-0.483461730271856,2.5731829161835478,-0.11840049649992912,0.24376650325360816,2.3281202996129498,2.2292422611398477,-0.29566523162108416
4087,0.08325978073096962,0.0048481442897005955,-0.22844723674599177,-0.030779695546766628,2.025432934156285,1.6043730744296658,0.9405301467941145
4089,0.08325978073096962,0.0048481442897005955,-0.22844723674599177,-0.030779695546766628,2.025432934156285,1.6043730744296658,0.9405301467941145
4091,0.008102583971842492,-0.024840741949566425,-0.24399705422107254,-0.06957360502811383,2.0420182859213876,1.6086669212087505,0.7852253691687905
4093,-0.012030255582991423,-0.05423524666244228,-0.24816248339928015,-0.0799655779724463,2.03672468369024,1.6250786573891665,0.7499607890238267
4095,-0.10718283104776027,-0.45552491309936194,-0.26784928978061706,-0.12908050719642572,2.014325534050551,1.497123461451272,0.06420444235402589
4097,-1.2086452205879197,-0.45968613950200066,-0.2684389678188759,-0.13055164449279644,2.005632359929,1.5143442343411042,0.06288943390220358
4099,-1.2086452205879197,-0.45968613950200066,-0.2684389678188759,-0.13055164449279644,2.005632359929,1.5143442343411042,0.06288943390220358
4101,-1.2086452205879197,-0.45968613950200066,-0.2684389678188759,-0.13055164449279644,2.005632359929,1.5143442343411042,0.06288943390220358
4103,-1.2086452205879197,-0.45968613950200066,-0.2684389678188759,-0.13055164449279644,2.005632359929,1.5143442343411042,0.06288943390220358
4105,-1.2086452205879197,-0.45968613950200066,-0.2684389678188759,-0.13055164449279644,2.005632359929,1.5143442343411042,0.06288943390220358
4107,-1.2231758230802696,-0.48090122256462564,-0.27144530954398227,-0.13805190929916333,2.026832320632394,1.6309365687830244,0.05618515712558503
4109,-0.5652204910292001,-1.225429479004678,-0.2787264062921424,-0.1562168947483954,2.066389311930651,1.8176063527200057,-0.6531991954861427
4111,-0.565659581519761,-1.2260705633116873,-0.27881725290800463,-0.15644354019925621,2.061873654156651,1.8097956434849118,-0.6534017875108193
4113,-0.565659581519761,-1.2260705633116873,-0.27881725290800463,-0.15644354019925621,2.061873654156651,1.8097956434849118,-0.6534017875108193
4115,-0.565659581519761,-1.2260705633116873,-0.27881725290800463,-0.15644354019925621,2.061873654156651,1.8097956434849118,-0.6534017875108193
4117,-0.6561044289295884,-1.0216503149955776,-0.2975300432917618,0.20233662787959594,2.0281493376192,1.8789112312575353,-0.6951321486829571
4119,0.21354630411377462,0.14510393563391677,-0.5833877829628948,0.6931474098785262,1.0765626590917092,0.772270367804806,1.7307832031230106
4121,0.21179733618518215,0.13661565838047451,-0.5837496396211008,0.6922446446553228,1.070548974035411,0.7699184657895515,1.7299762465585538
4123,0.21179733618518215,0.13661565838047451,-0.5837496396211008,0.6922446446553228,1.070548974035411,0.7699184657895515,1.7299762465585538
4125,0.17328835798832776,0.08039148106001015,-0.591717041386125,0.6723674555263057,1.0402777049346206,0.7349411334331188,1.6594385475822437
4127,0.17328835798832776,0.08039148106001015,-0.591717041386125,0.6723674555263057,1.0402777049346206,0.7349411334331188,1.6594385475822437
4129,0.1731150519627378,0.08013844945102555,-0.5917528979265692,0.6722780001107334,1.0400163831303129,0.7347080823953158,1.6593585858901374
4131,0.17177348717214835,0.08411446312973059,-0.5920304639950791,0.6715855242695137,1.0401840681308725,0.7329040304839003,1.6587396011181972
4133,0.17151414745061055,0.08963554206323643,-0.5920841206707914,0.6714516608190919,1.0419788124895693,0.7408540895602185,1.6635339591291567
4135,0.1716870291562551,0.08398823202613048,-0.592048351920978,0.6715408972133285,1.0411471950787714,0.732787767184564,1.643811097748042
4137,0.1716870291562551,0.08398823202613048,-0.592048351920978,0.6715408972133285,1.0411471950787714,0.732787767184564,1.643811097748042
4139,0.1716870291562551,0.08398823202613048,-0.592048351920978,0.6715408972133285,1.0411471950787714,0.732787767184564,1.643811097748042
4141,0.1716870291562551,0.08398823202613048,-0.592048351920978,0.6715408972133285,1.0411471950787714,0.732787767184564,1.643811097748042
4143,0.16935697830528484,0.08648601521998778,-0.5925304330389896,0.6703381942694018,1.0398172037781102,0.7379532642350695,1.6477235767613823
4145,0.16935697830528484,0.08648601521998778,-0.5925304330389896,0.6703381942694018,1.0398172037781102,0.7379532642350695,1.6477235767613823
4147,0.16935697830528484,0.08648601521998778,-0.5925304330389896,0.6703381942694018,1.0398172037781102,0.7379532642350695,1.6477235767613823
4149,0.16935697830528484,0.08648601521998778,-0.5925304330389896,0.6703381942694018,1.0398172037781102,0.7379532642350695,1.6477235767613823
4151,0.16935697830528484,0.08648601521998778,-0.5925304330389896,0.6703381942694018,1.0398172037781102,0.7379532642350695,1.6477235767613823
4153,0.17151414745061055,0.08963554206323643,-0.5920841206707914,0.6714516608190919,1.0419788124895693,0.7408540895602185,1.6635339591291567
4155,0.1681950625870372,0.10228274345974331,-0.5927708302081134,0.7650486277401438,1.0692002904462932,0.8605811733229718,1.6570885512835143
4159,0.1681950625870372,0.10228274345974331,-0.5927708302081134,0.7650486277401438,1.0692002904462932,0.8605811733229718,1.6570885512835143
4161,0.1681950625870372,0.10228274345974331,-0.5927708302081134,0.7650486277401438,1.0692002904462932,0.8605811733229718,1.6570885512835143
4163,0.1681950625870372,0.10228274345974331,-0.5927708302081134,0.7650486277401438,1.0692002904462932,0.8605811733229718,1.6570885512835143
4165,1.3654894201266248,1.8794682097877384,-0.7897405032177356,1.5893226333142438,1.3844502313494598,2.5513445911657806,-1.2621552817373916
4167,-1.478823397349338,-2.4635916911630122,-0.32433809013253434,-0.9631567636811533,-3.826709428236609,-3.413322568071224,-0.7549152945443072
4169,-1.478823397349338,-2.4635916911630122,-0.32433809013253434,-0.9631567636811533,-3.826709428236609,-3.413322568071224,-0.7549152945443072
4171,-1.4825735344274489,-2.469066995414866,-0.3251139831884988,-0.9650924728962955,-3.832364122493834,-3.4183655164336813,-0.7566455708308655
4173,-1.4869216527784208,-2.4754153689272886,-0.3260135969265463,-0.9673368422580528,-3.8389204907963377,-3.424212592383461,-0.758651749783029
4175,-1.4906257104189495,-2.480823395920935,-0.32677995627350276,-0.9692487666381082,-3.844505703558448,-3.429193576017842,-0.760360765471245
4177,-1.4906257104189495,-2.480823395920935,-0.32677995627350276,-0.9692487666381082,-3.844505703558448,-3.429193576017842,-0.760360765471245
4179,-1.4906257104189495,-2.480823395920935,-0.32677995627350276,-0.9692487666381082,-3.844505703558448,-3.429193576017842,-0.760360765471245
4181,-1.4906257104189495,-2.480823395920935,-0.32677995627350276,-0.9692487666381082,-3.844505703558448,-3.429193576017842,-0.760360765471245
4183,-1.4906257104189495,-2.480823395920935,-0.32677995627350276,-0.9692487666381082,-3.844505703558448,-3.429193576017842,-0.760360765471245
4185,-1.4906257104189495,-2.480823395920935,-0.32677995627350276,-0.9692487666381082,-3.844505703558448,-3.429193576017842,-0.760360765471245
4187,-1.4906257104189495,-2.480823395920935,-0.32677995627350276,-0.9692487666381082,-3.844505703558448,-3.429193576017842,-0.760360765471245
4189,-1.4906257104189495,-2.480823395920935,-0.32677995627350276,-0.9692487666381082,-3.844505703558448,-3.429193576017842,-0.760360765471245
4191,-1.4906257104189495,-2.480823395920935,-0.32677995627350276,-0.9692487666381082,-3.844505703558448,-3.429193576017842,-0.760360765471245
4193,-1.4906257104189495,-2.480823395920935,-0.32677995627350276,-0.9692487666381082,-3.844505703558448,-3.429193576017842,-0.760360765471245
4195,-1.4912410162394063,-2.4817217595019896,-0.3269072613568753,-0.9695663692008891,-3.845433500654101,-3.4300210005666125,-0.760644661512361
4197,-1.4825735344274489,-2.469066995414866,-0.3251139831884988,-0.9650924728962955,-3.832364122493834,-3.4183655164336813,-0.7566455708308655
4199,-1.4680795650062213,-2.44790539765315,-0.32211522074513854,-0.9576111169916228,-3.810509197208839,-3.398874938399902,-0.7499581961922077
4201,-1.0585005474994786,-1.4444435525419315,-0.23737444755924564,-0.7461986107277305,-3.192920007818037,-2.8480988487234793,-0.560982474317878
4203,-1.0585005474994786,-1.4444435525419315,-0.23737444755924564,-0.7461986107277305,-3.192920007818037,-2.8480988487234793,-0.560982474317878
4205,-1.0585005474994786,-1.4444435525419315,-0.23737444755924564,-0.7461986107277305,-3.192920007818037,-2.8480988487234793,-0.560982474317878
4207,-1.0585005474994786,-1.4444435525419315,-0.23737444755924564,-0.7461986107277305,-3.192920007818037,-2.8480988487234793,-0.560982474317878
4209,-1.0585005474994786,-1.4444435525419315,-0.23737444755924564,-0.7461986107277305,-3.192920007818037,-2.8480988487234793,-0.560982474317878
4211,-1.0573064940040138,-1.442700201287169,-0.23712740117233122,-0.7455822758294584,-3.1911195383143927,-2.846493160719489,-0.5604315498036399
4213,-1.0573064940040138,-1.442700201287169,-0.23712740117233122,-0.7455822758294584,-3.1911195383143927,-2.846493160719489,-0.5604315498036399
4215,-1.0573064940040138,-1.442700201287169,-0.23712740117233122,-0.7455822758294584,-3.1911195383143927,-2.846493160719489,-0.5604315498036399
4217,-1.0573064940040138,-1.442700201287169,-0.23712740117233122,-0.7455822758294584,-3.1911195383143927,-2.846493160719489,-0.5604315498036399
4219,-1.0573064940040138,-1.442700201287169,-0.23712740117233122,-0.7455822758294584,-3.1911195383143927,-2.846493160719489,-0.5604315498036399
4221,-1.0620696661081932,-1.4496545648027168,-0.23811288839133649,-0.7480408835932073,-3.198301750959601,-2.8528983748390147,-0.5626292304667713
4223,-1.0620696661081932,-1.4496545648027168,-0.23811288839133649,-0.7480408835932073,-3.198301750959601,-2.8528983748390147,-0.5626292304667713
4225,-1.0620696661081932,-1.4496545648027168,-0.23811288839133649,-0.7480408835932073,-3.198301750959601,-2.8528983748390147,-0.5626292304667713
4227,-1.0620696661081932,-1.4496545648027168,-0.23811288839133649,-0.7480408835932073,-3.198301750959601,-2.8528983748390147,-0.5626292304667713
4229,-1.0620696661081932,-1.4496545648027168,-0.23811288839133649,-0.7480408835932073,-3.198301750959601,-2.8528983748390147,-0.5626292304667713
4231,-1.0620696661081932,-1.4496545648027168,-0.23811288839133649,-0.7480408835932073,-3.198301750959601,-2.8528983748390147,-0.5626292304667713
4233,-1.0620696661081932,-1.4496545648027168,-0.23811288839133649,-0.7480408835932073,-3.198301750959601,-2.8528983748390147,-0.5626292304667713
4235,-1.0620696661081932,-1.4496545648027168,-0.23811288839133649,-0.7480408835932073,-3.198301750959601,-2.8528983748390147,-0.5626292304667713
4237,-1.0620696661081932,-1.4496545648027168,-0.23811288839133649,-0.7480408835932073,-3.198301750959601,-2.8528983748390147,-0.5626292304667713
4239,-1.0620696661081932,-1.4496545648027168,-0.23811288839133649,-0.7480408835932073,-3.198301750959601,-2.8528983748390147,-0.5626292304667713
4241,-1.0620696661081932,-1.4496545648027168,-0.23811288839133649,-0.7480408835932073,-3.198301750959601,-2.8528983748390147,-0.5626292304667713
4243,-1.0620696661081932,-1.4496545648027168,-0.23811288839133649,-0.7480408835932073,-3.198301750959601,-2.8528983748390147,-0.5626292304667713
4245,-1.0620696661081932,-1.4496545648027168,-0.23811288839133649,-0.7480408835932073,-3.198301750959601,-2.8528983748390147,-0.5626292304667713
4247,-1.0620696661081932,-1.4496545648027168,-0.23811288839133649,-0.7480408835932073,-3.198301750959601,-2.8528983748390147,-0.5626292304667713
4249,-1.0620696661081932,-1.4496545648027168,-0.23811288839133649,-0.7480408835932073,-3.198301750959601,-2.8528983748390147,-0.5626292304667713
4251,-1.0620696661081932,-1.4496545648027168,-0.23811288839133649,-0.7480408835932073,-3.198301750959601,-2.8528983748390147,-0.5626292304667713
4253,-1.0679751953102659,-1.45827680139729,-0.239334726154662,-0.7510891421124668,-3.2072064820052324,-2.860839758900111,-0.5653539834358199
4255,-1.0679751953102659,-1.45827680139729,-0.239334726154662,-0.7510891421124668,-3.2072064820052324,-2.860839758900111,-0.5653539834358199
4257,-1.0679751953102659,-1.45827680139729,-0.239334726154662,-0.7510891421124668,-3.2072064820052324,-2.860839758900111,-0.5653539834358199
4259,-1.0679751953102659,-1.45827680139729,-0.239334726154662,-0.7510891421124668,-3.2072064820052324,-2.860839758900111,-0.5653539834358199
4261,-1.050095965427182,-1.4321726293737913,-0.235635562624548,-0.7418604154490243,-3.180247046539905,-2.8367968956172804,-0.5571046829851269
4263,-1.050095965427182,-1.4321726293737913,-0.235635562624548,-0.7418604154490243,-3.180247046539905,-2.8367968956172804,-0.5571046829851269
4265,-1.050095965427182,-1.4321726293737913,-0.235635562624548,-0.7418604154490243,-3.180247046539905,-2.8367968956172804,-0.5571046829851269
4267,-1.050095965427182,-1.4321726293737913,-0.235635562624548,-0.7418604154490243,-3.180247046539905,-2.8367968956172804,-0.5571046829851269
4269,-1.050095965427182,-1.4321726293737913,-0.235635562624548,-0.7418604154490243,-3.180247046539905,-2.8367968956172804,-0.5571046829851269
4271,-1.050095965427182,-1.4321726293737913,-0.235635562624548,-0.7418604154490243,-3.180247046539905,-2.8367968956172804,-0.5571046829851269
4273,-1.050095965427182,-1.4321726293737913,-0.235635562624548,-0.7418604154490243,-3.180247046539905,-2.8367968956172804,-0.5571046829851269
4275,-1.050095965427182,-1.4321726293737913,-0.235635562624548,-0.7418604154490243,-3.180247046539905,-2.8367968956172804,-0.5571046829851269
4277,-1.050095965427182,-1.4321726293737913,-0.235635562624548,-0.7418604154490243,-3.180247046539905,-2.8367968956172804,-0.5571046829851269
4279,-1.050095965427182,-1.4321726293737913,-0.235635562624548,-0.7418604154490243,-3.180247046539905,-2.8367968956172804,-0.5571046829851269
4281,-1.0335752053546128,-1.4080518609898394,-0.23221746276511113,-0.7333328904952621,-3.155335997913812,-2.8145808170528994,-0.5494821671159515
4283,-1.0335752053546128,-1.4080518609898394,-0.23221746276511113,-0.7333328904952621,-3.155335997913812,-2.8145808170528994,-0.5494821671159515
4285,-1.0335752053546128,-1.4080518609898394,-0.23221746276511113,-0.7333328904952621,-3.155335997913812,-2.8145808170528994,-0.5494821671159515
4287,-1.0335752053546128,-1.4080518609898394,-0.23221746276511113,-0.7333328904952621,-3.155335997913812,-2.8145808170528994,-0.5494821671159515
4289,-1.7072276614101747,-0.7886574998748772,-0.5150045515717023,-1.4388342086449517,-5.21628307663744,-4.652566961481922,-1.1801100482982068
4291,-1.7072276614101747,-0.7886574998748772,-0.5150045515717023,-1.4388342086449517,-5.21628307663744,-4.652566961481922,-1.1801100482982068
4293,-1.7073041020539637,-0.7887691053370878,-0.5150203669308411,-1.438873665031615,-5.216398338682653,-4.6526697540496045,-1.1801453172578538
4295,-1.7060799769115538,-0.7869818486428839,-0.5147670988028115,-1.4382418080436452,-5.214552525244709,-4.651023627587084,-1.1795805179821008
4297,-1.7582359205507658,-0.7265554393941693,-0.5255580202155616,-1.4651631548168418,-5.293196561138281,-4.7211596586412545,-1.2036447563292096
4299,-1.8031098466483138,-0.7920726173643713,-0.5348423122101589,-1.488325740732335,-5.360860309667368,-4.781503290731805,-1.2243491435540261
4301,-1.8031098466483138,-0.7920726173643713,-0.5348423122101589,-1.488325740732335,-5.360860309667368,-4.781503290731805,-1.2243491435540261
4303,-1.8031098466483138,-0.7920726173643713,-0.5348423122101589,-1.488325740732335,-5.360860309667368,-4.781503290731805,-1.2243491435540261
4305,-1.8031098466483138,-0.7920726173643713,-0.5348423122101589,-1.488325740732335,-5.360860309667368,-4.781503290731805,-1.2243491435540261
4307,-1.8031098466483138,-0.7920726173643713,-0.5348423122101589,-1.488325740732335,-5.360860309667368,-4.781503290731805,-1.2243491435540261
4309,-1.8031098466483138,-0.7920726173643713,-0.5348423122101589,-1.488325740732335,-5.360860309667368,-4.781503290731805,-1.2243491435540261
4311,-1.8046262641106359,-0.794286628960772,-0.5351560548159495,-1.4891084703218616,-5.363146859981967,-4.783542473513429,-1.2250488036253584
4313,-1.8046262641106359,-0.794286628960772,-0.5351560548159495,-1.4891084703218616,-5.363146859981967,-4.783542473513429,-1.2250488036253584
4315,-1.7075333703228988,-0.7891038433750763,-0.5150678019056472,-1.4389920064926531,-5.216744043902677,-4.65297805959079,-1.1802510993774762
4317,-1.7075333703228988,-0.7891038433750763,-0.5150678019056472,-1.4389920064926531,-5.216744043902677,-4.65297805959079,-1.1802510993774762
4319,-1.8046262641106359,-0.794286628960772,-0.5351560548159495,-1.4891084703218616,-5.363146859981967,-4.783542473513429,-1.2250488036253584
4321,-1.7075333703228988,-0.7891038433750763,-0.5150678019056472,-1.4389920064926531,-5.216744043902677,-4.65297805959079,-1.1802510993774762
4323,-1.705160375098099,-0.7856392044636573,-0.5145768357147029,-1.437767136940299,-5.21316589137369,-4.649787004934983,-1.1791562227689512
4325,-1.8048896298723132,-0.7946711502848389,-0.5352105444683031,-1.4892444118944528,-5.363543979561621,-4.783896631217245,-1.225170317992068
4327,-1.705160375098099,-0.7856392044636573,-0.5145768357147029,-1.437767136940299,-5.21316589137369,-4.649787004934983,-1.1791562227689512
4329,-1.8048896298723132,-0.7946711502848389,-0.5352105444683031,-1.4892444118944528,-5.363543979561621,-4.783896631217245,-1.225170317992068
4331,-1.705160375098099,-0.7856392044636573,-0.5145768357147029,-1.437767136940299,-5.21316589137369,-4.649787004934983,-1.1791562227689512
4333,-1.8048896298723132,-0.7946711502848389,-0.5352105444683031,-1.4892444118944528,-5.363543979561621,-4.783896631217245,-1.225170317992068
4335,-1.705160375098099,-0.7856392044636573,-0.5145768357147029,-1.437767136940299,-5.21316589137369,-4.649787004934983,-1.1791562227689512
4337,-1.8048896298723132,-0.7946711502848389,-0.5352105444683031,-1.4892444118944528,-5.363543979561621,-4.783896631217245,-1.225170317992068
4339,-1.8048896298723132,-0.7946711502848389,-0.5352105444683031,-1.4892444118944528,-5.363543979561621,-4.783896631217245,-1.225170317992068
4341,-1.705160375098099,-0.7856392044636573,-0.5145768357147029,-1.437767136940299,-5.21316589137369,-4.649787004934983,-1.1791562227689512
4343,-1.705160375098099,-0.7856392044636573,-0.5145768357147029,-1.437767136940299,-5.21316589137369,-4.649787004934983,-1.1791562227689512
4345,-1.705160375098099,-0.7856392044636573,-0.5145768357147029,-1.437767136940299,-5.21316589137369,-4.649787004934983,-1.1791562227689512
4347,-1.705160375098099,-0.7856392044636573,-0.5145768357147029,-1.437767136940299,-5.21316589137369,-4.649787004934983,-1.1791562227689512
4349,-1.8048896298723132,-0.7946711502848389,-0.5352105444683031,-1.4892444118944528,-5.363543979561621,-4.783896631217245,-1.225170317992068
4351,-1.705160375098099,-0.7856392044636573,-0.5145768357147029,-1.437767136940299,-5.21316589137369,-4.649787004934983,-1.1791562227689512
4353,-1.8086310986799785,-0.8001337986211778,-0.535984644082933,-1.4911756468062214,-5.369185603251536,-4.788927923035065,-1.2268965948240775
4355,-1.705160375098099,-0.7856392044636573,-0.5145768357147029,-1.437767136940299,-5.21316589137369,-4.649787004934983,-1.1791562227689512
4357,-1.705160375098099,-0.7856392044636573,-0.5145768357147029,-1.437767136940299,-5.21316589137369,-4.649787004934983,-1.1791562227689512
4359,-0.08785754320563921,-0.6504530076219104,-0.263850940832592,-0.8122525489862154,-1.3064386599604476,-3.0201838897868694,-0.6200262408652475
4361,-0.12456353441216006,-0.8375761665033583,-0.27144530954398227,-0.8311990898591086,-1.3617862788229016,-3.069543797009392,-0.6369620234343603
4363,2.991724457619785,1.1717228398871526,-0.6995641130717438,-1.899276071337139,-2.6295241183827245,-5.8521193112392185,0.07602067905181009
4365,2.991724457619785,1.1717228398871526,-0.6995641130717438,-1.899276071337139,-2.6295241183827245,-5.8521193112392185,0.07602067905181009
4367,2.991724457619785,1.1717228398871526,-0.6995641130717438,-1.899276071337139,-2.6295241183827245,-5.8521193112392185,0.07602067905181009
4369,2.991724457619785,1.1717228398871526,-0.6995641130717438,-1.899276071337139,-2.6295241183827245,-5.8521193112392185,0.07602067905181009
4371,2.991724457619785,1.1717228398871526,-0.6995641130717438,-1.899276071337139,-2.6295241183827245,-5.8521193112392185,0.07602067905181009
4373,2.991724457619785,1.1717228398871526,-0.6995641130717438,-1.899276071337139,-2.6295241183827245,-5.8521193112392185,0.07602067905181009
4375,2.991724457619785,1.1717228398871526,-0.6995641130717438,-1.899276071337139,-2.6295241183827245,-5.8521193112392185,0.07602067905181009
4377,2.991724457619785,1.1717228398871526,-0.6995641130717438,-1.899276071337139,-2.6295241183827245,-5.8521193112392185,0.07602067905181009
4379,2.991724457619785,1.1717228398871526,-0.6995641130717438,-1.899276071337139,-2.6295241183827245,-5.8521193112392185,0.07602067905181009
4381,2.991724457619785,1.1717228398871526,-0.6995641130717438,-1.899276071337139,-2.6295241183827245,-5.8521193112392185,0.07602067905181009
4383,2.991724457619785,1.1717228398871526,-0.6995641130717438,-1.899276071337139,-2.6295241183827245,-5.8521193112392185,0.07602067905181009
4385,2.991724457619785,1.1717228398871526,-0.6995641130717438,-1.899276071337139,-2.6295241183827245,-5.8521193112392185,0.07602067905181009
4387,2.991724457619785,1.1717228398871526,-0.6995641130717438,-1.899276071337139,-2.6295241183827245,-5.8521193112392185,0.07602067905181009
4389,2.991724457619785,1.1717228398871526,-0.6995641130717438,-1.899276071337139,-2.6295241183827245,-5.8521193112392185,0.07602067905181009
4391,2.991724457619785,1.1717228398871526,-0.6995641130717438,-1.899276071337139,-2.6295241183827245,-5.8521193112392185,0.07602067905181009
4393,2.991724457619785,1.1717228398871526,-0.6995641130717438,-1.899276071337139,-2.6295241183827245,-5.8521193112392185,0.07602067905181009
4395,2.991724457619785,1.1717228398871526,-0.6995641130717438,-1.899276071337139,-2.6295241183827245,-5.8521193112392185,0.07602067905181009
4397,2.991724457619785,1.1717228398871526,-0.6995641130717438,-1.899276071337139,-2.6295241183827245,-5.8521193112392185,0.07602067905181009
4399,2.991724457619785,1.1717228398871526,-0.6995641130717438,-1.899276071337139,-2.6295241183827245,-5.8521193112392185,0.07602067905181009
4401,2.991724457619785,1.1717228398871526,-0.6995641130717438,-1.899276071337139,-2.6295241183827245,-5.8521193112392185,0.07602067905181009
4403,2.991724457619785,1.1717228398871526,-0.6995641130717438,-1.899276071337139,-2.6295241183827245,-5.8521193112392185,0.07602067905181009
4405,2.991724457619785,1.1717228398871526,-0.6995641130717438,-1.899276071337139,-2.6295241183827245,-5.8521193112392185,0.07602067905181009
4407,2.991724457619785,1.1717228398871526,-0.6995641130717438,-1.899276071337139,-2.6295241183827245,-5.8521193112392185,0.07602067905181009
4409,2.991724457619785,1.1717228398871526,-0.6995641130717438,-1.899276071337139,-2.6295241183827245,-5.8521193112392185,0.07602067905181009
4411,2.991724457619785,1.1717228398871526,-0.6995641130717438,-1.899276071337139,-2.6295241183827245,-5.8521193112392185,0.07602067905181009
4413,2.991724457619785,1.1717228398871526,-0.6995641130717438,-1.899276071337139,-2.6295241183827245,-5.8521193112392185,0.07602067905181009
4415,2.991724457619785,1.1717228398871526,-0.6995641130717438,-1.899276071337139,-2.6295241183827245,-5.8521193112392185,0.07602067905181009
4417,2.991724457619785,1.1717228398871526,-0.6995641130717438,-1.899276071337139,-2.6295241183827245,-5.8521193112392185,0.07602067905181009
4419,2.991724457619785,1.1717228398871526,-0.6995641130717438,-1.899276071337139,-2.6295241183827245,-5.8521193112392185,0.07602067905181009
4421,2.991724457619785,1.1717228398871526,-0.6995641130717438,-1.899276071337139,-2.6295241183827245,-5.8521193112392185,0.07602067905181009
4423,2.991724457619785,1.1717228398871526,-0.6995641130717438,-1.899276071337139,-2.6295241183827245,-5.8521193112392185,0.07602067905181009
4425,2.991724457619785,1.1717228398871526,-0.6995641130717438,-1.899276071337139,-2.6295241183827245,-5.8521193112392185,0.07602067905181009
4427,2.991724457619785,1.1717228398871526,-0.6995641130717438,-1.899276071337139,-2.6295241183827245,-5.8521193112392185,0.07602067905181009
4429,2.991724457619785,1.1717228398871526,-0.6995641130717438,-1.899276071337139,-2.6295241183827245,-5.8521193112392185,0.07602067905181009
4431,2.991724457619785,1.1717228398871526,-0.6995641130717438,-1.899276071337139,-2.6295241183827245,-5.8521193112392185,0.07602067905181009
4433,2.991724457619785,1.1717228398871526,-0.6995641130717438,-1.899276071337139,-2.6295241183827245,-5.8521193112392185,0.07602067905181009
4435,2.991724457619785,1.1717228398871526,-0.6995641130717438,-1.899276071337139,-2.6295241183827245,-5.8521193112392185,0.07602067905181009
4437,2.991724457619785,1.1717228398871526,-0.6995641130717438,-1.899276071337139,-2.6295241183827245,-5.8521193112392185,0.07602067905181009
4439,2.991724457619785,1.1717228398871526,-0.6995641130717438,-1.899276071337139,-2.6295241183827245,-5.8521193112392185,0.07602067905181009
4441,2.991724457619785,1.1717228398871526,-0.6995641130717438,-1.899276071337139,-2.6295241183827245,-5.8521193112392185,0.07602067905181009
4443,2.991724457619785,1.1717228398871526,-0.6995641130717438,-1.899276071337139,-2.6295241183827245,-5.8521193112392185,0.07602067905181009
4445,2.991724457619785,1.1717228398871526,-0.6995641130717438,-1.899276071337139,-2.6295241183827245,-5.8521193112392185,0.07602067905181009
4447,2.991724457619785,1.1717228398871526,-0.6995641130717438,-1.899276071337139,-2.6295241183827245,-5.8521193112392185,0.07602067905181009
4449,2.991724457619785,1.1717228398871526,-0.6995641130717438,-1.899276071337139,-2.6295241183827245,-5.8521193112392185,0.07602067905181009
4451,2.991724457619785,1.1717228398871526,-0.6995641130717438,-1.899276071337139,-2.6295241183827245,-5.8521193112392185,0.07602067905181009
4453,2.991724457619785,1.1717228398871526,-0.6995641130717438,-1.899276071337139,-2.6295241183827245,-5.8521193112392185,0.07602067905181009
4455,2.991724457619785,1.1717228398871526,-0.6995641130717438,-1.899276071337139,-2.6295241183827245,-5.8521193112392185,0.07602067905181009
4457,2.991724457619785,1.1717228398871526,-0.6995641130717438,-1.899276071337139,-2.6295241183827245,-5.8521193112392185,0.07602067905181009
4459,2.991724457619785,1.1717228398871526,-0.6995641130717438,-1.899276071337139,-2.6295241183827245,-5.8521193112392185,0.07602067905181009
4461,2.991724457619785,1.1717228398871526,-0.6995641130717438,-1.899276071337139,-2.6295241183827245,-5.8521193112392185,0.07602067905181009
4463,2.991724457619785,1.1717228398871526,-0.6995641130717438,-1.899276071337139,-2.6295241183827245,-5.8521193112392185,0.07602067905181009
4465,2.991724457619785,1.1717228398871526,-0.6995641130717438,-1.899276071337139,-2.6295241183827245,-5.8521193112392185,0.07602067905181009
4467,2.991724457619785,1.1717228398871526,-0.6995641130717438,-1.899276071337139,-2.6295241183827245,-5.8521193112392185,0.07602067905181009
4469,2.991724457619785,1.1717228398871526,-0.6995641130717438,-1.899276071337139,-2.6295241183827245,-5.8521193112392185,0.07602067905181009
4471,2.991724457619785,1.1717228398871526,-0.6995641130717438,-1.899276071337139,-2.6295241183827245,-5.8521193112392185,0.07602067905181009
4473,2.991724457619785,1.1717228398871526,-0.6995641130717438,-1.899276071337139,-2.6295241183827245,-5.8521193112392185,0.07602067905181009
4475,2.991724457619785,1.1717228398871526,-0.6995641130717438,-1.899276071337139,-2.6295241183827245,-5.8521193112392185,0.07602067905181009
4477,2.991724457619785,1.1717228398871526,-0.6995641130717438,-1.899276071337139,-2.6295241183827245,-5.8521193112392185,0.07602067905181009
4479,2.991724457619785,1.1717228398871526,-0.6995641130717438,-1.899276071337139,-2.6295241183827245,-5.8521193112392185,0.07602067905181009
4481,2.991724457619785,1.1717228398871526,-0.6995641130717438,-1.899276071337139,-2.6295241183827245,-5.8521193112392185,0.07602067905181009
4483,2.991724457619785,1.1717228398871526,-0.6995641130717438,-1.899276071337139,-2.6295241183827245,-5.8521193112392185,0.07602067905181009
4485,2.991724457619785,1.1717228398871526,-0.6995641130717438,-1.899276071337139,-2.6295241183827245,-5.8521193112392185,0.07602067905181009
4487,2.989582095882341,1.1676607892787239,-0.7000073618279421,-1.9003818947433133,-2.6327545071288676,-5.855000224494016,0.07503221446123165
4489,2.989582095882341,1.1676607892787239,-0.7000073618279421,-1.9003818947433133,-2.6327545071288676,-5.855000224494016,0.07503221446123165
4491,2.989582095882341,1.1676607892787239,-0.7000073618279421,-1.9003818947433133,-2.6327545071288676,-5.855000224494016,0.07503221446123165
4493,2.989582095882341,1.1676607892787239,-0.7000073618279421,-1.9003818947433133,-2.6327545071288676,-5.855000224494016,0.07503221446123165
4495,2.989582095882341,1.1676607892787239,-0.7000073618279421,-1.9003818947433133,-2.6327545071288676,-5.855000224494016,0.07503221446123165
4497,2.989582095882341,1.1676607892787239,-0.7000073618279421,-1.9003818947433133,-2.6327545071288676,-5.855000224494016,0.07503221446123165
4499,2.989582095882341,1.1676607892787239,-0.7000073618279421,-1.9003818947433133,-2.6327545071288676,-5.855000224494016,0.07503221446123165
4501,5.665481381429981,3.6876580185621854,-0.8440777794783196,-2.2598108559015584,-0.23805455565821632,0.22162404677398762,2.0582188342544745
4503,-1.9258845646992984,-1.4115653153432053,-0.41683381711884127,-1.1939164408200356,-4.500816577651857,-4.014502294264434,-0.9611849109329165
4505,-1.9258845646992984,-1.4115653153432053,-0.41683381711884127,-1.1939164408200356,-4.500816577651857,-4.014502294264434,-0.9611849109329165
4507,-1.9291956372536467,-1.4163995732002945,-0.41751886893140266,-1.1956255179876052,-4.505809222605453,-4.018954816283801,-0.9627126071756225
4509,-1.9291956372536467,-1.4163995732002945,-0.41751886893140266,-1.1956255179876052,-4.505809222605453,-4.018954816283801,-0.9627126071756225
4511,-1.9291956372536467,-1.4163995732002945,-0.41751886893140266,-1.1956255179876052,-4.505809222605453,-4.018954816283801,-0.9627126071756225
4513,-1.9291956372536467,-1.4163995732002945,-0.41751886893140266,-1.1956255179876052,-4.505809222605453,-4.018954816283801,-0.9627126071756225
4515,-1.9291956372536467,-1.4163995732002945,-0.41751886893140266,-1.1956255179876052,-4.505809222605453,-4.018954816283801,-0.9627126071756225
4517,-1.935300591496531,-1.4253129758912362,-0.4187819671876458,-1.1987767137812064,-4.51501465936118,-4.027164374590811,-0.9655293728929721
4519,-1.935300591496531,-1.4253129758912362,-0.4187819671876458,-1.1987767137812064,-4.51501465936118,-4.027164374590811,-0.9655293728929721
4521,-1.935300591496531,-1.4253129758912362,-0.4187819671876458,-1.1987767137812064,-4.51501465936118,-4.027164374590811,-0.9655293728929721
4523,-1.9343650739146168,-1.4239470942481782,-0.41858841117077983,-1.1982938274315822,-4.513604026686215,-4.025906349414797,-0.9650977343011209
4525,-1.9345210865942328,-1.4241748770919136,-0.41862068976546474,-1.1983743565363383,-4.51383927248793,-4.02611614544913,-0.965169717013838
4527,-1.9345210865942328,-1.4241748770919136,-0.41862068976546474,-1.1983743565363383,-4.51383927248793,-4.02611614544913,-0.965169717013838
4529,-1.9345210865942328,-1.4241748770919136,-0.41862068976546474,-1.1983743565363383,-4.51383927248793,-4.02611614544913,-0.965169717013838
4531,-1.9359235262887293,-1.426222477982841,-0.41891085068430667,-1.1990982541922832,-4.515953959903719,-4.02800205810072,-0.9658167888664586
4533,-1.9359235262887293,-1.426222477982841,-0.41891085068430667,-1.1990982541922832,-4.515953959903719,-4.02800205810072,-0.9658167888664586
4535,-1.9357678482805771,-1.4259951837687366,-0.4188786413322283,-1.199017897834983,-4.515719218740841,-4.027792712111513,-0.9657449605678567
4537,-1.9357678482805771,-1.4259951837687366,-0.4188786413322283,-1.199017897834983,-4.515719218740841,-4.027792712111513,-0.9657449605678567
4539,-1.9357678482805771,-1.4259951837687366,-0.4188786413322283,-1.199017897834983,-4.515719218740841,-4.027792712111513,-0.9657449605678567
4541,-1.9357678482805771,-1.4259951837687366,-0.4188786413322283,-1.199017897834983,-4.515719218740841,-4.027792712111513,-0.9657449605678567
4543,-1.9357678482805771,-1.4259951837687366,-0.4188786413322283,-1.199017897834983,-4.515719218740841,-4.027792712111513,-0.9657449605678567
4545,-1.9357678482805771,-1.4259951837687366,-0.4188786413322283,-1.199017897834983,-4.515719218740841,-4.027792712111513,-0.9657449605678567
4547,-1.9357678482805771,-1.4259951837687366,-0.4188786413322283,-1.199017897834983,-4.515719218740841,-4.027792712111513,-0.9657449605678567
4549,-1.9357678482805771,-1.4259951837687366,-0.4188786413322283,-1.199017897834983,-4.515719218740841,-4.027792712111513,-0.9657449605678567
4551,-1.9357678482805771,-1.4259951837687366,-0.4188786413322283,-1.199017897834983,-4.515719218740841,-4.027792712111513,-0.9657449605678567
4553,-1.9357678482805771,-1.4259951837687366,-0.4188786413322283,-1.199017897834983,-4.515719218740841,-4.027792712111513,-0.9657449605678567
4555,-1.9357678482805771,-1.4259951837687366,-0.4188786413322283,-1.199017897834983,-4.515719218740841,-4.027792712111513,-0.9657449605678567
4557,-1.9357678482805771,-1.4259951837687366,-0.4188786413322283,-1.199017897834983,-4.515719218740841,-4.027792712111513,-0.9657449605678567
4559,-1.9357678482805771,-1.4259951837687366,-0.4188786413322283,-1.199017897834983,-4.515719218740841,-4.027792712111513,-0.9657449605678567
4561,-1.9357678482805771,-1.4259951837687366,-0.4188786413322283,-1.199017897834983,-4.515719218740841,-4.027792712111513,-0.9657449605678567
4563,-1.9357678482805771,-1.4259951837687366,-0.4188786413322283,-1.199017897834983,-4.515719218740841,-4.027792712111513,-0.9657449605678567
4565,-1.9376335398517743,-1.428719145261251,-0.4192646477913289,-1.1999809123306553,-4.5185324266832865,-4.030301576736418,-0.9666057722705856
4567,-1.9376335398517743,-1.428719145261251,-0.4192646477913289,-1.1999809123306553,-4.5185324266832865,-4.030301576736418,-0.9666057722705856
4569,-1.9376335398517743,-1.428719145261251,-0.4192646477913289,-1.1999809123306553,-4.5185324266832865,-4.030301576736418,-0.9666057722705856
4571,-0.24472043171168245,-1.3549142785845625,-0.06900557789656059,-0.3261495201426976,-1.9658507963356273,-1.7537785567357425,-0.1855123494952784
4573,-0.24264365069293348,-1.351882120637991,-0.06857589761084204,-0.32507754755287155,-1.9627192943516647,-1.75098583230473,-0.18455414320194308
4575,-0.24264365069293348,-1.351882120637991,-0.06857589761084204,-0.32507754755287155,-1.9627192943516647,-1.75098583230473,-0.18455414320194308
4577,-0.24264365069293348,-1.351882120637991,-0.06857589761084204,-0.32507754755287155,-1.9627192943516647,-1.75098583230473,-0.18455414320194308
4579,-0.24472043171168245,-1.3549142785845625,-0.06900557789656059,-0.3261495201426976,-1.9658507963356273,-1.7537785567357425,-0.1855123494952784
4581,-0.24472043171168245,-1.3549142785845625,-0.06900557789656059,-0.3261495201426976,-1.9658507963356273,-1.7537785567357425,-0.1855123494952784
4583,-0.24472043171168245,-1.3549142785845625,-0.06900557789656059,-0.3261495201426976,-1.9658507963356273,-1.7537785567357425,-0.1855123494952784
4585,-0.26513293924739356,-1.3847171063141452,-0.07322886961147501,-0.3366858493802767,-1.996630068328499,-1.7812280123974311,-0.19493047928695573
4587,-0.26513293924739356,-1.3847171063141452,-0.07322886961147501,-0.3366858493802767,-1.996630068328499,-1.7812280123974311,-0.19493047928695573
4589,-0.2631201577466129,-1.381778389440674,-0.07281243065015153,-0.33564691143801606,-1.9935950688720947,-1.7785213504909656,-0.19400180174043324
4591,-0.2631201577466129,-1.381778389440674,-0.07281243065015153,-0.33564691143801606,-1.9935950688720947,-1.7785213504909656,-0.19400180174043324
4593,-0.2631201577466129,-1.381778389440674,-0.07281243065015153,-0.33564691143801606,-1.9935950688720947,-1.7785213504909656,-0.19400180174043324
4595,-0.39088055566269153,-0.875164936944005,-0.09924570588932458,-0.40159302871992897,-2.1862402904597413,-1.9503254941897161,-0.252949190134774
4597,-0.28492678978197494,-1.4136166776458507,-0.07732416289294497,-0.34690284627528944,-2.026476490103203,-1.8078455370534563,-0.20406316683578396
4599,-0.28492678978197494,-1.4136166776458507,-0.07732416289294497,-0.34690284627528944,-2.026476490103203,-1.8078455370534563,-0.20406316683578396
4601,-0.28492678978197494,-1.4136166776458507,-0.07732416289294497,-0.34690284627528944,-2.026476490103203,-1.8078455370534563,-0.20406316683578396
4603,-0.28492678978197494,-1.4136166776458507,-0.07732416289294497,-0.34690284627528944,-2.026476490103203,-1.8078455370534563,-0.20406316683578396
4605,-0.2790513641342933,-1.4050383930764765,-0.07610855347229739,-0.3438701263154025,-2.0176171511039387,-1.7999446343580159,-0.20135230335003085
4607,-0.2888145814997283,-1.4192929614933885,-0.07812853631557204,-0.34890960872099663,-2.032338748746488,-1.8130735947132832,-0.20585695561635142
4609,-0.2888145814997283,-1.4192929614933885,-0.07812853631557204,-0.34890960872099663,-2.032338748746488,-1.8130735947132832,-0.20585695561635142
4611,-0.2888145814997283,-1.4192929614933885,-0.07812853631557204,-0.34890960872099663,-2.032338748746488,-1.8130735947132832,-0.20585695561635142
4613,-0.2888145814997283,-1.4192929614933885,-0.07812853631557204,-0.34890960872099663,-2.032338748746488,-1.8130735947132832,-0.20585695561635142
4615,-0.2888145814997283,-1.4192929614933885,-0.07812853631557204,-0.34890960872099663,-2.032338748746488,-1.8130735947132832,-0.20585695561635142
4617,-0.3246382622465327,-1.471596529982894,-0.08554035741746435,-0.36740072717814476,-2.0863559640034923,-1.8612470263496261,-0.2223856488353868
4619,-0.37408921754299795,-1.5437962976589406,-0.09577162417549479,-0.3929258394263504,-2.160921247113099,-1.9277455592938884,-0.24520183222146796
4621,-1.5583942715313222,-1.4811550879852464,-0.3408010853374772,-1.0042288821671674,-3.94669143313597,-3.520324472614262,-0.791628511642799
4623,-1.5542190149514616,-1.4750590974579327,-0.33993723622484273,-1.0020737389100332,-3.9403957167627244,-3.514709850296814,-0.7897020894081033
4625,-1.5542190149514616,-1.4750590974579327,-0.33993723622484273,-1.0020737389100332,-3.9403957167627244,-3.514709850296814,-0.7897020894081033
4627,-1.5630941861442236,-1.4880170938072648,-0.34177348475537084,-1.0066548382954583,-3.9537782621284734,-3.5266446220400427,-0.7937970059229196
4629,-1.5630941861442236,-1.4880170938072648,-0.34177348475537084,-1.0066548382954583,-3.9537782621284734,-3.5266446220400427,-0.7937970059229196
4631,-1.5630941861442236,-1.4880170938072648,-0.34177348475537084,-1.0066548382954583,-3.9537782621284734,-3.5266446220400427,-0.7937970059229196
4633,-1.5884885448875878,-1.5250935626148174,-0.34702750779486213,-1.019762650945579,-3.992069484972074,-3.5607933577190627,-0.8055137127607739
4653,-1.4642450310173216,-2.4423068715683725,-0.3213218662002575,-0.9556318446014449,-3.8047272439429918,-3.3937184983825555,-0.7481889800028259
4655,-1.4642450310173216,-2.4423068715683725,-0.3213218662002575,-0.9556318446014449,-3.8047272439429918,-3.3937184983825555,-0.7481889800028259
4657,-1.4642450310173216,-2.4423068715683725,-0.3213218662002575,-0.9556318446014449,-3.8047272439429918,-3.3937184983825555,-0.7481889800028259
4659,-1.4642450310173216,-2.4423068715683725,-0.3213218662002575,-0.9556318446014449,-3.8047272439429918,-3.3937184983825555,-0.7481889800028259
4661,-1.4642450310173216,-2.4423068715683725,-0.3213218662002575,-0.9556318446014449,-3.8047272439429918,-3.3937184983825555,-0.7481889800028259
4663,-1.4642450310173216,-2.4423068715683725,-0.3213218662002575,-0.9556318446014449,-3.8047272439429918,-3.3937184983825555,-0.7481889800028259
4665,-1.4642450310173216,-2.4423068715683725,-0.3213218662002575,-0.9556318446014449,-3.8047272439429918,-3.3937184983825555,-0.7481889800028259
4667,-1.473157507630217,-2.455319334866836,-0.3231658331196945,-0.9602321999351247,-3.8181660407845115,-3.4057034361073057,-0.7523011088708098
4669,-1.478823397349338,-2.4635916911630122,-0.32433809013253434,-0.9631567636811533,-3.826709428236609,-3.413322568071224,-0.7549152945443072
4671,-1.478823397349338,-2.4635916911630122,-0.32433809013253434,-0.9631567636811533,-3.826709428236609,-3.413322568071224,-0.7549152945443072
4673,-1.4636037476274546,-2.4413705800147447,-0.3211891864291614,-0.9553008331900144,-3.803760276222505,-3.392856140833101,-0.7478930981672187
4675,-1.478823397349338,-2.4635916911630122,-0.32433809013253434,-0.9631567636811533,-3.826709428236609,-3.413322568071224,-0.7549152945443072
4677,-1.4636037476274546,-2.4413705800147447,-0.3211891864291614,-0.9553008331900144,-3.803760276222505,-3.392856140833101,-0.7478930981672187
4679,-1.4636037476274546,-2.4413705800147447,-0.3211891864291614,-0.9553008331900144,-3.803760276222505,-3.392856140833101,-0.7478930981672187
4681,-1.4636037476274546,-2.4413705800147447,-0.3211891864291614,-0.9553008331900144,-3.803760276222505,-3.392856140833101,-0.7478930981672187
4683,-1.4636037476274546,-2.4413705800147447,-0.3211891864291614,-0.9553008331900144,-3.803760276222505,-3.392856140833101,-0.7478930981672187
4685,-1.4791367324861269,-2.4640491691620774,-0.3244029183112809,-0.9633184979588816,-3.827181894805612,-3.413743921446329,-0.7550598642881963
4687,-1.4791367324861269,-2.4640491691620774,-0.3244029183112809,-0.9633184979588816,-3.827181894805612,-3.413743921446329,-0.7550598642881963
4689,-1.4791367324861269,-2.4640491691620774,-0.3244029183112809,-0.9633184979588816,-3.827181894805612,-3.413743921446329,-0.7550598642881963
4691,-1.4791367324861269,-2.4640491691620774,-0.3244029183112809,-0.9633184979588816,-3.827181894805612,-3.413743921446329,-0.7550598642881963
4693,-0.8276661733398218,-2.2060312461126026,-0.18961544988586265,-0.6270487727550205,-2.844853315123144,-2.5376873077795707,-0.45447776917996885
4695,-0.8276661733398218,-2.2060312461126026,-0.18961544988586265,-0.6270487727550205,-2.844853315123144,-2.5376873077795707,-0.45447776917996885
4697,-0.8276661733398218,-2.2060312461126026,-0.18961544988586265,-0.6270487727550205,-2.844853315123144,-2.5376873077795707,-0.45447776917996885
4699,-0.8276661733398218,-2.2060312461126026,-0.18961544988586265,-0.6270487727550205,-2.844853315123144,-2.5376873077795707,-0.45447776917996885
4701,-0.8310547520434644,-2.2109786650995202,-0.19031653750772348,-0.6287978562915024,-2.8499628287586534,-2.5422440551913743,-0.45604122599605956
4703,-0.8276661733398218,-2.2060312461126026,-0.18961544988586265,-0.6270487727550205,-2.844853315123144,-2.5376873077795707,-0.45447776917996885
4705,-0.8276661733398218,-2.2060312461126026,-0.18961544988586265,-0.6270487727550205,-2.844853315123144,-2.5376873077795707,-0.45447776917996885
4707,-0.8502051140812674,-2.2389387253602857,-0.194278694787537,-0.6386827035644862,-2.8788389578129756,-2.567996257008928,-0.464877014294685
4709,-0.8837892280392965,-2.2879724641594414,-0.20122715567523308,-0.6560178242592427,-2.9294792123895084,-2.613158060154145,-0.4803723934705091
4711,-0.8837892280392965,-2.2879724641594414,-0.20122715567523308,-0.6560178242592427,-2.9294792123895084,-2.613158060154145,-0.4803723934705091
4713,-0.11687043271444209,0.4411881819789716,-0.04255376443992165,-0.2601571534477951,1.1173012893345815,0.7207311698527858,-0.1265236200451958
4715,-0.11687043271444209,0.4411881819789716,-0.04255376443992165,-0.2601571534477951,1.1173012893345815,0.7207311698527858,-0.1265236200451958
4717,-0.11687043271444209,0.4411881819789716,-0.04255376443992165,-0.2601571534477951,1.1173012893345815,0.7207311698527858,-0.1265236200451958
4719,-0.11687043271444209,0.4411881819789716,-0.04255376443992165,-0.2601571534477951,1.1173012893345815,0.7207311698527858,-0.1265236200451958
4721,-0.11687043271444209,0.4411881819789716,-0.04255376443992165,-0.2601571534477951,1.1173012893345815,0.7207311698527858,-0.1265236200451958
4723,-0.15364264251280968,0.3874997347394753,-0.05016183359599424,-0.27913787438818516,1.0618538218843998,0.6712822160348022,-0.14348995521993757
4725,-0.15364264251280968,0.3874997347394753,-0.05016183359599424,-0.27913787438818516,1.0618538218843998,0.6712822160348022,-0.14348995521993757
4727,-0.19071057895817578,0.3333795183848849,-0.057831087782664437,-0.2982712406276229,1.1113209547194436,0.8837998520982464,-0.16059273575492816
4729,-0.19071057895817578,0.3333795183848849,-0.057831087782664437,-0.2982712406276229,1.1113209547194436,0.8837998520982464,-0.16059273575492816
4731,-0.19071057895817578,0.3333795183848849,-0.057831087782664437,-0.2982712406276229,1.1113209547194436,0.8837998520982464,-0.16059273575492816
4733,-0.19071057895817578,0.3333795183848849,-0.057831087782664437,-0.2982712406276229,1.1113209547194436,0.8837998520982464,-0.16059273575492816
4735,-0.19071057895817578,0.3333795183848849,-0.057831087782664437,-0.2982712406276229,1.1113209547194436,0.8837998520982464,-0.16059273575492816
4737,-0.26110115434567405,0.9237545045738171,-0.07239470439478324,-0.33460476193595867,1.1875031427074716,0.7891430356968514,-0.19307025347050044
4739,-0.26110115434567405,0.9237545045738171,-0.07239470439478324,-0.33460476193595867,1.1875031427074716,0.7891430356968514,-0.19307025347050044
4741,-0.34629152965476173,0.799374191419564,-0.09002035894035487,-0.37857749975659005,1.0590476980137713,0.6745843796494042,-0.23237625300333753
4743,-0.26110115434567405,0.9237545045738171,-0.07239470439478324,-0.33460476193595867,1.1875031427074716,0.7891430356968514,-0.19307025347050044
4745,-0.32647037306945936,0.8283136303434402,-0.08591941611202869,-0.36834640829039,1.0889352935815872,0.7012386237641857,-0.22323096671183462
4747,-0.3445142575918516,0.8019690579751231,-0.08965264623453928,-0.37766012478113375,1.0617275814202531,0.6769743432834292,-0.23155623719027152
4749,-0.3445142575918516,0.8019690579751231,-0.08965264623453928,-0.37766012478113375,1.0617275814202531,0.6769743432834292,-0.23155623719027152
4751,-0.3445142575918516,0.8019690579751231,-0.08965264623453928,-0.37766012478113375,1.0617275814202531,0.6769743432834292,-0.23155623719027152
4753,-0.3445142575918516,0.8019690579751231,-0.08965264623453928,-0.37766012478113375,1.0617275814202531,0.6769743432834292,-0.23155623719027152
4755,-0.34629152965476173,0.799374191419564,-0.09002035894035487,-0.37857749975659005,1.0590476980137713,0.6745843796494042,-0.23237625300333753
4757,-0.34629152965476173,0.799374191419564,-0.09002035894035487,-0.37857749975659005,1.0590476980137713,0.6745843796494042,-0.23237625300333753
4759,-0.34629152965476173,0.799374191419564,-0.09002035894035487,-0.37857749975659005,1.0590476980137713,0.6745843796494042,-0.23237625300333753
4761,-0.34629152965476173,0.799374191419564,-0.09002035894035487,-0.37857749975659005,1.0590476980137713,0.6745843796494042,-0.23237625300333753
4763,-0.34629152965476173,0.799374191419564,-0.09002035894035487,-0.37857749975659005,1.0590476980137713,0.6745843796494042,-0.23237625300333753
4765,-0.42005822944377025,0.586312246030698,-0.10528248641344817,-0.4166536760610897,1.065600630614452,0.20766278347269873,-0.2664114812427463
4767,-0.35159451207481895,0.7916316898556834,-0.09111753143029921,-0.3813147415492051,1.0510515251773467,0.6674532625850547,-0.2348229968258544
4769,-0.41847099396006904,0.5886296539044866,-0.10495409175364434,-0.4158343923153478,1.0679939648280028,0.2097971978731974,-0.26567914643433044
4771,-0.41847099396006904,0.5886296539044866,-0.10495409175364434,-0.4158343923153478,1.0679939648280028,0.2097971978731974,-0.26567914643433044
4773,-0.41847099396006904,0.5886296539044866,-0.10495409175364434,-0.4158343923153478,1.0679939648280028,0.2097971978731974,-0.26567914643433044
4775,-0.41847099396006904,0.5886296539044866,-0.10495409175364434,-0.4158343923153478,1.0679939648280028,0.2097971978731974,-0.26567914643433044
4777,-0.41847099396006904,0.5886296539044866,-0.10495409175364434,-0.4158343923153478,1.0679939648280028,0.2097971978731974,-0.26567914643433044
4779,-0.41847099396006904,0.5886296539044866,-0.10495409175364434,-0.4158343923153478,1.0679939648280028,0.2097971978731974,-0.26567914643433044
4781,-0.42005822944377025,0.586312246030698,-0.10528248641344817,-0.4166536760610897,1.065600630614452,0.20766278347269873,-0.2664114812427463
4783,-0.42005822944377025,0.586312246030698,-0.10528248641344817,-0.4166536760610897,1.065600630614452,0.20766278347269873,-0.2664114812427463
4785,-0.42005822944377025,0.586312246030698,-0.10528248641344817,-0.4166536760610897,1.065600630614452,0.20766278347269873,-0.2664114812427463
4787,-0.42005822944377025,0.586312246030698,-0.10528248641344817,-0.4166536760610897,1.065600630614452,0.20766278347269873,-0.2664114812427463
4789,-0.42005822944377025,0.586312246030698,-0.10528248641344817,-0.4166536760610897,1.065600630614452,0.20766278347269873,-0.2664114812427463
4793,-0.37067852007921154,-1.5388165846681128,-0.09506596024294323,1.4005941303842693,1.3407291800566568,0.7158982616499756,-0.24362817002744852
4795,-0.3757879105163937,-1.5462764365621595,-0.09612307908362772,1.3979568150149888,1.39186541749898,0.8425588675267988,-0.24598559241710594
4797,-0.3757879105163937,-1.5462764365621595,-0.09612307908362772,1.3979568150149888,1.39186541749898,0.8425588675267988,-0.24598559241710594
4799,-0.3925361891984136,-1.5707293884326754,-0.09958825191813159,1.3893118517223717,1.3947821788669703,0.8200368362532067,-0.25371308313026253
4801,-0.4341724010384529,-1.6315194136958757,-0.10820266973019266,1.5219711574308565,1.3320004610042613,0.7640470785605573,-0.27292362090751676
4803,-0.4341724010384529,-1.6315194136958757,-0.10820266973019266,1.5219711574308565,1.3320004610042613,0.7640470785605573,-0.27292362090751676
4805,-0.4341724010384529,-1.6315194136958757,-0.10820266973019266,1.5219711574308565,1.3320004610042613,0.7640470785605573,-0.27292362090751676
4807,-0.4341724010384529,-1.6315194136958757,-0.10820266973019266,1.5219711574308565,1.3320004610042613,0.7640470785605573,-0.27292362090751676
4809,-0.47184992079358024,-1.686529638607026,-0.11599804502849809,1.6360545350429703,1.275187909849973,0.7133807208800307,-0.290307657173589
4811,-0.47184992079358024,-1.686529638607026,-0.11599804502849809,1.6360545350429703,1.275187909849973,0.7133807208800307,-0.290307657173589
4813,-0.47913145752578234,-1.0040137038387513,-0.11750457496849465,1.63229602236481,1.2642083474804577,0.7035889684787207,-0.29366728645513485
4815,-0.47913145752578234,-1.0040137038387513,-0.11750457496849465,1.63229602236481,1.2642083474804577,0.7035889684787207,-0.29366728645513485
4817,-0.48633271107076803,-1.014527733948123,-0.11899449453767685,1.6285789494799372,1.2533498411865605,0.6939051758557011,-0.29698987386536824
4819,-0.44646729735237844,-0.9563231231065014,-0.11074644999077521,1.5156248976546487,1.3134614374615428,0.7475136756631557,-0.27859636488848927
4821,-0.4525290307004268,-0.9651734220910094,-0.11200060596264916,1.5124960112013937,1.3043211719090895,0.7393622380958136,-0.2813931889109462
4823,-0.4525290307004268,-0.9651734220910094,-0.11200060596264916,1.5124960112013937,1.3043211719090895,0.7393622380958136,-0.2813931889109462
4825,-0.4570386947385958,-0.9717576567918523,-0.1129336430594452,1.5101682567609416,1.3249201889736395,0.7939225474877087,-0.28347390345099144
4827,-0.4976920770410467,-1.0311127236431537,-0.12134471614102615,1.6227155826405808,1.2636204437498706,0.7392544371119234,-0.3022309733663522
4829,0.8604890941662,0.25872231394128864,0.15965923585641484,0.24432676361547845,2.185560791495686,2.565651011583311,0.32442043281996846
4831,0.8604890941662,0.25872231394128864,0.15965923585641484,0.24432676361547845,2.185560791495686,2.565651011583311,0.32442043281996846
4833,0.8604890941662,0.25872231394128864,0.15965923585641484,0.24432676361547845,2.185560791495686,2.565651011583311,0.32442043281996846
4835,0.8604890941662,0.25872231394128864,0.15965923585641484,0.24432676361547845,2.185560791495686,2.565651011583311,0.32442043281996846
4837,0.8604890941662,0.25872231394128864,0.15965923585641484,0.24432676361547845,2.185560791495686,2.565651011583311,0.32442043281996846
4839,0.8604890941662,0.25872231394128864,0.15965923585641484,0.24432676361547845,2.185560791495686,2.565651011583311,0.32442043281996846
4841,0.8604890941662,0.25872231394128864,0.15965923585641484,0.24432676361547845,2.185560791495686,2.565651011583311,0.32442043281996846
4843,0.8604890941662,0.25872231394128864,0.15965923585641484,0.24432676361547845,2.185560791495686,2.565651011583311,0.32442043281996846
4845,0.8604890941662,0.25872231394128864,0.15965923585641484,0.24432676361547845,2.185560791495686,2.565651011583311,0.32442043281996846
4847,0.8604890941662,0.25872231394128864,0.15965923585641484,0.24432676361547845,2.185560791495686,2.565651011583311,0.32442043281996846
4849,0.8604890941662,0.25872231394128864,0.15965923585641484,0.24432676361547845,2.185560791495686,2.565651011583311,0.32442043281996846
4851,0.8604890941662,0.25872231394128864,0.15965923585641484,0.24432676361547845,2.185560791495686,2.565651011583311,0.32442043281996846
4853,0.8604890941662,0.25872231394128864,0.15965923585641484,0.24432676361547845,2.185560791495686,2.565651011583311,0.32442043281996846
4855,0.8604890941662,0.25872231394128864,0.15965923585641484,0.24432676361547845,2.185560791495686,2.565651011583311,0.32442043281996846
4857,0.8604890941662,0.25872231394128864,0.15965923585641484,0.24432676361547845,2.185560791495686,2.565651011583311,0.32442043281996846
4859,0.8604890941662,0.25872231394128864,0.15965923585641484,0.24432676361547845,2.185560791495686,2.565651011583311,0.32442043281996846
4861,0.8604890941662,0.25872231394128864,0.15965923585641484,0.24432676361547845,2.185560791495686,2.565651011583311,0.32442043281996846
4863,0.8604890941662,0.25872231394128864,0.15965923585641484,0.24432676361547845,2.185560791495686,2.565651011583311,0.32442043281996846
4865,0.8604890941662,0.25872231394128864,0.15965923585641484,0.24432676361547845,2.185560791495686,2.565651011583311,0.32442043281996846
4867,0.11793672240515463,-0.12684411489853353,-0.22127267280694884,0.6802666908698005,1.7527431663982975,1.6992065453384422,-0.5250747950169332
4869,-0.0794679300384118,-0.2327388313625982,-0.2621151529232182,0.5783722809088219,1.5612441217051973,1.6062184509189814,-0.616155356037762
4871,-0.1396844157181194,-0.16650589246225067,-0.27457377833351937,0.7704338734023719,1.4704458898883503,1.5252431101444026,-0.6439386490378012
4873,-0.1396844157181194,-0.16650589246225067,-0.27457377833351937,0.7704338734023719,1.4704458898883503,1.5252431101444026,-0.6439386490378012
4875,-0.1396844157181194,-0.16650589246225067,-0.27457377833351937,0.7704338734023719,1.4704458898883503,1.5252431101444026,-0.6439386490378012
4877,-4.4911184161767395,-0.13239953078409616,-0.9475736516447786,-1.4194015656257393,2.1850190174953514,2.985400583907869,-0.12985550656457168
4879,-4.4911184161767395,-0.13239953078409616,-0.9475736516447786,-1.4194015656257393,2.1850190174953514,2.985400583907869,-0.12985550656457168
4881,-4.4913082732056875,-0.13267672731750135,-0.9476129325423348,-1.4194995641769492,2.184758831328102,2.9851452761222346,-0.12994310472650072
4883,-4.491280264983207,-0.13263583453506644,-0.947607137718071,-1.4194851071655852,2.1848010639002773,2.9851829398173892,-0.12993018200869688
4885,-4.491414071208414,-0.13283119533882992,-0.9476348218583628,-1.4195541739590865,2.1846514849318144,2.9850319688856937,-0.12999191888221562
4887,-4.491868185583087,-0.1317026348785566,-0.9477287768745615,-1.419788574292054,2.184436262824958,2.9851451134540588,-0.1302014427789464
4889,-4.4918557482990575,-0.13168447609856937,-0.9477262036346739,-1.4197821545359743,2.184455016549718,2.9851618383309964,-0.13019570433867678
4891,-4.4918557482990575,-0.13168447609856937,-0.9477262036346739,-1.4197821545359743,2.184455016549718,2.9851618383309964,-0.13019570433867678
4893,-4.4918557482990575,-0.13168447609856937,-0.9477262036346739,-1.4197821545359743,2.184455016549718,2.9851618383309964,-0.13019570433867678
4895,-4.4918557482990575,-0.13168447609856937,-0.9477262036346739,-1.4197821545359743,2.184455016549718,2.9851618383309964,-0.13019570433867678
4897,-4.4918557482990575,-0.13168447609856937,-0.9477262036346739,-1.4197821545359743,2.184455016549718,2.9851618383309964,-0.13019570433867678
4899,-4.492107557152215,-0.13205212401533384,-0.9477783021944135,-1.419912130776138,2.1843360726040935,2.985112598603929,-0.13031188646170078
4901,-4.492107557152215,-0.13205212401533384,-0.9477783021944135,-1.419912130776138,2.1843360726040935,2.985112598603929,-0.13031188646170078
4903,-4.492107557152215,-0.13205212401533384,-0.9477783021944135,-1.419912130776138,2.1843360726040935,2.985112598603929,-0.13031188646170078
4905,-4.492107557152215,-0.13205212401533384,-0.9477783021944135,-1.419912130776138,2.1843360726040935,2.985112598603929,-0.13031188646170078
4907,-4.4924245117481725,-0.1325148865252741,-0.9478438792293156,-1.4200757333110308,2.1841709579389352,2.985033519876688,-0.13045812618837616
4909,-4.492592248991986,-0.13275978755825601,-0.9478785836041135,-1.4201623142870896,2.183970158510329,2.984807957386198,-0.13053551849945721
4911,-4.493833407544463,-0.13278353746855487,-0.9481353758978774,-1.4208029634146908,2.1836091173062524,2.985305836155658,-0.11786295007271308
4913,-4.493845807227045,-0.13280164134938488,-0.9481379413581288,-1.420809363762022,2.1835904202793373,2.9852891618427817,-0.11786867116404531
4915,-4.493845807227045,-0.13280164134938488,-0.9481379413581288,-1.420809363762022,2.1835904202793373,2.9852891618427817,-0.11786867116404531
4917,-4.493845807227045,-0.13280164134938488,-0.9481379413581288,-1.420809363762022,2.1835904202793373,2.9852891618427817,-0.11786867116404531
4919,-4.493845807227045,-0.13280164134938488,-0.9481379413581288,-1.420809363762022,2.1835904202793373,2.9852891618427817,-0.11786867116404531
4921,-4.495022704934831,-0.12976651920940263,-0.9483814382597173,-1.4214168433529788,2.184051270369375,2.9881412686333073,-0.1184116801669357
4923,-4.495022704934831,-0.12976651920940263,-0.9483814382597173,-1.4214168433529788,2.184051270369375,2.9881412686333073,-0.1184116801669357
4925,-4.495022704934831,-0.12976651920940263,-0.9483814382597173,-1.4214168433529788,2.184051270369375,2.9881412686333073,-0.1184116801669357
4927,-4.495418656649369,-0.13034461970572586,-0.9484633595813672,-1.4216212218507827,2.1836619243950235,2.9878386565096884,-0.11859436838553128
4929,-1.9782614923776891,-2.7873200680630457,-0.4276704595220264,0.16534250813861284,-0.6095019137268989,-1.25172214669269,-0.9853511091376879
4931,-1.9782614923776891,-2.7873200680630457,-0.4276704595220264,0.16534250813861284,-0.6095019137268989,-1.25172214669269,-0.9853511091376879
4933,-1.9782614923776891,-2.7873200680630457,-0.4276704595220264,0.16534250813861284,-0.6095019137268989,-1.25172214669269,-0.9853511091376879
4935,-1.9782614923776891,-2.7873200680630457,-0.4276704595220264,0.16534250813861284,-0.6095019137268989,-1.25172214669269,-0.9853511091376879
4937,-1.9782614923776891,-2.7873200680630457,-0.4276704595220264,0.16534250813861284,-0.6095019137268989,-1.25172214669269,-0.9853511091376879
4939,-1.9824786428009058,-2.793477224764787,-0.42854297635572536,0.16316574052563526,-0.6158608002911259,-1.2573931052144802,-0.9872968607788026
4941,-1.9824786428009058,-2.793477224764787,-0.42854297635572536,0.16316574052563526,-0.6158608002911259,-1.2573931052144802,-0.9872968607788026
4943,-1.9824786428009058,-2.793477224764787,-0.42854297635572536,0.16316574052563526,-0.6158608002911259,-1.2573931052144802,-0.9872968607788026
4945,-1.9824786428009058,-2.793477224764787,-0.42854297635572536,0.16316574052563526,-0.6158608002911259,-1.2573931052144802,-0.9872968607788026
4947,-1.9824786428009058,-2.793477224764787,-0.42854297635572536,0.16316574052563526,-0.6158608002911259,-1.2573931052144802,-0.9872968607788026
4949,-1.9824786428009058,-2.793477224764787,-0.42854297635572536,0.16316574052563526,-0.6158608002911259,-1.2573931052144802,-0.9872968607788026
4951,-1.9912613105437749,-2.8063001635090337,-0.430360086176673,0.15863238866961016,-0.6291038630950401,-1.2692034841391404,-0.9913490971135506
4953,-1.9824786428009058,-2.793477224764787,-0.42854297635572536,0.16316574052563526,-0.6158608002911259,-1.2573931052144802,-0.9872968607788026
4955,-1.9824786428009058,-2.793477224764787,-0.42854297635572536,0.16316574052563526,-0.6158608002911259,-1.2573931052144802,-0.9872968607788026
4957,-1.9912613105437749,-2.8063001635090337,-0.430360086176673,0.15863238866961016,-0.6291038630950401,-1.2692034841391404,-0.9913490971135506
4959,-1.98810738962993,-2.801695351410197,-0.42970754860667415,0.16026034883469187,-0.6243481813405372,-1.2649622897570385,-0.989893909088889
4961,-1.98810738962993,-2.801695351410197,-0.42970754860667415,0.16026034883469187,-0.6243481813405372,-1.2649622897570385,-0.989893909088889
4963,-1.9912613105437749,-2.8063001635090337,-0.430360086176673,0.15863238866961016,-0.6291038630950401,-1.2692034841391404,-0.9913490971135506
4965,-1.98810738962993,-2.801695351410197,-0.42970754860667415,0.16026034883469187,-0.6243481813405372,-1.2649622897570385,-0.989893909088889
4967,-1.98810738962993,-2.801695351410197,-0.42970754860667415,0.16026034883469187,-0.6243481813405372,-1.2649622897570385,-0.989893909088889
4969,-1.98810738962993,-2.801695351410197,-0.42970754860667415,0.16026034883469187,-0.6243481813405372,-1.2649622897570385,-0.989893909088889
4971,-1.9912613105437749,-2.8063001635090337,-0.430360086176673,0.15863238866961016,-0.6291038630950401,-1.2692034841391404,-0.9913490971135506
4973,-1.98810738962993,-2.801695351410197,-0.42970754860667415,0.16026034883469187,-0.6243481813405372,-1.2649622897570385,-0.989893909088889
4975,-1.9824786428009058,-2.793477224764787,-0.42854297635572536,0.16316574052563526,-0.6158608002911259,-1.2573931052144802,-0.9872968607788026
4977,-1.9824786428009058,-2.793477224764787,-0.42854297635572536,0.16316574052563526,-0.6158608002911259,-1.2573931052144802,-0.9872968607788026
4979,-1.9912613105437749,-2.8063001635090337,-0.430360086176673,0.15863238866961016,-0.6291038630950401,-1.2692034841391404,-0.9913490971135506
4981,-1.98810738962993,-2.801695351410197,-0.42970754860667415,0.16026034883469187,-0.6243481813405372,-1.2649622897570385,-0.989893909088889
4983,-1.9824786428009058,-2.793477224764787,-0.42854297635572536,0.16316574052563526,-0.6158608002911259,-1.2573931052144802,-0.9872968607788026
4985,1.209323510389341,0.7680302465732862,0.2318321179648396,0.42438471349232243,2.423873350454234,2.840585569412152,0.48536919435972004
4987,1.209323510389341,0.7680302465732862,0.2318321179648396,0.42438471349232243,2.423873350454234,2.840585569412152,0.48536919435972004
4989,1.209323510389341,0.7680302465732862,0.2318321179648396,0.42438471349232243,2.423873350454234,2.840585569412152,0.48536919435972004
4991,1.209323510389341,0.7680302465732862,0.2318321179648396,0.42438471349232243,2.423873350454234,2.840585569412152,0.48536919435972004
4993,1.209323510389341,0.7680302465732862,0.2318321179648396,0.42438471349232243,2.423873350454234,2.840585569412152,0.48536919435972004
4995,1.209323510389341,0.7680302465732862,0.2318321179648396,0.42438471349232243,2.423873350454234,2.840585569412152,0.48536919435972004
4997,1.209323510389341,0.7680302465732862,0.2318321179648396,0.42438471349232243,2.423873350454234,2.840585569412152,0.48536919435972004
4999,1.209323510389341,0.7680302465732862,0.2318321179648396,0.42438471349232243,2.423873350454234,2.840585569412152,0.48536919435972004
5001,1.209323510389341,0.7680302465732862,0.2318321179648396,0.42438471349232243,2.423873350454234,2.840585569412152,0.48536919435972004
5003,1.209323510389341,0.7680302465732862,0.2318321179648396,0.42438471349232243,2.423873350454234,2.840585569412152,0.48536919435972004
5005,1.209323510389341,0.7680302465732862,0.2318321179648396,0.42438471349232243,2.423873350454234,2.840585569412152,0.48536919435972004
5007,1.209323510389341,0.7680302465732862,0.2318321179648396,0.42438471349232243,2.423873350454234,2.840585569412152,0.48536919435972004
5009,1.209323510389341,0.7680302465732862,0.2318321179648396,0.42438471349232243,2.423873350454234,2.840585569412152,0.48536919435972004
5011,1.209323510389341,0.7680302465732862,0.2318321179648396,0.42438471349232243,2.423873350454234,2.840585569412152,0.48536919435972004
5013,1.209323510389341,0.7680302465732862,0.2318321179648396,0.42438471349232243,2.423873350454234,2.840585569412152,0.48536919435972004
5015,1.209323510389341,0.7680302465732862,0.2318321179648396,0.42438471349232243,2.423873350454234,2.840585569412152,0.48536919435972004
5017,1.209323510389341,0.7680302465732862,0.2318321179648396,0.42438471349232243,2.423873350454234,2.840585569412152,0.48536919435972004
5019,1.209323510389341,0.7680302465732862,0.2318321179648396,0.42438471349232243,2.423873350454234,2.840585569412152,0.48536919435972004
5021,1.209323510389341,0.7680302465732862,0.2318321179648396,0.42438471349232243,2.423873350454234,2.840585569412152,0.48536919435972004
5023,1.209323510389341,0.7680302465732862,0.2318321179648396,0.42438471349232243,2.423873350454234,2.840585569412152,0.48536919435972004
5025,1.209323510389341,0.7680302465732862,0.2318321179648396,0.42438471349232243,2.423873350454234,2.840585569412152,0.48536919435972004
5027,1.209323510389341,0.7680302465732862,0.2318321179648396,0.42438471349232243,2.423873350454234,2.840585569412152,0.48536919435972004
5029,1.209323510389341,0.7680302465732862,0.2318321179648396,0.42438471349232243,2.423873350454234,2.840585569412152,0.48536919435972004
5031,1.209323510389341,0.7680302465732862,0.2318321179648396,0.42438471349232243,2.423873350454234,2.840585569412152,0.48536919435972004
5033,1.209323510389341,0.7680302465732862,0.2318321179648396,0.42438471349232243,2.423873350454234,2.840585569412152,0.48536919435972004
5035,1.209323510389341,0.7680302465732862,0.2318321179648396,0.42438471349232243,2.423873350454234,2.840585569412152,0.48536919435972004
5037,1.209323510389341,0.7680302465732862,0.2318321179648396,0.42438471349232243,2.423873350454234,2.840585569412152,0.48536919435972004
5039,1.209323510389341,0.7680302465732862,0.2318321179648396,0.42438471349232243,2.423873350454234,2.840585569412152,0.48536919435972004
5041,1.209323510389341,0.7680302465732862,0.2318321179648396,0.42438471349232243,2.423873350454234,2.840585569412152,0.48536919435972004
5043,1.209323510389341,0.7680302465732862,0.2318321179648396,0.42438471349232243,2.423873350454234,2.840585569412152,0.48536919435972004
5045,1.209323510389341,0.7680302465732862,0.2318321179648396,0.42438471349232243,2.423873350454234,2.840585569412152,0.48536919435972004
5047,1.209323510389341,0.7680302465732862,0.2318321179648396,0.42438471349232243,2.423873350454234,2.840585569412152,0.48536919435972004
5049,1.209323510389341,0.7680302465732862,0.2318321179648396,0.42438471349232243,2.423873350454234,2.840585569412152,0.48536919435972004
5051,1.209323510389341,0.7680302465732862,0.2318321179648396,0.42438471349232243,2.423873350454234,2.840585569412152,0.48536919435972004
5053,1.209323510389341,0.7680302465732862,0.2318321179648396,0.42438471349232243,2.423873350454234,2.840585569412152,0.48536919435972004
5055,1.209323510389341,0.7680302465732862,0.2318321179648396,0.42438471349232243,2.423873350454234,2.840585569412152,0.48536919435972004
5057,1.209323510389341,0.7680302465732862,0.2318321179648396,0.42438471349232243,2.423873350454234,2.840585569412152,0.48536919435972004
5059,1.209323510389341,0.7680302465732862,0.2318321179648396,0.42438471349232243,2.423873350454234,2.840585569412152,0.48536919435972004
5061,1.209323510389341,0.7680302465732862,0.2318321179648396,0.42438471349232243,2.423873350454234,2.840585569412152,0.48536919435972004
5063,1.209323510389341,0.7680302465732862,0.2318321179648396,0.42438471349232243,2.423873350454234,2.840585569412152,0.48536919435972004
5065,1.209323510389341,0.7680302465732862,0.2318321179648396,0.42438471349232243,2.423873350454234,2.840585569412152,0.48536919435972004
5067,1.209323510389341,0.7680302465732862,0.2318321179648396,0.42438471349232243,2.423873350454234,2.840585569412152,0.48536919435972004
5069,1.209323510389341,0.7680302465732862,0.2318321179648396,0.42438471349232243,2.423873350454234,2.840585569412152,0.48536919435972004
5071,1.209323510389341,0.7680302465732862,0.2318321179648396,0.42438471349232243,2.423873350454234,2.840585569412152,0.48536919435972004
5073,1.209323510389341,0.7680302465732862,0.2318321179648396,0.42438471349232243,2.423873350454234,2.840585569412152,0.48536919435972004
5075,1.209323510389341,0.7680302465732862,0.2318321179648396,0.42438471349232243,2.423873350454234,2.840585569412152,0.48536919435972004
5077,1.209323510389341,0.7680302465732862,0.2318321179648396,0.42438471349232243,2.423873350454234,2.840585569412152,0.48536919435972004
5079,1.209323510389341,0.7680302465732862,0.2318321179648396,0.42438471349232243,2.423873350454234,2.840585569412152,0.48536919435972004
5081,1.209323510389341,0.7680302465732862,0.2318321179648396,0.42438471349232243,2.423873350454234,2.840585569412152,0.48536919435972004
5083,1.209323510389341,0.7680302465732862,0.2318321179648396,0.42438471349232243,2.423873350454234,2.840585569412152,0.48536919435972004
5085,1.209323510389341,0.7680302465732862,0.2318321179648396,0.42438471349232243,2.423873350454234,2.840585569412152,0.48536919435972004
5087,1.209323510389341,0.7680302465732862,0.2318321179648396,0.42438471349232243,2.423873350454234,2.840585569412152,0.48536919435972004
5089,1.209323510389341,0.7680302465732862,0.2318321179648396,0.42438471349232243,2.423873350454234,2.840585569412152,0.48536919435972004
5091,1.209323510389341,0.7680302465732862,0.2318321179648396,0.42438471349232243,2.423873350454234,2.840585569412152,0.48536919435972004
5093,1.209323510389341,0.7680302465732862,0.2318321179648396,0.42438471349232243,2.423873350454234,2.840585569412152,0.48536919435972004
5095,1.209323510389341,0.7680302465732862,0.2318321179648396,0.42438471349232243,2.423873350454234,2.840585569412152,0.48536919435972004
5097,1.209323510389341,0.7680302465732862,0.2318321179648396,0.42438471349232243,2.423873350454234,2.840585569412152,0.48536919435972004
5099,-2.9955981158710148,-2.663221870993388,-0.6381546112491858,-1.7460707582319086,1.9234215947666229,1.7202059771333662,-0.42512078318525504
5101,-3.00098442163339,-2.740078898437371,-0.6392690231096805,-1.7488510090554479,1.9230268002008355,1.7091210862654531,-0.42760597157668423
5103,-3.003691361181961,-2.6750382338460867,-0.6398290814635235,-1.7502482507348482,1.918303462638038,1.7222752521484601,-0.3598620553178975
5105,-3.00031355758625,-2.739099418302855,-0.6391302231818832,-1.7485047289885836,1.921790818790205,1.7100232220214249,-0.42729644151735746
5107,-3.0031751713704824,-2.6742845823899697,-0.6397222832100347,-1.7499818089077819,1.9181185697873335,1.7229693917253055,-0.35962389042643883
5109,-2.9997946902787986,-2.7383418576282814,-0.6390228709618355,-1.748236905117736,1.921608414376479,1.71072096212637,-0.4270570412556465
5111,-2.9993670780711583,-2.7377175319330167,-0.6389343991711669,-1.7480161844151072,1.9212874780323936,1.7112959881153849,-0.4268597451975795
5113,-3.000222022713966,-2.738965774847971,-0.6391112848683485,-1.7484574814101366,1.921928840869361,1.7101463123577698,-0.42725420822945237
5115,-2.9985110128714623,-2.736467652973891,-0.638757281633844,-1.7475743090219418,1.9209667034778093,1.7124471707273923,-0.4264647651518021
5117,-2.9984804183528664,-2.7364229841273247,-0.6387509517120213,-1.74755851704145,1.9210128358311085,1.7124883123108177,-0.4264506491424611
5119,-3.0031751713704824,-2.6742845823899697,-0.6397222832100347,-1.7499818089077819,1.9181185697873335,1.7229693917253055,-0.35962389042643883
5121,-3.005812560764086,-2.6135967229908403,-0.6402679518279408,-1.7513431508658972,1.9167083188104463,1.7239545262383729,-0.3947423075742673
5123,-3.0057520505657753,-2.613508376421317,-0.640255432434194,-1.7513119173013523,1.9164790984535252,1.7225276006335282,-0.39471438876515386
5125,-3.006628900236771,-2.614788601285593,-0.6404368502215121,-1.7517645210203863,1.9148363647755247,1.724362788665319,-0.36121740688545545
5127,-3.0065080254182317,-2.6146121206945883,-0.6404118415537243,-1.751702129034373,1.9156596531473014,1.7230193091341128,-0.395063188111203
5129,-3.006628900236771,-2.614788601285593,-0.6404368502215121,-1.7517645210203863,1.9148363647755247,1.724362788665319,-0.36121740688545545
5131,-3.007444220676583,-2.615978991764058,-0.6406055377799826,-1.7521853651804171,1.9136069729658978,1.7232663970425097,-0.36159358770060157
5133,-3.006628900236771,-2.614788601285593,-0.6404368502215121,-1.7517645210203863,1.9148363647755247,1.724362788665319,-0.36121740688545545
5135,-3.011175640082931,-2.621426967695465,-0.6413775582010959,-1.7541114128901356,1.9137349939827963,1.7257449060051426,-0.36331522783788905
5137,-3.011175640082931,-2.621426967695465,-0.6413775582010959,-1.7541114128901356,1.9137349939827963,1.7257449060051426,-0.36331522783788905
5139,-3.011175640082931,-2.621426967695465,-0.6413775582010959,-1.7541114128901356,1.9137349939827963,1.7257449060051426,-0.36331522783788905
5141,-3.0124646381121765,-2.6233089406055634,-0.6416442483511391,-1.754776755332703,1.9130656524443577,1.7240115425665783,-0.3639099588242427
5143,-3.0276203668224837,-2.6454367253022437,-0.644779926972874,-1.7625996916989408,1.905379052052309,1.7184571407425162,-0.3381128398536031
5145,-3.0112956542465477,-2.6216021917063874,-0.6414023888017455,-1.7541733606316774,1.9135540290240094,1.7255835185098904,-0.363370601190125
5147,-3.0112956542465477,-2.6216021917063874,-0.6414023888017455,-1.7541733606316774,1.9135540290240094,1.7255835185098904,-0.363370601190125
5149,-3.0112956542465477,-2.6216021917063874,-0.6414023888017455,-1.7541733606316774,1.91323520230363,1.7255835185098904,-0.363370601190125
5151,-3.005812560764086,-2.6781352441284114,-0.6402679518279408,-1.7513431508658972,1.9281770650976586,1.7359396884294034,-0.4298336273855372
5153,-3.005812560764086,-2.6781352441284114,-0.6402679518279408,-1.7513431508658972,1.9284937713552548,1.7359396884294034,-0.4298336273855372
5155,-3.005812560764086,-2.6781352441284114,-0.6402679518279408,-1.7513431508658972,1.9281770650976586,1.7359396884294034,-0.4298336273855372
5157,-3.005812560764086,-2.6781352441284114,-0.6402679518279408,-1.7513431508658972,1.9281770650976586,1.7359396884294034,-0.4298336273855372
5159,-3.0130034642778463,-2.624095641767268,-0.6417557300041046,-1.7550548813725035,1.9125714954940918,1.7240335102988125,-0.36415856790642165
5161,-3.013780984816662,-2.625230843340813,-0.6419165968669343,-1.755456214347966,1.9110807814928883,1.722987949604275,-0.3645173082198032
5163,-3.013033386035192,-2.6241393283637326,-0.6417619207334735,-1.755070326093649,1.912526377572826,1.7239932734023826,-0.3641723735103528
5165,-3.0177141816740307,-2.6309734199528063,-0.642730364488173,-1.757486413576206,1.909280326088016,1.723651232497141,-0.33354222366128616
5167,-3.0177141816740307,-2.6309734199528063,-0.642730364488173,-1.757486413576206,1.909280326088016,1.723651232497141,-0.33354222366128616
5169,-3.0287605204644827,-2.6471013812744855,-0.6450158216282249,-1.7631882050960586,1.903659856162271,1.7132379731908554,-0.33863889550668813
5171,-3.0155717383057596,-2.6278453931528998,-0.6422870988427807,-1.7563805480346264,1.9093352239484034,1.721325847333362,-0.30080502309246815
5173,-3.013780984816662,-2.625230843340813,-0.6419165968669343,-1.755456214347966,1.9110807814928883,1.722987949604275,-0.3645173082198032
5175,-3.0177141816740307,-2.6309734199528063,-0.642730364488173,-1.757486413576206,1.909280326088016,1.723651232497141,-0.33354222366128616
5177,-3.0164652772477676,-2.6291499848162094,-0.6424719695944086,-1.756841766258949,1.9102118775342092,1.723845899313753,-0.3012172931536068
5179,-3.0246583764694415,-2.641112137150888,-0.6441670993084738,-1.7610708003805382,1.9070191375126146,1.7246453115421385,-0.336746206698032
5181,-3.024717160294529,-2.6411979631675746,-0.6441792615203448,-1.7611011428425745,1.907244915512118,1.7245662627531768,-0.336773328975555
5183,-3.0262730070153387,-2.6434695425760713,-0.6445011619313636,-1.761904224642543,1.9058415664788626,1.72320800297293,-0.3374911813181398
5185,-3.0249522427031894,-2.6415411900109835,-0.6442278994246826,-1.7612224853896021,1.9068904433638902,1.7242501387227467,-0.33688179368194304
5187,-3.0249522427031894,-2.6415411900109835,-0.6442278994246826,-1.7612224853896021,1.9068904433638902,1.7242501387227467,-0.33688179368194304
5189,-3.0265954546973677,-2.6439403251441864,-0.6445678754706787,-1.7620706625450795,1.905355359436868,1.7198353780750102,-0.33763995550058934
5191,0.15429305162013618,0.6139508463043046,0.013549215302966822,-0.12019062835723893,1.8546828361687813,1.4908398685286097,-0.001411460955547561
5193,0.15429305162013618,0.6139508463043046,0.013549215302966822,-0.12019062835723893,1.8546828361687813,1.4908398685286097,-0.001411460955547561
5195,0.15429305162013618,0.6139508463043046,0.013549215302966822,-0.12019062835723893,1.8546828361687813,1.4908398685286097,-0.001411460955547561
5197,0.15429305162013618,0.6139508463043046,0.013549215302966822,-0.12019062835723893,1.8546828361687813,1.4908398685286097,-0.001411460955547561
5199,0.017005077415037206,0.41350659233795706,-0.014855289288320028,0.5020925834299047,1.9253030680797223,1.9303779488392565,-0.06475477914602568
5201,0.12808879482254953,0.5756919038517923,0.008127626581682645,0.5594306942667119,1.8151703977320541,1.4556020329097135,-0.013501846773279924
5203,0.017005077415037206,0.41350659233795706,-0.014855289288320028,0.5020925834299047,1.9253030680797223,1.9303779488392565,-0.06475477914602568
5205,0.017005077415037206,0.41350659233795706,-0.014855289288320028,0.5020925834299047,1.9253030680797223,1.9303779488392565,-0.06475477914602568
5207,0.017005077415037206,0.41350659233795706,-0.014855289288320028,0.5020925834299047,1.9253030680797223,1.9303779488392565,-0.06475477914602568
5209,0.017005077415037206,0.41350659233795706,-0.014855289288320028,0.5020925834299047,1.9253030680797223,1.9303779488392565,-0.06475477914602568
5211,0.017005077415037206,0.41350659233795706,-0.014855289288320028,0.5020925834299047,1.9253030680797223,1.9303779488392565,-0.06475477914602568
5213,0.017005077415037206,0.41350659233795706,-0.014855289288320028,0.5020925834299047,1.9253030680797223,1.9303779488392565,-0.06475477914602568
5215,0.017005077415037206,0.41350659233795706,-0.014855289288320028,0.5020925834299047,1.9253030680797223,1.9303779488392565,-0.06475477914602568
5217,0.017005077415037206,0.41350659233795706,-0.014855289288320028,0.5020925834299047,1.9253030680797223,1.9303779488392565,-0.06475477914602568
5219,0.017005077415037206,0.41350659233795706,-0.014855289288320028,0.5020925834299047,1.9253030680797223,1.9303779488392565,-0.06475477914602568
5221,0.017005077415037206,0.41350659233795706,-0.014855289288320028,0.5020925834299047,1.9253030680797223,1.9303779488392565,-0.06475477914602568
5223,0.017005077415037206,0.41350659233795706,-0.014855289288320028,0.5020925834299047,1.9253030680797223,1.9303779488392565,-0.06475477914602568
5225,0.017005077415037206,0.41350659233795706,-0.014855289288320028,0.5020925834299047,1.9253030680797223,1.9303779488392565,-0.06475477914602568
5227,0.017005077415037206,0.41350659233795706,-0.014855289288320028,0.5020925834299047,1.9253030680797223,1.9303779488392565,-0.06475477914602568
5229,0.017005077415037206,0.41350659233795706,-0.014855289288320028,0.5020925834299047,1.9253030680797223,1.9303779488392565,-0.06475477914602568
5231,0.017005077415037206,0.41350659233795706,-0.014855289288320028,0.5020925834299047,1.9253030680797223,1.9303779488392565,-0.06475477914602568
5233,0.017005077415037206,0.41350659233795706,-0.014855289288320028,0.5020925834299047,1.9253030680797223,1.9303779488392565,-0.06475477914602568
5235,0.017005077415037206,0.41350659233795706,-0.014855289288320028,0.5020925834299047,1.9253030680797223,1.9303779488392565,-0.06475477914602568
5237,0.017005077415037206,0.41350659233795706,-0.014855289288320028,0.5020925834299047,1.9253030680797223,1.9303779488392565,-0.06475477914602568
5239,0.017005077415037206,0.41350659233795706,-0.014855289288320028,0.5020925834299047,1.9253030680797223,1.9303779488392565,-0.06475477914602568
5241,0.017005077415037206,0.41350659233795706,-0.014855289288320028,0.5020925834299047,1.9253030680797223,1.9303779488392565,-0.06475477914602568
5243,0.017005077415037206,0.41350659233795706,-0.014855289288320028,0.5020925834299047,1.9253030680797223,1.9303779488392565,-0.06475477914602568
5245,0.017005077415037206,0.41350659233795706,-0.014855289288320028,0.5020925834299047,1.9253030680797223,1.9303779488392565,-0.06475477914602568
5247,0.017005077415037206,0.41350659233795706,-0.014855289288320028,0.5020925834299047,1.9253030680797223,1.9303779488392565,-0.06475477914602568
5249,0.017005077415037206,0.41350659233795706,-0.014855289288320028,0.5020925834299047,1.9253030680797223,1.9303779488392565,-0.06475477914602568
5251,0.017005077415037206,0.41350659233795706,-0.014855289288320028,0.5020925834299047,1.9253030680797223,1.9303779488392565,-0.06475477914602568
5253,0.017005077415037206,0.41350659233795706,-0.014855289288320028,0.5020925834299047,1.9253030680797223,1.9303779488392565,-0.06475477914602568
5255,0.017005077415037206,0.41350659233795706,-0.014855289288320028,0.5020925834299047,1.9253030680797223,1.9303779488392565,-0.06475477914602568
5257,0.017005077415037206,0.41350659233795706,-0.014855289288320028,0.5020925834299047,1.9253030680797223,1.9303779488392565,-0.06475477914602568
5259,0.017005077415037206,0.41350659233795706,-0.014855289288320028,0.5020925834299047,1.9253030680797223,1.9303779488392565,-0.06475477914602568
5261,0.017005077415037206,0.41350659233795706,-0.014855289288320028,0.5020925834299047,1.9253030680797223,1.9303779488392565,-0.06475477914602568
5263,0.017005077415037206,0.41350659233795706,-0.014855289288320028,0.5020925834299047,1.9253030680797223,1.9303779488392565,-0.06475477914602568
5265,0.017005077415037206,0.41350659233795706,-0.014855289288320028,0.5020925834299047,1.9253030680797223,1.9303779488392565,-0.06475477914602568
5267,0.017005077415037206,0.41350659233795706,-0.014855289288320028,0.5020925834299047,1.9253030680797223,1.9303779488392565,-0.06475477914602568
5269,0.017005077415037206,0.41350659233795706,-0.014855289288320028,0.5020925834299047,1.9253030680797223,1.9303779488392565,-0.06475477914602568
5271,0.017005077415037206,0.41350659233795706,-0.014855289288320028,0.5020925834299047,1.9253030680797223,1.9303779488392565,-0.06475477914602568
5273,0.017005077415037206,0.41350659233795706,-0.014855289288320028,0.5020925834299047,1.9253030680797223,1.9303779488392565,-0.06475477914602568
5275,0.017005077415037206,0.41350659233795706,-0.014855289288320028,0.5020925834299047,1.9253030680797223,1.9303779488392565,-0.06475477914602568
5277,0.017005077415037206,0.41350659233795706,-0.014855289288320028,0.5020925834299047,1.9253030680797223,1.9303779488392565,-0.06475477914602568
5279,0.017005077415037206,0.41350659233795706,-0.014855289288320028,0.5020925834299047,1.9253030680797223,1.9303779488392565,-0.06475477914602568
5375,-0.7567691906564682,-1.3809056758525227,0.8884771441548751,1.7609153105679527,-3.944699456715633,-5.991187738919003,-1.6394016415130919
5377,1.0084273670965582,1.246199279413366,-0.4916323325244816,-0.6873776780524977,1.7881619627901904,1.4654884625631412,0.30709557289573497
5379,1.0028170362634543,1.2380080406332965,-0.492793094556482,-0.6902735639541152,1.7818528890093077,1.4579440426930548,0.3045070215446588
5381,1.003087397252528,1.2384027751835749,-0.4927371576108033,-0.690134011653209,1.7822605564359773,1.4583076071384928,0.30463176344034415
5383,1.0029071441590385,1.2381396006625813,-0.492774451480505,-0.6902270529385962,1.7830622968111216,1.4580652141209303,0.3045485964395793
5385,1.0029071441590385,1.2381396006625813,-0.492774451480505,-0.6902270529385962,1.7830622968111216,1.4580652141209303,0.3045485964395793
5387,1.0015568292681007,1.239920453050579,-0.4930538279207315,-0.6909240453213513,1.7885088709989105,1.4715168677559625,0.30392557445757995
5389,1.001466907456146,1.2397891647085588,-0.4930724324965168,-0.6909704602860359,1.7883732811943052,1.4713959465616426,0.3038840854198115
5391,1.001466907456146,1.2397891647085588,-0.4930724324965168,-0.6909704602860359,1.7883732811943052,1.4713959465616426,0.3038840854198115
5393,1.001466907456146,1.2397891647085588,-0.4930724324965168,-0.6909704602860359,1.7883732811943052,1.4713959465616426,0.3038840854198115
5395,1.0039894096595403,1.2434720879595966,-0.49255053372255153,-0.6896684196782868,1.7889768670862018,1.4747880487944247,0.30504794307472216
5397,1.0043505637080616,1.23269982764349,-0.49247581194237533,-0.6894820027006546,1.7905892438004685,1.4574388383969534,0.30521457599318214
5399,0.9971651548252614,1.2409712076363393,-0.49396245329449284,-0.6931908970421928,1.7808212958597744,1.452904569045523,0.277801747574856
5401,0.9955592740214789,1.238626577077567,-0.4942947056197837,-0.694019804947572,1.7783998470514257,1.4507450815918492,0.2770608099995222
5403,0.9952920106691399,1.2382363651629236,-0.4943500016729345,-0.6941577583405326,1.7779968504376589,1.45038568265337,0.2769374973228955
5405,0.9445006520188528,1.1134078445979547,-0.4970502240533776,-1.3940414927394083,1.7794155085803034,1.492406438103015,0.24622326781328607
5407,0.9446752902766073,1.1177865384867482,-0.4970140918777597,-1.3939513496652192,1.779678839208664,1.4926412806428004,0.2463038441841825
5409,0.9445006520188528,1.1134078445979547,-0.4970502240533776,-1.3940414927394083,1.7794155085803034,1.492406438103015,0.24622326781328607
5411,0.9451994853931138,1.1144281607266002,-0.49690563734865956,-1.3936807757378078,1.780469253813047,1.4933461852501075,0.24654570264448128
5413,0.9437153571916372,1.1163850095313643,-0.49721269939511337,-1.3944468385713027,1.7782313912914702,1.4913504230346408,0.24586094051985996
5415,0.9486170468396162,1.1235416125066253,-0.4961985532769464,-1.3919167321715282,1.785622469464295,1.4979419068307482,0.24812253181247468
5417,0.9483535216877224,1.123156858468417,-0.49625307590669765,-1.3920527560166083,1.7862684064585528,1.4999942748195645,0.24800094390468996
5419,0.9040587767681858,1.1239453984197914,-0.49730287913553406,-1.3946718202916697,1.7889909969292628,1.5027404872037078,0.24565983565730387
5421,0.9096599652055986,1.119802804660285,-0.49614400864007857,-1.3917806534227755,1.7860199897700735,1.5007031619392093,0.24824416879711575
5423,0.9040587767681858,1.1239453984197914,-0.49730287913553406,-1.3946718202916697,1.790022456535925,1.5027404872037078,0.24565983565730387
5425,0.9013628726034222,1.1240826288785035,-0.49786065429879267,-1.3960633658341866,1.7880171344140168,1.5038658076833213,0.2444159720464636
5427,0.8994563785122995,1.121299094574069,-0.49825510268713935,-1.397047441377009,1.7851424018471915,1.5013020743971488,0.24353633446319045
5429,0.7254492129924381,0.37864698662424523,-0.49818347038437216,-1.3968687320722897,1.7866927344719148,1.4970170486934826,0.24369607770857304
5431,0.7089497574684085,0.3964044334081551,-0.5015971623912621,-0.7122380796918363,1.831286183008518,1.661111577155424,0.21076558356382624
5433,0.7234609402846992,0.39269361158284344,-0.4985948385437664,-0.7047478387446294,1.7908631804049016,1.5317308767412872,0.24277870827760162
5435,0.6975685594540284,0.44330097404492275,-0.5039519009845408,-0.7181127155829826,1.8452741773655168,1.7126894677951165,0.20551441097287015
5437,0.6973197257167714,0.4429376698799734,-0.5040033840009761,-0.7182411561568108,1.8448989700928857,1.712354851843303,0.2053996015390005
5439,0.6973197257167714,0.4429376698799734,-0.5040033840009761,-0.7182411561568108,1.8448989700928857,1.712354851843303,0.2053996015390005
5441,0.6973197257167714,0.4429376698799734,-0.5040033840009761,-0.7182411561568108,1.8448989700928857,1.712354851843303,0.2053996015390005
5443,0.6876067104923216,0.42875639798269827,-0.5060129801592381,-0.7232547257104479,1.8302530704188138,1.6992934001682247,0.17494262564247864
5445,0.6882606750827343,0.42971120444120015,-0.5058776766825972,-0.722917168640487,1.8312391596568363,1.7001728105982004,0.1752443584590322
5447,0.6882606750827343,0.42971120444120015,-0.5058776766825972,-0.722917168640487,1.8312391596568363,1.7001728105982004,0.1752443584590322
5449,0.5626511531272915,0.17839730060048264,-0.541490804992558,-0.8117653161006254,1.5716913384873132,1.4687038398268761,-0.04525311193949011
5451,0.5626511531272915,0.17839730060048264,-0.541490804992558,-0.8117653161006254,1.5716913384873132,1.4687038398268761,-0.04525311193949011
5453,0.5626511531272915,0.17839730060048264,-0.541490804992558,-0.8117653161006254,1.5716913384873132,1.4687038398268761,-0.04525311193949011
5455,0.5626511531272915,0.17839730060048264,-0.541490804992558,-0.8117653161006254,1.5716913384873132,1.4687038398268761,-0.04525311193949011
5457,0.5626511531272915,0.17839730060048264,-0.541490804992558,-0.8117653161006254,1.5716913384873132,1.4687038398268761,-0.04525311193949011
5459,0.5626511531272915,0.17839730060048264,-0.541490804992558,-0.8117653161006254,1.5716913384873132,1.4687038398268761,-0.04525311193949011
5461,0.562211429180818,0.20056996919642422,-0.5415817826687079,-0.8119922885225871,1.5728853056115613,1.4718025678210722,-0.04545599623448182
5463,-1.3019264174170866,-2.4699605029852516,-0.6584487014740183,-0.18726283553563716,-3.6226440613758655,-3.282302934249742,-1.4999969310503265
5465,-1.3019264174170866,-2.4699605029852516,-0.6584487014740183,-0.18726283553563716,-3.6226440613758655,-3.282302934249742,-1.4999969310503265
5467,-1.302375833595014,-2.4706166630824966,-0.6585416844462215,-0.18749481079918828,-3.623321719559419,-3.2829072808459685,-1.500204287245385
5469,-1.3024286857620684,-2.4706938287137716,-0.6585526194143458,-0.18752209151578025,-3.6234014134050856,-3.282978353114462,-1.500228672714354
5471,-1.3826005478564634,-2.587746973241902,-0.6751399573668324,-0.22890442208631523,-3.7442896259513088,-3.3907884283844947,-1.5372191797123058
5473,-1.3824836744410822,-2.587576334810604,-0.675115776578362,-0.22884409550559415,-3.7441133968116773,-3.390631264369837,-1.5371652554703514
5475,-1.3827641355117821,-2.587985815760472,-0.6751738032031738,-0.22898886116821782,-3.7445362937812607,-3.3910084107694924,-1.537294657444153
5477,-1.3827641355117821,-2.587985815760472,-0.6751738032031738,-0.22898886116821782,-3.7445362937812607,-3.3910084107694924,-1.537294657444153
5479,0.261487938992514,-0.2419689862671186,1.135201410310799,1.1654864180554667,-3.2929002060532104,-2.9372628165762213,-0.5915753513617061
5481,0.5620344384212548,0.2838486241817688,1.1973836551312034,1.3206195815652984,-2.83971715462069,-2.5331067962581786,-0.4529061587060692
5483,0.5174844190770236,0.21880435906427076,1.1881663785537615,1.2976241866815412,-2.9068924960276634,-2.593014858928944,-0.473461098547324
5485,0.449386644614336,0.11937971770019784,1.1740771361522957,1.2624741410132154,-3.009574634350427,-2.684588460922871,-0.5048807405139928
5487,0.449386644614336,0.11937971770019784,1.1740771361522957,1.2624741410132154,-3.009574634350427,-2.684588460922871,-0.5048807405139928
5489,2.4712881828100555,1.9915631090796069,-0.9074535046847083,1.5523703820165005,2.0438472516837116,2.936281977689064,1.435139713994304
5491,2.4745671810696033,1.99151430082056,-0.90748730050904,1.5522860677052832,2.043681453915415,2.9360623203591514,1.4350643477914797
5493,2.4745671810696033,1.99151430082056,-0.90748730050904,1.5522860677052832,2.043681453915415,2.9360623203591514,1.4350643477914797
5495,2.4745881205728795,1.9915448730767018,-0.9074829681833547,1.5522968760540468,2.043713027824971,2.9360904784855224,1.4350740090719123
5497,2.4741861993540235,1.9936098247579874,-0.9075661245790438,1.5520894162756709,2.0448764704477824,2.9368127261989363,1.4348885665828597
5499,2.474144346780295,1.9931703251151802,-0.907574783761536,1.552067813221981,2.0447731816720918,2.9365986919021703,1.4348692562178393
5501,2.4742029411344584,1.9932558744990576,-0.9075626607506786,1.5520980578847623,2.0448615339512486,2.936677485902556,1.4348962910753458
5503,2.1565126073536174,1.7776562159317244,-0.8600410945104526,1.3379497946591261,1.9529971435337217,2.742290544336064,-0.09325901154768013
5505,2.156542354946801,1.7776996482436775,-0.8600349398151703,1.3379651494819118,1.9530419988392325,2.742330547027488,-0.09324528630137707
5507,2.1566435068991385,1.7778473329024465,-0.8600140117542003,1.3380173611110315,1.9531945221609348,2.7424665698079282,-0.09319861578751998
5509,2.1566435068991385,1.7778473329024465,-0.8600140117542003,1.3380173611110315,1.9531945221609348,2.7424665698079282,-0.09319861578751998
5511,2.15737925915648,1.7770176798175363,-0.8602710790562651,1.3373760258887435,1.9536226605692057,2.7431416397149464,-0.09377188739163222
5513,2.1567149177101115,1.7779515946690978,-0.8599992370536493,1.338054221247602,1.953302199905588,2.7425625985729463,-0.09316566754316091
5515,2.1433655411813364,1.7717996870220087,-0.8602882814122512,1.33733310920229,1.955545644391032,2.7444607268581285,-0.10955860638454618
5517,-1.8691108155150054,-1.161619980619657,-0.40508748442869136,-0.06599923150898435,-0.03318288734596386,0.7623238369003014,-0.9349900626203138
5519,-1.8701445489095456,-1.1631292600759866,-0.4053013610272893,-0.06653281393974209,-0.03474161604517079,0.7609337372797711,-0.9354670170200974
5521,1.6163912487294003,-3.6127130847030844,-0.642859376888858,2.8671645377053654,-1.5231138681433807,-5.483564580301949,2.61399888582443
5523,-0.21960780795332158,0.7142591590742948,-0.20722009191846036,0.022178092305493835,1.2895242560308189,1.4750249928977386,1.010340486909079
5525,-0.21960780795332158,0.7142591590742948,-0.20722009191846036,0.022178092305493835,1.2895242560308189,1.4750249928977386,1.010340486909079
5527,-0.2181148996916683,0.6676486824155856,-0.20691121330168394,0.022948687144896174,1.2775907226913885,1.4770325619856388,1.0110293000669297
5529,-0.2203529843948019,0.6643810166114199,-0.2073742668764339,0.021793454391029532,1.2884006317854935,1.505771624824602,1.0099966698434257
5531,-3.6702036293287796,-1.5940409165147287,-0.77772863814605,-0.30252258949411415,1.8441128736707402,1.963940951656702,-0.07959758180603504
5533,-3.6704661306706927,-1.5944241757619402,-0.7777829489523298,-0.30265808487893464,1.843717057517967,1.9638305276266879,-0.07971869733798531
5535,-3.6704333237718996,-1.5943762767788598,-0.777776161295124,-0.3026411509335909,1.8440195302672073,1.964117156709734,-0.07970356055822636
5537,-3.6703020796956802,-1.5941846567837548,-0.777749007256417,-0.30257340664518795,1.8439644239707036,1.964051133054853,-0.07964300583499817
5539,-3.701484982658234,-1.589702140288268,-0.7842006641877537,-0.31866909364602103,1.8394254048553034,1.9995643345563616,-0.07568135125560405
5541,-3.6703020796956802,-1.5941846567837548,-0.777749007256417,-0.30257340664518795,1.8439644239707036,1.964051133054853,-0.07964300583499817
5543,-3.670225508470566,-1.5940728606691845,-0.7777331648803611,-0.30253388285632843,1.844079882914711,1.9639115299635899,-0.0796076766264151
5545,-3.670225508470566,-1.5940728606691845,-0.7777331648803611,-0.30253388285632843,1.844079882914711,1.9639115299635899,-0.0796076766264151
5547,1.3361359443072125,0.9531799208801597,0.25806926205781916,0.489841519954729,0.4178645945357311,0.3720576211622002,0.5438792015084042
5549,1.3361359443072125,0.9531799208801597,0.25806926205781916,0.489841519954729,0.4178645945357311,0.3720576211622002,0.5438792015084042
5551,1.3361359443072125,0.9531799208801597,0.25806926205781916,0.489841519954729,0.4178645945357311,0.3720576211622002,0.5438792015084042
5553,1.3361359443072125,0.9531799208801597,0.25806926205781916,0.489841519954729,0.4178645945357311,0.3720576211622002,0.5438792015084042
5555,1.3361359443072125,0.9531799208801597,0.25806926205781916,0.489841519954729,0.4178645945357311,0.3720576211622002,0.5438792015084042
5557,1.3361359443072125,0.9531799208801597,0.25806926205781916,0.489841519954729,0.4178645945357311,0.3720576211622002,0.5438792015084042
5559,1.3361359443072125,0.9531799208801597,0.25806926205781916,0.489841519954729,0.4178645945357311,0.3720576211622002,0.5438792015084042
5561,1.3361359443072125,0.9531799208801597,0.25806926205781916,0.489841519954729,0.4178645945357311,0.3720576211622002,0.5438792015084042
5563,1.3361359443072125,0.9531799208801597,0.25806926205781916,0.489841519954729,0.4178645945357311,0.3720576211622002,0.5438792015084042
5565,1.3361359443072125,0.9531799208801597,0.25806926205781916,0.489841519954729,0.4178645945357311,0.3720576211622002,0.5438792015084042
5615,3.1537878015480687,1.3854658530046686,0.3827380198061441,2.1709069803320054,2.0361540001009804,2.289092222933193,-0.6725470748329723
5617,3.1537878015480687,1.3854658530046686,0.3827380198061441,2.1709069803320054,2.0361540001009804,2.289092222933193,-0.6725470748329723
5619,3.1523031600819027,1.3854406094572047,0.3827344425997854,2.170898055865856,2.0361279294871277,2.289068972735488,-0.6725550521634653
5621,3.152803014270916,1.385371219785121,0.38253427002472806,2.1703986624311833,2.035979262347329,2.28933862392254,-0.6730014459766054
5623,3.152803014270916,1.385371219785121,0.38253427002472806,2.1703986624311833,2.035979262347329,2.28933862392254,-0.6730014459766054
5625,3.152803014270916,1.385371219785121,0.38253427002472806,2.1703986624311833,2.035979262347329,2.28933862392254,-0.6730014459766054
5627,3.152803014270916,1.385371219785121,0.38253427002472806,2.1703986624311833,2.035979262347329,2.28933862392254,-0.6730014459766054
5629,3.152803014270916,1.385371219785121,0.38253427002472806,2.1703986624311833,2.035979262347329,2.28933862392254,-0.6730014459766054
5631,3.152803014270916,1.385371219785121,0.38253427002472806,2.1703986624311833,2.035979262347329,2.28933862392254,-0.6730014459766054
5633,3.152803014270916,1.385371219785121,0.38253427002472806,2.1703986624311833,2.035979262347329,2.28933862392254,-0.6730014459766054
5635,3.152803014270916,1.385371219785121,0.38253427002472806,2.1703986624311833,2.035979262347329,2.28933862392254,-0.6730014459766054
5637,3.152803014270916,1.385371219785121,0.38253427002472806,2.1703986624311833,2.035979262347329,2.28933862392254,-0.6730014459766054
5639,1.5575877575824544,-0.06883835918232695,-0.9717209776070479,4.839923870461013,-1.8102322917622589,-7.621013882197707,2.3510493298892934
5641,2.4732956204300804,1.8360429821015254,-0.7290216502096545,0.8604461831225032,1.828618729646852,2.070146318255337,-0.37644392400545357
5643,2.4732956204300804,1.8360429821015254,-0.7290216502096545,0.8604461831225032,1.828618729646852,2.070146318255337,-0.37644392400545357
5645,2.4732956204300804,1.8360429821015254,-0.7290216502096545,0.8604461831225032,1.828618729646852,2.070146318255337,-0.37644392400545357
5647,2.4732956204300804,1.8360429821015254,-0.7290216502096545,0.8604461831225032,1.828618729646852,2.070146318255337,-0.37644392400545357
5649,2.4732956204300804,1.8360429821015254,-0.7290216502096545,0.8604461831225032,1.828618729646852,2.070146318255337,-0.37644392400545357
5651,2.4731230853887642,1.8357910761509855,-0.729057347235571,0.8603571256660809,1.8283585703814769,2.0699143039886705,-0.37652352997301497
5653,2.4846252641965374,1.854144639272679,-0.7266775780485983,0.8662942082443086,1.8438680944472772,2.0856810666521524,-0.45822791502600135
5655,2.4731230853887642,1.8357910761509855,-0.729057347235571,0.8603571256660809,1.8283585703814769,2.0699143039886705,-0.37652352997301497
5657,2.4846252641965374,1.854144639272679,-0.7266775780485983,0.8662942082443086,1.8438680944472772,2.0856810666521524,-0.45822791502600135
5659,2.4732956204300804,1.8360429821015254,-0.7290216502096545,0.8604461831225032,1.828618729646852,2.070146318255337,-0.37644392400545357
5661,2.4734525100275557,1.8362720452696815,-0.7289891901830745,0.860527164866175,1.8288552977208674,2.0703572935136263,-0.3763715366914795
5663,2.4731230853887642,1.8357910761509855,-0.729057347235571,0.8603571256660809,1.8283585703814769,2.0699143039886705,-0.37652352997301497
5665,2.4731230853887642,1.8357910761509855,-0.729057347235571,0.8603571256660809,1.8283585703814769,2.0699143039886705,-0.37652352997301497
5667,2.4723550734234405,1.8291902915941094,-0.7292162468006749,0.859960700733432,1.8292142439442802,2.0634777340279262,-0.3768778831243029
5669,2.4723550734234405,1.8291902915941094,-0.7292162468006749,0.859960700733432,1.8292142439442802,2.0634777340279262,-0.3768778831243029
5671,2.4723550734234405,1.8291902915941094,-0.7292162468006749,0.859960700733432,1.8292142439442802,2.0634777340279262,-0.3768778831243029
5673,2.4723550734234405,1.8291902915941094,-0.7292162468006749,0.859960700733432,1.8292142439442802,2.0634777340279262,-0.3768778831243029
5675,2.4723550734234405,1.8291902915941094,-0.7292162468006749,0.859960700733432,1.8292142439442802,2.0634777340279262,-0.3768778831243029
5677,2.4723550734234405,1.8291902915941094,-0.7292162468006749,0.859960700733432,1.8292142439442802,2.0634777340279262,-0.3768778831243029
5679,2.4723550734234405,1.8291902915941094,-0.7292162468006749,0.859960700733432,1.8292142439442802,2.0634777340279262,-0.3768778831243029
5681,2.4723550734234405,1.8291902915941094,-0.7292162468006749,0.859960700733432,1.8292142439442802,2.0634777340279262,-0.3768778831243029
5683,2.4723550734234405,1.8291902915941094,-0.7292162468006749,0.859960700733432,1.8292142439442802,2.0634777340279262,-0.3768778831243029
5685,2.4723550734234405,1.8291902915941094,-0.7292162468006749,0.859960700733432,1.8292142439442802,2.0634777340279262,-0.3768778831243029
5687,2.4723550734234405,1.8291902915941094,-0.7292162468006749,0.859960700733432,1.8292142439442802,2.0634777340279262,-0.3768778831243029
5689,2.4723550734234405,1.8291902915941094,-0.7292162468006749,0.859960700733432,1.8292142439442802,2.0634777340279262,-0.3768778831243029
5691,2.4723550734234405,1.8291902915941094,-0.7292162468006749,0.859960700733432,1.8292142439442802,2.0634777340279262,-0.3768778831243029
5693,2.4723550734234405,1.8291902915941094,-0.7292162468006749,0.859960700733432,1.8292142439442802,2.0634777340279262,-0.3768778831243029
5695,-3.3066502245678238,-3.1173665856589747,-0.702510437757403,-1.9066266047656695,1.5836778081723413,1.4734499862080375,0.4032234226148792
5697,-3.3100769273015076,-3.122369666788219,-0.7032194131363134,-1.9083953667924927,1.5872765936661892,1.4810411602059652,0.40164237574707684
5699,-3.3261126703262582,-3.145782296816471,-0.7065371643013991,-1.9166725403725835,1.5897651315527455,1.492123013369043,0.3942436419634454
5701,-3.326816313096782,-3.146809634797187,-0.7066827460569876,-1.9170357398414828,1.589800024928282,1.4911767988484916,0.39391898812421644
5703,-3.326816313096782,-3.146809634797187,-0.7066827460569876,-1.9170357398414828,1.589800024928282,1.4911767988484916,0.39391898812421644
5705,-3.326816313096782,-3.146809634797187,-0.7066827460569876,-1.9170357398414828,1.589800024928282,1.4911767988484916,0.39391898812421644
5707,-3.3275746574024194,-3.147916838537887,-0.7068396454098695,-1.917427174615758,1.5897512362023782,1.4901570251456535,0.406992115867963
5709,-3.3275746574024194,-3.147916838537887,-0.7068396454098695,-1.917427174615758,1.5897512362023782,1.4901570251456535,0.406992115867963
5711,-3.3278518805981503,-3.1483215921004057,-0.706897002127248,-1.9175702689836307,1.5901534539509576,1.489784232836512,0.3934411874856192
5713,-3.330856810440349,-3.152708873098091,-0.7075187138539556,-1.9191213243891385,1.5899856770005822,1.4857433922721865,0.3920547424729621
5715,-3.33104071264905,-3.1529773754286077,-0.7075567627155668,-1.9192162492392584,1.5897083776001129,1.4854960921541087,0.39196989180640385
5717,-3.3311142590365512,-3.153084755196281,-0.7075719792610329,-1.9192542116969127,1.5895974796978827,1.486014666148952,0.3919359582280828
5719,-3.3343604233042936,-3.15782424515283,-0.7082436017274656,-1.9209297851375775,1.5885049935205036,1.4834995679971739,0.4171064571112426
5721,-3.335329308132755,-3.1592388439022447,-0.7084440613359477,-1.9214298946673891,1.5851447117937294,1.4710441406971881,0.4166594232007017
5723,-3.334342128636559,-3.1577975344300087,-0.7082398166109856,-1.9209203419742515,1.584458147557875,1.471748390427007,0.41711489809062385
5725,-3.3455516483005368,-3.1096252232199757,-0.7105590354253437,-1.9267063626073446,1.5834869368259739,1.4776500097368706,0.4250150177658374
5727,-3.3455516483005368,-3.1096252232199757,-0.7105590354253437,-1.9267063626073446,1.5834869368259739,1.4776500097368706,0.4250150177658374
5729,-3.3459112216973312,-3.1101502103623955,-0.710633430173021,-1.9268919636995705,1.5829447492793456,1.4771664780592877,0.42484911414450544
5731,-3.3459112216973312,-3.1101502103623955,-0.710633430173021,-1.9268919636995705,1.5829447492793456,1.4771664780592877,0.42484911414450544
5733,-3.3464322517584706,-3.110910928717399,-0.7107412298608637,-1.9271609039195428,1.5826947257982855,1.478295656296349,0.4246087160095584
5735,-3.3464322517584706,-3.110910928717399,-0.7107412298608637,-1.9271609039195428,1.5826947257982855,1.478295656296349,0.4246087160095584
5737,-3.3464322517584706,-3.110910928717399,-0.7107412298608637,-1.9271609039195428,1.5826947257982855,1.478295656296349,0.4246087160095584
5739,-3.3464322517584706,-3.110910928717399,-0.7107412298608637,-1.9271609039195428,1.5826947257982855,1.478295656296349,0.4246087160095584
5741,-3.3464322517584706,-3.110910928717399,-0.7107412298608637,-1.9271609039195428,1.5826947257982855,1.478295656296349,0.4246087160095584
5743,-3.3464322517584706,-3.110910928717399,-0.7107412298608637,-1.9271609039195428,1.5826947257982855,1.478295656296349,0.4246087160095584
5745,-3.3464322517584706,-3.110910928717399,-0.7107412298608637,-1.9271609039195428,1.5826947257982855,1.478295656296349,0.4246087160095584
5747,-3.345623578817953,-3.109730243772463,-0.7105739176517296,-1.9267434910009238,1.5828425697415955,1.478163596434145,0.41190974816669446
5749,-3.3523677179787668,-3.119576874189742,-0.7119692615109916,-1.9302246150371583,1.5796178018271192,1.4860338064776588,0.4087980688280073
5751,-3.352492284561644,-3.119758744859175,-0.7119950339946759,-1.930288912602114,1.5796961068416184,1.485866297175452,0.40874059503439364
5753,-3.3529191897192105,-3.1203820382417047,-0.7120833594986276,-1.9305092683465264,1.5787862578011929,1.485292221982883,0.4085436252022614
5755,-3.3586023832874914,-3.1286796586380743,-0.713259196630307,-1.933442763824803,1.5747314588636598,1.4860130715492952,0.43189694210656926
5757,-3.3586023832874914,-3.1286796586380743,-0.713259196630307,-1.933442763824803,1.5747314588636598,1.4860130715492952,0.43189694210656926
5759,2.6628423746985495,2.0676314740756325,-0.694254522392534,-1.8860296277359614,-3.8146033512295845,-5.817609411433815,-1.1098418870958318
5761,4.266098241971433,1.3374082195785943,-0.627475251724545,-1.0262805571103653,-2.5702315586525253,-2.4932030774160197,-0.09592368329711021
5763,4.266098241971433,1.3374082195785943,-0.627475251724545,-1.0262805571103653,-2.5702315586525253,-2.4932030774160197,-0.09592368329711021
5765,0.7763486193925577,-0.9096434519245822,-0.8206408043690945,-1.102727662841104,-3.2693671704914893,-4.441837595958637,-1.8616925891684777
5767,0.7763486193925577,-0.9096434519245822,-0.8206408043690945,-1.102727662841104,-3.2693671704914893,-4.441837595958637,-1.8616925891684777
5769,0.7763486193925577,-0.9096434519245822,-0.8206408043690945,-1.102727662841104,-3.2693671704914893,-4.441837595958637,-1.8616925891684777
5771,0.7763486193925577,-0.9096434519245822,-0.8206408043690945,-1.102727662841104,-3.2693671704914893,-4.441837595958637,-1.8616925891684777
5773,0.7763486193925577,-0.9096434519245822,-0.8206408043690945,-1.102727662841104,-3.2693671704914893,-4.441837595958637,-1.8616925891684777
5775,0.7763486193925577,-0.9096434519245822,-0.8206408043690945,-1.102727662841104,-3.2693671704914893,-4.441837595958637,-1.8616925891684777
5777,0.7707268582837901,-0.9178513792244676,-0.8218039312937189,-1.1056294487110354,-3.277844018029353,-4.449397386544176,-1.8642864143360889
5779,0.7707268582837901,-0.9178513792244676,-0.8218039312937189,-1.1056294487110354,-3.277844018029353,-4.449397386544176,-1.8642864143360889
5781,0.7707268582837901,-0.9178513792244676,-0.8218039312937189,-1.1056294487110354,-3.277844018029353,-4.449397386544176,-1.8642864143360889
5783,0.7707268582837901,-0.9178513792244676,-0.8218039312937189,-1.1056294487110354,-3.277844018029353,-4.449397386544176,-1.8642864143360889
5785,0.7685278272102347,-0.9210620256451723,-0.8222589047798297,-1.1067645231429295,-3.28115985639048,-4.4523545051562134,-1.865301025599817
5787,0.7685278272102347,-0.9210620256451723,-0.8222589047798297,-1.1067645231429295,-3.28115985639048,-4.4523545051562134,-1.865301025599817
5789,0.7416507557735721,-0.9603032961505829,-0.8278196970010225,-1.1206376679833272,-3.3216868073627532,-4.488497099564375,-1.8777018414607705
5791,0.7685278272102347,-0.9210620256451723,-0.8222589047798297,-1.1067645231429295,-3.28115985639048,-4.4523545051562134,-1.865301025599817
5793,0.7416809619003915,-0.9602591943667917,-0.827813447436391,-1.1206220764791177,-3.3216412606511794,-4.488456480265771,-1.8776879046515673
5795,0.7416507557735721,-0.9603032961505829,-0.8278196970010225,-1.1206376679833272,-3.3216868073627532,-4.488497099564375,-1.8777018414607705
5797,0.7416507557735721,-0.9603032961505829,-0.8278196970010225,-1.1206376679833272,-3.3216868073627532,-4.488497099564375,-1.8777018414607705
5799,0.7416507557735721,-0.9603032961505829,-0.8278196970010225,-1.1206376679833272,-3.3216868073627532,-4.488497099564375,-1.8777018414607705
5801,0.7416507557735721,-0.9603032961505829,-0.8278196970010225,-1.1206376679833272,-3.3216868073627532,-4.488497099564375,-1.8777018414607705
5803,0.7416507557735721,-0.9603032961505829,-0.8278196970010225,-1.1206376679833272,-3.3216868073627532,-4.488497099564375,-1.8777018414607705
5805,0.7416507557735721,-0.9603032961505829,-0.8278196970010225,-1.1206376679833272,-3.3216868073627532,-4.488497099564375,-1.8777018414607705
5807,0.7416507557735721,-0.9603032961505829,-0.8278196970010225,-1.1206376679833272,-3.3216868073627532,-4.488497099564375,-1.8777018414607705
5809,0.7416507557735721,-0.9603032961505829,-0.8278196970010225,-1.1206376679833272,-3.3216868073627532,-4.488497099564375,-1.8777018414607705
5811,0.7416507557735721,-0.9603032961505829,-0.8278196970010225,-1.1206376679833272,-3.3216868073627532,-4.488497099564375,-1.8777018414607705
5813,0.7416809619003915,-0.9602591943667917,-0.827813447436391,-1.1206220764791177,-3.3216412606511794,-4.488456480265771,-1.8776879046515673
5815,0.7416809619003915,-0.9602591943667917,-0.827813447436391,-1.1206220764791177,-3.3216412606511794,-4.488456480265771,-1.8776879046515673
5817,0.7416809619003915,-0.9602591943667917,-0.827813447436391,-1.1206220764791177,-3.3216412606511794,-4.488456480265771,-1.8776879046515673
5819,0.7416809619003915,-0.9602591943667917,-0.827813447436391,-1.1206220764791177,-3.3216412606511794,-4.488456480265771,-1.8776879046515673
5821,0.7416809619003915,-0.9602591943667917,-0.827813447436391,-1.1206220764791177,-3.3216412606511794,-4.488456480265771,-1.8776879046515673
5823,0.7416809619003915,-0.9602591943667917,-0.827813447436391,-1.1206220764791177,-3.3216412606511794,-4.488456480265771,-1.8776879046515673
5825,0.7416809619003915,-0.9602591943667917,-0.827813447436391,-1.1206220764791177,-3.3216412606511794,-4.488456480265771,-1.8776879046515673
5827,0.7416809619003915,-0.9602591943667917,-0.827813447436391,-1.1206220764791177,-3.3216412606511794,-4.488456480265771,-1.8776879046515673
5829,0.7416809619003915,-0.9602591943667917,-0.827813447436391,-1.1206220764791177,-3.3216412606511794,-4.488456480265771,-1.8776879046515673
5831,0.7416809619003915,-0.9602591943667917,-0.827813447436391,-1.1206220764791177,-3.3216412606511794,-4.488456480265771,-1.8776879046515673
5833,0.7416809619003915,-0.9602591943667917,-0.827813447436391,-1.1206220764791177,-3.3216412606511794,-4.488456480265771,-1.8776879046515673
5835,0.7416809619003915,-0.9602591943667917,-0.827813447436391,-1.1206220764791177,-3.3216412606511794,-4.488456480265771,-1.8776879046515673
5837,0.7416809619003915,-0.9602591943667917,-0.827813447436391,-1.1206220764791177,-3.3216412606511794,-4.488456480265771,-1.8776879046515673
5839,0.7416809619003915,-0.9602591943667917,-0.827813447436391,-1.1206220764791177,-3.3216412606511794,-4.488456480265771,-1.8776879046515673
5841,0.7416809619003915,-0.9602591943667917,-0.827813447436391,-1.1206220764791177,-3.3216412606511794,-4.488456480265771,-1.8776879046515673
5843,0.7416809619003915,-0.9602591943667917,-0.827813447436391,-1.1206220764791177,-3.3216412606511794,-4.488456480265771,-1.8776879046515673
5845,0.7416809619003915,-0.9602591943667917,-0.827813447436391,-1.1206220764791177,-3.3216412606511794,-4.488456480265771,-1.8776879046515673
5847,0.7416809619003915,-0.9602591943667917,-0.827813447436391,-1.1206220764791177,-3.3216412606511794,-4.488456480265771,-1.8776879046515673
5849,0.7416809619003915,-0.9602591943667917,-0.827813447436391,-1.1206220764791177,-3.3216412606511794,-4.488456480265771,-1.8776879046515673
5851,0.7416809619003915,-0.9602591943667917,-0.827813447436391,-1.1206220764791177,-3.3216412606511794,-4.488456480265771,-1.8776879046515673
5853,0.7404285801125661,-0.9620877065478126,-0.8280725617867069,-1.1212685187069824,-3.323529681249137,-4.490140604486976,-1.878265741265018
5855,0.7404285801125661,-0.9620877065478126,-0.8280725617867069,-1.1212685187069824,-3.323529681249137,-4.490140604486976,-1.878265741265018
5857,0.7404285801125661,-0.9620877065478126,-0.8280725617867069,-1.1212685187069824,-3.323529681249137,-4.490140604486976,-1.878265741265018
5859,0.7404285801125661,-0.9620877065478126,-0.8280725617867069,-1.1212685187069824,-3.323529681249137,-4.490140604486976,-1.878265741265018
5861,0.7404285801125661,-0.9620877065478126,-0.8280725617867069,-1.1212685187069824,-3.323529681249137,-4.490140604486976,-1.878265741265018
5863,0.7404285801125661,-0.9620877065478126,-0.8280725617867069,-1.1212685187069824,-3.323529681249137,-4.490140604486976,-1.878265741265018
5865,0.7403607484738566,-0.9621867426235884,-0.8280865959663521,-1.1213035313812907,-3.3236319620911106,-4.490231820206356,-1.878297038114571
5867,0.7404285801125661,-0.9620877065478126,-0.8280725617867069,-1.1212685187069824,-3.323529681249137,-4.490140604486976,-1.878265741265018
5869,0.7403607484738566,-0.9621867426235884,-0.8280865959663521,-1.1213035313812907,-3.3236319620911106,-4.490231820206356,-1.878297038114571
5871,0.7403607484738566,-0.9621867426235884,-0.8280865959663521,-1.1213035313812907,-3.3236319620911106,-4.490231820206356,-1.878297038114571
5873,0.7404285801125661,-0.9620877065478126,-0.8280725617867069,-1.1212685187069824,-3.323529681249137,-4.490140604486976,-1.878265741265018
5875,0.7403607484738566,-0.9621867426235884,-0.8280865959663521,-1.1213035313812907,-3.3236319620911106,-4.490231820206356,-1.878297038114571
5877,-2.8584312555224014,-2.1264822099988687,-0.6097751647819811,-0.9821221242694528,-4.29753164239031,-3.3226222538285937,-1.3914527629156224
5879,-2.858052025946568,-2.1259285242893227,-0.6096967032248761,-0.9819263772422632,-4.29695981601171,-3.3221122897583184,-1.3912777901270124
5881,-2.858620787771812,-2.126758932345133,-0.6098143784835435,-0.9822199551791261,-4.297817431122824,-3.322877124871142,-1.3915402112274742
5883,-2.858620787771812,-2.126758932345133,-0.6098143784835435,-0.9822199551791261,-4.297817431122824,-3.322877124871142,-1.3915402112274742
5885,-2.858620787771812,-2.126758932345133,-0.6098143784835435,-0.9822199551791261,-4.297817431122824,-3.322877124871142,-1.3915402112274742
5887,-2.858620787771812,-2.126758932345133,-0.6098143784835435,-0.9822199551791261,-4.297817431122824,-3.322877124871142,-1.3915402112274742
5889,-2.858620787771812,-2.126758932345133,-0.6098143784835435,-0.9822199551791261,-4.297817431122824,-3.322877124871142,-1.3915402112274742
5891,-2.858620787771812,-2.126758932345133,-0.6098143784835435,-0.9822199551791261,-4.297817431122824,-3.322877124871142,-1.3915402112274742
5893,-2.8616458476810807,-2.1311756037996257,-0.6104402550658097,-0.9837814011265039,-4.3023788080912935,-3.3269450350829652,-1.3929359440546758
5965,-1.5564491394573419,-1.4783151411531041,-0.3403986428566561,-1.0032248628468474,0.5671010667459697,0.5598286625056526,-0.7907310468750506
5967,-1.5564491394573419,-1.4783151411531041,-0.3403986428566561,-1.0032248628468474,0.5671010667459697,0.5598286625056526,-0.7907310468750506
5969,-1.5564491394573419,-1.4783151411531041,-0.3403986428566561,-1.0032248628468474,0.5671010667459697,0.5598286625056526,-0.7907310468750506
5971,-1.5564491394573419,-1.4783151411531041,-0.3403986428566561,-1.0032248628468474,0.5671010667459697,0.5598286625056526,-0.7907310468750506
5973,-1.5633696013201832,-1.4884192076107188,-0.34183046739842693,-1.0067969994173025,0.5566659559385387,0.5505224608677537,-0.79392407977062
5975,-1.5633696013201832,-1.4884192076107188,-0.34183046739842693,-1.0067969994173025,0.5566659559385387,0.5505224608677537,-0.79392407977062
5977,-1.5633696013201832,-1.4884192076107188,-0.34183046739842693,-1.0067969994173025,0.5566659559385387,0.5505224608677537,-0.79392407977062
5979,-1.5688536560412394,-1.4964260797613025,-0.3429651032498555,-1.0096277053458544,0.5483967508157539,0.5431478491671307,-0.7964543685681726
5981,-1.5688536560412394,-1.4964260797613025,-0.3429651032498555,-1.0096277053458544,0.5483967508157539,0.5431478491671307,-0.7964543685681726
5983,-1.5688536560412394,-1.4964260797613025,-0.3429651032498555,-1.0096277053458544,0.5483967508157539,0.5431478491671307,-0.7964543685681726
5985,-1.5688536560412394,-1.4964260797613025,-0.3429651032498555,-1.0096277053458544,0.5483967508157539,0.5431478491671307,-0.7964543685681726
5987,-1.5740212010154795,-1.5039708388940416,-0.344034254104447,-1.0122950383574085,0.5406047991400813,0.5361988598574126,-0.7988386228880588
5989,-1.5740212010154795,-1.5039708388940416,-0.344034254104447,-1.0122950383574085,0.5406047991400813,0.5361988598574126,-0.7988386228880588
5991,-1.5740212010154795,-1.5039708388940416,-0.344034254104447,-1.0122950383574085,0.5406047991400813,0.5361988598574126,-0.7988386228880588
5993,-1.5764547884804103,-1.5075239441583173,-0.3445377566633647,-1.0135511838218545,0.5369352817929114,0.532926324569889,-0.7999614561589845
5995,-1.5764547884804103,-1.5075239441583173,-0.3445377566633647,-1.0135511838218545,0.5369352817929114,0.532926324569889,-0.7999614561589845
5997,-1.5726652796646765,-1.5019911560764272,-0.34375371770308094,-1.0115951520868298,0.5426493432503197,0.5380222175676055,-0.798213014140734
5999,-1.5726652796646765,-1.5019911560764272,-0.34375371770308094,-1.0115951520868298,0.5426493432503197,0.5380222175676055,-0.798213014140734
6001,-1.5740212010154795,-1.5039708388940416,-0.344034254104447,-1.0122950383574085,0.5406047991400813,0.5361988598574126,-0.7988386228880588
6003,-1.5764547884804103,-1.5075239441583173,-0.3445377566633647,-1.0135511838218545,0.5369352817929114,0.532926324569889,-0.7999614561589845
6005,-1.5764547884804103,-1.5075239441583173,-0.3445377566633647,-1.0135511838218545,0.5369352817929114,0.532926324569889,-0.7999614561589845
6007,-1.6182704785959285,-1.568576012686703,-0.35318930803741044,-1.0351351992880045,0.47388293521650304,0.47669521578618035,-0.8192548034436098
6009,-1.6431079609892207,-1.6048394265621835,-0.35832811489038585,-1.0479555689300228,0.4364314058116072,0.4432953323808748,-0.8307145730221044
6011,-1.6431079609892207,-1.6048394265621835,-0.35832811489038585,-1.0479555689300228,0.4364314058116072,0.4432953323808748,-0.8307145730221044
6013,-1.6421323863790032,-1.6034150605456712,-0.3581262711844422,-1.0474520063338504,0.43790243901145853,0.4446072237279326,-0.8302644525121954
6015,-1.6421323863790032,-1.6034150605456712,-0.3581262711844422,-1.0474520063338504,0.43790243901145853,0.4446072237279326,-0.8302644525121954
6017,-1.6421323863790032,-1.6034150605456712,-0.3581262711844422,-1.0474520063338504,0.43790243901145853,0.4446072237279326,-0.8302644525121954
6019,-1.7137248546825359,-1.553791372115872,-0.37293855613804827,-1.0844059090161793,0.3299507799269259,0.34833417736306593,-0.8632965117733913
6021,-1.7137248546825359,-1.553791372115872,-0.37293855613804827,-1.0844059090161793,0.3299507799269259,0.34833417736306593,-0.8632965117733913
6023,-1.7084539686722926,-1.7002464120286933,-0.3718480243070923,-1.08168523443563,0.3378985557633287,0.355422133195189,-0.8608645769180208
6025,-1.7084539686722926,-1.7002464120286933,-0.3718480243070923,-1.08168523443563,0.3378985557633287,0.355422133195189,-0.8608645769180208
6027,-1.7084539686722926,-1.7002464120286933,-0.3718480243070923,-1.08168523443563,0.3378985557633287,0.355422133195189,-0.8608645769180208
6029,-1.7084539686722926,-1.7002464120286933,-0.3718480243070923,-1.08168523443563,0.3378985557633287,0.355422133195189,-0.8608645769180208
6237,-0.7782820171223883,-2.1339290069465333,-0.17939800367371783,-0.6015581402045298,-2.770388755896616,-2.471278602033408,-0.431692406230582
6239,0.6108508943340474,-0.10575638870242265,0.10800977832490732,0.11547095013413244,-0.6757661505568713,-0.6032600749363626,0.2092398278469303
6249,-1.1034437328932705,-2.6086741396756556,-0.2466730691119089,-0.7693969462318868,-3.260688189901572,-2.908535616357425,-0.5817188170993628
6257,-1.1034437328932705,-2.6086741396756556,-0.2466730691119089,-0.7693969462318868,-3.260688189901572,-2.908535616357425,-0.5817188170993628
6281,-0.20628893092950218,-1.2988032204405844,-0.061054205995721866,-0.30631232255063634,-1.9079013448241167,-1.7020982928148563,-0.16778043381454677
6285,-0.15125453352652496,-1.2184514722718252,-0.04966774040933186,-0.27790520356169823,-1.8249169939957541,-1.6280914982680361,-0.14238810527082424
6359,0.25752747707215695,-0.6216183874824281,0.034908134237483845,-0.06690408855746655,-1.2085295821112414,-1.0783871733293156,0.04621988547141176
6361,1.2696568747129633,0.8561186335652997,0.24431492524538045,0.4555270015925168,0.3176232419584073,0.282660751617132,0.5132064140141077
6363,0.6926008356918247,0.013600795363621465,0.12492361654037554,0.1576678382818253,-0.5524984101261401,-0.4933278979747526,0.24695844506348674
6365,0.3694914297952705,-0.45814790796919524,0.05807316837536969,-0.00911162643258323,-1.0397032412889367,-0.9278250951229117,0.09787894974319267
6367,1.2696568747129633,0.8561186335652997,0.24431492524538045,0.4555270015925168,0.3176232419584073,0.282660751617132,0.5132064140141077
6369,0.6926008356918247,0.013600795363621465,0.12492361654037554,0.1576678382818253,-0.5524984101261401,-0.4933278979747526,0.24695844506348674
6371,0.3694914297952705,-0.45814790796919524,0.05807316837536969,-0.00911162643258323,-1.0397032412889367,-0.9278250951229117,0.09787894974319267
6373,0.600724713802743,1.0743066755054866,-0.18090579433437237,-0.6053197981468175,-1.6827652177068857,-2.4810785485397284,-0.4350548469756945
6377,-0.2565677517783437,0.10068082700826197,-0.2148670027287486,-0.6900467119154146,-3.028886165719002,-2.701810798871078,-0.510789863671532
6379,-0.1583928240329393,1.6614981832993703,-0.05114463309885808,-0.28158977679884134,-1.8356805606313902,-1.6376906221587815,-0.14568164215562351
6383,1.2847327639040624,0.24039595552318693,-0.03938640844442853,-0.2522551879114616,-0.36369247546352246,-1.5612675644826712,-0.11946027422973726
6385,0.9373898522622696,0.0521326084017496,0.032159544513535976,-0.07376130994434593,-0.5354140726791617,-1.0962517436343315,0.040090407208569045
6389,-0.3301192489289293,0.1298389897222465,-0.08667435850012539,-0.3702298494763967,2.676064081522439,2.785342837812605,-0.2249145220701405
6391,-0.3301192489289293,0.1298389897222465,-0.08667435850012539,-0.3702298494763967,2.676064081522439,2.785342837812605,-0.2249145220701405
6411,-0.5882423451439478,-0.064706340418907,-0.14007931777648086,-0.503465314094685,2.7419117742219052,3.1824374919721627,1.2452252305093312
6413,-0.5733692832111736,0.11115942276194768,-0.13700212213424035,-0.49578828191133106,2.731548496388294,3.188770211032124,-0.3371476904200936
6419,-0.23637339056798545,0.0435669943501622,-0.06727859802186598,-0.3218410257798294,2.700695751242673,2.7792345959995224,-0.18166110697986082
6461,-0.27510484409027613,0.21016154819202515,-0.07529202932035362,-0.3418330500545008,2.7419238529364867,2.8303352107437174,-0.19953141789855056
6469,-0.3060288245128633,0.16501167820985674,-0.08169011588969877,-0.3577950889416299,2.737495070714292,2.8272168686138626,-0.21379943767934861
6471,-0.30224245402429295,0.1705398842469561,-0.08090672624068085,-0.35584067711774026,2.74320440000319,2.8323085413866913,-0.2120524436543203
6477,0.48247469572595214,-0.2065910421768602,-0.06196115125241464,-0.30857498269112105,-1.9145111450990564,-1.7079930202672013,-0.16980296238185222
6479,0.42201284766431113,-0.29486701899356893,-0.0744705414652741,-0.3397835902752431,-2.0056793498590677,-1.7892983089333923,-0.19769946316662823
6485,-0.0220452269000333,0.7619571719638274,-0.022934689939621666,-0.21121120270000437,0.16167245316174705,-1.454338953309188,2.802028508168793
6501,0.1581238372649656,1.5358346315768276,0.014341794325760326,-0.11821329075077869,-0.6652695068642728,-1.212058933093492,0.00035602578482363256
6551,0.9840919536642483,1.5377982091535567,0.1852323278219462,1.9175647956624833,0.5801775440488853,0.5917981957374446,0.3814495739648527
6639,-0.8868994581075351,-0.3466033373553581,-0.20187065372933966,-0.657623232509368,1.8616215312775468,2.3455041284235536,-0.48180742296962364
6641,0.2018156114203804,0.6833351030164072,0.023381502332121662,-0.09566089650572884,0.09375889863719311,1.0439195927892952,2.513720432357503
6643,0.14293368564985798,0.5973658566092748,0.011198993699617521,-0.12605399519659555,0.004973000795666982,0.9647388842024065,-0.006652560456531509
6645,-0.9105143445315842,0.8085023397019224,-0.2067565088360116,-0.6698125344771213,0.3975187939161544,1.5252909547806484,0.8156297208323862
6647,-0.6880495269274589,0.30039802692303397,-0.16072914941415872,-0.5549828126531671,1.555324251065909,2.9583280702348658,2.270199512681452
6649,-0.9447641457100553,-0.07441244385614443,-0.21384269858028726,-0.68749126311478,-0.13104929811289612,1.1115091972249314,1.5063974010261374
6651,-0.9475977600465231,-0.07854959945910434,-0.21442896559963953,-0.6889538905518611,-0.0812547800483614,1.2130592466303818,1.5050899992993418
6653,-0.6891004476370672,-0.211961970256469,-0.16094658202101286,-0.5555252666647406,1.2559051623284296,2.114555279447936,2.007350363756403
6655,-0.6869969125495765,0.30193487313924905,-0.16051136639199282,-0.5544394844204066,1.21740430939154,2.173264439461529,-0.3895743586850027
6657,-0.9127549885132669,0.8477905516988176,-0.20722009191846036,-0.6709690882544515,0.4280417606516589,1.5673983130287539,0.7871969355948694
6659,-0.926769975155469,0.21422380920642103,-0.21011975414110007,-0.6782032074955187,1.4600589905357477,2.397948337939983,1.3868663624599238
6661,-0.23215952382194782,0.45518446490022013,-0.0664067605719515,-0.319665953103341,0.6180386937744431,1.5212090998113124,1.8871458890779436
6663,-0.794566305815541,-0.07826297887137423,-0.18276717825458455,-0.6099636056658746,2.153816652381783,2.891318374022199,-0.4392058165359525
6665,-0.9325822233449297,0.20573776548009137,-0.21132229231925537,-0.6812033171306309,1.474284432734975,2.4392220025113938,1.36891717629993
6667,-0.04496501997196445,0.7284936377397515,-0.027676732141879157,-0.22304171815434382,1.043403269075203,1.9160373328749913,-0.0933471713042453
6669,-0.9490099704996307,-0.08061146592887791,-0.21472114806158793,-0.6896828315827783,-0.08338420043296324,1.211160194877444,1.5044384193149987
6671,-1.0279741003089495,-0.5525762317283729,-0.23105860952317936,-0.7304417666707084,1.5716085743986365,1.7362459788287792,0.5845042390388293
6673,-0.1583928240329393,-1.2288735745967942,-0.05114463309885808,-0.28158977679884134,1.3423732697165556,0.7602046506395892,-0.14568164215562351
6675,-0.25500642508194993,-1.3699321144827445,-0.07113372165862986,-0.3314588439724666,2.3880871837109456,2.6018373391007854,-0.19025820545775773
6677,-1.0341945957093386,-0.4281269350926018,-0.2323456129273993,-0.7336526013731419,2.4347170265818656,2.710039204905452,-0.5497679477209223
6679,-1.6172570616663022,0.7682785199838262,-0.35297963485957284,-1.03461210361214,1.5328960267071121,2.527389735311587,-0.12564004230055403
6681,-1.5474825865549247,0.9018998891610384,-0.3385434877015203,-0.9985965949409688,1.3376200557890385,2.3465513544905168,-0.04465662301067863
6685,-0.44341520263919154,1.127574561592135,-0.11011497998187092,-0.4287098508916307,1.1685318452490492,2.00438090907347,2.925558284469102
6687,-0.4495051962248975,1.1186830018760374,-0.11137498291925607,-0.43185332443898816,1.159348967119973,2.013891046016224,2.9104783288597087
6713,-1.1172179059597265,-0.6828746657198572,-0.2495229076674902,-0.7765067646679455,1.2511417325094492,1.6579092211235391,0.7729024683413719
6731,0.719263602216988,1.6619670871824386,0.1304400696642959,1.27004265396933,-0.5122946016756229,-0.45747348732627957,0.2592603827504596
6733,0.3537521843436111,1.8214574496851919,0.05481676174337169,1.0813765318836022,-1.0634358726607411,-0.9489902420024867,0.09061701701751135
6737,0.3038693962511769,1.7486271941377405,0.04449614996654572,0.6501634122824455,-1.1386523006166778,-1.016069476517366,0.06760159023550649
6747,0.7860667338769822,1.7595015141104595,0.14426145402760426,0.20591215486282466,-0.411564607786266,-0.3676408395070463,0.2900826892879409
6761,0.7860667338769822,1.7595015141104595,0.14426145402760426,0.20591215486282466,-0.411564607786266,-0.3676408395070463,0.2900826892879409
6763,-1.936390337801234,0.08722369687824516,-0.419007432703431,-1.1993392084101344,1.663358805777829,1.9923935525012544,1.1381019831727648
6767,-0.09637786302122597,-1.1383300097527629,-0.03831390808463275,-0.24957949850589123,1.348871979582622,0.6429277724080902,-0.11706855036313679
6769,-0.35859883743255105,-0.422567623958773,-0.09256670709870374,-0.38493016596127605,2.281276737128226,2.2827396711612877,-0.23805472351140988
6771,0.4666439628676402,-0.3163025123663745,0.07817376048977187,0.04103562142143402,2.197831956040182,1.4000440952930746,0.14270417096920074
6773,-0.5542886542849099,-0.42059811719160867,-0.13305439244357542,-0.485939428796373,2.2678429923416568,2.4838939275177223,-0.3283440762918439
6797,-0.9376258552036405,-0.757137522091121,-0.21236580589076082,-0.6838066898776367,-3.0106574893734237,-2.685554168654642,-0.5052120826313278
6813,1.9854106358380799,1.231030574853231,0.021692301137014813,-0.09987514007249554,-1.3048463295846,-1.164284016174081,0.01674798538792799
6821,1.1903903853210007,1.8389996469873564,0.22791490641703382,0.41461199748145017,0.19810020772819126,0.176068164586074,0.4766336370577211
6823,-0.030734673202773788,-1.042489130117712,-0.024732512500782122,-0.21569643642142577,1.9943966460491591,1.625018479451124,-0.0867814295589775
6829,-0.3603382447990766,-1.523719495674455,-0.09292658570289081,-0.38582799630671105,2.0939198453103387,1.919387280050966,-0.23885726892675763
6833,-0.4120831965402951,-1.5992685618497502,-0.103632474021365,-0.4125372012867612,2.125594446293288,2.1800456119098213,-0.2627318796628608
6835,-0.22150435962350778,-1.3210181687709595,-0.06420223638002664,-0.3141660742727357,2.1962902529401056,2.0151105744030677,-0.17480068265097515
6837,1.0870468383116116,0.5895029104827092,0.20653341053216678,0.36126913237949054,2.4401675335413424,2.5220049153259962,0.4289519430196922
6839,-0.013238615997136272,0.7748150683864661,-0.021112626344661045,-0.20666549209694174,2.659858268767149,3.7392871731625217,2.700110350785302
6841,-0.042143645908359506,0.7326129222044959,-0.027092997601345536,-0.22158540878203858,2.630066755668282,3.717130988782321,2.655225497136782
6843,-0.22150435962350778,-1.3210181687709595,-0.06420223638002664,-0.3141660742727357,2.1962902529401056,2.0151105744030677,-0.17480068265097515
6845,-0.28492678978197494,-0.3150043889777412,-0.07732416289294497,0.34624433428465584,2.1479107797924337,1.9298240812299121,-0.20406316683578396
6847,-0.7891831950134693,-0.20393488026961148,-0.1816534274225967,-0.6071850039858127,2.331167569907322,3.090011283049771,-0.4367221022677179
6849,-0.5931257105474352,-0.07183618948846116,-0.141089672658818,-0.5059859620644913,2.414076431230993,3.1803853298215072,1.599647037781254
6851,-0.061642021622200005,0.7041447523145572,-0.03112715795437848,-0.23164989036322758,2.627694541934514,3.6964204558832217,2.620253652354789
6853,-0.3246382622465327,0.32016293924516104,-0.08554035741746435,-0.36740072717814476,2.49861151466708,3.5000451393597993,-0.2223856488353868
6855,0.9840919536642483,0.43918592048544713,0.1852323278219462,0.308126883228383,1.8329405125442533,0.9972633038456089,0.3814495739648527
6857,-0.24056024516211094,-0.655693110159926,-0.06814484673178,-0.3240021555869539,2.1993052798509343,2.036005434271526,-0.18359288042402833
6859,-0.06982351164779432,0.6921995497284708,-0.03281988575767747,-0.23587293216310545,2.615357972977262,3.685418502923195,2.6032335667435746
6863,-0.3498316308963587,0.28337992155441016,-0.09075279615892973,-0.38040479472025734,2.5006286920329197,3.4661666825111173,-0.2340096208250373
6865,1.0713075928599527,0.5665231751430504,0.2032770039001689,0.35314500202756616,2.416434902169539,2.500839768446421,0.4216900102940111
6867,-0.024954572824517296,-0.3409028425283377,-0.02353662561642178,-0.2127129205302487,2.3358180013940726,2.8184148603803942,-0.08411454821301323
6869,-0.0220452269000333,-0.3366551167042823,-0.022934689939621666,-0.21121120270000437,2.3588970304979666,2.9023698733804038,-0.08277220467791624
6871,-0.5882423451439478,-0.4701714485270714,-0.14007931777648086,-0.503465314094685,2.1312856173499632,2.327569572724414,-0.3440099746072498
6873,-0.46151743512304,-0.572831633991536,-0.11386028213726462,-0.43805368486456886,2.1499002043402644,2.0818208602356787,-0.28554035012199086
6875,-0.35685478544805305,0.2731259209199357,-0.09220586753582183,-0.38402993820219367,2.5094568205407635,3.4614062355196884,-0.23725003511510678
6877,-0.05057146710040783,-0.37830421939179637,-0.028836690646057983,-0.22593559940313312,2.334232497057272,2.8113658471085623,-0.09593393075226908
6881,-0.06438058781499834,-0.39846591902786355,-0.03169375977400091,-0.23306345677567086,2.31341023003725,2.7927962105208506,-0.1023053229475408
6883,-0.3603382447990766,0.2680399735535999,-0.09292658570289081,-0.38582799630671105,2.513773690870602,3.4613839116895333,-0.23885726892675763
6885,-0.4120831965402951,0.19249090737830477,-0.103632474021365,-0.4125372012867612,2.526721152802854,3.518330753843352,-0.2627318796628608
6887,-0.3603382447990766,0.2680399735535999,-0.09292658570289081,-0.38582799630671105,2.523252434825146,3.466024291246036,-0.23885726892675763
6891,-0.650159620711436,-0.8482544623622013,-0.15288983194073869,-0.535425170066895,2.2349866653265913,2.51319668983464,-0.37257799529855684
6893,-0.909016300113159,0.240144667676518,-0.20644656756251356,-0.6690392885063641,2.4920673243489198,3.5912427857928497,1.0340443876072196
6895,-0.5783646963197167,0.10386598093215116,-0.13803565937884266,-0.49836676557372495,2.507792987574623,3.4465318691959874,1.6206422592535947
6897,-0.44646729735237844,-0.040032391232346365,-0.11074644999077521,-0.43028525140066454,2.605139822206584,3.5733469124217496,-0.27859636488848927
6899,-0.3153998185476672,-0.7649609651289043,-0.08362894880370808,-0.36263211733029554,2.2042404656762944,2.102419969982042,-0.21812312196666195
6901,-0.7208675860365683,-0.9514900548540903,-0.16751911565875632,-0.5719225186205488,2.2214591389320884,2.5037685119956077,-0.40520195360316413
6903,-0.7208675860365683,-0.9514900548540903,-0.16751911565875632,-0.5719225186205488,2.2214591389320884,2.5037685119956077,-0.40520195360316413
6905,-0.9397755458335237,-0.5779545733002345,-0.21281057097466494,-0.6849162962400965,2.470898004402785,3.320368248099781,-0.5062039287006441
6907,-0.8007910357901538,-1.0681805104677857,-0.18405505778057463,-0.6131766261295681,2.3136645322285627,2.6164464984758062,-0.4420778455954142
6909,-0.33735640973421255,-0.7970181978582352,-0.08817170718278888,-0.37396545662100467,2.1985319007252473,2.1106344557721792,-0.2282536767363741
6911,-0.1560220516292281,0.5663472881621749,-0.0506541268034888,-0.2803660546006175,2.6452310546653512,3.6885074225255075,2.4280244390722654
6913,-0.41687989188184593,0.18548759900546363,-0.10462489710605949,-0.41501311274852193,2.5281464544397574,3.528140980655464,-0.2649450276173113
6915,-0.44341520263919154,-0.03557624821354577,-0.11011497998187092,-0.4287098508916307,2.578731727222494,3.5625255271200196,-0.27718815846921463
6917,-0.4232211754801991,0.17622914889415187,-0.1059368912565084,-0.418286294726004,2.544117967315576,3.547448420495866,-0.2678708333700166
6919,-0.8394500743137434,-1.1246237800315195,-0.1920535066148299,-0.633131271935832,2.267276887402378,2.6504731307782956,-0.4599147449474241
6935,-0.6655803355154215,-0.5830870616608756,-0.15608033545706534,-0.5433848843729081,2.1953405248685627,2.804239506957118,-0.3796929611228337
6937,0.6185805357908709,1.0041413910963644,0.1096090199010219,0.11946076114265525,2.0439392936060323,1.8050295332996629,0.21280620823190444
6941,-0.794566305815541,0.03952005678500958,-0.18276717825458455,-0.6099636056658746,2.209003067949074,2.858681444709177,-0.4392058165359525
6943,-0.794566305815541,0.03952005678500958,-0.18276717825458455,-0.6099636056658746,2.209003067949074,2.858681444709177,-0.4392058165359525
6945,-0.799905412494994,0.031724812799467816,-0.18387182475452724,-0.6127194937267044,2.200952424665865,2.851501750013939,-0.4416692277357144
6947,-0.799905412494994,0.031724812799467816,-0.18387182475452724,-0.6127194937267044,2.200952424665865,2.851501750013939,-0.4416692277357144
6949,-0.21285327844633928,0.4833721191620852,-0.06241235145791846,-0.309700643487997,1.9740208142497937,2.5085820908870957,-0.1708091590607268
6975,0.8718484601364782,1.6616016647562095,0.16200945745976403,0.25019013045483507,-0.28221748666751,-0.2522869719126919,0.3296615323209522
7057,-1.5650196579791058,-0.02449126735105489,-0.34217185958674956,-1.0076487095851323,1.8484533583769114,2.2789086145786106,-0.7946853996501191
7059,-1.01535250793714,0.0048481442897005955,-0.22844723674599177,-0.7239268761067119,2.180409037059711,2.498190950451762,-0.541074394130101
7061,-2.306838375249417,-0.7021020821156592,-0.495652113648394,-1.390553466684904,2.3018908462447936,2.6394809672454462,2.2675719273078556
7063,-1.6175105633501015,0.0080698454287087,-0.35303208366132033,-1.0347429536411294,1.858572111312724,2.4380505780069495,1.9089486423594937
7065,-2.2115581501394055,-0.5629903081201428,-0.47593889690624125,-1.3413726485108775,2.135746541478932,2.522013348508861,1.8247788444229136
7067,-1.908261180426321,-0.28722239634558333,-0.4131875873423865,-1.1848197740506243,1.9243520121299635,2.34425077543926,2.316515284058602
7069,-1.6668004508486738,0.3974508077120511,-0.363230025934586,-1.0601849274828845,2.016716046281747,2.5722223440193526,2.4087284375970612
7071,-1.6000443234044615,0.5374762215988138,-0.34941836661435377,-1.025727400099367,2.0519628990506664,2.6382752569096617,2.2847321734487895
7073,-2.133824206638091,-0.10572505332080961,-0.4598559576111845,-1.3012486990043135,2.1685016087440507,2.644158044031051,2.0563890969361944
7075,-2.481571446098482,-0.6504869493754541,-0.531803905834993,-1.480745480573357,2.114845411503577,2.525121366394126,2.0745529254370005
7077,-2.0611775078324883,0.00034114387904882193,-0.44482555526375944,-1.263750633893989,2.271528222343818,2.6451797456974884,2.27592598643585
7079,-2.6863632590502218,-0.7150879762317279,-0.5741747691602499,-1.5864529230639646,2.344415990601009,2.738129657751104,1.737210755239646
7081,-1.294674828805627,-1.789264560329015,-0.28623825734700203,-0.8681047499385468,1.8028195826850162,1.6626225765219704,3.048487296372329
7083,-1.425968898100073,0.8122504627298945,-0.31340263948371727,-0.935874843279979,1.866116040447305,2.6416891172974006,2.561597537084122
7085,-2.400604137068177,-0.4952311585559661,-0.5150519920973802,-1.4389525639543852,2.2626708154707185,2.6312595030939807,2.1731908750292845
7087,-1.4296963364298283,0.8068082992808425,-0.3141738362310238,-0.937798836076374,1.8641385640793162,2.6366766927833964,2.5635883131728727
7089,-2.422397766459986,-0.49133237993847434,-0.519561034128954,-1.4502017872138084,2.266398447881567,2.6317048271065975,1.8154113958068678
7091,-1.4347451666209907,0.7994368670273624,-0.3152184253232284,-0.9404048920479722,1.8745441235768165,2.6448876249032356,2.5538238541963296
7093,-1.90418867016202,0.1734597388233392,-0.4123449961600911,-1.1827176653854818,2.187338216932077,2.649306337340559,2.0140984270415276
7095,-2.037628697556364,-0.002318210995236658,-0.4399533711305139,-1.2515954384684165,2.2404418214902444,2.6508712175270235,1.9576719130846576
7097,-1.5297515857318236,0.7007301920062248,-0.3348749923565786,-0.9894443797093444,1.9429365980818227,2.6252152966286877,2.3570811572124537
7103,-2.1649189589739053,-2.079015898590191,-0.4662893764200897,-1.3172988852735876,2.404880999409838,2.594554059685109,2.015013612289839
7111,-2.3058672839194583,-0.3569127227099722,-0.49545119752081557,-1.3900522182246495,2.478458693997501,2.8114577693333045,1.7199650137420934
7115,-2.9531949796048598,-1.0608670738282244,-0.6293815188808942,-1.7241835205358773,2.4926106973311146,2.843100635817632,1.7003184047114068
7119,0.9706245264338356,0.41952310282296734,0.1824459541368949,0.30117539786900127,-0.13327667644938712,-0.11945913351400739,0.37523583577545594
7121,-2.3576506555728156,-0.37940805770972386,-0.506165034813532,-1.416781254420579,2.478114865213593,2.8085561259460965,1.7355144084884921
7125,-2.226592244791848,-0.1880591392985531,-0.47904940977565813,-1.3491328009943457,2.4764644150459194,2.832469923175461,1.8178422613260379
7127,-2.737039339472419,-0.8348859966366868,-0.5846595109401111,-1.6126104084617878,2.422202376388185,2.7709666894460385,1.8914002652307196
7129,-1.948259059704767,0.12816394150301713,-0.4214630386496441,-1.2054654896318857,2.3155719075021395,2.647493635290706,1.9781800526467572
7133,-3.09661474306457,-1.1493112999300132,-0.6590546738186069,-1.7982125365371495,2.543894341730038,2.905916493522496,1.6121670326748783
7193,-0.6869969125495765,-0.39121230742069657,-0.16051136639199282,-0.5544394844204066,2.436160909901713,2.934679591150477,-0.3895743586850027
7195,-0.7492484781935134,-0.48210132159680197,-0.17339104425442797,-0.5865718909869104,2.4324451525869657,2.8760315715621516,-0.4182966175228262
7197,-0.6251665962463364,-0.30093832897746364,-0.14771884386054102,-0.5225245142338737,2.4233330058084235,2.927578231948303,-0.3610464601411507
7215,1.8529383239875308,1.4754569568616804,1.1767860491578814,0.7341828019813793,-0.8932104973181341,-0.797180482043145,0.14270417096920074
7217,-0.8310547520434644,-0.8246843039796297,-0.19031653750772348,-0.6287978562915024,2.4533420793004224,3.0561779038070007,-0.45604122599605956
7219,1.9463772946195232,1.8441492349151294,0.38432652047466975,1.9034422425536945,1.3380251612716103,1.1926717891678682,0.8254385460149526
7221,-0.4952811147905086,-0.43016886735795,0.4288910390159434,-0.8132634495800908,2.2879205053293354,2.9199818668941413,-0.620929856610819
7223,-0.05889192459037984,0.5258384135400245,-0.03055817043584963,-0.23023037207465613,2.284645112473305,2.280301560161163,-0.09977290783186588
7225,0.08916558996433854,0.06646460406869248,0.5498114561514664,-0.5115894444466094,1.8991517164011533,1.967802262965801,-0.3512719073329311
7229,0.8103196140860248,0.27207164082820556,0.6990162419878986,-0.13935118729676055,-1.4201658082494752,-1.2671278039437732,-0.018538548284014578
7231,-1.0679751953102659,0.661986734802801,-0.239334726154662,-0.7510891421124668,1.554967452792524,1.5580008488964872,-0.5653539834358199
7233,0.5808158518916313,1.4598295278807984,0.10179561058082964,0.09996775459167773,2.5370416477526825,3.019912336094279,0.19538195528882674
7235,-0.14885766081790486,-0.5218047910111566,-0.04917183403260128,-0.27666800916241097,1.3567509928639212,0.3210418143808187,-0.1412822118266004
7237,-0.7699850477949686,-0.5123772889395453,-0.177681383520212,-0.5972754914238816,2.046142984800789,0.9738658447102395,3.006122938127458
7239,-1.448020970825206,0.5771129803066111,-0.31796515273074566,-0.9472574673008916,2.456106012011147,3.0769879909995117,-0.7407033585342235
7241,-0.22109731163217694,0.963398870629887,-0.20752826613641162,-0.6717379257494798,1.6593273992122368,1.489022343424991,-0.49442415218409774
7243,0.1343863085124124,0.026821881748429366,-0.32355771643736264,-0.9612098761025287,1.7434983281590712,1.1767169810579245,1.1637475859505448
7245,-1.077314365401516,0.9848235238005469,-0.24126697478220338,-0.7559097439280456,2.455465127963871,2.928719888212515,-0.5696629844692338
7247,-1.168574271884777,0.8797524035858437,-0.2601483986484455,-0.8030153932078383,2.3873070479333656,2.8298810405752253,-0.611769405864647
7249,-0.7643945964316665,1.4416950743179977,-0.17652473449588413,-0.5943898667132783,2.0212362012533784,2.122107305938502,-0.4252848871980468
7251,-0.18751693587088758,0.4891790077934668,-0.2005805786713486,-0.6544047346006916,1.9655821570910277,1.0286305530133122,-0.4789304977754063
7255,-0.25296214460211264,0.2424905042087795,-0.0707107656450997,-0.33040364719412674,1.3175586928607368,-0.15542358118073119,3.6565682083308495
7257,-0.010276492643015889,-1.0126196185049663,-0.020499771162703406,-0.20513653212733818,1.8841661884611658,1.5059258791296655,-0.07734222668415747
7259,-0.39088055566269153,1.1397380835982598,-0.09924570588932458,-0.40159302871992897,2.0478662141375183,2.1272119497160036,-0.252949190134774
7261,-1.2189904590106209,0.5184612981886838,-0.27057936921948633,-0.8290387294163846,1.812107208744406,1.2401495104284708,0.46358135096461384
7263,0.6069557141357829,-0.6695080268697011,-0.2257844050497423,-0.7172836050873632,1.0962406272558534,0.4461069271538354,-0.5351361601122839
7265,-0.28348411841545273,0.21553286424647666,-0.22043592501892928,-0.7039401397694804,1.9739527484353925,1.3563383272299818,-0.5232088099506784
7267,0.40191823554930917,0.9351803794788225,-0.3654485552256519,-1.065719746437335,1.9351351806096773,2.1033034802702515,-0.8465934740732926
7269,0.6240754684883376,-0.6445127102066528,-0.2222423749198319,-0.7084468971028384,0.9246954432450476,0.34129512402389217,-0.5272372741860001
7271,-1.3594898285058234,0.7786915676276913,-0.2996483026712786,-0.9015603249177666,2.272123140909704,2.5906941231866387,-0.6998559620293743
7273,0.6063061396614471,-0.6704564236368449,-0.22591880022343092,-0.7176188961099854,1.0952611577129643,0.4452334202757089,-0.5354358673725486
7275,-1.0842321396560934,0.9747233813256142,-0.24269824326521028,-0.7594804932350561,2.4586397217582165,2.943299032704476,-0.5728547773288399
7277,-0.11687043271444209,1.1343353625389172,-0.04255376443992165,-0.2601571534477951,2.3378033956117283,1.4138783504127308,2.289390158255853
7279,0.09587227162102874,-0.8576394755933237,0.0014621164633251693,-0.15034569731728253,1.843553324271066,1.1021243514533365,-0.028366233053000123
7281,-0.21960780795332158,0.9655735873552009,-0.20722009191846036,-0.6709690882544515,1.651817192273774,1.4750249928977386,-0.4937369098671951
7283,0.2943342330361425,0.5307327867861109,0.04252335090028869,-0.04790553591393043,-1.1530300237640452,-1.0288917640016528,0.06320215990648315
7285,0.16585347872178913,0.34314731838156876,0.01594103590187501,-0.11422347974225588,2.812121638996147,1.6315487464003793,2.3263101264600228
7287,-0.6274786237228827,-0.5274575045979486,-0.14819719599191294,-0.5237179140480126,1.482353844787795,0.12940758479206504,-0.3621132068315287
7289,-0.6274786237228827,-0.5274575045979486,-0.14819719599191294,-0.5237179140480126,1.482353844787795,0.12940758479206504,-0.3621132068315287
7291,-1.0204304505611348,0.4569665364544555,-0.2294978491205475,-0.7265479590502133,1.8061269186921391,1.546900843903507,2.950055350962623
7293,-0.6699201991907846,0.2215068330985992,-0.15697824132541383,-0.5456249929166452,1.762453910359154,0.0723348247707758,-0.3816953314490297
7295,-0.522100304997443,0.8916509234746428,-0.26980495829782336,-0.8271067178513289,2.1275550907732743,1.7931479963144152,1.0894626310982514
7297,0.9521219600814377,-0.9383722331359304,-0.10820266973019266,-0.4239389916244567,1.5326711564664124,0.5564077137823129,-0.27292362090751676
7299,-0.2631201577466129,1.1831709680208626,-0.07281243065015153,-0.33564691143801606,2.793896673909951,1.5536831596842382,3.469559844389213
7303,-1.1795685909725626,0.8355295155076212,-0.2624230930549676,-0.8086903337044558,2.462256373749459,2.844168386913717,-0.616842076331944
7305,-0.6699201991907846,0.2215068330985992,-0.15697824132541383,-0.5456249929166452,1.762453910359154,0.0723348247707758,-0.3816953314490297
7307,-0.23637339056798545,1.142179283018272,-0.06727859802186598,-0.3218410257798294,2.817420025550815,1.553282884954811,3.5196408671326322
7309,0.1244296979689068,-0.1227976597046655,0.007370569497979207,-0.13560520325241754,1.7688309851724182,2.000727846631618,-0.015190117997559316
7311,-0.5184726340540489,0.6432951784104146,-0.12564415628138037,-0.46745226446969945,2.1960792692983953,1.7901197130448918,-0.31181891755936286
7313,0.33838330866661126,-0.5035666284946618,0.051636983599962716,-0.025168713275080634,2.2455944731517827,0.41663702220499466,0.08352596925550015
7315,-0.2631201577466129,-0.28316610077256454,-0.07281243065015153,-0.33564691143801606,1.7440745494112737,1.5173155155133635,-0.19400180174043324
7317,-0.5833221932137849,0.3479423261090884,-0.13906135186286528,-0.5009256780139923,2.3357683726526046,2.5700145942773744,-0.34173986499959996
7319,-0.36724991860971956,0.9510959184561281,-0.09435659202081192,-0.38939559674601454,1.960265345260785,1.8191211178269415,-0.242046247101658
7321,0.5395045380471356,0.1643561834252656,-0.05016183359599424,-0.27913787438818516,1.9091516822716037,1.2019104670969725,-0.14348995521993757
7323,0.017005077415037206,-0.9727877687819335,-0.014855289288320028,-0.19105459713004058,1.6868920446347242,0.38993290789210766,-0.06475477914602568
7325,0.5091563276063804,0.8936679236644558,-0.3156340104872819,-0.9414416999244579,2.0388441187869555,2.2708710640306844,-0.7355048068608285
7327,-1.0848053271260611,0.9738865117056359,-0.24281683417760913,-0.7597763555580885,2.461148117858264,2.942528246263114,-0.573119240378158
7329,0.231222697445574,0.03312308450378143,0.029465747619120353,-0.08048183338782455,1.2367130545503602,-0.015147897055062476,0.034083119411131735
7331,-1.4129261162783568,0.43598054966178834,-0.31070412376678624,-0.9291425472498565,1.8409991705101758,1.7812374227778127,2.3104420481667227
7333,0.5591625844834023,0.5119244244150555,0.09731560905793901,0.08879098201323221,1.811244298862055,0.020379919062071372,0.18539135112087624
7335,0.11717243352607953,0.965218821388151,0.005869061427953293,-0.13935118729676055,2.317503810033893,1.8683664119853765,-0.018538548284014578
7337,0.16197722354579813,-0.7611244104628083,0.015139049358035783,-0.11622428736824997,1.355443893623908,-0.10826485303213795,0.002133940235895082
7339,-0.8991943544214602,0.3975858247209678,-0.2044144339899222,-0.6639694922855754,1.8430825077348274,1.843462909744452,-0.48748016695059615
7341,1.2619019978996875,-0.4860847772704783,-0.04411003119105783,-0.2640397502415619,1.7419480127243672,1.0470883876529653,-0.12999416464454505
7343,0.419121403067396,-0.3856867690784771,0.06834147346061703,0.016505889569923937,1.4330272492635139,-0.861085830069821,0.12077773025884553
7345,-1.4170730957976256,0.4299258444280176,-0.3115621224332905,-0.9312830947293891,1.8461314143053666,1.7817031401280579,2.3037093862531375
7347,0.5069566686387693,0.11683539043863678,-0.05689589833399811,-0.2959381164686019,1.9510457210787795,1.3206610699134527,-0.15850722137375417
7349,-0.20680797427381548,0.46101355613391926,-0.20457184150452323,-0.6643621948290555,2.0297514007881183,1.2152506204557776,-0.4878311927623966
7351,-0.04583514365886643,0.8279668822017778,-0.255156621845264,-0.7905618362600448,1.6679164212903297,1.4671419876759577,0.9034398768899088
7353,-0.7662634019415386,1.4389665663885638,-0.17691138522033933,-0.5953544885314732,2.0184182979169307,2.119594253884814,-0.42614713564138884
7355,-0.17475156665380087,0.8266837486767922,-0.05452921199276595,-0.29003367316310125,1.9682940874090873,0.5375357474870435,-0.15322940476942204
7357,0.2943342330361425,-0.5678795018819986,0.04252335090028869,-0.04790553591393043,1.680183320292171,0.9170183850536604,0.06320215990648315
7359,-1.3982007596985793,1.1950789222299383,-0.30765748795618153,-0.921541756176351,2.323137012480789,2.770439712890303,-0.7177168041474844
7361,-0.7559181635188374,1.0767766705666957,-0.1747709838197289,-0.5900145841678308,2.280612716129868,1.6363323449361173,1.1046823588994146
7363,-0.9282278933503352,0.35519605180533587,-0.21042139340921195,-0.6789557415031948,1.0810507967747531,0.938001531716115,2.7139918478123097
7365,-1.2110108409939655,1.6769261525229862,-0.268928408180086,-0.8249198879430126,1.7866014629789415,2.188561920469298,1.9488676089947456
7367,-0.10156159721582814,-1.1458984055967036,-0.03938640844442853,-0.2522551879114616,1.3855073793457366,-0.4626552758145617,-0.11946027422973726
7369,-0.10413811763828607,-1.1496601969473224,-0.03991948343947438,-0.2535851111171663,1.4241819530492124,0.044705605416786254,-0.12064905535852133
7371,0.15429305162013618,-0.07919633425564065,0.013549215302966822,-0.12019062835723893,1.7268494646588968,0.9800142447626192,-0.001411460955547561
7375,-1.2110108409939655,1.6769261525229862,-0.268928408180086,-0.8249198879430126,1.7866014629789415,2.188561920469298,1.9488676089947456
7381,-0.3060288245128633,-0.7512790536642983,-0.08169011588969877,-0.3577950889416299,1.5526224377617752,1.7191258359912092,-0.21379943767934861
7383,-0.8672130046211453,-0.3178605686957552,-0.19779758060201003,-0.6474616707761995,2.213509279799408,3.241015079310821,2.938423425154996
7385,-0.004311637669514035,-0.31076358407705673,-0.0192656590602982,-0.20205765140946053,1.6547493512182432,1.6605505149469373,2.14461338266611
7387,-0.7107879557463961,-0.08947565439505323,-0.16543366785086644,-0.5667197132746333,2.0409132669011925,2.8452298383038315,-0.4005513115319299
7391,-0.650159620711436,-0.15510728180225586,-0.15288983194073869,-0.535425170066895,2.104933537078394,2.819006146878978,-0.37257799529855684
7393,0.3283346938488787,-0.518237885115628,0.04955795280808917,-0.030355509356650767,1.8939702985295424,2.061352353918259,0.07888963741756183
7395,-0.5771194202892853,-0.4539316694253286,-0.13777801519020483,-0.49772399112647325,2.2057657857027646,3.09253702460507,1.6892702805856332
7403,-0.4762285768357728,0.0988368712315828,-0.11690397693094068,-0.4456471386465142,1.710418247161126,1.9779551253594727,1.7995361357628903
7405,-0.6763764008211086,-0.19338450863810808,-0.158314011700879,-0.548957492164093,2.1194694364686297,2.8362416533194237,-0.3846741592490561
7409,0.40215558996867395,0.28268985332299923,0.06483129335308901,3.9395742742061035,0.6189877611262478,-0.8839003879384784,0.1129498713098378
7411,-0.3031932436949407,-0.26374971904871813,-0.41409172330644606,-1.1870754255272262,-3.3822199599392646,-3.99667994439982,-0.9550699188439511
7421,1.3483367580884262,1.019064684378142,-0.07239470439478324,-0.33460476193595867,-0.8919383989723646,-1.7758063217646853,-0.19307025347050044
7423,0.524596472501099,0.4614569412365269,0.09016397547758281,0.07094898314702602,-0.11267885144655676,-0.7192495937931724,0.16944288773520677
7427,1.1434722393678818,0.806968176231615,-0.11478061034380804,3.548634313582421,-0.35354823806094005,-2.051295235286693,-0.28759272326722196
7435,1.7773793965667724,0.6719916444694074,0.0625408260447684,0.002034350521683548,-0.3139958541745048,-0.898787373036444,0.10784202656466513
7437,1.7664933599020196,0.6560977287018335,0.06028853497400832,-0.0035846978089311143,-0.3304105098870683,-0.9134262301311882,0.10281931654012566
7439,1.7047326977611694,0.5659254472695499,0.04751042369734315,-0.03546371458864117,-0.42353714879546633,-0.9964780822422501,0.07432355574029037
7447,0.7860667338769822,2.6349702514643596,0.8374086345875495,0.89905933542277,2.42164873626995,3.32123861460689,0.2900826892879409
7449,1.8372664070013578,1.6848443096668633,0.3617517776666835,0.7485101591059257,1.8666480333159114,1.0459463333833385,0.7750958578628373
7451,0.14293368564985798,0.5973658566092748,0.011198993699617521,-0.12605399519659555,-1.3813213603242236,-1.232485693133813,-0.006652560456531509
7453,2.6638685402038598,1.880922064969845,0.07817376048977187,0.04103562142143402,-0.20006331675818878,-0.797180482043145,0.14270417096920074
7459,2.6638685402038598,1.880922064969845,0.07817376048977187,0.04103562142143402,-0.20006331675818878,-0.797180482043145,0.14270417096920074
7461,2.6638685402038598,1.880922064969845,0.07817376048977187,0.04103562142143402,-0.20006331675818878,-0.797180482043145,0.14270417096920074
7465,1.3354811369514956,1.0388220446570258,0.11452353734814225,0.13172157033180598,0.47031829353070753,-0.5609236341767079,0.2237658023837803
7469,1.3274669618024753,1.0271211264360232,0.11286542653301979,0.1275848914945794,0.4582340125437345,-0.5717005926191332,0.2200681409575853
7471,2.6456399967357878,1.854307885414014,0.0744023249388488,0.031626589475450606,-0.2275494693759469,-0.8216930802542493,0.1342937006732221
7473,3.0598285333878357,3.4698189570817393,0.6146965219761842,1.3795603646951902,3.7101046566828333,2.689970950309795,1.3391739734276726
7481,1.9463772946195232,1.8441492349151294,0.38432652047466975,0.8048299538855851,2.0311723418315557,1.1926717891678682,0.8254385460149526
7483,2.622100617454444,1.819939738122169,0.06953209205250666,0.01947626204886732,-0.2630436366739294,-0.853347356278717,0.12343286307650048
7485,2.6279064075052685,1.8284163527867876,0.07073329405952522,0.022473038184906757,-0.25428929863901584,-0.8455400951520584,0.12611159738419064
7495,2.6163459804036155,1.8115378082577425,0.06834147346061703,0.016505889569923937,-0.2717208429749115,-0.861085830069821,0.12077773025884553
7505,2.399603466499017,1.2021029336326534,-0.01802017249250143,-0.19895039351085364,-0.9011229231475869,-1.422396847987188,-0.07181261052604038
7523,1.4788112874502386,-0.4425145599662761,0.06028853497400832,-0.0035846978089311143,-1.0235576904470136,-0.9134262301311882,0.10281931654012566
7525,0.2710881111639636,-0.6018194852145422,0.03771379216602211,-0.05990449258859032,-0.4949348184027126,-1.0601516859157174,0.05247662838801048
7529,0.1977206319871323,-0.7089380417679481,0.02253426234051714,-0.09777460308755548,-0.6055629513287847,-1.1588116552091066,0.01862559660434915
7569,-0.768126875616749,-2.119102218403646,-0.17729693280285508,-0.5963163582152069,-2.7550761902071077,-2.457622606756515,-0.42700692402876883
7641,0.5881961234122772,-0.13883298322925874,0.10332256847722876,0.10377723123085159,-0.7099264493304291,-0.6337247853035195,0.19878713982863205
7679,-0.7801115619604118,-2.1366001932050462,-0.17977653147305717,-0.6025024968316914,-2.773147459504891,-2.4737388588061027,-0.43253654018688614
8237,-0.10926086609573815,-1.1571395519218317,-0.040979366017844465,-0.25622932149918776,-1.7615962819485365,-1.5716210567901099,-0.12301264100707487
8653,-1.2351183668243046,-2.8009227609945793,-0.2739161890261307,-0.837363475719161,-3.459235544519072,-3.0856033783428547,-0.6424721954123664
8751,-1.6111433158093589,-3.3499296263697085,-0.3517147176425406,-1.0314563698488601,-4.026229783745631,-3.59125806808622,-0.8159664007790721
8757,-1.6134426820491696,-3.3532867649188267,-0.35219045019882533,-1.0326432343091934,-4.029696913826664,-3.5943501111161735,-0.8170273056996096
8825,0.3038693962511769,-0.5539578988563054,0.04449614996654572,-0.042983768277499834,-1.1386523006166778,-1.016069476517366,0.06760159023550649
8893,0.4982031005271286,-0.27022529518399363,0.08470325934599943,0.057325509582049516,-0.8456236302866085,-0.7547417396010552,0.15726524603900693
9137,0.32336777196501787,-0.5254897289663667,0.04853031031957866,-0.032919286696310834,-1.1092514144949908,-0.9898492878072975,0.07659794861423919
9219,1.1719906592860703,0.7135232474631343,0.22410805366344283,0.4051146061861315,0.17035593519172343,0.15132537083084996,0.46814418481256626
9351,-0.950419134110128,-2.3852539769178946,-0.21501270014017315,-0.6904101999241663,-3.0299480057617005,-2.7027577651014223,-0.5111147754284588
9353,-0.9525271953702625,-2.388331804885344,-0.21544885222187504,-0.6914983184441914,-3.0331266740752225,-2.705592553232716,-0.5120874141168716
9355,-0.6859425990355601,-1.9991108928526522,-0.16029323182323008,-0.5538952791441136,-2.6311535316114174,-2.34710636311733,-0.38908790882093003
9441,-0.9657225346650136,-2.4075973666075807,-0.2181789316607442,-0.6983093601042045,-3.0530234425874125,-2.7233368151896826,-0.518175613614448
9443,-0.7036385027177832,-2.0249474035330746,-0.16395446566617233,-0.5630293782755513,-2.65783653621739,-2.3709027008611825,-0.3972526243694061
9601,-1.280817765412547,-2.867645151719395,-0.2833712690106276,-0.8609521459813865,-3.528143992763238,-3.1470570538954163,-0.6635574475085471
10351,0.8718484601364782,0.27530730363631895,0.16200945745976403,0.25019013045483507,-0.28221748666751,-0.2522869719126919,0.3296615323209522
10459,0.262016478110906,-0.6150643213344198,0.03583689621648245,-0.06458699974271176,-1.2017607819672005,-1.0723506472061608,0.04829106630717872
10709,-1.5297515857318236,-3.231095440718101,-0.3348749923565786,-0.9894443797093444,-3.903502176975901,-3.481807591113567,-0.778413058716696
10713,-1.532355497805702,-3.234897224640287,-0.33541373460903,-0.9907884416707711,-3.9074285205584918,-3.485309168217399,-0.7796144780834737
11081,-0.9376258552036405,-2.3665754345252212,-0.21236580589076082,-0.6838066898776367,-3.0106574893734237,-2.685554168654642,-0.5052120826313278
11421,-1.0115179739482403,-2.4744599794135222,-0.2276538822011106,-0.721947603716534,-3.122076707075645,-2.784919640225427,-0.5393051779407192
11819,-1.1221063476739954,-2.635922075399402,-0.25053431282457805,-0.779030032878387,-3.2888288627429265,-2.933631926355523,-0.5903295636208004
12093,1.1719906592860703,0.7135232474631343,0.22410805366344283,0.4051146061861315,0.17035593519172343,0.15132537083084996,0.46814418481256626
12097,-0.010276492643015889,-1.0126196185049663,-0.020499771162703406,-0.20513653212733818,-1.6123413730053144,-1.4385131000367748,-0.07734222668415747
12641,-1.1296386050566372,-2.6469193803016546,-0.2520927161781622,-0.7829179600988352,-3.3001864775923053,-2.9437608321107582,-0.5938048729393608
12839,0.18159272417344763,-0.7324852349468829,0.01919744253387279,-0.10609934939033194,-1.323028812991721,-1.1804994507762627,0.01118433889547843
13243,1.5240346499290347,1.2275172478578464,0.29694498789931584,0.5868292429124775,0.7011901662385145,0.6247319768155504,0.6305738123561179
13621,0.5451158693390874,-0.201731350244863,0.09440938229540319,0.08154048546311121,-0.7748855855522283,-0.6916564001238701,0.17891033519745614
13625,0.5451158693390874,-0.201731350244863,0.09440938229540319,0.08154048546311121,-0.7748855855522283,-0.6916564001238701,0.17891033519745614
13685,-0.4088657167328247,-1.594570952001587,-0.10296678629093681,-0.41087643391129514,-2.213359455679634,-1.9745108070670918,-0.2612473661911161
13693,-0.41847099396006904,-1.608594923431733,-0.10495409175364434,-0.4158343923153478,-2.2278429011763263,-1.9874273794630222,-0.26567914643433044
13735,-1.1434007220386833,-2.667012453183208,-0.25494006036300954,-0.790021555542719,-3.3209378694067153,-2.962267261036689,-0.6001545780757045
13739,-1.1428767371889914,-2.666247420754882,-0.25483164933753555,-0.7897510901487836,-3.3201477718559573,-2.9615626391829633,-0.5999128166304417
13997,-1.384223416356575,-3.0186202730247427,-0.3047656140289079,-0.9143270672871788,-3.684065583995385,-3.2861104664068606,-0.7112677956899236
14183,1.191350281087074,-0.27022529518399363,0.08470325934599943,0.057325509582049516,-0.1524764497266632,-0.7547417396010552,0.15726524603900693
14187,1.3195499305638156,-0.08305024764688529,0.11122741452599649,0.12349835545441956,0.04083110319069838,-0.5823469180437582,0.21641530077418247
14189,1.3845393499322758,1.0238502369520672,0.2680837936675365,0.5148259182210144,0.49085031588861927,0.437147475226209,0.5662120558007305
14191,1.3601311219758796,-0.023800581499837214,0.11962355151073933,0.14444515940894065,-0.5911251861432891,-0.527775885434699,0.23513906252423067
14193,2.129966191293275,1.7933271737601881,0.27890031182109304,0.5418111241132941,1.2628280809162313,0.5074498733346284,0.5903333760269593
14195,1.3845393499322758,1.0238502369520672,0.2680837936675365,0.5148259182210144,0.49085031588861927,0.437147475226209,0.5662120558007305
14197,2.4613559173325417,3.289179502365976,0.49087418233625196,1.0706466013370002,2.1145425524480017,1.88518263557654,1.063044606914883
14205,1.6505763676990295,0.4002575411007303,0.17971587469802575,0.29436435620898793,0.5399737355983681,-0.13720339547097415,0.3691476362778796
14207,2.1033034247681117,1.061251613815526,0.27338385869717274,0.5280485970938991,1.2226242724657146,0.4715954626861554,0.5780314383399865
14209,1.7438005088162,1.548381503354126,0.3424139401794547,0.7002658425249263,1.0325670504160924,0.9202592749156318,0.7319716136383831
14211,1.7438005088162,1.548381503354126,0.3424139401794547,0.7002658425249263,1.0325670504160924,0.9202592749156318,0.7319716136383831
14213,0.6264027500038702,-0.08305024764688529,0.11122741452599649,0.12349835545441956,-0.6523160773692469,-0.5823469180437582,0.21641530077418247
14215,1.18937968299033,2.6085953738705854,-0.10528248641344817,0.27649350449885557,2.4702441304025395,2.367147032826071,-0.2664114812427463
14217,-0.06184825055200438,2.872600147410358,-0.25846968965692374,0.8106105866918112,2.582927400899125,3.431524052831832,-0.6080258095819713
14219,-0.7238613899647155,1.952859804855997,-0.16813852546442098,0.11967934939979152,2.2745147435334934,2.651758840159016,2.7631023154486942
14223,0.42600764348203846,2.9298413186789647,-0.07364402918841317,0.35542558506407185,2.3178323698811694,2.343208026151858,-0.19585630374896312
14225,1.4101562442081663,2.853011083043581,0.27338385869717274,0.5280485970938991,2.1389150043398697,1.857889823806046,0.5780314383399865
14227,1.8128581790449614,3.470406835271175,0.21329153550988628,0.378129400293852,1.700963263158157,1.17963526139054,0.44402286458633755
14229,0.73136237005839,2.9770487751849775,-0.09435659202081192,0.30375158381393075,2.3267282955656805,2.4759006542160122,-0.242046247101658
14231,0.7760948290340997,3.5028001737349035,0.14219829431872566,0.2007649541886003,2.3459878446121363,1.8161741476860511,0.28548175067634607
14233,1.1903903853210007,2.349825270753347,0.22791490641703382,0.41461199748145017,2.395324785064411,1.5623625257059646,0.4766336370577211
14235,1.4996264219726383,3.0702381873021065,0.1484847457425187,0.21644848410040374,1.9217997572006515,1.2692465285887427,0.29950081907961823
14237,0.2715055634798448,3.0407362289422046,-0.10561008496420499,0.2756762068974755,2.3523437110951715,2.4391257649223093,-0.26714204069230973
14239,0.33838330866661126,3.0517814329947517,0.051636983599962716,0.6679784672848647,2.2455944731517827,1.1097842027649398,3.0384362482892358
14241,0.9318122928631936,2.9278055216988084,0.17441580966838954,0.2811416773361033,2.803932052575264,2.5363988181712895,0.35732825373862376
14243,0.9318122928631936,2.9278055216988084,0.17441580966838954,0.2811416773361033,2.803932052575264,2.5363988181712895,0.35732825373862376
14247,0.23663839178010382,3.101507035310811,-0.256234253839988,0.8161875842914643,2.6759832320450565,3.5245866319459207,2.5708377714086343
14251,1.136676811583738,3.301021378988687,0.21680171561741435,0.3868866483819977,2.5150027512954236,2.1832790722709228,0.4518507235353453
14255,2.6071014763187534,2.808824884366943,0.5210285379770373,1.145876123810279,3.027454119815487,2.081172092152666,1.130290171365566
14259,1.8835375658809461,3.225294008107247,0.22791490641703382,0.41461199748145017,1.9898596769562462,1.5623625257059646,0.4766336370577211
14261,0.3156649835419615,3.0051267497063394,-0.09647362230485312,0.29846998604984265,2.3557511805386113,2.5450285898921337,-0.2467673195100828
14267,1.2489203051115076,3.0230672435587755,0.24002458597959636,0.44482340115554564,1.8957932410876028,0.9479226982412235,0.5036387651792456
14271,0.7470612901052243,1.4794089319526875,0.1361913348994357,0.1857787049709807,2.419992270999466,-0.4200929058445233,0.2720859619685898
14275,0.34348941555328794,3.017194440399023,-0.2341270706513502,0.8713409045720368,2.6537927105743515,3.4937759033489195,-0.5537406782816134
14283,0.26364569630628887,1.6333967925135044,-0.10723626988324708,0.2716191772474269,2.3606948127665204,2.463647629946615,-0.27076850593948154
14293,1.8472422798570443,3.1723018828196556,0.22040551147929643,0.3958774504077549,1.9351313453862824,1.736698460283306,0.459887349811966
14339,-0.27113433289563416,1.2455780219535804,-0.0744705414652741,-0.3397835902752431,2.619293463425203,3.022886046439025,-0.19769946316662823
14401,1.2739630324515767,3.1084881534681803,0.10179561058082964,0.09996775459167773,2.2233840888976406,2.3007896691310727,0.19538195528882674
14407,1.1122685836273414,3.0800491337212494,0.06834147346061703,1.808265358797979,2.7240114305790795,2.9001142856237414,0.12077773025884553
14409,1.2739630324515767,3.1084881534681803,0.10179561058082964,0.09996775459167773,2.2233840888976406,2.3007896691310727,0.19538195528882674
14411,1.153658261935099,3.1712508718493804,0.0769048841623311,1.1364822990803694,2.623902480066162,2.720932929458085,0.1398745198941349
14417,1.2523097650433477,3.0768737818765923,0.09731560905793901,0.08879098201323221,2.1366666992966827,1.8921820959636628,0.18539135112087624
14419,-0.00730087437510285,0.783484336008518,-0.019884123920166363,-0.2036006064846292,1.1647341749639772,1.2735385252691152,-0.07596930574298133
14427,0.2802875178918276,2.7074487700223573,0.03961712413775287,-0.05515603246405143,2.632451939053529,2.903462815953778,0.05672114398306305
14429,0.6669839414159342,1.922109567555476,0.11962355151073933,0.14444515940894065,2.116925014958921,1.4181342636206142,0.23513906252423067
14431,1.1355977449860108,3.1448820156763087,0.07316821283644348,1.1271599974256823,2.625657225351445,2.6966462827365154,0.1315415753779492
14441,0.8493239149314409,2.439645419607685,0.1573491909550131,0.23856363019308047,2.8193127930735598,2.356480766684721,0.3192689291648523
14445,1.153658261935099,3.1712508718493804,0.0769048841623311,1.1364822990803694,2.652890016939414,2.720932929458085,0.1398745198941349
14459,-0.5733692832111736,-0.042991257065310595,-0.13700212213424035,-0.49578828191133106,1.0649521701142453,0.8487975859664583,2.553224067476071
14465,1.967110213011522,1.4598295278807984,0.10179561058082964,0.09996775459167773,2.0515338319709815,0.7426450510845231,0.19538195528882674
14469,0.6504476890562141,1.8979661800021608,0.11620224633966414,0.13590963779735565,2.091990606080827,1.3958973520033362,0.2275093986664558
14473,0.32492668094504484,0.6453706006297506,-0.178447019200078,-0.5991856103888156,1.6309911560502472,1.7245571021207216,2.0961569760723946
14475,0.004046732922878049,0.6353358901307349,-0.16094658202101286,-0.5555252666647406,1.5537396062442284,2.1812466539466087,2.297302584742723
14477,0.4962994134262948,0.7940094662096442,-0.20251110201819122,0.4393912565070732,1.8147536014903185,1.9634643572248862,1.8489082438800466
14479,-0.546497543054373,-0.003757770376515257,-0.13144243294020042,-0.48191788891902454,1.105471082245006,0.8849330112049354,2.6037741895014173
14481,-0.525255115356035,0.02725676383218678,-0.12704743302428567,-0.4709531795787536,1.1375017604344553,0.9134984912779767,2.6399619914496473
14483,-0.5619879231648199,-0.026374155408572353,-0.13464735001699146,-0.48991356238409867,1.0821137058002792,0.8641025227761845,2.5750046167781937
14485,-0.483461730271856,0.08827626639554742,-0.11840049649992912,-0.44938067730633713,1.2005204740715882,0.9696996056591014,2.7149556544266575
14487,-0.4510188633684358,0.13564375280969232,-0.11168815649164832,-0.43263463439576477,1.2494398840412826,1.0133267315791055,2.77330476908982
14489,-0.4630035497120981,0.11814577800829307,-0.11416775516185029,-0.4388207730122493,1.2313686147435003,0.9972104795295196,2.7487269579610083
14491,-0.4733127368140173,0.10309407861795394,-0.11630069764326123,-0.4441420687564197,1.2158237693451452,0.9833473334281826,2.7343084897276047
14493,1.0074596301556387,1.2671942066995818,-0.03723282763080071,-0.246882403357654,2.1369094315067354,2.2813711177844294,-0.11465769250231705
14523,1.7888630013762943,1.6141739935949548,0.35173724605696605,0.72352576083964,2.1991274200711866,1.6740036598792742,0.7527630035705108
14525,0.18159272417344763,1.4647393423893367,0.01919744253387279,-0.10609934939033194,2.6843043722407502,2.690701560131628,0.01118433889547843
14531,0.645372921504081,1.0120741431340696,-0.02825795598845915,0.46865541674887534,2.874411901587248,2.8015217044146734,-0.09464332652974772
14535,0.18558751999117495,1.4705718551936706,0.020023954810733824,-0.10403735461096209,2.7083464839473557,2.6315349890342157,0.01302749831314376
14541,-0.3391532391483474,0.4531213498058013,-0.08854346625082854,0.31825425404049856,2.8684911767220367,1.8328062127829217,-0.22908271611853803
14543,-0.3391532391483474,0.4531213498058013,-0.08854346625082854,0.31825425404049856,2.8684911767220367,1.8328062127829217,-0.22908271611853803
14547,0.1776222129788061,1.45894228580894,0.018375954678793383,-0.10814880916958969,2.67831738392994,2.685362266524467,0.009352384163556327
14551,-0.10926086609573815,0.6346199173062232,-0.040979366017844465,-0.25622932149918776,2.501083595092779,3.1197268254390336,-0.12301264100707487
14553,-0.10926086609573815,0.6346199173062232,-0.040979366017844465,-0.25622932149918776,2.486898960100823,3.091818037321957,-0.12301264100707487
14555,0.1977206319871323,1.3705034999118877,0.02253426234051714,-0.09777460308755548,2.9353963727085297,2.602388460484456,0.01862559660434915
14569,0.8771079290446018,1.2439311886905773,0.6289449441799186,-0.3141660742727357,2.8313298026927702,2.8624084347902716,-0.17480068265097515
14571,0.1977206319871323,1.3705034999118877,0.02253426234051714,-0.09777460308755548,2.9353963727085297,2.602388460484456,0.01862559660434915
14573,-0.3409451389831366,0.45050512629717665,-0.08891420540244843,0.31732932864428876,2.8726621159222088,1.8303965786417367,-0.22990948104137798
14603,0.9642352917239089,1.007618427219558,0.03771379216602211,0.633242687971355,2.8009020476016167,2.3071441440707567,0.05247662838801048
14607,0.963485483376076,1.314825476202409,-0.31514903670244543,0.15838050835460016,2.760881350952573,2.55448499527843,-0.7344232935864743
14609,0.8622388981001241,1.2963299628455305,-0.06727859802186598,0.37130615478011586,2.906547805446822,2.547905460098873,-0.18166110697986082
14611,1.2802050128415572,1.7524214148411175,0.01919744253387279,-0.10609934939033194,2.9110776916055388,2.5083800033376735,0.01118433889547843
14633,0.8169298176438815,1.9868840300785586,0.15064694124623346,0.22184276070760567,2.4681860491472776,1.7533034351398387,0.30432261195200083
14637,0.6481821605879808,2.9070260820638185,-0.027676732141879157,-0.22304171815434382,2.5980329450143085,2.791506070228891,-0.0933471713042453
14639,-0.03567358843419355,2.4041939072042684,-0.16916460735707628,0.11711946545723662,2.209466825835235,1.9646816245303755,1.9798913154017361
14641,-0.0220452269000333,2.6590771568497087,-0.022934689939621666,-0.21121120270000437,2.5595677259601173,2.6887957730823446,-0.08277220467791624
14653,-0.17243953917725463,2.151815212965387,-0.05405085986139402,0.4043069072109827,2.302021995775534,1.2878592183816613,2.119963227430293
14661,1.4101562442081663,2.6706895262496264,0.27338385869717274,0.5280485970938991,0.5294770919057692,0.4715954626861554,0.5780314383399865
14663,-0.34806397872107153,1.3274146176351165,-0.09038707378142763,0.3136547953152883,2.2971618644757523,1.3653480822376625,1.7408869824887023
14687,0.42487604011822455,1.00900952190584,0.06953209205250666,0.01947626204886732,2.4777963872512716,2.091091622887723,0.12343286307650048
14713,1.0262451002998585,0.5007306849022215,0.1939536980226575,0.32988508371285263,2.435498198172184,1.3416302753746143,0.4008986203618834
14721,1.531493575237982,1.3250056465926439,0.15507797218116082,0.23289736075510414,0.3604131572413455,-0.2973384413986264,0.3142040095141696
14729,-0.13182865318765336,0.4193487647920173,-0.04564857915016041,-0.2678781419367562,0.9124247801091898,1.1706199254633805,-0.133425195543589
14761,1.6003094883987559,0.3268665017260255,0.16931579550579257,0.26841808825896885,0.86964325869527,-0.20479913167292896,0.3459549935981734
14763,-0.32829735910017543,-0.783791732419462,-0.08629741450116779,-0.36928944413732867,-2.0918733820428734,-1.8661675495469927,-0.2240739200596662
14767,0.5735180432307763,0.938348900855535,0.10028571402351061,0.0962008428279415,-0.03891180792321791,-0.6534629439024058,0.1920148182997765
14771,1.9819551038388303,3.3378014710039063,0.10486697769876452,0.10763024568831558,2.1345425205993385,1.678898258017362,0.20223124160557537
14781,-0.24679063021220182,1.2070125315897742,-0.06943389627734631,0.3659290855275409,2.307693746234455,1.906999216719198,-0.18646751867957967
14787,0.8275503293723494,1.3092430915072475,0.15284429593734727,0.2273247529639193,1.7304285271635496,-0.3118563106712138,0.3092228113879474
14789,-0.10413811763828607,1.1529248960467235,-0.03991948343947438,0.439562069442779,2.4205153925969034,2.0728538527090716,-0.12064905535852133
14791,0.8718484601364782,1.3739195923044285,0.16200945745976403,0.25019013045483507,2.490371235572271,2.050298121081354,0.3296615323209522
14795,0.8275503293723494,1.3092430915072475,0.15284429593734727,0.2273247529639193,1.7304285271635496,-0.3118563106712138,0.3092228113879474
14801,0.9545749233825442,0.9893103710717406,-0.04817452813328671,-0.2741799159841325,2.6968250160017773,2.72541911729037,-0.13905817497672324
14803,0.5521014661966213,0.5016149956733401,0.09585468308858314,0.0851462427804428,1.3150892816063338,0.7040317520761141,0.18213342073760774
14805,-0.7046646570217239,0.6816045837955058,-0.16416677417175274,0.1295881319547708,2.452603951672888,1.3165968455163424,1.2699807387065898
14809,0.1244296979689068,1.263496701415225,0.007370569497979207,0.5575419773075277,2.117137679440634,1.575844652666352,2.594879674744447
14811,-0.2533091228224329,-0.3324011194807799,-0.2980824179890691,0.7117841792636135,1.5575982761609506,1.401718136250488,3.017208097691605
14823,0.4790852357941118,1.7813036332023118,0.08074782566924266,0.04745743645119238,2.7090681806100374,2.4384255837801514,0.1484444516765171
14835,1.0870468383116116,1.9757972716025998,0.20653341053216678,0.36126913237949054,2.1217138024228075,1.1357105542061054,0.4289519430196922
14913,2.077444773424234,2.0355113928927255,0.4114440216617367,0.8724830879559536,1.535657008926416,1.3689230871451084,0.8859117889367799
14937,1.8895460678024119,1.7611740659150388,0.37256829582024004,0.7754953649982053,1.2523314372236323,1.116248731491758,0.7992171780890661
14939,1.1875361215644609,1.771272940569296,2.4503585721369348e-05,-0.15393227471167026,2.8679725024610274,-1.305114744506266,2.310233631950445
14941,0.5112664775868399,2.1467428708096916,0.08740603616107534,0.06406843626143766,2.639810060007519,1.9708752689482627,0.16329255946195298
14943,0.26653654514790626,1.4709766437133784,0.03677208566514889,-0.062253875583690776,2.932189246502122,-1.0662723454834087,2.6750451728515117
14947,0.4134170254971905,1.9085697742882433,0.06716125341715373,0.013561459539953358,2.715410008706914,1.9644566259822165,0.11814578667019315
14949,0.679908564562809,1.8162689432146273,-0.021112626344661045,-0.20666549209694174,2.7006802632874036,1.4478753807666012,-0.07870892120511508
14951,1.2313513760883898,1.5799368833257739,0.09297937597748207,0.07797288502380773,2.680428457621893,-0.7009507841421683,0.17572135702255554
14953,0.8908678125470776,1.5936470512260978,0.02253426234051714,-0.09777460308755548,2.875677138006907,-1.1588116552091066,2.552322410561781
14955,0.5890090629216592,1.6229285252924588,-0.03991948343947438,-0.2535851111171663,2.664968730497865,1.3797066721491262,-0.12064905535852133
14961,0.7127239642911816,1.5744708947053985,-0.09821282695511158,-0.39901618741981326,2.777114369731599,0.7644379454056929,1.4357531297473658
14965,0.5207076413826907,1.4586680324054417,-0.05405085986139402,-0.28884027334896256,2.787529811557235,-0.9634325802248337,1.8759855892132413
14975,0.8908678125470776,1.5936470512260978,0.02253426234051714,-0.09777460308755548,2.875677138006907,-1.1588116552091066,2.552322410561781
14977,0.628766592744947,1.6809756226519723,-0.03169375977400091,-0.23306345677567086,2.6755248972718,1.2613198395564624,-0.1023053229475408
14983,0.4484154193995682,1.043377669197685,0.0744023249388488,0.031626589475450606,2.7928754167684158,1.8173642493610096,0.1342937006732221
14985,0.524596472501099,1.1546041217964722,0.09016397547758281,0.07094898314702602,2.490010833997827,2.0533391284466087,0.16944288773520677
14987,0.45443525076972824,1.05216679013112,0.07564781150664557,0.03473384737405749,2.75194207928946,1.8254593397852004,0.1370711915360665
15015,0.9243698780055193,0.03312308450378143,0.029465747619120353,-0.08048183338782455,2.8789407898074515,-1.113760185723172,0.034083119411131735
15041,-0.6568131289792292,-0.570286696707637,-0.15426642451729145,-0.5388595131318896,2.318044507127272,2.3555042093327554,0.8182746100359732
15049,0.5735180432307763,0.938348900855535,0.10028571402351061,0.0962008428279415,2.4868168363850374,1.744432328895965,0.1920148182997765
15055,-0.5808481482855306,-0.45937571582326275,-0.13854947876596413,-0.4996486496103507,2.3556282762558363,2.5304164894987258,0.9403354804082196
15059,1.2177436530610444,1.5600692299046366,0.09016397547758281,0.07094898314702602,2.777692906449608,2.891668318851052,0.16944288773520677
15061,-0.18829961670763817,1.4531171680852553,-0.2007425131856403,0.038338449391486784,2.5121321620440566,2.034382792489816,0.8016422264626692
15079,0.9337653304194637,0.6442644903430912,-0.11200060596264916,-0.4334141378539196,2.5570841404044575,2.8109606023146236,-0.2813931889109462
15093,1.6505763676990295,3.1728462633405115,0.17971587469802575,0.29436435620898793,2.2447218278367935,2.2606918773273965,0.3691476362778796
15111,0.754098031076258,0.6966085423172967,-0.08965264623453928,-0.37766012478113375,2.5932039523846413,2.9483068927733704,-0.23155623719027152
15119,0.18431882585729586,0.7738272178704637,-0.26705902825357497,-0.1271089513118765,2.2844714553077905,2.435428567935328,-0.6271804195849331
15121,0.1595525205282602,1.0325283944392916,-0.21266247853682374,0.008600347475135828,2.3762520956796056,2.6403937642483726,-0.5058736759274747
15129,0.17367569293478846,2.9195173257679654,0.017559430526849495,0.5829612951294537,2.4027030040467756,2.5224262905034207,0.0075314987120755905
15131,0.8169298176438815,2.5930198336488743,0.15064694124623346,0.22184276070760567,2.6307049786450523,2.1587685432480033,0.30432261195200083
15133,0.6019945220474744,2.6069685521845796,-0.03723282763080071,0.4462647772022913,2.660157575271284,2.4230216348474563,-0.11465769250231705
15135,0.16585347872178913,2.958107096417767,0.01594103590187501,0.5789237008176894,2.503386157346534,2.5595355180377255,0.003922406169797554
15139,-0.22364934375202639,2.770194657070734,-0.064646027701732,1.0710211098407085,2.5085727814317975,2.774366186768667,-0.17579035718694924
15155,2.535431299401439,3.6651293506617795,0.27890031182109304,0.5418111241132941,2.361440369584341,1.606062162002738,0.5903333760269593
15157,2.508768532876276,3.4591468866138966,0.27338385869717274,0.5280485970938991,2.4753872409610826,1.570207751354265,0.5780314383399865
15183,0.6423339563915502,3.0312522093472323,0.11452353734814225,0.8248687508917513,2.7039105150378018,2.8730635703084384,0.2237658023837803
15211,0.19395381183783322,2.846396649606241,-0.3808485448131902,0.505298049295714,2.6062589012911515,3.6058562903189406,0.6451201624888252
15217,0.2710881111639636,1.344090663840771,0.03771379216602211,-0.05990449258859032,2.5007974551512784,1.0192898557641183,0.05247662838801048
15219,0.6046228840656628,3.135816292462227,-0.03668902675206054,-0.2455257210622166,2.688512239152966,3.4466967639244803,-0.11344499217221293
15221,0.1776222129788061,2.2574499820267113,0.018375954678793383,-0.10814880916958969,2.67831738392994,2.527733322320884,0.009352384163556327
15223,0.6152433957941307,3.093335276800512,-0.03449167206094672,-0.24004372880590297,2.616419252035352,3.3147330594731184,-0.10854479273626638
15231,1.218503575233646,1.7018441193412999,-0.05308904558040706,-0.28644072517328323,2.60449589337966,3.209483994476358,-0.1500177691285991
15245,0.42487604011822455,1.5686253098412626,0.06953209205250666,0.01947626204886732,2.599157244255539,2.404749181742765,0.12343286307650048
15249,0.9071623078388105,1.9363044141601258,0.16931579550579257,0.26841808825896885,2.4790811711293705,2.503251069429281,0.3459549935981734
15251,0.623323668912151,1.7908118383965803,-0.03281988575767747,-0.23587293216310545,2.601934952645121,3.2854328605796566,-0.10481663435863542
15261,0.6046228840656628,1.7063497594771277,-0.03668902675206054,-0.2455257210622166,2.600404971642699,3.2684485325181614,-0.11344499217221293
15263,-0.7337427748046665,1.6199789775269866,0.5229642237265003,0.5200439805668056,2.6050380326282676,3.1492965993857878,-0.4111424388031406
15271,-0.8444359540984867,1.6815074138161479,-0.193085071440936,-0.6357048347800409,2.6866882087843678,3.2143132918516075,-0.4622151807393653
15273,0.051975073000920524,1.0241795447264523,-0.007620093300268138,-0.17300412556083433,2.488858666536202,2.7560727523880786,-0.048619967846333934
15275,0.8383463946780365,1.8358312703586346,0.15507797218116082,0.23289736075510414,2.3753161777836103,2.4107117597035836,0.3142040095141696
15281,-0.574621722866484,1.459257543041808,0.5558859321027656,0.6021775346594402,2.5605836584901436,2.8198707830202023,-0.3377255537330315
15285,0.04042232663439638,1.3941433845991584,0.3124267454128572,-0.005207964622867989,2.579112963557578,2.879512015139513,0.07486099431787285
15311,-0.3391532391483474,2.901660355422927,-0.08854346625082854,1.0114014346004438,2.4456343259020032,2.6190438164088787,-0.22908271611853803
15313,-0.39088055566269153,2.8975960011506334,-0.09924570588932458,0.9847013323999616,2.4387325228245293,2.5714630828593243,-0.252949190134774
15315,0.6423339563915502,3.1590855808571168,0.11452353734814225,0.13172157033180598,2.416228442586021,2.3294481237194566,0.2237658023837803
15317,-0.39583491883713284,2.8903624933643233,-0.100270750015368,0.9821440374925561,2.4410181951170076,2.564800767019351,-0.25523508447334886
15319,-0.44188379026092495,2.9421892226129227,-0.10979813496917779,1.181518531061596,2.4463840026750248,2.596209082180601,-0.2764815798914546
15323,-0.6158357649835735,2.9707814817463767,-0.14578832051369828,1.0917296957605718,2.4374026242937434,2.5007590868970704,-0.35674130656101344
15325,0.9706245264338356,2.7221081958170132,0.1824459541368949,0.30117539786900127,2.4316726810121496,2.5885910675882027,0.37523583577545594
15327,0.04076218433927481,2.3539492321456406,0.9452620326499134,0.1565733378470503,2.2946440709851625,2.7349723919244555,-0.3736047616252576
15329,0.03854436529792904,2.3641341751024765,0.9448031719848966,0.15542856562501373,2.298904502321202,2.7448934132714857,-0.3746280414721508
15333,0.06682354755379405,2.3919995459996137,0.9506540570815369,0.17002543836571127,2.2950256291753703,2.743700764927154,-0.36158030549839615
15335,0.06682354755379405,2.3919995459996137,0.9506540570815369,0.17002543836571127,2.2950256291753703,2.743700764927154,-0.36158030549839615
15337,0.06451560493995545,2.388629885706303,0.9501765500970338,0.16883414703620148,2.291545567094266,2.7405971889290823,-0.36264516747338127
15339,0.06682354755379405,2.3783938939438354,0.9506540570815369,0.17002543836571127,2.287057459526194,2.7370117767763578,-0.36158030549839615
15341,0.13115925739512535,2.4013740805394796,-0.13464735001699146,-0.48991356238409867,2.317927115981874,2.7468337702099666,-0.33189644306918153
15343,0.1260763750883921,2.4229404681251063,-0.13569898439833117,-0.4925371950449031,2.3187735137075514,2.732725870598971,-0.3342416348687134
15347,0.12103274322968127,2.4297612605732866,-0.13674249796983662,-0.49514056779190896,2.319607274723224,2.740436519152257,-0.3365687168983795
15351,0.1244296979689068,0.7934930721694895,0.007370569497979207,-0.13560520325241754,2.201695067468697,1.8781255245392856,-0.015190117997559316
15353,0.11717243352607953,0.7828972645941963,0.005869061427953293,-0.13935118729676055,2.2174203514769104,1.9517480209244273,-0.018538548284014578
15363,0.03589721421871617,2.786509233110629,-0.2977670518342568,-0.896866953127385,2.4894326174950008,2.7331865840826666,0.46749012145138846
15367,2.351973579324987,2.6994388895368724,-0.29497574470868493,-0.8899031597492566,2.2509139783404066,3.6180657152902045,1.2984383997829037
15369,0.8064792414126929,2.7448157868674787,0.1484847457425187,0.21644848410040374,1.9217997572006515,-0.34019138384535763,0.29950081907961823
15375,1.2387593923548887,2.538720859237607,-0.09506596024294323,-0.3911653388437857,2.25094086585443,1.6321889935241303,2.930250288910017
15381,-0.027851016950857677,2.2939255982463576,-0.024135891946640342,-0.21420797883604403,2.5355459157944154,2.9323029402365934,-0.0854509389856064
15385,-0.013238615997136272,2.2788924651627402,-0.021112626344661045,-0.20666549209694174,2.542075233110765,2.9142124495600283,-0.07870892120511508
15391,-0.08323562727381173,3.055245289211646,-0.03559481562377731,-0.24279586731749436,1.9152323815701022,0.07281395915405908,3.087668265231767
15393,0.6754117626079821,2.6965544725305555,0.12136724455545156,0.14879535003003497,1.618807393888019,-0.516442681822598,3.542244549459742
15395,0.08871757288424775,2.680040241843586,-0.2868386647783948,-0.8696026550800513,2.5288046013179484,2.783649801073941,0.5524855361596135
15397,0.0937002829753093,2.679681512060106,-0.28580775575320105,-0.867030728337441,2.522524525115154,2.76935208922386,0.5547845094861303
15399,0.04225061922374085,2.727633069298947,-0.009632056063656358,-0.17802359935516066,1.5113847715786446,-1.3678779453062422,4.112006898135221
15401,-0.004311637669514035,2.780278869281259,-0.0192656590602982,-0.20205765140946053,1.5747066435447068,-1.4304919384113788,4.016415559567702
15403,-1.4374220026633302,2.693668484873209,-0.31577225534435716,-0.9417865951928579,2.4260336232987525,2.621237187189852,1.6620821737108011
15405,0.11357381792073484,3.262549835687384,0.005124517748318458,-0.14120868563453537,2.211994130895195,1.5612463482919594,2.801179972352782
15407,-0.24885428779028684,2.6994931873158112,-0.06986086135925496,-0.32828329369250486,1.8565573100787356,0.18657264279105568,3.7084739535515254
15417,-1.443405071188796,2.697091243193511,-0.3170101357806121,-0.9448748772045128,2.4843641555786906,2.6769386019071364,0.8906669117940742
15419,-1.3282807579965152,2.683458427075224,-0.2931912317464276,-0.8854511310076301,2.529338510302865,2.834123014358056,1.0724015130599676
15443,1.1704817041001263,3.1503669557963363,-0.0035040085215641836,-0.1627352577378851,2.295713065044412,1.0698468208480687,-0.03944091432689989
15445,0.48247943867242804,3.1253146815932205,-0.25153820437832053,0.8279033563915421,2.664860133783594,3.5055630591910187,2.6263075380930117
15459,1.8372664070013578,1.6848443096668633,0.3617517776666835,0.7485101591059257,1.173500852755966,1.0459463333833385,0.7750958578628373
15465,1.1944845602891383,2.9265501583249374,0.6946092970232705,0.948266591350827,2.211278104396383,2.000065944659295,-0.028366233053000123
15485,2.172361094996873,3.328117432024305,0.14426145402760426,1.5922065159827152,2.7239296081428837,2.3404093615951638,0.2900826892879409
15495,0.6669839414159342,2.3740946912985335,0.11962355151073933,0.14444515940894065,2.499917267215027,2.467956388119292,0.23513906252423067
15541,0.5956607427189398,2.7624373261003443,0.10486697769876452,0.10763024568831558,2.297061450097113,2.084363366125526,0.20223124160557537
15563,2.4613559173325417,2.5960323218060304,0.49087418233625196,1.0706466013370002,2.1145425524480017,1.88518263557654,1.063044606914883
15581,0.6032116601138711,1.4925280296765473,0.10642924175761304,0.11152780465208201,2.3084472016951323,2.094517364691093,0.20571516046989324
15663,0.9071623078388105,2.2727766507813385,0.16931579550579257,0.26841808825896885,2.8620734233854765,2.973254698675017,0.3459549935981734
15673,0.8951776214951472,2.2552786759799384,0.16683619683559048,0.26223194964248386,2.8440021540876934,2.957138446625429,0.3404253774400561
15685,-0.010276492643015889,2.9763644280593082,-0.020499771162703406,0.4880106484326071,2.413010317729835,2.6045381677977755,-0.07734222668415747
15707,1.555901803194378,1.2740441763764387,0.303538214337958,0.6032781195671779,1.8478537673814186,1.7661972079303911,0.6452770027906695
15785,1.6247177163551523,2.983955232612031,0.3177760376625898,0.6387988470710426,1.9516187607271793,0.7601242289879795,0.6770279868746731
15853,0.8067209984806801,2.569402655127439,0.005124517748318458,-0.14120868563453537,2.287980037873117,2.441605070940051,-0.02019891405643115
15855,0.7855359928299509,2.7207935154964504,0.0007413982962561905,-0.15214375542179992,2.3926114792904842,2.5281861382080955,-0.029973466864650744
15915,1.4727480214675426,2.895242675543744,-0.22778643183018377,-0.7222782904477636,2.5873842910513964,2.476909036993357,0.24885659081048717
15993,1.545158164987152,3.162207451319593,-0.10128807729941514,0.2864588141141998,2.3735859229397667,2.8962124344193105,-0.2575037699084406
16145,0.11717243352607953,1.7384087096216327,0.005869061427953293,-0.13935118729676055,2.2174203514769104,2.2882202575456403,-0.018538548284014578
16279,0.11229903227441473,2.7793027363411174,-0.13854947876596413,-0.4996486496103507,2.531260844898994,2.1117061546405402,1.2280175528600004
16379,1.0713075928599527,2.76374775247927,0.2032770039001689,0.35314500202756616,2.416434902169539,1.4022274797783114,0.4216900102940111
16403,1.2489203051115076,2.617602135450611,0.24002458597959636,0.44482340115554564,2.2322654777088156,2.046534986909333,0.5036387651792456
16409,1.1903903853210007,2.8198288999990826,0.22791490641703382,0.41461199748145017,2.277541749408027,2.121978313641387,0.4766336370577211
16517,1.089744038422304,2.716920985485819,0.0636812069558661,0.004879389308169335,2.333372550452267,1.5935312287003334,0.1103851271027454
16553,1.4368190107333296,1.1001799932002427,0.27890031182109304,0.5418111241132941,1.9559752614761765,1.2005970538945738,0.5903333760269593
16599,1.9744904845321678,2.3460736665587416,0.10332256847722876,0.10377723123085159,2.5089493755377714,1.8511818644844809,0.19878713982863205
16601,1.4646166986215663,1.1407653892847018,0.28465157705623295,0.5561594637830545,1.9978903762551015,1.23797763537633,0.6031589552450898
16645,-0.600382974990262,2.826288899500609,-0.1425911807288438,-0.5097319461088341,2.410513575454668,1.8283918459417379,-0.3496115415605143
16647,1.4646166986215663,1.8339125698446472,0.28465157705623295,0.5561594637830545,0.6115960151352109,0.5448304548163847,0.6031589552450898
16733,1.0366133715332895,3.0592025822823783,0.05268861798130253,-0.022545080614276625,2.6099337090327466,2.0817002390904427,0.08587116105503201
16735,0.5067040008032642,3.1079951117762663,-0.1408377912513067,-0.5053575646869215,2.4522797824462943,2.8730952621723027,-0.34570140444720776
16739,2.2415900584453765,4.066927535537806,0.44540523005611304,0.9572100017245513,2.4763128488303687,1.5896553374764586,0.9616468056326177
16761,0.7283986753244989,2.145308176788887,0.13233009118676653,0.17614561832448072,2.759576378283428,1.7520353614935988,0.263475215447152
16763,0.6669839414159342,1.3624937796200534,0.11962355151073933,0.14444515940894065,2.70471167986104,1.6694486919015206,0.23513906252423067
16767,0.7283986753244989,0.7590138156689966,0.13233009118676653,0.17614561832448072,2.759576378283428,1.7520353614935988,0.263475215447152
16781,2.1543744192496717,2.1478308116521476,0.4273605539778903,0.912191882925368,2.3448035829481406,1.4723732339955369,0.9214063693034592
16783,0.9444951589420816,1.0745206813961232,0.1770398598071894,0.28768819556516,2.7176955658496165,1.6371632065211696,0.36318000314532717
16795,0.719263602216988,2.7605793758505484,0.1304400696642959,0.17143036530122036,2.3780771562205416,2.67802072860287,0.2592603827504596
16797,1.5678870852933382,2.851033703509227,0.01919744253387279,1.5033385630437683,2.4146408052916475,2.6036901831419983,0.01118433889547843
16799,0.719263602216988,2.7605793758505484,0.1304400696642959,0.17143036530122036,2.3780771562205416,2.67802072860287,0.2592603827504596
16803,1.4717714995792528,2.8648529596662917,-0.0006886080216649271,1.6360481133669516,2.403243028862711,2.582070655811329,-0.03316244503955135
16805,1.5639165740986967,2.872635621116945,0.018375954678793383,1.5012891032645106,2.4086538169808374,2.5983508895348373,0.009352384163556327
16819,1.3030587338460788,3.007992404361101,-0.03559481562377731,1.366642045116606,2.4520334917393534,2.6828837518960658,-0.11100485231891422
16829,1.2762345016469157,2.8452366469288304,0.018375954678793383,1.5012891032645106,2.4086538169808374,2.5983508895348373,0.009352384163556327
16831,1.1800054301903884,1.7457192172828386,-0.061054205995721866,1.4854471466774186,2.448807481865475,2.6546105338747354,-0.16778043381454677
16833,0.719263602216988,1.4388235358682289,0.1304400696642959,0.17143036530122036,2.3780771562205416,2.67802072860287,0.2592603827504596
16835,1.0400028314651288,1.7156649232937187,-0.09002035894035487,1.413181969471465,2.4348707592663663,2.7148052081759593,-0.23237625300333753
16839,1.556047236976682,1.3296697994722266,0.01674781045343887,1.4972271855087427,2.4433079475813533,2.6102415560091465,0.005721549575501195
16841,0.7102545341412392,1.425670046352259,0.12857611823663084,0.1667801523274446,2.36449271265227,2.6659059007569637,0.2551036875335184
16843,1.3132161512352813,1.6128635672160296,0.2533272198555617,0.47801100450038936,2.329214827630345,1.9506744381183243,0.5333042348820751
16845,1.3132161512352813,1.6128635672160296,0.2533272198555617,0.47801100450038936,2.329214827630345,1.9506744381183243,0.5333042348820751
16863,1.559970054054679,1.2018658286936323,0.017559430526849495,1.4992520270036087,2.4492230196816682,2.6155167135694324,0.0075314987120755905
16865,0.7662728833424004,1.5074583914645439,0.1401661607461343,0.19569515796781167,2.4489607283351944,2.7412358517660778,0.28095000173911266
16867,1.2631463827793386,1.4412280775919584,-0.09002035894035487,1.413181969471465,2.4453420591336616,2.7148052081759593,-0.23237625300333753
16869,0.6504476890562141,2.0314975726266833,0.11620224633966414,0.13590963779735565,2.474982858336933,2.445719476502014,0.2275093986664558
16871,0.7565964533202592,0.8001833544184355,0.1381641339656926,0.1907004726074113,2.4343699941468326,2.7282235975689133,0.2764853922976134
16873,0.7662728833424004,0.8143112109045986,0.1401661607461343,0.19569515796781167,2.4489607283351944,2.7412358517660778,0.28095000173911266
16895,0.6264027500038702,2.2195348453471606,0.11122741452599649,0.12349835545441956,2.1202726448705342,0.5162653706243514,0.21641530077418247
16919,0.6032116601138711,2.92761255496587,0.10642924175761304,0.11152780465208201,2.3084472016951323,1.689052256582929,0.20571516046989324
16921,0.9574291871390841,4.184447175018992,0.17971587469802575,0.9875115367689332,1.9262680967182586,2.1653816975230717,0.3691476362778796
16923,2.342273124871494,2.422168138629835,0.466236279819387,1.0091796058831164,1.9349819740909788,1.7250475896488873,1.0081009801511729
16925,1.2415459743179675,2.794590433945494,0.011198993699617521,0.5670931853633497,2.607662686240051,2.4310759529958332,-0.006652560456531509
16927,1.6624001841239906,2.6847172092267284,-0.045137673679568335,-0.26660352758122197,2.318971912810974,2.1625519697291353,-0.13228585344786747
16929,-0.47184992079358024,2.967430711550497,-0.11599804502849809,0.2497601739230798,2.633311394003167,2.099675081999921,-0.290307657173589
16931,0.47283497680465914,2.9116123647355425,0.07945466426023662,0.044231238669376394,2.6424852303124435,2.3891986342731113,0.14556064378122135
16933,-0.1305621015076941,3.07987339941464,-0.2726863965917937,0.5519989893482498,2.518434720007294,2.306884770213954,-0.6397297031704725
16935,1.2340813550113054,2.726533468672108,0.009654584478081984,0.563240170905886,2.6327747045373746,2.5416659904576124,-0.010096662233474385
16937,1.6525782384322913,2.670376895822953,-0.04716980725215969,-0.2716733238020106,2.3521709800640087,2.2382915212327283,-0.1368176023851011
16939,1.3418794927455826,3.029401274657575,-0.31438340102257945,0.6711162510855249,2.5826658932300424,3.4036487133820374,3.0025699352197903
16941,-0.26496847311850724,2.768294864751738,-0.21660508888857732,2.441111301530122,2.467835031087331,1.9312833388337296,2.042561437667098
16943,0.44245056442606545,2.9442113202141575,0.07316821283644348,0.028547708757572732,2.625657225351445,2.3483395884682996,0.1315415753779492
16945,0.10999492085600737,2.5969671888723793,0.004384053780550068,2.992438210080995,2.179929396096029,0.10951468978776879,2.665997311896138
16947,0.1085914703032097,3.0087291840047934,-0.1393165631493073,-0.5015623828216673,2.6865100160631474,2.5683558381779994,-0.3423089976056959
16951,-0.21719314212170282,2.828411054868708,-0.06331025732626683,0.3812064285282114,2.6082560879127348,2.020908028412902,-0.1728115293869228
16953,-0.07790378476581461,3.015777042454638,-0.03449167206094672,-0.24004372880590297,2.6031740252853313,1.9670535344810074,-0.10854479273626638
16955,-0.740571858019289,2.757410779270324,-0.1715958753840111,-0.5820932777315273,2.380223211741006,1.2683111011023516,2.17347072473666
16961,2.342273124871494,2.422168138629835,0.466236279819387,1.0091796058831164,1.9349819740909788,1.7250475896488873,1.0081009801511729
16963,0.9672389731675071,3.0953747706077888,-0.2946530356932189,0.7203398518028794,2.626004290288673,3.490139755778644,2.2290544392795764
16967,0.13115925739512535,3.116340308494064,-0.13464735001699146,-0.48991356238409867,2.490227114314809,2.4146999351873513,-0.33189644306918153
16971,0.6108508943340474,3.1900804773019065,0.10800977832490732,0.11547095013413244,2.3199661229971196,2.0357972546788963,0.2092398278469303
16973,0.1317685064150993,2.660505926619288,0.008888948798216001,3.0036770873101566,2.212760987756725,0.1387944375284451,2.76701520787877
16977,-0.07252805828695319,3.1591712443602438,-0.033379449025138674,-0.23726893869384225,2.6375971945393237,2.0041354363278447,-0.10606448552198122
16979,0.12079098616169448,2.67525010093911,0.006617730024363611,2.99801081787218,2.2228766343758766,0.3471761103745654,2.7557197384774508
16981,0.6108508943340474,3.1900804773019065,0.10800977832490732,0.11547095013413244,2.3199661229971196,2.0357972546788963,0.2092398278469303
16985,0.12481181113072048,3.107072860719218,-0.13596061920611124,-0.493189925346494,2.480656032727186,2.4061642888687924,-0.334825092215264
16987,0.4340712901008884,2.9548596933694533,-0.07197568286213218,-0.33355938095740667,2.675942227660121,2.6812644219222967,-0.1921358166741789
16989,0.4280142413125517,2.946016233972186,-0.07322886961147501,-0.3366858493802767,2.676198766133407,2.6846801062571526,-0.19493047928695573
16993,0.6423339563915502,2.7734231000451324,0.11452353734814225,0.13172157033180598,2.7729033865247534,2.3835153449897324,0.2237658023837803
16995,-0.4510188633684358,3.1396748291783787,-0.11168815649164832,-0.43263463439576477,2.405210586549341,1.495164818471844,-0.28069641258814726
17013,0.5756418599837647,3.0277020051847225,-0.497284848001208,0.8025977413791898,2.661749132867871,3.862812805945026,3.434116663278411
17015,0.5756418599837647,3.0277020051847225,-0.497284848001208,0.8025977413791898,2.661749132867871,3.862812805945026,3.434116663278411
17637,0.03904104480391757,0.8511448246346416,-0.010296108191104492,1.2066140749152283,-1.5379772657812403,-1.3721939790211435,-0.054587600978886375
17641,0.5112664775868399,0.8474598866794305,0.08740603616107534,0.7572156168213829,-0.8259258427922074,-0.7371749321539474,0.16329255946195298
17643,-0.05613019920672313,0.7121921660699289,-0.029986777043280788,0.8698074370913678,-1.6814824965902835,-1.5001742792447965,-0.09849867495936149
17645,-0.05057146710040783,0.7203080692763133,-0.028836690646057983,0.8726766892649764,-1.6731006881751993,-1.492699246095607,-0.09593393075226908
17649,0.03904104480391757,1.1388268970864224,-0.010296108191104492,0.9189320024634473,-1.5379772657812403,-1.3721939790211435,-0.054587600978886375
17651,0.5808158518916313,1.6421510846747531,0.10179561058082964,0.793114935151623,-0.7210548902687997,-0.6436493100353675,0.19538195528882674
17653,0.5382041955284445,1.3976153265318192,0.09297937597748207,0.771120065583753,-0.7853074451778337,-0.7009507841421683,0.17572135702255554
17655,0.5382041955284445,1.1744717752176095,0.09297937597748207,0.771120065583753,-0.7853074451778337,-0.7009507841421683,0.17572135702255554
17657,-0.22150435962350778,0.9815669242230864,-0.06420223638002664,1.0721282868471549,-1.930844132104986,-1.7225590438803007,-0.17480068265097515
17659,0.45443525076972824,1.05216679013112,0.07564781150664557,1.133346136042167,-0.9116195668401863,-0.8135979898300585,0.1370711915360665
17661,0.02635817872502999,1.1203095604875162,-0.012920158329904341,0.9123854842343908,-1.5571012947134193,-1.3892490992451787,-0.060439350385589785
17665,0.7760948290340997,1.234116632416539,0.14219829431872566,1.5870593153084909,-0.42660087762764487,-0.38105042965016844,0.28548175067634607
17667,0.02635817872502999,1.1203095604875162,-0.012920158329904341,0.9123854842343908,-1.5571012947134193,-1.3892490992451787,-0.060439350385589785
17669,0.4134170254971905,0.9922790424140879,0.06716125341715373,0.7067086400998986,-0.9734694454070221,-0.8687567180739997,0.11814578667019315
17677,0.02322557281542581,1.1157358688866545,-0.013568285884100195,0.9107685262405023,-1.5618248363542246,-1.3934616305508394,-0.06188470387737488
17681,0.2802875178918276,1.3575220530733414,0.03961712413775287,1.8907541165912618,-1.1742105507167908,-1.0477809026276494,0.05672114398306305
17687,0.7283986753244989,1.452160996228942,0.13233009118676653,1.5624399794443713,-0.49852015973805397,-0.4451892158426207,0.263475215447152
17689,0.7283986753244989,1.452160996228942,0.13233009118676653,1.5624399794443713,-0.49852015973805397,-0.4451892158426207,0.263475215447152
17697,-0.16779078588624463,1.3223544976363963,-0.05308904558040706,1.9107838521629363,-1.8498514028738473,-1.6503284098853142,-0.1500177691285991
17705,0.8064792414126929,1.5661607905258326,0.1484847457425187,0.909595664660349,-0.38078533579339435,-0.34019138384535763,0.29950081907961823
17709,0.7376633282519185,1.4656876467243405,0.13424692241788683,1.5672221177164294,-0.4845503291391555,-0.432730693571056,0.2677498349956142
17715,0.7376633282519185,1.4656876467243405,0.13424692241788683,1.5672221177164294,-0.4845503291391555,-0.432730693571056,0.2677498349956142
17717,0.9444951589420816,1.990811413270278,0.1770398598071894,1.3863004842332696,-0.17267619204654805,-0.1545962627068853,0.36318000314532717
17719,0.9318122928631936,1.972294076671372,0.17441580966838954,1.3797539660042129,-0.19180022097872707,-0.17165138293092053,0.35732825373862376
17771,0.719263602216988,0.7456763553082836,0.1304400696642959,0.8645775458611656,0.18085257888432238,-0.45747348732627957,0.2592603827504596
17781,0.719263602216988,0.7456763553082836,0.1304400696642959,0.8645775458611656,0.18085257888432238,-0.45747348732627957,0.2592603827504596
17997,2.8037067550736423,1.6739815736791774,-0.3019636249177302,-0.9073366243369037,2.214091042659696,1.8737647318822752,-0.7050192344004569
17999,1.1440883321261563,-0.23807218733884394,-0.00896472465314746,-0.17635873130286162,-1.5282741671539553,-1.3635405977581847,-0.05161855602309995
18001,-0.3079138101793846,0.6322631760482289,-0.08208011424410111,-0.3587680624754226,2.620993451440116,1.5624403460537493,-0.21466915148749743
18003,0.02950588158888312,0.14407604104900296,-0.012268907257361406,-0.18460205384109307,2.1853146293547616,1.3230339345967788,-0.05898703130790972
18005,0.5521014661966213,2.293374464901395,0.09585468308858314,0.7782934233403881,2.8732338996528837,2.814244952422704,0.18213342073760774
18011,2.7097583948028565,2.372174186282908,-0.01802017249250143,-0.19895039351085364,1.66382643431395,1.1425525094743487,-0.07181261052604038
18015,3.4508916243509478,2.410530805631115,-0.1615967885809857,-0.5571474113923032,1.9744666876625638,1.1707816415215477,-0.39199489880980654
18021,2.0048748969107617,1.2918234635481454,0.1096090199010219,0.11946076114265525,0.7221834536237128,-0.5928657394987078,0.21280620823190444
18031,-0.31166753936258473,1.4377128434395443,-0.08285675049673724,-0.3607056258283672,1.0242445670133753,-0.7451925257396419,2.5930016102265574
18035,0.3537521843436111,0.9051667178110365,0.05481676174337169,-0.017235756784507394,2.027606580697575,0.6604476704316136,0.09061701701751135
18043,3.337915474126218,2.997360006407416,0.08604789069887875,0.06068011532407658,2.4222725561925578,2.2497300199258867,0.16026383421577273
18049,2.336475629205306,1.362155550326884,-0.18368834293950187,-0.6122617406415014,1.7934631809330686,0.39120792192690246,-0.4412600550654444
18051,-0.3191108914865901,-0.36491412654481215,-0.08439675959662407,0.32859951776122764,1.0574727717159416,-1.853814165965603,2.949850206233015
18053,0.1244296979689068,-0.1227976597046655,0.007370569497979207,-0.13560520325241754,2.351977270518035,1.575844652666352,-0.015190117997559316
18061,1.392946521704252,2.610174328465947,0.04252335090028869,-0.04790553591393043,2.5846395945193232,1.966840509552338,0.06320215990648315
18151,0.32336777196501787,-0.5254897289663667,0.04853031031957866,0.6602278938636345,-1.1092514144949908,-0.9898492878072975,0.07659794861423919
18153,0.33333967680790044,-0.5109304710384368,0.050593470028457266,0.6653750945378588,-1.0942151446536128,-0.9764396976641754,0.08119888722583402
18159,0.32336777196501787,-0.5254897289663667,0.04853031031957866,0.6602278938636345,-1.1092514144949908,-0.9898492878072975,0.07659794861423919
18315,0.2078457554386972,0.7928829299052556,-0.20267074094520987,0.033527878895463936,2.2749357224421614,2.7979942981506323,-0.48359165331703613
18323,0.2426885269719543,0.7484441639049533,-0.1954618672640306,0.051512681192873555,2.2483365400877435,2.8404140677331773,-0.4675155419413084
18333,0.0052689696353747095,0.5415669609150866,-0.2445833212404248,-0.07103623246519442,2.239338787468313,2.774927707606629,1.6742332129128896
18343,0.6032116601138711,0.9817024059105566,0.10642924175761304,0.11152780465208201,1.9517722577564003,0.07961434414882829,0.20571516046989324
18349,0.0993876885446543,0.6789829036097839,-0.2251104169393474,-0.022454949243990163,2.312560422965918,2.9049349824958757,-0.5336331364212303
18351,0.09030704662848343,0.6657249142996404,-0.22698917679790842,-0.02714210650528981,2.3164896571766818,2.892723906653207,-0.5378228551027116
18353,-0.2684371327849414,0.8173203762804833,-0.21732274504157467,-0.0030261527866185522,2.355893811547304,2.7793962297341475,-0.5162662790835748
18357,-0.2677448729637938,0.8183310948390763,-0.2171795183869314,-0.0026688288576112162,2.3569376447602277,2.7803271371806586,-0.5159468772249975
18359,-0.31580187334068965,0.8251275811831249,-0.22712237970273563,-0.027474423038316487,2.34985701444812,2.731963627968356,-0.5381199035499833
18363,-0.4235252998314595,1.0355731678272777,-0.24941006061625126,0.32238705645532106,2.385791354693203,2.8605725778026416,-0.5878224308127091
18367,-0.29951307204667244,0.8852773274812242,-0.22375227147715093,-0.019066628306629307,2.3616792751559146,2.7777733038170744,-0.5306044111750503
18371,-0.3695154470779528,0.8520647878951322,-0.23823557050235522,-0.055199772137769165,2.3061356800142123,2.6836385148269226,-0.5629028170723593
18373,-0.33669929679842225,0.8660757267264585,-0.23144599918935183,-0.03826105145143888,2.322557088044987,2.7395094266186684,-0.5477617687687588
18377,-0.4069470727870993,0.9225767180720563,-0.2459800709982719,0.3309442441506165,2.2895398120270185,2.660488960290521,-0.5801734002491434
18381,-0.3870585002320196,0.7925498915538385,-0.24186517999105994,-0.06425497437297822,2.2958125350475456,2.671789538731785,0.7640040578387042
18383,-0.3335756797492714,0.870636294341494,-0.23079973140568222,-0.03664873323995088,2.339793335531737,2.743709870270422,-0.5463205626485927
18389,-0.30476981736478825,0.9126936531811629,-0.22483987763776458,-0.02178000388250456,2.3622635112188233,2.7824461813745955,-0.5330298216544436
18393,-0.6553396196149045,0.7471282454868176,-0.29737180634627425,0.20273139969924503,2.3152409584014357,2.6480499177311234,1.3970847884752846
18403,-0.32917736629266037,0.8770579541017542,-0.22988973243821564,-0.034378454657672086,2.3587966829969265,2.8136764669325522,-0.5442912241694096
18413,-0.2691286596680792,0.7329291188926828,-0.2174658200533579,-0.0033830983948263116,2.4032121551981636,2.838126144302887,-0.5165853427717781
18417,-0.28415990438376915,0.7109830842842841,-0.22057574327869245,-0.01114177982571174,2.3848297539798393,2.8179130722615664,-0.5235206109359254
18419,0.6108508943340474,-0.10575638870242265,0.10800977832490732,0.11547095013413244,2.6564383596183325,2.287111682959802,0.2092398278469303
18421,0.8604890941662,1.3573346026093982,0.15965923585641484,0.9374739441754237,2.473242863947467,2.035022760521141,0.32442043281996846
18423,0.28493627118283715,1.0278371253237555,0.04057893841873994,-0.052756484288372096,2.266786338478645,1.9542027218258062,0.058866032933507784
18645,2.315401578850584,1.7390766693670243,0.05807316837536969,1.0895006622355263,-0.34655606072899137,-0.9278250951229117,0.09787894974319267
18647,1.1256845389764907,-0.0498169149949681,-0.3457607001773091,-0.32345502042380125,-1.6802519214656062,-1.473118148588052,-0.8026886750014675
18649,1.1310558445778058,-0.1645769817818774,-0.34464939180891685,-0.3206825122372349,-3.2815906390423146,-3.54533669648867,-0.8002104075365106
18651,1.7710784383732445,0.6682255399671857,-0.16606268839393024,0.12485817773907526,-1.9800540439478747,-2.384605179921815,-0.4019540555326073
18653,1.7600503668965555,0.6521242494307686,-0.16834436607696368,0.1191658152632421,-1.9966828687477678,-2.399435036494003,-0.4070422990194813
18655,-0.40075198406816126,-1.5827246770436574,-0.10128807729941514,-0.40668836644574546,-1.5079778750036708,-1.9635999699423614,-0.2575037699084406
18657,1.7979097372384238,0.7073999812474132,-0.16051136639199282,0.1387076961395387,-1.939596111758573,-2.3485241375875114,-0.3895743586850027
18659,2.5675741351509003,0.9562730348451951,-0.19763207618939838,0.45156352069362504,-1.8046660508478234,-2.5897916953354025,-0.47235520510310014
18661,2.568375051351946,0.9574423947351467,-0.19746636882834545,0.45197692981404614,-1.8034583786619174,-2.5887146736264883,-0.47198567026175287
18663,2.5675741351509003,0.9562730348451951,-0.19763207618939838,0.45156352069362504,-1.8046660508478234,-2.5897916953354025,-0.47235520510310014
18665,1.7989640507524403,0.7089393082495579,-0.16029323182323008,0.13925190141583166,-1.938006351051472,-2.34710636311733,-0.38908790882093003
18667,1.7472528029369432,0.6334394507415628,-0.17099214689209197,0.11256009339974471,-2.0159798464106036,-2.416644395210586,-0.41294696889789084
18669,1.7472528029369432,0.6334394507415628,-0.17099214689209197,0.11256009339974471,-2.0159798464106036,-2.416644395210586,-0.41294696889789084
18671,1.7700681565320462,0.44360694911562915,-0.1662717129305873,-0.5688104802573382,-1.9815774109092974,-2.385963743369116,-0.4024201896168167
18673,1.830303834525984,0.5315527113541667,-0.15380911668321295,-0.5377186149349316,-1.8907502397052234,-2.3049625939780514,-0.3746280414721508
18675,1.8280935208087712,0.5283255919604728,-0.15426642451729145,-0.5388595131318896,-1.894083090751212,-2.3079348847793115,-0.3756478584364613
18677,1.737780635120877,0.5235052975987942,-0.15494949759431076,-0.5405636537214178,-1.8990613147167368,-2.3123745459268283,-0.3771711420102315
18679,1.7410821438191415,0.5283255919604728,-0.15426642451729145,-0.5388595131318896,-1.894083090751212,-2.3079348847793115,-0.3756478584364613
18681,1.7410821438191415,0.5283255919604728,-0.15426642451729145,-0.5388595131318896,-1.894083090751212,-2.3079348847793115,-0.3756478584364613
18683,-0.4341724010384529,-1.6315194136958757,-0.10820266973019266,-0.4239389916244567,-1.5583712968919032,-2.008541643679224,-0.27292362090751676
18689,1.7432924575363544,0.5315527113541667,-0.15380911668321295,-0.5377186149349316,-1.8907502397052234,-2.3049625939780514,-0.3746280414721508
18705,1.717249921616133,0.4935298858725834,-0.15919724579938432,-0.5511609973642775,-1.9300188251580543,-2.3399829575374733,-0.38664381087098465
18707,1.717249921616133,0.4935298858725834,-0.15919724579938432,-0.5511609973642775,-1.9300188251580543,-2.3399829575374733,-0.38664381087098465
18709,1.717249921616133,0.4935298858725834,-0.15919724579938432,-0.5511609973642775,-1.9300188251580543,-2.3399829575374733,-0.38664381087098465
18711,1.717249921616133,0.4935298858725834,-0.15919724579938432,-0.5511609973642775,-1.9300188251580543,-2.3399829575374733,-0.38664381087098465
18717,-1.1460143593002745,-1.977681255589518,-0.255480814730074,-0.7913706373567762,-3.32487887724343,-2.965781915960993,-0.6013604845482421
18721,-1.144447432326976,-1.975393498704757,-0.255156621845264,-0.7905618362600448,-3.3225161654884063,-2.9636748111673556,-0.6006375198863654
18735,-1.1475775361456013,-1.9799635371833224,-0.25580423172371203,-0.7921775027489926,-3.327235934317927,-2.9678839778185147,-0.6020817189380332
18753,-1.1537930984854614,-1.9890384307667421,-0.2570902144912647,-0.7953857911523106,-3.3366081529692853,-2.976242274934239,-0.6049495181411761
18769,-1.1750932603905127,-2.020137258520162,-0.261497159455893,-0.8063803011728325,-3.368725886453074,-3.0048853923355,-0.6147772029101621
18771,-1.1735946431056496,-2.01794923567705,-0.2611870996579032,-0.8056067595054597,-3.366466176373687,-3.002870146112433,-0.614085755665271
18783,-1.1765884470337977,-2.0223202725313243,-0.261806509463568,-0.8071520720450651,-3.3709804235937595,-3.0068960252476495,-0.6154670672908416
18873,1.1031747461252959,1.3061972842215885,0.20987023033881108,0.3695938786822668,0.0665909418459627,0.058786061105152054,0.4363932007285627
19009,1.0559387171829528,1.237231370517188,0.20009722575675992,0.34521204553699314,-0.004634534991512229,-0.004733978253987914,0.4145989625319999
19157,0.3748232723032676,0.6482490187924514,0.05917631193820028,-0.006359487920991835,-1.031663551383633,-0.9206551688283433,0.1003390093258405
19195,-0.9354690659677138,-2.363426462360244,-0.21191957212477353,-0.6826934194258787,-3.0074053459310885,-2.6826538542077465,-0.5042169613351462
19197,-0.9274993410381973,-2.3517904426938196,-0.21027065793791566,-0.6785796844698269,-2.9953880898010006,-2.671936669623446,-0.50053980880213
19199,-0.9274993410381973,-2.3517904426938196,-0.21027065793791566,-0.6785796844698269,-2.9953880898010006,-2.671936669623446,-0.50053980880213
19205,-0.9274993410381973,-2.3517904426938196,-0.21027065793791566,-0.6785796844698269,-2.9953880898010006,-2.671936669623446,-0.50053980880213
19207,0.6423339563915502,-0.05979024401108379,0.11452353734814225,0.13172157033180598,-0.628293995137402,-0.5609236341767079,0.2237658023837803
19215,-0.9318585145948641,-2.3581549571134923,-0.21117255896764164,-0.6808297601999371,-3.001961127842999,-2.677798611918189,-0.5025510885172415
19219,-0.9318585145948641,-2.3581549571134923,-0.21117255896764164,-0.6808297601999371,-3.001961127842999,-2.677798611918189,-0.5025510885172415
19231,-0.37917209984973077,-1.5512174469465663,-0.09682325855683449,-0.3955494720871544,-2.1685855390553304,-1.934580699575804,-0.2475470240209996
19239,-0.9318585145948641,-2.3581549571134923,-0.21117255896764164,-0.6808297601999371,-3.001961127842999,-2.677798611918189,-0.5025510885172415
19245,-0.9318585145948641,-2.3581549571134923,-0.21117255896764164,-0.6808297601999371,-3.001961127842999,-2.677798611918189,-0.5025510885172415
19247,-0.9318585145948641,-2.3581549571134923,-0.21117255896764164,-0.6808297601999371,-3.001961127842999,-2.677798611918189,-0.5025510885172415
19259,-0.9318585145948641,-2.3581549571134923,-0.21117255896764164,-0.6808297601999371,-3.001961127842999,-2.677798611918189,-0.5025510885172415
19261,-0.9318585145948641,-2.3581549571134923,-0.21117255896764164,-0.6808297601999371,-3.001961127842999,-2.677798611918189,-0.5025510885172415
19281,0.03584716518723585,-0.9452777975077957,-0.010956913106912491,-0.1813288718636108,-1.5427931997992612,-1.376488907352389,-0.05606122555520443
19283,0.03584716518723585,-0.9452777975077957,-0.010956913106912491,-0.1813288718636108,-1.5427931997992612,-1.376488907352389,-0.05606122555520443
19285,0.03584716518723585,-0.9452777975077957,-0.010956913106912491,-0.1813288718636108,-1.5427931997992612,-1.376488907352389,-0.05606122555520443
19287,0.03584716518723585,-0.9452777975077957,-0.010956913106912491,-0.1813288718636108,-1.5427931997992612,-1.376488907352389,-0.05606122555520443
19289,-0.16075502219585003,-1.2323224494980876,-0.05163336540736818,-0.28280907322899784,-1.8392424326664694,-1.6408671576051743,-0.14677153710620883
19291,0.03584716518723585,-0.9452777975077957,-0.010956913106912491,-0.1813288718636108,-1.5427931997992612,-1.376488907352389,-0.05606122555520443
19293,0.03584716518723585,-0.9452777975077957,-0.010956913106912491,-0.1813288718636108,-1.5427931997992612,-1.376488907352389,-0.05606122555520443
19295,0.3135458262733186,-0.5398300423701423,0.04649817674698731,-0.03798908291709946,-1.124061566428317,-1.0030572223202014,0.07206619967700578
19297,0.03584716518723585,-0.9452777975077957,-0.010956913106912491,-0.1813288718636108,-1.5427931997992612,-1.376488907352389,-0.05606122555520443
19299,0.03584716518723585,-0.9452777975077957,-0.010956913106912491,-0.1813288718636108,-1.5427931997992612,-1.376488907352389,-0.05606122555520443
19301,0.03584716518723585,-0.9452777975077957,-0.010956913106912491,-0.1813288718636108,-1.5427931997992612,-1.376488907352389,-0.05606122555520443
19303,0.03584716518723585,-0.9452777975077957,-0.010956913106912491,-0.1813288718636108,-1.5427931997992612,-1.376488907352389,-0.05606122555520443
19305,0.03584716518723585,-0.9452777975077957,-0.010956913106912491,-0.1813288718636108,-1.5427931997992612,-1.376488907352389,-0.05606122555520443
19307,0.03584716518723585,-0.9452777975077957,-0.010956913106912491,-0.1813288718636108,-1.5427931997992612,-1.376488907352389,-0.05606122555520443
19309,-0.16075502219585003,-1.2323224494980876,-0.05163336540736818,-0.28280907322899784,-1.8392424326664694,-1.6408671576051743,-0.14677153710620883
19311,0.03584716518723585,-0.9452777975077957,-0.010956913106912491,-0.1813288718636108,-1.5427931997992612,-1.376488907352389,-0.05606122555520443
19313,0.03584716518723585,-0.9452777975077957,-0.010956913106912491,-0.1813288718636108,-1.5427931997992612,-1.376488907352389,-0.05606122555520443
19315,0.03584716518723585,-0.9452777975077957,-0.010956913106912491,-0.1813288718636108,-1.5427931997992612,-1.376488907352389,-0.05606122555520443
19317,0.03584716518723585,-0.9452777975077957,-0.010956913106912491,-0.1813288718636108,-1.5427931997992612,-1.376488907352389,-0.05606122555520443
19319,0.03584716518723585,-0.9452777975077957,-0.010956913106912491,-0.1813288718636108,-1.5427931997992612,-1.376488907352389,-0.05606122555520443
19321,0.03584716518723585,-0.9452777975077957,-0.010956913106912491,-0.1813288718636108,-1.5427931997992612,-1.376488907352389,-0.05606122555520443
19323,0.03584716518723585,-0.9452777975077957,-0.010956913106912491,-0.1813288718636108,-1.5427931997992612,-1.376488907352389,-0.05606122555520443
19325,0.03584716518723585,-0.9452777975077957,-0.010956913106912491,-0.1813288718636108,-1.5427931997992612,-1.376488907352389,-0.05606122555520443
19327,0.03584716518723585,-0.9452777975077957,-0.010956913106912491,-0.1813288718636108,-1.5427931997992612,-1.376488907352389,-0.05606122555520443
19329,0.03584716518723585,-0.9452777975077957,-0.010956913106912491,-0.1813288718636108,-1.5427931997992612,-1.376488907352389,-0.05606122555520443
19331,0.8169298176438815,0.19512456085050367,0.15064694124623346,0.22184276070760567,-0.3650272949089386,-0.3261381065399971,0.30432261195200083
19333,0.03584716518723585,-0.9452777975077957,-0.010956913106912491,-0.1813288718636108,-1.5427931997992612,-1.376488907352389,-0.05606122555520443
19335,0.8169298176438815,0.19512456085050367,0.15064694124623346,0.22184276070760567,-0.3650272949089386,-0.3261381065399971,0.30432261195200083
19337,0.03584716518723585,-0.9452777975077957,-0.010956913106912491,-0.1813288718636108,-1.5427931997992612,-1.376488907352389,-0.05606122555520443
19339,0.03584716518723585,-0.9452777975077957,-0.010956913106912491,-0.1813288718636108,-1.5427931997992612,-1.376488907352389,-0.05606122555520443
19341,0.16975287585679144,-0.7497717422076091,0.01674781045343887,-0.1122107269253576,-1.3408816863369077,-1.196420933761173,0.005721549575501195
19343,0.8169298176438815,0.19512456085050367,0.15064694124623346,0.22184276070760567,-0.3650272949089386,-0.3261381065399971,0.30432261195200083
19345,0.8169298176438815,0.19512456085050367,0.15064694124623346,0.22184276070760567,-0.3650272949089386,-0.3261381065399971,0.30432261195200083
19347,0.03584716518723585,-0.9452777975077957,-0.010956913106912491,-0.1813288718636108,-1.5427931997992612,-1.376488907352389,-0.05606122555520443
19349,0.03584716518723585,-0.9452777975077957,-0.010956913106912491,-0.1813288718636108,-1.5427931997992612,-1.376488907352389,-0.05606122555520443
19351,0.8169298176438815,0.19512456085050367,0.15064694124623346,0.22184276070760567,-0.3650272949089386,-0.3261381065399971,0.30432261195200083
19353,0.7102545341412392,0.03937568523236834,0.12857611823663084,0.1667801523274446,-0.5258790452438946,-0.469588315172186,0.2551036875335184
19355,0.3135458262733186,-0.5398300423701423,0.04649817674698731,-0.03798908291709946,-1.124061566428317,-1.0030572223202014,0.07206619967700578
19357,0.03584716518723585,-0.9452777975077957,-0.010956913106912491,-0.1813288718636108,-1.5427931997992612,-1.376488907352389,-0.05606122555520443
19359,0.8169298176438815,0.19512456085050367,0.15064694124623346,0.22184276070760567,-0.3650272949089386,-0.3261381065399971,0.30432261195200083
19361,0.3135458262733186,-0.5398300423701423,0.04649817674698731,-0.03798908291709946,-1.124061566428317,-1.0030572223202014,0.07206619967700578
19363,0.7102545341412392,0.03937568523236834,0.12857611823663084,0.1667801523274446,-0.5258790452438946,-0.469588315172186,0.2551036875335184
19365,0.8169298176438815,0.19512456085050367,0.15064694124623346,0.22184276070760567,-0.3650272949089386,-0.3261381065399971,0.30432261195200083
19367,0.8169298176438815,0.19512456085050367,0.15064694124623346,0.22184276070760567,-0.3650272949089386,-0.3261381065399971,0.30432261195200083
19369,0.16197722354579813,-0.7611244104628083,0.015139049358035783,-0.11622428736824997,-1.3526063074783021,-1.2068771417002475,0.002133940235895082
19373,0.03584716518723585,-0.9452777975077957,-0.010956913106912491,-0.1813288718636108,-1.5427931997992612,-1.376488907352389,-0.05606122555520443
19377,0.8169298176438815,0.19512456085050367,0.15064694124623346,0.22184276070760567,-0.3650272949089386,-0.3261381065399971,0.30432261195200083
19379,0.03584716518723585,-0.9452777975077957,-0.010956913106912491,-0.1813288718636108,-1.5427931997992612,-1.376488907352389,-0.05606122555520443
19381,-0.13428872042780293,-1.1936809141133562,-0.046157560301803846,-0.2691479554735523,-1.7993348662227584,-1.6052769403993787,-0.1345602463218165
19383,0.03584716518723585,-0.9452777975077957,-0.010956913106912491,-0.1813288718636108,-1.5427931997992612,-1.376488907352389,-0.05606122555520443
19385,0.03584716518723585,-0.9452777975077957,-0.010956913106912491,-0.1813288718636108,-1.5427931997992612,-1.376488907352389,-0.05606122555520443
19387,0.03584716518723585,-0.9452777975077957,-0.010956913106912491,-0.1813288718636108,-1.5427931997992612,-1.376488907352389,-0.05606122555520443
19389,0.03584716518723585,-0.9452777975077957,-0.010956913106912491,-0.1813288718636108,-1.5427931997992612,-1.376488907352389,-0.05606122555520443
19393,0.03584716518723585,-0.9452777975077957,-0.010956913106912491,-0.1813288718636108,-1.5427931997992612,-1.376488907352389,-0.05606122555520443
19395,-0.16075502219585003,-1.2323224494980876,-0.05163336540736818,-0.28280907322899784,-1.8392424326664694,-1.6408671576051743,-0.14677153710620883
19397,0.8169298176438815,0.19512456085050367,0.15064694124623346,0.22184276070760567,-0.3650272949089386,-0.3261381065399971,0.30432261195200083
19399,0.03584716518723585,-0.9452777975077957,-0.010956913106912491,-0.1813288718636108,-1.5427931997992612,-1.376488907352389,-0.05606122555520443
19401,0.03584716518723585,-0.9452777975077957,-0.010956913106912491,-0.1813288718636108,-1.5427931997992612,-1.376488907352389,-0.05606122555520443
19405,0.8169298176438815,0.19512456085050367,0.15064694124623346,0.22184276070760567,-0.3650272949089386,-0.3261381065399971,0.30432261195200083
19407,0.03584716518723585,-0.9452777975077957,-0.010956913106912491,-0.1813288718636108,-1.5427931997992612,-1.376488907352389,-0.05606122555520443
19409,0.03584716518723585,-0.9452777975077957,-0.010956913106912491,-0.1813288718636108,-1.5427931997992612,-1.376488907352389,-0.05606122555520443
19411,0.03584716518723585,-0.9452777975077957,-0.010956913106912491,-0.1813288718636108,-1.5427931997992612,-1.376488907352389,-0.05606122555520443
19413,0.3135458262733186,-0.5398300423701423,0.04649817674698731,-0.03798908291709946,-1.124061566428317,-1.0030572223202014,0.07206619967700578
19415,0.7102545341412392,0.03937568523236834,0.12857611823663084,0.1667801523274446,-0.5258790452438946,-0.469588315172186,0.2551036875335184
19417,0.8169298176438815,0.19512456085050367,0.15064694124623346,0.22184276070760567,-0.3650272949089386,-0.3261381065399971,0.30432261195200083
19419,0.8169298176438815,0.19512456085050367,0.15064694124623346,0.22184276070760567,-0.3650272949089386,-0.3261381065399971,0.30432261195200083
19421,0.03584716518723585,-0.9452777975077957,-0.010956913106912491,-0.1813288718636108,-1.5427931997992612,-1.376488907352389,-0.05606122555520443
19423,0.03584716518723585,-0.9452777975077957,-0.010956913106912491,-0.1813288718636108,-1.5427931997992612,-1.376488907352389,-0.05606122555520443
19425,0.8169298176438815,0.19512456085050367,0.15064694124623346,0.22184276070760567,-0.3650272949089386,-0.3261381065399971,0.30432261195200083
19427,0.03584716518723585,-0.9452777975077957,-0.010956913106912491,-0.1813288718636108,-1.5427931997992612,-1.376488907352389,-0.05606122555520443
19429,0.03584716518723585,-0.9452777975077957,-0.010956913106912491,-0.1813288718636108,-1.5427931997992612,-1.376488907352389,-0.05606122555520443
19431,0.03584716518723585,-0.9452777975077957,-0.010956913106912491,-0.1813288718636108,-1.5427931997992612,-1.376488907352389,-0.05606122555520443
19435,-0.7005503311013039,-1.3272914066738917,-0.16331553144511723,-0.5614353559421141,-2.6531799954186663,-2.3667499219968544,-0.3958277724225252
19437,-0.28101571773558476,-1.407906403872154,-0.07651497283429798,-0.34488406721639286,-2.0205791279055907,-1.8025861734726103,-0.20225863674103373
19439,-0.678514363712424,-1.9882654630453187,-0.1587563503479017,-0.5500610450167362,-2.6199527678131496,-2.3371173396820524,-0.3856605942553861
19441,-0.28101571773558476,-1.407906403872154,-0.07651497283429798,-0.34488406721639286,-2.0205791279055907,-1.8025861734726103,-0.20225863674103373
19443,-0.6389175689902582,0.015457105659263837,-0.1505638823331451,-0.529622357353513,-2.5602462122776624,-2.2838700617976677,-0.36739102343586083
19445,-0.6389175689902582,0.015457105659263837,-0.1505638823331451,-0.529622357353513,-2.5602462122776624,-2.2838700617976677,-0.36739102343586083
19447,-0.6389175689902582,0.015457105659263837,-0.1505638823331451,-0.529622357353513,-2.5602462122776624,-2.2838700617976677,-0.36739102343586083
19449,-0.6389175689902582,0.015457105659263837,-0.1505638823331451,-0.529622357353513,-2.5602462122776624,-2.2838700617976677,-0.36739102343586083
19451,-0.6389175689902582,0.015457105659263837,-0.1505638823331451,-0.529622357353513,-2.5602462122776624,-2.2838700617976677,-0.36739102343586083
19453,-0.6389175689902582,0.015457105659263837,-0.1505638823331451,-0.529622357353513,-2.5602462122776624,-2.2838700617976677,-0.36739102343586083
19455,-0.6389175689902582,0.015457105659263837,-0.1505638823331451,-0.529622357353513,-2.5602462122776624,-2.2838700617976677,-0.36739102343586083
19459,-0.6389175689902582,0.015457105659263837,-0.1505638823331451,-0.529622357353513,-2.5602462122776624,-2.2838700617976677,-0.36739102343586083
19461,-0.8352659018997852,0.0854580321870495,-0.19118781284062158,-0.6309715265903304,-2.8563126672879804,-2.5479069445283935,-0.4579842090347501
19463,-0.6389175689902582,0.015457105659263837,-0.1505638823331451,-0.529622357353513,-2.5602462122776624,-2.2838700617976677,-0.36739102343586083
19465,-0.6389175689902582,0.015457105659263837,-0.1505638823331451,-0.529622357353513,-2.5602462122776624,-2.2838700617976677,-0.36739102343586083
19473,-0.6389175689902582,0.015457105659263837,-0.1505638823331451,-0.529622357353513,-2.5602462122776624,-2.2838700617976677,-0.36739102343586083
19475,-0.9433427151596843,-0.2954806671025918,-0.21354860850555202,-0.6867575629438989,-3.019277732977713,-2.693241842185831,-0.5078497854697792
19477,-0.6389175689902582,0.015457105659263837,-0.1505638823331451,-0.529622357353513,-2.5602462122776624,-2.2838700617976677,-0.36739102343586083
19481,-0.651273256241431,-0.002582540767472219,-0.15312024007158853,-0.5359999956033541,-2.578876900246663,-2.3004852125221644,-0.37309181575612516
19483,-0.651273256241431,-0.002582540767472219,-0.15312024007158853,-0.5359999956033541,-2.578876900246663,-2.3004852125221644,-0.37309181575612516
19485,-0.651273256241431,-0.002582540767472219,-0.15312024007158853,-0.5359999956033541,-2.578876900246663,-2.3004852125221644,-0.37309181575612516
19487,-0.651273256241431,-0.002582540767472219,-0.15312024007158853,-0.5359999956033541,-2.578876900246663,-2.3004852125221644,-0.37309181575612516
19489,-0.651273256241431,-0.002582540767472219,-0.15312024007158853,-0.5359999956033541,-2.578876900246663,-2.3004852125221644,-0.37309181575612516
19495,-0.651273256241431,-0.002582540767472219,-0.15312024007158853,-0.5359999956033541,-2.578876900246663,-2.3004852125221644,-0.37309181575612516
19501,-0.651273256241431,-0.002582540767472219,-0.15312024007158853,-0.5359999956033541,-2.578876900246663,-2.3004852125221644,-0.37309181575612516
19503,-0.651273256241431,-0.002582540767472219,-0.15312024007158853,-0.5359999956033541,-2.578876900246663,-2.3004852125221644,-0.37309181575612516
19505,-0.8444359540984867,0.07206950138204782,-0.193085071440936,-0.6357048347800409,-2.8701398529151696,-2.560238253692801,-0.4622151807393653
19507,-0.651273256241431,-0.002582540767472219,-0.15312024007158853,-0.5359999956033541,-2.578876900246663,-2.3004852125221644,-0.37309181575612516
19509,-0.651273256241431,-0.002582540767472219,-0.15312024007158853,-0.5359999956033541,-2.578876900246663,-2.3004852125221644,-0.37309181575612516
19511,-0.651273256241431,-0.002582540767472219,-0.15312024007158853,-0.5359999956033541,-2.578876900246663,-2.3004852125221644,-0.37309181575612516
19517,-0.651273256241431,-0.002582540767472219,-0.15312024007158853,-0.5359999956033541,-2.578876900246663,-2.3004852125221644,-0.37309181575612516
19519,-0.651273256241431,-0.002582540767472219,-0.15312024007158853,-0.5359999956033541,-2.578876900246663,-2.3004852125221644,-0.37309181575612516
19521,-0.651273256241431,-0.002582540767472219,-0.15312024007158853,-0.5359999956033541,-2.578876900246663,-2.3004852125221644,-0.37309181575612516
19523,-0.651273256241431,-0.002582540767472219,-0.15312024007158853,-0.5359999956033541,-2.578876900246663,-2.3004852125221644,-0.37309181575612516
19525,-0.651273256241431,-0.002582540767472219,-0.15312024007158853,-0.5359999956033541,-2.578876900246663,-2.3004852125221644,-0.37309181575612516
19533,-0.6228463555110655,-1.9069886255195208,-0.14723879242850935,-0.5213268749798778,-2.5360130184838,-2.262258505204003,-0.3599759239341469
19535,-0.6228463555110655,-1.9069886255195208,-0.14723879242850935,-0.5213268749798778,-2.5360130184838,-2.262258505204003,-0.3599759239341469
19537,0.9978429264081696,0.4592627224699326,0.18807736629455019,0.31522472634802234,-0.09223504868488153,-0.082857541966741,0.3877941372595628
19539,-0.6216831368953124,-1.9052902940452272,-0.14699812569347204,-0.5207264561293561,-2.5342590437651715,-2.2606942820059412,-0.35943922632949965
19541,-0.6216831368953124,-1.9052902940452272,-0.14699812569347204,-0.5207264561293561,-2.5342590437651715,-2.2606942820059412,-0.35943922632949965
19543,-0.6216831368953124,-1.9052902940452272,-0.14699812569347204,-0.5207264561293561,-2.5342590437651715,-2.2606942820059412,-0.35943922632949965
19545,-0.6216831368953124,-1.9052902940452272,-0.14699812569347204,-0.5207264561293561,-2.5342590437651715,-2.2606942820059412,-0.35943922632949965
19547,-0.6216831368953124,-1.9052902940452272,-0.14699812569347204,-0.5207264561293561,-2.5342590437651715,-2.2606942820059412,-0.35943922632949965
19549,-0.6216831368953124,-1.9052902940452272,-0.14699812569347204,-0.5207264561293561,-2.5342590437651715,-2.2606942820059412,-0.35943922632949965
19551,-0.6216831368953124,-1.9052902940452272,-0.14699812569347204,-0.5207264561293561,-2.5342590437651715,-2.2606942820059412,-0.35943922632949965
19553,-0.6216831368953124,-1.9052902940452272,-0.14699812569347204,-0.5207264561293561,-2.5342590437651715,-2.2606942820059412,-0.35943922632949965
19555,-0.6216831368953124,-1.9052902940452272,-0.14699812569347204,-0.5207264561293561,-2.5342590437651715,-2.2606942820059412,-0.35943922632949965
19557,-0.6216831368953124,-1.9052902940452272,-0.14699812569347204,-0.5207264561293561,-2.5342590437651715,-2.2606942820059412,-0.35943922632949965
19559,-0.6216831368953124,-1.9052902940452272,-0.14699812569347204,-0.5207264561293561,-2.5342590437651715,-2.2606942820059412,-0.35943922632949965
19561,-0.6216831368953124,-1.9052902940452272,-0.14699812569347204,-0.5207264561293561,-2.5342590437651715,-2.2606942820059412,-0.35943922632949965
19563,-0.6216831368953124,-1.9052902940452272,-0.14699812569347204,-0.5207264561293561,-2.5342590437651715,-2.2606942820059412,-0.35943922632949965
19565,-0.6216831368953124,-1.9052902940452272,-0.14699812569347204,-0.5207264561293561,-2.5342590437651715,-2.2606942820059412,-0.35943922632949965
19567,-0.6216831368953124,-1.9052902940452272,-0.14699812569347204,-0.5207264561293561,-2.5342590437651715,-2.2606942820059412,-0.35943922632949965
19569,-0.6216831368953124,-1.9052902940452272,-0.14699812569347204,-0.5207264561293561,-2.5342590437651715,-2.2606942820059412,-0.35943922632949965
19573,-0.6216831368953124,-1.9052902940452272,-0.14699812569347204,-0.5207264561293561,-2.5342590437651715,-2.2606942820059412,-0.35943922632949965
19575,0.1354690663431959,-0.7998270559440535,0.009654584478081984,-0.12990700965405932,-1.392576986197775,-1.2425236434606486,-0.010096662233474385
19579,0.1354690663431959,-0.7998270559440535,0.009654584478081984,-0.12990700965405932,-1.392576986197775,-1.2425236434606486,-0.010096662233474385
19581,-0.6216831368953124,-1.9052902940452272,-0.14699812569347204,-0.5207264561293561,-2.5342590437651715,-2.2606942820059412,-0.35943922632949965
19583,0.9978429264081696,0.4592627224699326,0.18807736629455019,0.31522472634802234,-0.09223504868488153,-0.082857541966741,0.3877941372595628
19585,0.9978429264081696,0.4592627224699326,0.18807736629455019,0.31522472634802234,-0.09223504868488153,-0.082857541966741,0.3877941372595628
19587,-0.6216831368953124,-1.9052902940452272,-0.14699812569347204,-0.5207264561293561,-2.5342590437651715,-2.2606942820059412,-0.35943922632949965
19589,-0.6216831368953124,-1.9052902940452272,-0.14699812569347204,-0.5207264561293561,-2.5342590437651715,-2.2606942820059412,-0.35943922632949965
19591,-0.6216831368953124,-1.9052902940452272,-0.14699812569347204,-0.5207264561293561,-2.5342590437651715,-2.2606942820059412,-0.35943922632949965
19593,-0.6216831368953124,-1.9052902940452272,-0.14699812569347204,-0.5207264561293561,-2.5342590437651715,-2.2606942820059412,-0.35943922632949965
19595,-0.6216831368953124,-1.9052902940452272,-0.14699812569347204,-0.5207264561293561,-2.5342590437651715,-2.2606942820059412,-0.35943922632949965
19597,-0.6216831368953124,-1.9052902940452272,-0.14699812569347204,-0.5207264561293561,-2.5342590437651715,-2.2606942820059412,-0.35943922632949965
19599,-0.6216831368953124,-1.9052902940452272,-0.14699812569347204,-0.5207264561293561,-2.5342590437651715,-2.2606942820059412,-0.35943922632949965
19601,-0.6216831368953124,-1.9052902940452272,-0.14699812569347204,-0.5207264561293561,-2.5342590437651715,-2.2606942820059412,-0.35943922632949965
19603,-0.6216831368953124,-1.9052902940452272,-0.14699812569347204,-0.5207264561293561,-2.5342590437651715,-2.2606942820059412,-0.35943922632949965
19605,0.1354690663431959,-0.7998270559440535,0.009654584478081984,-0.12990700965405932,-1.392576986197775,-1.2425236434606486,-0.010096662233474385
19607,-0.6216831368953124,-1.9052902940452272,-0.14699812569347204,-0.5207264561293561,-2.5342590437651715,-2.2606942820059412,-0.35943922632949965
19609,-0.6216831368953124,-1.9052902940452272,-0.14699812569347204,-0.5207264561293561,-2.5342590437651715,-2.2606942820059412,-0.35943922632949965
19611,0.1354690663431959,-0.7998270559440535,0.009654584478081984,-0.12990700965405932,-1.392576986197775,-1.2425236434606486,-0.010096662233474385
19613,0.1776222129788061,-0.7382822915272795,0.018375954678793383,-0.10814880916958969,-1.329015801302531,-1.1858387443834237,0.009352384163556327
19615,-0.6216831368953124,-1.9052902940452272,-0.14699812569347204,-0.5207264561293561,-2.5342590437651715,-2.2606942820059412,-0.35943922632949965
19617,-0.6216831368953124,-1.9052902940452272,-0.14699812569347204,-0.5207264561293561,-2.5342590437651715,-2.2606942820059412,-0.35943922632949965
19619,-0.6216831368953124,-1.9052902940452272,-0.14699812569347204,-0.5207264561293561,-2.5342590437651715,-2.2606942820059412,-0.35943922632949965
19623,-0.6216831368953124,-1.9052902940452272,-0.14699812569347204,-0.5207264561293561,-2.5342590437651715,-2.2606942820059412,-0.35943922632949965
19625,-0.6216831368953124,-1.9052902940452272,-0.14699812569347204,-0.5207264561293561,-2.5342590437651715,-2.2606942820059412,-0.35943922632949965
19627,-0.6216831368953124,-1.9052902940452272,-0.14699812569347204,-0.5207264561293561,-2.5342590437651715,-2.2606942820059412,-0.35943922632949965
19629,0.1776222129788061,-0.7382822915272795,0.018375954678793383,-0.10814880916958969,-1.329015801302531,-1.1858387443834237,0.009352384163556327
19631,0.1776222129788061,-0.7382822915272795,0.018375954678793383,-0.10814880916958969,-1.329015801302531,-1.1858387443834237,0.009352384163556327
19633,-0.6216831368953124,-1.9052902940452272,-0.14699812569347204,-0.5207264561293561,-2.5342590437651715,-2.2606942820059412,-0.35943922632949965
19635,-0.6216831368953124,-1.9052902940452272,-0.14699812569347204,-0.5207264561293561,-2.5342590437651715,-2.2606942820059412,-0.35943922632949965
19637,-0.6216831368953124,-1.9052902940452272,-0.14699812569347204,-0.5207264561293561,-2.5342590437651715,-2.2606942820059412,-0.35943922632949965
19639,-0.6216831368953124,-1.9052902940452272,-0.14699812569347204,-0.5207264561293561,-2.5342590437651715,-2.2606942820059412,-0.35943922632949965
19643,-0.6216831368953124,-1.9052902940452272,-0.14699812569347204,-0.5207264561293561,-2.5342590437651715,-2.2606942820059412,-0.35943922632949965
19645,-0.6216831368953124,-1.9052902940452272,-0.14699812569347204,-0.5207264561293561,-2.5342590437651715,-2.2606942820059412,-0.35943922632949965
19647,-0.6216831368953124,-1.9052902940452272,-0.14699812569347204,-0.5207264561293561,-2.5342590437651715,-2.2606942820059412,-0.35943922632949965
19649,0.7860667338769822,0.15006360167635924,0.14426145402760426,0.20591215486282466,-0.411564607786266,-0.3676408395070463,0.2900826892879409
19651,-0.6216831368953124,-1.9052902940452272,-0.14699812569347204,-0.5207264561293561,-2.5342590437651715,-2.2606942820059412,-0.35943922632949965
19653,-0.6216831368953124,-1.9052902940452272,-0.14699812569347204,-0.5207264561293561,-2.5342590437651715,-2.2606942820059412,-0.35943922632949965
19655,-0.6216831368953124,-1.9052902940452272,-0.14699812569347204,-0.5207264561293561,-2.5342590437651715,-2.2606942820059412,-0.35943922632949965
19657,-0.6216831368953124,-1.9052902940452272,-0.14699812569347204,-0.5207264561293561,-2.5342590437651715,-2.2606942820059412,-0.35943922632949965
19659,-0.6216831368953124,-1.9052902940452272,-0.14699812569347204,-0.5207264561293561,-2.5342590437651715,-2.2606942820059412,-0.35943922632949965
19661,-0.6216831368953124,-1.9052902940452272,-0.14699812569347204,-0.5207264561293561,-2.5342590437651715,-2.2606942820059412,-0.35943922632949965
19663,-0.6216831368953124,-1.9052902940452272,-0.14699812569347204,-0.5207264561293561,-2.5342590437651715,-2.2606942820059412,-0.35943922632949965
19665,-0.6216831368953124,-1.9052902940452272,-0.14699812569347204,-0.5207264561293561,-2.5342590437651715,-2.2606942820059412,-0.35943922632949965
19667,-0.6216831368953124,-1.9052902940452272,-0.14699812569347204,-0.5207264561293561,-2.5342590437651715,-2.2606942820059412,-0.35943922632949965
19669,0.1776222129788061,-0.7382822915272795,0.018375954678793383,-0.10814880916958969,-1.329015801302531,-1.1858387443834237,0.009352384163556327
19671,-0.6216831368953124,-1.9052902940452272,-0.14699812569347204,-0.5207264561293561,-2.5342590437651715,-2.2606942820059412,-0.35943922632949965
19673,-0.6216831368953124,-1.9052902940452272,-0.14699812569347204,-0.5207264561293561,-2.5342590437651715,-2.2606942820059412,-0.35943922632949965
19675,-0.6216831368953124,-1.9052902940452272,-0.14699812569347204,-0.5207264561293561,-2.5342590437651715,-2.2606942820059412,-0.35943922632949965
19677,-0.6216831368953124,-1.9052902940452272,-0.14699812569347204,-0.5207264561293561,-2.5342590437651715,-2.2606942820059412,-0.35943922632949965
19679,-0.6216831368953124,-1.9052902940452272,-0.14699812569347204,-0.5207264561293561,-2.5342590437651715,-2.2606942820059412,-0.35943922632949965
19681,-0.6216831368953124,-1.9052902940452272,-0.14699812569347204,-0.5207264561293561,-2.5342590437651715,-2.2606942820059412,-0.35943922632949965
19687,1.0713075928599527,0.5665231751430504,0.2032770039001689,1.0462921825875116,0.018539629371168154,0.015933118658420842,0.4216900102940111
19689,1.0713075928599527,0.5665231751430504,0.2032770039001689,1.0462921825875116,0.018539629371168154,0.015933118658420842,0.4216900102940111
19691,1.0713075928599527,0.5665231751430504,0.2032770039001689,1.0462921825875116,0.018539629371168154,0.015933118658420842,0.4216900102940111
19693,1.0713075928599527,0.5665231751430504,0.2032770039001689,1.0462921825875116,0.018539629371168154,0.015933118658420842,0.4216900102940111
19695,-0.14885766081790486,1.4930982295311082,-0.04917183403260128,-0.27666800916241097,1.816283322242361,1.5106258812546551,-0.1412822118266004
19697,-0.5670708054715532,1.7853631387199713,-0.13569898439833117,-0.4925371950449031,1.9301155239157675,1.7247679501989919,-0.3342416348687134
19699,-1.7379858590774764,-1.4556817194840543,-0.3779580912773448,-1.0969287178622873,1.7764704213574953,1.319576426373378,-0.8744903000852027
19701,-0.6377826476271848,-1.2356488461363622,-0.15032907022192554,-0.5290365447031478,2.4386773678148606,2.312775959170205,-0.36686738190470325
19703,-1.0830842534553482,4.0569978212455435,-0.24246074876470414,-0.7588879885211115,3.679764404610939,-0.17310726844260094,-0.5723251539493615
19705,-1.4512981833210081,0.25074453494762006,-0.31864319899024207,-0.9489490669133775,2.0812628901284507,2.048641625190756,-0.7422154320796404
19707,-1.7814023466874445,3.043974262888966,-0.3869408432539492,-1.1193390173807372,2.907718897934216,1.2167409032796819,-0.8945222395563368
19709,1.0713075928599527,0.5665231751430504,0.2032770039001689,1.0462921825875116,0.018539629371168154,0.015933118658420842,0.4216900102940111
19715,-0.4403487787903284,1.4505053566653885,-0.10948054531417195,0.2660201264509766,1.7645200796360454,1.6207389118996387,1.641149271454095
19717,1.0713075928599527,0.5665231751430504,0.2032770039001689,1.0462921825875116,0.018539629371168154,0.015933118658420842,0.4216900102940111
19719,1.0713075928599527,0.5665231751430504,0.2032770039001689,1.0462921825875116,0.018539629371168154,0.015933118658420842,0.4216900102940111
19721,-1.575374313328949,-1.3517957406118992,-0.3443142093237077,-1.0129934746864675,2.1545741682716244,1.5257460378783776,-0.7994629355732434
19725,0.15048460304478928,0.608390405647542,0.012761257758466038,-0.12215643623282912,2.1265719527402758,1.86871075879007,-0.003168641592213417
19731,1.0713075928599527,0.5665231751430504,0.2032770039001689,1.0462921825875116,0.018539629371168154,0.015933118658420842,0.4216900102940111
19745,1.0713075928599527,0.5665231751430504,0.2032770039001689,1.0462921825875116,0.018539629371168154,0.015933118658420842,0.4216900102940111
19749,-1.2231758230802696,0.2122459579953193,-0.27144530954398227,-0.8311990898591086,2.5477335963871264,2.296432218012459,-0.6369620234343603
19755,-0.08588531480274009,-0.4298634174815029,-0.03614302869208652,-0.2441635572072669,1.9112370148565159,1.1678631147668397,-0.11222739202949006
19757,0.22693975042574,-0.6662773176157266,0.028579617650392186,-0.08269256324691376,1.8808425218506928,1.365387026420207,0.03210700986882742
19759,-0.38755664477341023,0.8344361574769508,-0.09855799786054587,-0.39987732478573235,1.4296896255927982,1.7177059381442508,-0.2514155704108645
19761,-0.21285327844633928,-0.6152401695060244,-0.06241235145791846,-0.309700643487997,1.1732429694974833,1.5849112517153179,-0.1708091590607268
19763,-0.21067248483399315,-0.6120561502850245,-0.06196115125241464,-0.30857498269112105,1.2635426852488894,1.6593028097192728,-0.16980296238185222
19765,-0.17705543881366514,-0.5629743297605955,-0.055005876811527465,-0.29122286344534154,1.2272212198855694,1.6330499338474498,-0.15429238867706152
19767,-0.23004235153018193,-0.6403366934413014,-0.06596872344284233,-0.3185731317397873,1.2343355731650525,1.633255431849618,-0.17874002796642308
19771,-0.25296214460211264,-0.6738002276653755,-0.0707107656450997,-0.33040364719412674,1.2798183648778898,1.7316460678516488,-0.1893149945927517
19773,-0.27510484409027613,-0.7061291836821298,-0.07529202932035362,-0.3418330500545008,1.2841705278344513,1.701869958925927,-0.19953141789855056
19775,-0.2868735783472931,-0.7233118624413911,-0.07772694809727199,-0.347907720627167,1.2664248847734587,1.6860441056535138,-0.20496139589230933
19781,-0.30979337141922425,-0.756775396665467,-0.08246899029952948,-0.3597382360815067,1.2318649688127588,1.6552230101755376,-0.2155363625186384
19783,-0.30979337141922425,-0.756775396665467,-0.08246899029952948,-0.3597382360815067,1.2318649688127588,1.6552230101755376,-0.2155363625186384
19785,-0.35335264794154186,-0.8203731497562511,-0.09148128490971064,-0.38222223898937924,1.20255117636701,1.596647236108446,-0.23563418338660558
19789,-0.2868735783472931,-0.7233118624413911,-0.07772694809727199,-0.347907720627167,1.2664248847734587,1.6860441056535138,-0.20496139589230933
19799,-0.38922071466746333,1.0731686260477264,-0.09890228934870815,-0.40073626816872454,1.148467033118846,1.5484141170004082,-0.25218335585893814
19807,-0.40725101361103544,1.0468438890016731,-0.10263270865229446,-0.41004297218777297,1.1902726776408534,1.6111794825407966,-0.2605023580852066
19809,-0.40563230874259615,1.049207243050887,-0.10229780306326719,-0.4092074448816587,1.1927134633862946,1.6133562149896559,-0.2597555036128343
19811,-0.41528490432460474,1.104107056996002,-0.10429489856354313,-0.4141898276129974,1.1781586682766751,1.600376011847782,-0.26420911607856823
19813,-0.4216416170801005,1.2199892228408977,-0.10561008496420499,-0.41747097366246977,1.1685736140867546,1.5918279045351058,-0.26714204069230973
19817,-0.4216416170801005,1.2199892228408977,-0.10561008496420499,-0.41747097366246977,1.1685736140867546,1.5918279045351058,-0.26714204069230973
19821,-0.6193504662726066,0.9313288138837876,-0.14651550255188772,-0.5195224009371826,1.182830371478527,1.6342628447730525,-0.3583629550949421
19825,1.8895460678024119,1.7611740659150388,0.37256829582024004,0.7754953649982053,1.9454786177835777,1.116248731491758,0.7992171780890661
19827,-0.5645343087687054,-0.030091949087419412,-0.13517419020088617,-0.49122793089279004,1.2895831979406478,1.6663034676359372,-0.33307132028968445
19829,-0.6309313916585082,0.9144203412906311,-0.14891156418947704,-0.525500130156791,1.2129959675203321,1.618689545052502,-0.36370627992660887
19841,-0.6111198811020215,0.1895738943682459,-0.14481261709800508,-0.5152740176837527,1.3734892006118895,1.665533525112235,-0.3545654442177304
19901,0.7516866010777034,0.18646581396463402,-0.0062619478380716576,-0.1696158046234737,-0.4099640909914446,-1.345973790311077,-0.04559124260015368
19905,0.3642027605747993,-0.46586951186429193,0.05697895724708646,-0.011841480177305463,-0.3545306512163401,-0.9349369646971271,0.09543880988989395
19937,1.0772863547406253,1.0808155141146214,-0.25008573370393405,-0.08476373064197318,1.8264281619573595,2.010926054428319,-0.5893292120786273
19973,1.136676811583738,0.6619640493734282,0.21680171561741435,0.3868866483819977,1.5034018396169435,0.10383753059108702,0.4518507235353453
19983,1.3845393499322758,2.122462525620177,0.2680837936675365,2.3065853874490694,1.1839974964485647,1.1302946557861544,0.5662120558007305
19985,-0.5102395786544416,0.7423270448638379,-0.1239407597439014,-0.46320260615752296,1.5458056187180103,0.2870632752453268,-0.3080202669428269
19989,-0.6579154871820196,0.43970474138918814,-0.15449449940013316,-0.5394285176474802,1.2177700129267004,1.4747723671945532,-0.37615647564640664
19993,-0.846914693620406,1.2922259044830948,-0.19359791583636554,-0.636984286393296,1.1691738144403034,0.001377850836200789,-0.46335884672436745
19997,-0.10670451418229376,0.4560307052797741,-0.04045046383188977,-0.2549098086779411,1.8531762600554438,0.511258106082566,-0.12183316542956923
19999,-0.8369427887775234,1.3639435762509722,-0.19153475612748694,-0.6318370857190716,1.053181821875277,0.28305142757400326,-0.45875790811277284
20001,-0.36896646908554587,1.1717332584177789,-0.0947117415971247,-0.39028162904432917,1.5356826116506404,0.9123565345351228,-0.2428382465729142
20003,0.17367569293478846,-0.7440443203616809,0.017559430526849495,-0.11018588543049157,-0.6418194336766475,-1.1911457762008872,0.0075314987120755905
20005,1.7963219266852413,0.6130501036616431,0.20987023033881108,0.3695938786822668,0.759738122405908,0.058786061105152054,0.4363932007285627
20007,-0.6216831368953124,0.49260497875314346,-0.14699812569347204,-0.5207264561293561,1.5432784001405482,0.683744697160499,-0.35943922632949965
20015,-0.12935928510406436,-1.1864838016811623,-0.045137673679568335,-0.26660352758122197,1.8456842083640481,-0.2123537848445365,-0.13228585344786747
20017,0.2802875178918276,0.10475908457797345,0.03961712413775287,1.3311383286558391,1.390738806744746,2.0432615507306666,0.05672114398306305
20019,0.22268470553889985,0.02065737927349509,0.02769926055630456,1.3014054702650144,1.5115210019242338,2.1705953260246016,0.030143774095683806
20021,-0.05889192459037984,0.015012789774033752,-0.03055817043584963,-0.23023037207465613,1.6816490289076573,2.4850959728071764,-0.09977290783186588
20025,1.3354811369514956,1.3265041171088068,0.11452353734814225,0.13172157033180598,1.9366553623241347,2.7349132318276212,0.2237658023837803
20027,1.2245120771551115,1.5699513169987065,0.09156434382279921,0.7675898229034172,1.7693291840831304,2.585689023024699,0.1725657719027458
20029,0.7565964533202592,0.10703617385849018,0.1381641339656926,0.1907004726074113,2.4343699941468326,0.6913416703078732,0.2764853922976134
20033,-1.3477210942488065,-2.9653258693066107,-0.29721338389436025,-0.8954856543451009,2.016421827340788,1.347943038098263,0.9919729695346127
20037,-0.9752776257859579,-2.4215480649291763,-0.22015585375597135,-0.7032414139329279,1.3752200421965748,0.15418585742830526,-0.5225842384828492
20093,-0.09377048598529125,-1.1345231668897737,-0.03777444894105342,-0.24823364803411319,1.480636919364391,0.8471047044370117,-0.1158655322970168
20113,1.8895460678024119,1.7611740659150388,0.37256829582024004,0.7754953649982053,1.9454786177835777,1.116248731491758,0.7992171780890661
20125,2.0086288602634594,1.9350382490912343,0.39720619833710497,0.8369623604520889,2.1250391961406003,1.2763837774194102,0.8541608048527761
20127,1.2489203051115076,0.825842666222556,0.24002458597959636,1.137970581715491,1.384967617321612,0.25477551768127826,0.5036387651792456
20129,0.5956607427189398,2.5111228978194386,0.10486697769876452,0.10763024568831558,2.2457681557095626,1.9412625224848528,0.20223124160557537
20131,0.6754117626079821,1.087116560096455,0.12136724455545156,0.14879535003003497,0.520195105219909,-0.516442681822598,0.2390275761577907
20137,1.690990106968115,0.4592627224699326,0.18807736629455019,0.31522472634802234,1.006377239983228,-0.082857541966741,0.3877941372595628
20143,-3.149127255237969,-1.5523776102791063,-0.6699193682812188,-1.8253179333818712,2.245330110728286,2.7614604400601985,-1.1201119239817816
20145,-3.1857822442423527,-1.6058949119048984,-0.6775031847771424,-1.8442381484350372,2.336240419681671,2.7261645349812165,-1.0724856534999336
20149,-3.1162462889580334,-1.5043704866119727,-0.663116386715848,-1.8083457566040277,2.289693035595409,2.799269956533954,-0.9797778272604133
20151,0.048717474826058815,-0.9264867881072512,-0.008294081410663012,-0.1746856008442621,2.7670729095555116,0.027112636295910653,-0.05012299153738731
20153,-3.0640113347310387,-1.4821732244734225,-0.6523091182296092,-1.7813836269155192,2.3937273127687444,2.780080136508075,-0.9556771342068283
20155,-3.1802466754334993,-1.5978128277559085,-0.676357890802511,-1.841380852466606,2.338628671574792,2.7318696667023668,-1.069931596609993
20157,-0.22364934375202639,-1.3241499051513665,-0.064646027701732,-0.31527325127918204,2.2248046083011523,1.963435970552338,-0.17579035718694924
20159,-2.856456852893119,-1.2168782464853218,-0.6093666663037043,-1.6742501769190585,2.3690889082040805,2.9515611872613734,-0.8027551281000282
20161,0.048717474826058815,-0.9264867881072512,-0.008294081410663012,-0.1746856008442621,2.6510007383027574,0.7202598168558558,-0.05012299153738731
20163,-3.1938171457456064,-1.5498034948397637,-0.6791655838179991,-1.8483855255998318,2.324124886184771,2.755999272499836,-1.0761928778616934
20165,-2.912120884431077,-1.279101083001454,-0.620883401462367,-1.7029822943205521,2.38793383677349,2.91924482238812,-0.8855963774679173
20167,0.03904104480391757,-0.9406146445934134,-0.010296108191104492,-0.17968028620466225,2.651677476245185,0.7072475626586923,-0.054587600978886375
20169,-3.019286779605616,-1.3628069109993435,-0.6430557306786686,-1.7582981418529269,2.354995434038713,2.847467562502513,-0.935041665276353
20171,-3.0387607487728574,-1.445306667923905,-0.64708484138428,-1.7683500255007127,2.3821368823515456,2.8116089389153354,-0.8868683488750868
20173,-2.85881026503812,-1.2203142935565334,-0.6098535808092529,-1.6754649382681024,2.3693624318846265,2.952168022893882,-0.8038409692685446
20295,1.7888630013762943,1.6141739935949548,0.35173724605696605,0.72352576083964,1.7936623119630224,0.9808564793193288,0.7527630035705108
20427,-1.1221063476739954,-0.8441626061713472,-0.25053431282457805,-0.779030032878387,2.175002942282684,2.5797968198094594,1.1324370341203032
20429,-0.20628893092950218,0.08749114067930619,-0.061054205995721866,-0.30631232255063634,2.4359040770295675,2.951862057342667,-0.16778043381454677
20431,-0.19743256364235418,-1.285872678315516,-0.05922184794159191,-0.3017409291819839,1.6608009083109336,1.775547095419078,2.8067202723332505
20433,0.5956607427189398,-0.1279344317958202,0.10486697769876452,0.10763024568831558,2.520205001411323,1.7742084378216867,0.20223124160557537
20435,-1.4822618440945905,-0.3285457553789337,-0.32504949531516525,-0.9649315876174327,2.167042425882287,2.6127388853738625,-0.3510366518751342
20437,-1.3780358524650098,-0.9301447162733383,-0.30348542406336665,-0.911133230850081,1.9012135199682527,2.1293819516175407,1.032053260145633
20439,0.1977206319871323,-0.01579086120800277,0.02253426234051714,-0.09777460308755548,1.4738785903510512,1.8857107825143165,0.01862559660434915
20441,0.35895657108379053,0.21961808638496627,0.05589353505809336,-0.014549407149202276,0.5538495437976365,-0.24884452964428505,0.09301826976508987
20443,-0.08057514669054067,-0.016645316499428464,-0.03504436950218437,-0.24142260637410007,2.408792248053471,3.0208305851961486,-0.10977733279944091
20445,-1.0108766905583724,-1.374911399191784,-0.2275212024300144,-0.7216165923051034,1.4940107774861016,1.5726515440136204,2.0336029341019937
20447,-0.6075604876603342,-1.8846708340646714,-0.14407618837624714,-0.5134367646602283,2.2577206058855603,2.0890303082933013,1.6619798453772123
20449,-0.7873789201641359,-0.3554512687234346,-0.18128012791447468,-0.6062536909751792,2.4143913886748676,2.736844280263816,1.1933509120951449
20451,-0.8034407233190817,-0.7843670553734612,-0.18460327084888362,-0.6145443160193402,1.6690121675764287,1.9257063518470359,-0.4433003853059898
20457,0.10289542617272307,-0.1542382943989048,0.0029151878402171594,-0.14672055383534666,2.342496049534255,2.7741163855052395,-0.02512581876293085
20459,-0.9216414804264885,-0.04065271057059139,-0.20905868267494165,-0.6755560310590523,2.2551917785839217,2.6292454374414023,-0.4978370496508542
20463,0.253069117917494,0.06501946493100774,0.0339857119800977,-0.0692053609430725,2.3956657341629284,2.211454371829414,0.04416284249895619
20465,-0.5198347765292097,-1.7565888602198534,-0.12592597981628006,-0.4681553618996295,2.001341000753242,2.1803300773341547,-0.3124473966721508
20467,-0.9304086869626809,-0.9697438073979845,-0.21087259361471566,-0.6800814023000707,0.8503726158173164,0.9617371847764655,3.0244783722789346
20469,-1.2653579411758913,-1.053313909883363,-0.28017267386015554,-0.8529722445495052,1.7316092724292238,2.230318619589023,2.364000449166864
20475,-0.3246382622465327,-0.7784493494229486,-0.08554035741746435,-0.36740072717814476,1.9740870465429268,1.8276324277643101,-0.2223856488353868
20477,-0.9979169979247335,-1.3559898881372017,-0.22483987763776458,-0.7149271844424498,1.875165448613787,1.8968091905914424,0.565582467013666
20479,-0.16779078588624463,-0.5494476792651951,-0.05308904558040706,-0.28644072517328323,2.1204405106782747,1.846179151581166,-0.1500177691285991
20481,-0.6479266370660066,-0.8449942442439098,-0.15242783376081004,-0.5342725703272888,1.9800462357546067,2.0080802035605947,-0.371547718652802
20483,-0.5670708054715532,0.4770303190697929,-0.13569898439833117,-0.4925371950449031,1.6085318997883054,2.7615048351490143,2.774819323992281
20485,-0.14403736528556532,0.4015237061696213,-0.04817452813328671,-0.2741799159841325,1.9926279992552471,2.9354905870372265,2.7513135829194413
20489,-0.7198665941469886,-2.048640867572141,-0.16731201318756017,-0.5714058363807843,1.7720410157310207,1.7181486471229492,-0.40474010581107
20491,-0.23004235153018193,-0.23487158533313712,-0.06596872344284233,-0.3185731317397873,2.360346836021276,2.2172033204445714,-0.17874002796642308
20493,-0.48057807401993946,-0.08983507220954245,-0.11780387594578734,-0.44789221972095494,2.397006980326526,2.691228862204781,-0.2943347410477133
20641,0.1244296979689068,-0.8159448402646108,0.007370569497979207,-0.13560520325241754,-1.4092228451755275,-1.257368691389864,-0.015190117997559316
20651,-0.31725799072588634,-0.7676739480989038,-0.08401339952106501,-0.36359125053897046,1.1028263072828248,0.34590207571844234,1.782499535914543
20655,0.7760948290340997,0.13550434374842935,0.14219829431872566,0.2007649541886003,0.9596934834922457,0.7175618590179411,0.28548175067634607
20657,0.11357381792073484,-0.8317947265347163,0.005124517748318458,-0.14120868563453537,1.9756053528309647,2.3389509168799676,-0.02019891405643115
20663,0.09937440912753948,-0.8525262576014008,0.0021866990894362504,-0.14853799810446833,2.0187331058588778,2.3725001789287408,-0.02675038132449914
20665,0.419121403067396,0.7129255195896325,0.06834147346061703,0.016505889569923937,1.8683453205213594,2.3169680002781248,0.12077773025884553
20679,0.08204853698987025,-0.8778225119533172,-0.0013979762437962284,-0.15748109795887455,-1.4731278445424767,-1.3143602098081537,-0.03474436796534164
20687,0.09937440912753948,-0.8525262576014008,0.0021866990894362504,-0.14853799810446833,1.9869844075442975,2.34652469252548,-0.02675038132449914
20689,-0.8394500743137434,-1.5300888881396837,-0.1920535066148299,-0.633131271935832,2.40006836138419,2.242256989298242,1.1293204601691569
20691,-0.6423105484652436,-1.935406887631311,-0.15126588046250333,-0.5313737124372653,-2.5653623616749925,-2.2884327270898517,-0.3689565107244759
20693,-0.016187366288324512,-1.0212496581350452,-0.02172271467664777,-0.20818754928923,1.7799432189211273,1.7724141538993687,-0.08006944552664064
20697,0.07863783952608427,-0.8828022249441441,-0.0021036401763477874,-0.15924159854143927,2.0480898143704085,2.3699327529771774,-0.03631803015936108
20701,-0.3445142575918516,-1.5006160350189228,-0.08965264623453928,-0.37766012478113375,1.5725532051862436,1.6085325472883727,1.6555134118421082
20703,0.43068183016904893,-0.36880822454943196,0.07073329405952522,0.022473038184906757,-0.9474364791989611,-0.8455400951520584,0.12611159738419064
20709,0.013916905798558421,-0.28414940452122484,-0.015494223509375016,-0.1926486194634771,1.9504994904306807,1.812896484667926,-0.06617963109290614
20735,-0.39139513152945105,1.7923440302691525,0.047781301054488634,1.6371358471122741,2.094914124387925,2.680465179132187,-1.4708216517519088
20737,-0.39139513152945105,1.7923440302691525,0.047781301054488634,1.6371358471122741,2.094914124387925,2.680465179132187,-1.4708216517519088
20739,-0.39139513152945105,1.7923440302691525,0.047781301054488634,1.6371358471122741,2.094914124387925,2.680465179132187,-1.4708216517519088
20741,-0.39139513152945105,1.7923440302691525,0.047781301054488634,1.6371358471122741,2.094914124387925,2.680465179132187,-1.4708216517519088
20743,-0.39139513152945105,1.7923440302691525,0.047781301054488634,1.6371358471122741,2.094914124387925,2.680465179132187,-1.4708216517519088
20745,-0.39139513152945105,1.7923440302691525,0.047781301054488634,1.6371358471122741,2.094914124387925,2.680465179132187,-1.4708216517519088
20747,-0.39139513152945105,1.7923440302691525,0.047781301054488634,1.6371358471122741,2.094914124387925,2.680465179132187,-1.4708216517519088
20749,-0.39139513152945105,1.7923440302691525,0.047781301054488634,1.6371358471122741,2.094914124387925,2.680465179132187,-1.4708216517519088
20751,-0.39139513152945105,1.7923440302691525,0.047781301054488634,1.6371358471122741,2.094914124387925,2.680465179132187,-1.4708216517519088
20753,-0.39139513152945105,1.7923440302691525,0.047781301054488634,1.6371358471122741,2.094914124387925,2.680465179132187,-1.4708216517519088
20755,-0.39139513152945105,1.7923440302691525,0.047781301054488634,1.6371358471122741,2.094914124387925,2.680465179132187,-1.4708216517519088
20757,-0.39139513152945105,1.7923440302691525,0.047781301054488634,1.6371358471122741,2.094914124387925,2.680465179132187,-1.4708216517519088
20759,-0.39139513152945105,1.7923440302691525,0.047781301054488634,1.6371358471122741,2.094914124387925,2.680465179132187,-1.4708216517519088
20761,-0.39139513152945105,1.7923440302691525,0.047781301054488634,1.6371358471122741,2.094914124387925,2.680465179132187,-1.4708216517519088
20763,-0.39139513152945105,1.7923440302691525,0.047781301054488634,1.6371358471122741,2.094914124387925,2.680465179132187,-1.4708216517519088
20765,-0.39139513152945105,1.7923440302691525,0.047781301054488634,1.6371358471122741,2.094914124387925,2.680465179132187,-1.4708216517519088
20767,-0.3919193266459584,1.7915786908454372,0.04767284652538828,1.6368652731848623,2.0954145322165516,2.680320341747584,-1.471063510212208
20769,-0.3919193266459584,1.7915786908454372,0.04767284652538828,1.6368652731848623,2.0954145322165516,2.680320341747584,-1.471063510212208
20771,-0.3919193266459584,1.7915786908454372,0.04767284652538828,1.6368652731848623,2.0954145322165516,2.680320341747584,-1.471063510212208
20773,-0.3919193266459584,1.7915786908454372,0.04767284652538828,1.6368652731848623,2.0954145322165516,2.680320341747584,-1.471063510212208
20775,-0.3919193266459584,1.7915786908454372,0.04767284652538828,1.6368652731848623,2.0954145322165516,2.680320341747584,-1.471063510212208
20777,-0.3919193266459584,1.7915786908454372,0.04767284652538828,1.6368652731848623,2.0954145322165516,2.680320341747584,-1.471063510212208
20779,-0.3919193266459584,1.7915786908454372,0.04767284652538828,1.6368652731848623,2.0954145322165516,2.680320341747584,-1.471063510212208
20781,-0.3919193266459584,1.7915786908454372,0.04767284652538828,1.6368652731848623,2.0954145322165516,2.680320341747584,-1.471063510212208
20783,-0.3919193266459584,1.7915786908454372,0.04767284652538828,1.6368652731848623,2.0954145322165516,2.680320341747584,-1.471063510212208
20785,-0.3919193266459584,1.7915786908454372,0.04767284652538828,1.6368652731848623,2.0954145322165516,2.680320341747584,-1.471063510212208
20787,-0.3919193266459584,1.7915786908454372,0.04767284652538828,1.6368652731848623,2.0954145322165516,2.680320341747584,-1.471063510212208
20789,-0.3919193266459584,1.7915786908454372,0.04767284652538828,1.6368652731848623,2.0954145322165516,2.680320341747584,-1.471063510212208
20791,-0.3919193266459584,1.7915786908454372,0.04767284652538828,1.6368652731848623,2.0954145322165516,2.680320341747584,-1.471063510212208
20793,-0.3919193266459584,1.7915786908454372,0.04767284652538828,1.6368652731848623,2.0954145322165516,2.680320341747584,-1.471063510212208
20795,-0.3919193266459584,1.7915786908454372,0.04767284652538828,1.6368652731848623,2.0954145322165516,2.680320341747584,-1.471063510212208
20797,-0.3919193266459584,1.7915786908454372,0.04767284652538828,1.6368652731848623,2.0954145322165516,2.680320341747584,-1.471063510212208
20799,-0.3919193266459584,1.7915786908454372,0.04767284652538828,1.6368652731848623,2.0954145322165516,2.680320341747584,-1.471063510212208
20801,-0.3919193266459584,1.7915786908454372,0.04767284652538828,1.6368652731848623,2.0954145322165516,2.680320341747584,-1.471063510212208
20803,-0.3919193266459584,1.7915786908454372,0.04767284652538828,1.6368652731848623,2.0954145322165516,2.680320341747584,-1.471063510212208
20805,-0.3919193266459584,1.7915786908454372,0.04767284652538828,1.6368652731848623,2.0954145322165516,2.680320341747584,-1.471063510212208
20807,-0.3919193266459584,1.7915786908454372,0.04767284652538828,1.6368652731848623,2.0954145322165516,2.680320341747584,-1.471063510212208
20809,-0.3919193266459584,1.7915786908454372,0.04767284652538828,1.6368652731848623,2.0954145322165516,2.680320341747584,-1.471063510212208
20811,-0.3919193266459584,1.7915786908454372,0.04767284652538828,1.6368652731848623,2.0954145322165516,2.680320341747584,-1.471063510212208
20813,-0.3919193266459584,1.7915786908454372,0.04767284652538828,1.6368652731848623,2.0954145322165516,2.680320341747584,-1.471063510212208
20815,-0.3919193266459584,1.7915786908454372,0.04767284652538828,1.6368652731848623,2.0954145322165516,2.680320341747584,-1.471063510212208
20817,-0.3919193266459584,1.7915786908454372,0.04767284652538828,1.6368652731848623,2.0954145322165516,2.680320341747584,-1.471063510212208
20819,-0.3919193266459584,1.7915786908454372,0.04767284652538828,1.6368652731848623,2.0954145322165516,2.680320341747584,-1.471063510212208
20821,-0.3919193266459584,1.7915786908454372,0.04767284652538828,1.6368652731848623,2.0954145322165516,2.680320341747584,-1.471063510212208
20823,-0.3919193266459584,1.7915786908454372,0.04767284652538828,1.6368652731848623,2.0954145322165516,2.680320341747584,-1.471063510212208
20825,-0.3919193266459584,1.7915786908454372,0.04767284652538828,1.6368652731848623,2.0954145322165516,2.680320341747584,-1.471063510212208
20827,-0.3919193266459584,1.7915786908454372,0.04767284652538828,1.6368652731848623,2.0954145322165516,2.680320341747584,-1.471063510212208
20829,-0.3919193266459584,1.7915786908454372,0.04767284652538828,1.6368652731848623,2.0954145322165516,2.680320341747584,-1.471063510212208
20831,-0.3919193266459584,1.7915786908454372,0.04767284652538828,1.6368652731848623,2.0954145322165516,2.680320341747584,-1.471063510212208
20833,-0.3919193266459584,1.7915786908454372,0.04767284652538828,1.6368652731848623,2.0954145322165516,2.680320341747584,-1.471063510212208
20835,-0.3919193266459584,1.7915786908454372,0.04767284652538828,1.6368652731848623,2.0954145322165516,2.680320341747584,-1.471063510212208
20837,-0.3919193266459584,1.7915786908454372,0.04767284652538828,1.6368652731848623,2.0954145322165516,2.680320341747584,-1.471063510212208
20839,-0.3919193266459584,1.7915786908454372,0.04767284652538828,1.6368652731848623,2.0954145322165516,2.680320341747584,-1.471063510212208
20841,-0.40534576058011984,1.7785764085649634,0.04489495424068035,1.629934947345695,2.109406197326628,2.7272936410390445,-1.4772583344987438
20843,-0.3919193266459584,1.7915786908454372,0.04767284652538828,1.6368652731848623,2.0954145322165516,2.680320341747584,-1.471063510212208
20845,-0.3919193266459584,1.7915786908454372,0.04767284652538828,1.6368652731848623,2.0954145322165516,2.680320341747584,-1.471063510212208
20875,-1.0588091566575346,-0.029160022504783,-0.3808485448131902,-1.1041398631383863,-0.346736279806485,0.15121107421337188,-0.8809361410062242
20877,-1.0588091566575346,-0.029160022504783,-0.3808485448131902,-1.1041398631383863,-0.346736279806485,0.15121107421337188,-0.8809361410062242
20879,-1.0588091566575346,-0.029160022504783,-0.3808485448131902,-1.1041398631383863,-0.346736279806485,0.15121107421337188,-0.8809361410062242
