,PC1,PC2
1,-0.16694192401984656,-0.8790904949227649
3,-0.16694192401982744,-0.8790904949227473
5,-0.246642247770347,-0.9512282572877085
7,-0.1669419240198213,-0.879090494922752
9,-0.16694192401983174,-0.8790904949227475
11,-0.16694192401982944,-0.8790904949227468
13,-0.24664224777035,-0.9512282572877055
15,-0.16694192401982755,-0.8790904949227476
17,-0.16694192401982755,-0.8790904949227476
19,-0.24664224777034943,-0.9512282572877059
21,-0.20767528206769012,-0.9248979754867902
23,-0.2197940430784412,-0.9056627986237067
25,-0.2197940430784412,-0.9056627986237067
27,-0.24760414219489185,-0.9513711958992627
29,-0.20767528206769012,-0.9248979754867902
31,-0.24760414219489185,-0.9513711958992627
33,-0.20767528206769012,-0.9248979754867902
35,-0.20767528206769012,-0.9248979754867902
37,-0.20767528206769012,-0.9248979754867902
39,0.24327210207565034,0.5220595984592153
41,0.24327210207565034,0.5220595984592153
43,-1.8749303862859255,0.20729228620856435
45,-2.152887118124013,0.16598759797249088
47,-2.4894469924237486,0.11597441574519228
49,-2.4894469924237486,0.11597441574519228
51,-2.4964985874159416,0.1149265406648033
53,-2.4975019386821424,0.11477744151916434
55,-2.4975019386821424,0.11477744151916434
57,-2.4975019386821424,0.11477744151916434
59,-2.4975019386821424,0.11477744151916434
61,-2.4975019386821424,0.11477744151916434
63,-2.4975019386821424,0.11477744151916434
65,-2.4975019386821424,0.11477744151916434
67,-2.720571062316226,0.08162911463436286
69,-2.715738111057848,0.0823472967185578
71,-2.715738111057848,0.0823472967185578
73,-2.7181574864605746,0.08198777476679614
75,-2.7181574864605746,0.08198777476679614
77,-2.7181574864605746,0.08198777476679614
79,-2.7181574864605746,0.08198777476679614
81,-2.735724136702476,0.07937735045076816
83,-2.7002789020480984,0.08464455285731536
85,-2.706002052159915,0.08379408620542429
87,-2.706002052159915,0.08379408620542429
89,-2.7333466552853887,0.07973064690835147
91,-2.706002052159915,0.08379408620542429
93,-2.7333466552853887,0.07973064690835147
95,-2.7333466552853887,0.07973064690835147
97,-2.7333466552853887,0.07973064690835147
99,-2.7333466552853887,0.07973064690835147
101,-2.7333466552853887,0.07973064690835147
103,-2.7333466552853887,0.07973064690835147
105,-2.734139773020225,0.07961278870590661
107,-2.734139773020225,0.07961278870590661
109,-2.734139773020225,0.07961278870590661
111,-2.823596483541093,0.06631941921542962
113,-2.823596483541093,0.06631941921542962
115,-2.827216994138747,0.06578140720002454
117,-2.827216994138747,0.06578140720002454
119,-0.41575224044179226,0.4241278274686047
189,-3.0049907253092107,0.03936402743734705
191,-3.0182311934986257,0.037396478721952425
193,-3.021812215337409,0.036864334781277174
195,-3.021812215337409,0.036864334781277174
197,-3.021812215337409,0.036864334781277174
199,-3.021812215337409,0.036864334781277174
201,-2.9482949421061577,0.04778908566139553
203,-2.9482949421061577,0.04778908566139553
205,1.4799840356094573,1.9824618452280185
207,1.9657210332130821,2.0546429185845403
209,1.9125501408901486,2.032185223734669
211,1.8350609228772545,2.020670237317488
213,1.6639958838904187,1.9952497768856865
215,1.6483852934817866,1.9929300252979276
217,1.0360896347395832,1.3642201876897888
219,1.0680562215867198,1.3689704590538279
221,1.0360896347395832,1.3642201876897888
223,1.0844283369873926,1.371403374126321
225,1.0844283369873926,1.371403374126321
227,1.0844283369873926,1.371403374126321
229,1.8543909390912368,1.8560963332891398
231,1.8543909390912368,1.8560963332891398
233,1.8543909390912368,1.8560963332891398
235,-0.7152702654146896,0.3796191064141475
237,-0.7152702654146896,0.3796191064141475
239,-0.8266392428079191,0.36306954900649574
241,-0.8266392428079191,0.36306954900649574
243,-0.8266392428079191,0.36306954900649574
245,-1.8804983059809237,0.20646488697414173
247,-1.6852580132229247,0.3231903380569276
249,-1.6852580132229247,0.3231903380569276
251,-1.6852580132229247,0.3231903380569276
253,-1.8367236265340012,0.30068237469540765
255,-1.8367236265340012,0.30068237469540765
257,-1.8367236265340012,0.30068237469540765
259,-1.8367236265340012,0.30068237469540765
261,-1.8353164104945752,0.30089148860822745
263,-2.266359726660768,0.27762195823516717
265,-2.266359726660768,0.27762195823516717
267,-2.266359726660768,0.27762195823516717
269,-2.266359726660768,0.27762195823516717
271,-2.2750294413112604,0.27633362872299366
273,-2.2750294413112604,0.27633362872299366
275,-2.2929193263820165,0.2736751713417307
277,-2.439577167082523,0.21109764911705872
279,-2.439577167082523,0.21109764911705872
321,-2.433376298139022,0.21201910533368054
323,-2.433376298139022,0.21201910533368054
325,-2.4294812723441934,0.21259791062133443
327,-2.4294812723441934,0.21259791062133443
329,-2.4294812723441934,0.21259791062133443
331,-2.4294812723441934,0.21259791062133443
333,-2.425571120197651,0.2131789637021518
335,-2.4294812723441934,0.21259791062133443
337,-2.424787264251239,0.21329544559224484
339,-2.424787264251239,0.21329544559224484
341,-3.6649305278469284,-0.0587037819592415
343,-3.6649305278469284,-0.0587037819592415
345,-3.6649305278469284,-0.0587037819592415
347,-3.6649305278469284,-0.0587037819592415
349,-3.6649305278469284,-0.0587037819592415
351,-3.6649305278469284,-0.0587037819592415
353,-3.6633565664316543,-0.05846988949287252
355,-3.6579866181705314,-0.057671909039934015
357,-3.6579866181705314,-0.057671909039934015
359,-3.6674437595101685,-0.05907725105865425
361,-2.305874178772909,0.14325354579656863
363,-1.9467514059699993,0.19661960054547492
365,-3.6674437595101685,-0.05907725105865425
367,-2.302228322360898,0.14379532422897323
369,-3.6674437595101685,-0.05907725105865425
371,-3.666187927838397,-0.05889063303599822
373,-3.666187927838397,-0.05889063303599822
375,-1.9467514059699993,0.19661960054547492
377,-3.663041478676834,-0.058423067092156375
379,-3.663041478676834,-0.058423067092156375
381,-3.6362157610828723,-0.054436734778488996
383,-3.6362157610828723,-0.054436734778488996
385,-3.6478001218021023,-0.056158184029808905
387,-3.6478001218021023,-0.056158184029808905
389,-3.6478001218021023,-0.056158184029808905
391,-3.6478001218021023,-0.056158184029808905
393,-3.6478001218021023,-0.056158184029808905
395,-3.6478001218021023,-0.056158184029808905
397,-3.6478001218021023,-0.056158184029808905
399,-3.649079084072911,-0.05634823928593513
401,-3.6478001218021023,-0.056158184029808905
403,-3.649079084072911,-0.05634823928593513
405,-3.649079084072911,-0.05634823928593513
407,-3.649079084072911,-0.05634823928593513
409,-3.649079084072911,-0.05634823928593513
411,-3.649079084072911,-0.05634823928593513
413,-3.6503564238094826,-0.0565380534316177
415,-3.6503564238094826,-0.0565380534316177
417,-3.6503564238094826,-0.0565380534316177
419,-3.6503564238094826,-0.0565380534316177
421,-3.6503564238094826,-0.0565380534316177
423,-3.6522694001524663,-0.05682232390395867
425,-3.6503564238094826,-0.0565380534316177
427,-3.6503564238094826,-0.0565380534316177
429,-3.6503564238094826,-0.0565380534316177
431,-3.6503564238094826,-0.0565380534316177
433,-3.6503564238094826,-0.0565380534316177
435,-3.6522694001524663,-0.05682232390395867
437,-3.6522694001524663,-0.05682232390395867
439,-3.6522694001524663,-0.05682232390395867
441,-3.6668160394696905,-0.05898397114274755
443,-3.6668160394696905,-0.05898397114274755
445,-3.6699507335095096,-0.05944979026205425
447,-3.6699507335095096,-0.05944979026205425
449,-3.6699507335095096,-0.05944979026205425
451,-3.6699507335095096,-0.05944979026205425
453,-3.6699507335095096,-0.05944979026205425
455,-3.6699507335095096,-0.05944979026205425
457,-3.679916671103504,-0.0609307399860561
459,-3.6783659809582194,-0.06070030565702161
461,-3.679916671103504,-0.0609307399860561
463,-3.679916671103504,-0.0609307399860561
465,-3.679916671103504,-0.0609307399860561
477,1.740108798077606,1.0366444003748703
479,1.740108798077606,1.0366444003748703
481,1.0833067614871457,0.9390428665865471
483,0.910277111316385,0.9133304626859885
485,0.7237422492793534,0.8532390873776274
487,0.7237422492793534,0.8532390873776274
489,0.7403849903804358,0.8557122177387021
491,0.5382407417815243,0.7703329124015075
493,-2.5183445963460205,0.11168019875362752
495,-2.552151323051637,0.10665648050214413
497,-2.552151323051637,0.10665648050214413
499,-2.5653624598904616,0.10469329045899156
501,-2.5653624598904616,0.10469329045899156
503,-2.5653624598904616,0.10469329045899156
505,-2.5653624598904616,0.10469329045899156
507,-2.5653624598904616,0.10469329045899156
509,-2.5653624598904616,0.10469329045899156
511,-2.5653624598904616,0.10469329045899156
513,-2.5653624598904616,0.10469329045899156
515,-2.5653624598904616,0.10469329045899156
517,-2.5653624598904616,0.10469329045899156
519,-2.5653624598904616,0.10469329045899156
521,-2.5653624598904616,0.10469329045899156
523,-2.559721756553211,0.10553150542589201
525,-2.5653624598904616,0.10469329045899156
527,-2.559721756553211,0.10553150542589201
529,-2.559721756553211,0.10553150542589201
531,-2.559721756553211,0.10553150542589201
533,-2.559721756553211,0.10553150542589201
535,1.135817760488116,-0.5178425552564697
537,1.118178366159992,-0.5205278184323925
539,1.1173168659002948,-0.5271821209077338
541,1.1173168659002948,-0.5271821209077338
543,1.1173168659002948,-0.5271821209077338
545,1.1173168659002948,-0.5271821209077338
547,1.1161634296792926,-0.5271951951064638
549,0.9995942222052216,-0.6249474923187529
551,0.9995942222052216,-0.6249474923187529
553,0.9785899900071857,-0.6344593051298121
555,0.9785899900071857,-0.6344593051298121
557,0.9785899900071857,-0.6344593051298121
559,0.9785899900071857,-0.6344593051298121
561,0.9785899900071857,-0.6344593051298121
563,0.9785899900071857,-0.6344593051298121
565,0.9783558630645405,-0.6344940966612477
567,0.9757840534611192,-0.6348762705095639
569,0.9757840534611192,-0.6348762705095639
571,0.9764848048493249,-0.6347721380518627
573,0.9722736956748207,-0.6408446190168966
575,0.9722736956748207,-0.6408446190168966
577,0.9722736956748207,-0.6408446190168966
579,0.9722736956748207,-0.6408446190168966
581,0.9708373374036433,-0.6432804711279135
583,0.9708373374036433,-0.6432804711279135
585,0.9708373374036433,-0.6432804711279135
587,0.9708373374036433,-0.6432804711279135
589,0.9704048366685412,-0.6438183217673971
591,0.9704048366685412,-0.6438183217673971
593,0.9704048366685412,-0.6438183217673971
595,0.9704048366685412,-0.6438183217673971
597,0.9705202216441314,-0.6453779534280862
599,0.9705202216441314,-0.6453779534280862
601,0.9473216574238051,-0.669256938451112
603,0.9438219501782433,-0.6977259728717358
605,0.9443935563011032,-0.6972678125184929
607,0.9443935563011032,-0.6972678125184929
609,0.9438219501782433,-0.6977259728717358
611,0.9438219501782433,-0.6977259728717358
613,0.9438219501782433,-0.6977259728717358
615,0.9419092161069792,-0.6980102073422221
617,0.9332987373758254,-0.6922910967573174
619,0.9338683646402248,-0.6930340331516047
621,0.9338683646402248,-0.6930340331516047
623,0.9338683646402248,-0.6930340331516047
625,0.934624607308333,-0.6949373504282946
627,0.9235263727314561,-0.6876326367223552
629,0.9235263727314561,-0.6876326367223552
631,0.9235263727314561,-0.6876326367223552
633,0.9235263727314561,-0.6876326367223552
635,0.9231175470617548,-0.686921987740114
637,0.9231175470617548,-0.686921987740114
639,0.9231175470617548,-0.686921987740114
641,0.9231175470617548,-0.686921987740114
643,0.9227596785979514,-0.6869751674031116
645,0.9227596785979514,-0.6869751674031116
647,0.9227596785979514,-0.6869751674031116
649,0.944904715321689,-0.6842086386521059
651,0.9309509933259807,-0.6827562853183096
653,0.9309509933259807,-0.6827562853183096
655,0.9309509933259807,-0.6827562853183096
657,0.9311357557656801,-0.6827288294084669
659,0.9300276893526926,-0.6828934893446758
661,0.9300276893526926,-0.6828934893446758
663,0.9300276893526926,-0.6828934893446758
665,-1.662280568206796,0.238892292371871
667,-1.662280568206796,0.238892292371871
669,-1.662280568206796,0.238892292371871
671,-1.662280568206796,0.238892292371871
673,-1.662280568206796,0.238892292371871
675,-1.662280568206796,0.238892292371871
677,-1.662280568206796,0.238892292371871
679,-1.702830863582986,0.2328664721036652
681,-1.737553715256511,0.2277066166342255
683,-2.020253297581062,0.18569713539170732
685,-1.992487272871769,0.1898231984180942
687,-1.992487272871769,0.1898231984180942
689,-1.992487272871769,0.1898231984180942
691,-2.0023747131685856,0.18835391348222624
693,-2.0023747131685856,0.18835391348222624
695,-1.9957938863930915,0.1893318318672203
697,-1.9957938863930915,0.1893318318672203
699,-1.9622286811964031,0.19431965974626145
701,-1.9622286811964031,0.19431965974626145
703,-1.9622286811964031,0.19431965974626145
705,-1.9622286811964031,0.19431965974626145
707,-2.0023747131685856,0.18835391348222624
709,-2.0023747131685856,0.18835391348222624
711,-2.0023747131685856,0.18835391348222624
713,-2.0023747131685856,0.18835391348222624
715,-2.0023747131685856,0.18835391348222624
717,-1.9024670955845675,0.20320029971445644
719,-1.9024670955845675,0.20320029971445644
721,-1.992487272871769,0.1898231984180942
723,-2.0441325886409007,0.18214864543068857
725,-2.0441325886409007,0.18214864543068857
727,-2.0441325886409007,0.18214864543068857
729,-2.0441325886409007,0.18214864543068857
731,-2.0441325886409007,0.18214864543068857
733,-2.0441325886409007,0.18214864543068857
735,-2.0441325886409007,0.18214864543068857
737,-2.0441325886409007,0.18214864543068857
739,-2.0441325886409007,0.18214864543068857
741,-2.0441325886409007,0.18214864543068857
743,-2.0441325886409007,0.18214864543068857
745,-2.0441325886409007,0.18214864543068857
747,-1.3493699402579415,0.2853911695449924
749,-1.3493699402579415,0.2853911695449924
751,-1.3493699402579415,0.2853911695449924
753,-1.3493699402579415,0.2853911695449924
755,-1.2189469072244148,0.3047721814119434
757,-1.3493699402579415,0.2853911695449924
759,-1.2189469072244148,0.3047721814119434
761,-1.2189469072244148,0.3047721814119434
763,-1.2189469072244148,0.3047721814119434
765,-1.2189469072244148,0.3047721814119434
767,-1.2189469072244148,0.3047721814119434
769,-1.2978896975135776,0.2930411924921318
771,-1.2189469072244148,0.3047721814119434
773,-1.2978896975135776,0.2930411924921318
775,-1.2978896975135776,0.2930411924921318
777,-1.2978896975135776,0.2930411924921318
779,-1.2978896975135776,0.2930411924921318
781,-1.3110086181218747,0.29109170588629873
783,-1.3110086181218747,0.29109170588629873
785,-1.3110086181218747,0.29109170588629873
787,-1.3110086181218747,0.29109170588629873
789,-1.3110086181218747,0.29109170588629873
791,-1.3110086181218747,0.29109170588629873
793,-1.3110086181218747,0.29109170588629873
795,-1.3110086181218747,0.29109170588629873
797,-1.3110086181218747,0.29109170588629873
799,-1.3110086181218747,0.29109170588629873
801,-1.3110086181218747,0.29109170588629873
803,-1.3110086181218747,0.29109170588629873
805,-1.3110086181218747,0.29109170588629873
807,-1.3110086181218747,0.29109170588629873
809,-1.3110086181218747,0.29109170588629873
811,-1.3110086181218747,0.29109170588629873
813,-1.3110086181218747,0.29109170588629873
815,-1.3110086181218747,0.29109170588629873
817,-1.3110086181218747,0.29109170588629873
819,-1.3110086181218747,0.29109170588629873
821,-1.3110086181218747,0.29109170588629873
823,-1.3110086181218747,0.29109170588629873
825,-1.3110086181218747,0.29109170588629873
827,-1.3110086181218747,0.29109170588629873
829,-1.3110086181218747,0.29109170588629873
831,-1.3110086181218747,0.29109170588629873
833,-1.3110086181218747,0.29109170588629873
835,-1.3110086181218747,0.29109170588629873
837,-1.3110086181218747,0.29109170588629873
839,-1.3110086181218747,0.29109170588629873
841,-1.3110086181218747,0.29109170588629873
843,-1.3493699402579415,0.2853911695449924
845,-1.3493699402579415,0.2853911695449924
847,-1.3493699402579415,0.2853911695449924
849,-1.3493699402579415,0.2853911695449924
851,-1.3493699402579415,0.2853911695449924
853,-1.3493699402579415,0.2853911695449924
855,-1.3493699402579415,0.2853911695449924
857,-1.3493699402579415,0.2853911695449924
859,-1.3493699402579415,0.2853911695449924
861,-1.3493699402579415,0.2853911695449924
863,-1.3493699402579415,0.2853911695449924
865,-1.3493699402579415,0.2853911695449924
867,-1.3493699402579415,0.2853911695449924
869,-1.3493699402579415,0.2853911695449924
871,-1.3493699402579415,0.2853911695449924
873,-1.3493699402579415,0.2853911695449924
875,-1.3493699402579415,0.2853911695449924
877,-1.3493699402579415,0.2853911695449924
879,-1.3493699402579415,0.2853911695449924
881,-1.3493699402579415,0.2853911695449924
883,-1.3493699402579415,0.2853911695449924
885,-1.3493699402579415,0.2853911695449924
887,-1.0180884688203582,0.33461997507033475
889,-1.0180884688203582,0.33461997507033475
891,-1.0180884688203582,0.33461997507033475
893,-1.0180884688203582,0.33461997507033475
895,-1.5683830567199675,0.2528455699646071
897,-1.5683830567199675,0.2528455699646071
899,-1.5683830567199675,0.2528455699646071
901,-1.5683830567199675,0.2528455699646071
903,-1.5683830567199675,0.2528455699646071
905,-1.5683830567199675,0.2528455699646071
907,-1.5683830567199675,0.2528455699646071
909,-1.5683830567199675,0.2528455699646071
911,-1.5683830567199675,0.2528455699646071
913,-1.5658564232427383,0.2532210305889055
915,-1.0690797651366064,0.32704261012159636
917,-1.0690797651366064,0.32704261012159636
919,-1.1639133787941838,0.31295022667571437
921,-1.1639133787941838,0.31295022667571437
923,-1.1639133787941838,0.31295022667571437
925,-1.1639133787941838,0.31295022667571437
927,-1.1639133787941838,0.31295022667571437
929,-1.1639133787941838,0.31295022667571437
931,-1.1639133787941838,0.31295022667571437
933,-1.1639133787941838,0.31295022667571437
935,-1.1639133787941838,0.31295022667571437
937,-0.7669155811838206,0.37194455342674193
939,-2.710070190673277,0.08318955616981603
941,-2.7197671797088034,0.08174857250918566
943,-2.7396741728095035,0.07879037056780909
945,-2.778344936205997,0.07304385090131045
947,-2.776066105556164,0.0733824877420583
949,1.0712747912180127,0.6451017450102039
955,1.2818623701059257,-3.020255525178103
957,1.4127846673313378,-2.8702830804758594
959,1.4127517703025243,-2.8702879690119625
961,1.609335226748935,-2.6357207936838183
963,1.6155834697151383,-2.6388136644528783
965,1.6155834697151383,-2.6388136644528783
967,1.609335226748935,-2.6357207936838183
969,1.609335226748935,-2.6357207936838183
971,1.609368073337821,-2.6357159126431444
973,1.6094219998431818,-2.6333320619705205
975,1.6157850364936293,-2.636460529523132
977,1.6157520564935517,-2.636465430388862
979,1.6157520564935517,-2.636465430388862
981,1.6836518791442203,-2.619164492159574
983,1.5457038466217687,-2.7655746369613876
985,1.552013249641188,-2.7686977818638083
987,1.552013249641188,-2.7686977818638083
989,1.5457038466217687,-2.7655746369613876
991,1.552013249641188,-2.7686977818638083
993,1.5457038466217687,-2.7655746369613876
995,1.552013249641188,-2.7686977818638083
997,1.552013249641188,-2.7686977818638083
999,1.552608752465331,-2.768609289463094
1001,1.552608752465331,-2.768609289463094
1003,1.5462993494459114,-2.7654861445606738
1005,0.7596386139795968,-0.04348899459391766
1007,0.7741365305909829,-0.04133458760493827
1009,0.7741365305909829,-0.04133458760493827
1011,0.8389127565735273,0.3879779917306685
1013,0.8389127565735273,0.3879779917306685
1015,0.8389127565735273,0.3879779917306685
1017,0.8389127565735273,0.3879779917306685
1019,0.8389127565735273,0.3879779917306685
1021,0.8389127565735273,0.3879779917306685
1023,0.8389127565735273,0.3879779917306685
1025,0.8814243860150536,0.46841932637685546
1027,0.8814243860150536,0.46841932637685546
1029,0.8814243860150536,0.46841932637685546
1031,0.8833899560142199,0.46871141232665364
1033,0.8833899560142199,0.46871141232665364
1035,0.8819154189008221,0.4684922944252496
1037,0.8819154189008221,0.4684922944252496
1039,0.8819154189008221,0.4684922944252496
1041,0.8819154189008221,0.4684922944252496
1043,0.8819154189008221,0.4684922944252496
1045,0.8883207342931103,0.4694441316179764
1047,0.8873326449966261,0.4692973004184914
1049,0.886345524415294,0.46915061317118617
1051,0.886345524415294,0.46915061317118617
1053,0.886345524415294,0.46915061317118617
1055,0.886345524415294,0.46915061317118617
1057,0.886345524415294,0.46915061317118617
1059,0.886345524415294,0.46915061317118617
1061,0.886345524415294,0.46915061317118617
1063,0.886345524415294,0.46915061317118617
1065,0.886345524415294,0.46915061317118617
1067,0.886345524415294,0.46915061317118617
1069,0.886345524415294,0.46915061317118617
1071,0.886345524415294,0.46915061317118617
1073,0.8718967997995314,0.4670035161690147
1075,0.872383207013008,0.4670757968372165
1077,0.8721399740338527,0.46703965213834026
1079,0.8721399740338527,0.46703965213834026
1081,0.8721399740338527,0.46703965213834026
1083,0.8721399740338527,0.46703965213834026
1085,0.8718967997995314,0.4670035161690147
1087,0.8721399740338527,0.46703965213834026
1089,0.8721399740338527,0.46703965213834026
1091,0.8721399740338527,0.46703965213834026
1093,0.8718967997995314,0.4670035161690147
1095,0.8728698493193927,0.467148112440493
1097,0.8728698493193927,0.467148112440493
1099,0.8728698493193927,0.467148112440493
1101,0.8728698493193927,0.467148112440493
1103,0.847633868837047,0.4633980168797132
1105,0.8414814558701564,0.462483761276632
1107,0.8414814558701564,0.462483761276632
1109,0.8417173932847828,0.46251882184627546
1111,0.8414814558701564,0.462483761276632
1113,0.8414814558701564,0.462483761276632
1115,0.8414814558701564,0.462483761276632
1117,0.8414814558701564,0.462483761276632
1119,0.8414814558701564,0.462483761276632
1121,0.8414814558701564,0.462483761276632
1123,0.8414814558701564,0.462483761276632
1125,0.8417173932847828,0.46251882184627546
1127,0.8417173932847828,0.46251882184627546
1129,0.8417173932847828,0.46251882184627546
1131,0.8417173932847828,0.46251882184627546
1133,0.8417173932847828,0.46251882184627546
1135,0.8417173932847828,0.46251882184627546
1137,0.8417173932847828,0.46251882184627546
1139,0.8417173932847828,0.46251882184627546
1141,0.8417173932847828,0.46251882184627546
1143,0.8417173932847828,0.46251882184627546
1145,0.8492496947586543,0.4826443679198771
1147,1.1611539974282683,2.432607762329298
1149,1.1611539974282683,2.432607762329298
1151,1.1611539974282683,2.432607762329298
1153,1.1611539974282683,2.432607762329298
1179,1.1741841722771769,2.4519007386663576
1181,1.1657055975806392,2.306363923536453
1183,1.1657055975806392,2.306363923536453
1185,1.1661341594304018,2.3062312127273397
1187,1.1661341594304018,2.3062312127273397
1189,1.1661341594304018,2.3062312127273397
1191,1.166166689538339,2.3061981257160036
1193,1.118123656312781,2.2468691711743487
1195,1.118123656312781,2.2468691711743487
1197,1.118123656312781,2.2468691711743487
1199,1.8994790447911112,1.6813106164078824
1201,1.8994790447911112,1.6813106164078824
1203,1.8994790447911112,1.6813106164078824
1205,1.8994790447911112,1.6813106164078824
1207,1.8941388893395308,1.6827352857324542
1209,1.8941388893395308,1.6827352857324542
1211,1.8941388893395308,1.6827352857324542
1213,1.8941388893395308,1.6827352857324542
1215,1.8936384248717077,1.682980967397519
1217,1.893640810934931,1.6829818337855018
1256,-2.5339036631038963,1.1000048462459053
1258,-2.5339036631038963,1.1000048462459053
1260,-2.5177347141263744,1.1024075705555667
1262,-2.5177347141263744,1.1024075705555667
1264,-2.5177347141263744,1.1024075705555667
1266,-2.4822967193659546,1.1076736971055918
1268,-2.4822967193659546,1.1076736971055918
1270,-2.4822967193659546,1.1076736971055918
1272,3.5893596988814345,0.9440691252213186
1274,3.5893596988814345,0.9440691252213186
1276,3.5893596988814345,0.9440691252213186
1278,3.5893596988814345,0.9440691252213186
1280,3.5893596988814345,0.9440691252213186
1282,3.5893596988814345,0.9440691252213186
1284,3.5893596988814345,0.9440691252213186
1286,3.5893596988814345,0.9440691252213186
1288,3.5897038862978383,0.9441202718650251
1290,3.5897038862978383,0.9441202718650251
1292,3.5897038862978383,0.9441202718650251
1294,3.5897038862978383,0.9441202718650251
1296,3.589149420033204,0.9440378775439865
1298,3.5897038862978383,0.9441202718650251
1300,3.589149420033204,0.9440378775439865
1302,-1.9891560225002762,0.4396380263181596
1304,2.3985231054886484,1.1344855194510042
1306,2.3985231054886484,1.1344855194510042
1308,2.3985231054886484,1.1344855194510042
1310,2.3985231054886484,1.1344855194510042
1312,2.3985231054886484,1.1344855194510042
1314,2.3985231054886484,1.1344855194510042
1316,2.3985231054886484,1.1344855194510042
1318,2.3985231054886484,1.1344855194510042
1320,2.3985231054886484,1.1344855194510042
1322,2.3985231054886484,1.1344855194510042
1324,2.3985231054886484,1.1344855194510042
1326,2.3985231054886484,1.1344855194510042
1328,2.3985231054886484,1.1344855194510042
1330,2.3985231054886484,1.1344855194510042
1332,2.3985231054886484,1.1344855194510042
1334,2.3985231054886484,1.1344855194510042
1336,2.3985231054886484,1.1344855194510042
1338,2.3985231054886484,1.1344855194510042
1340,2.3985231054886484,1.1344855194510042
1342,1.8688194788067245,1.0557709547310559
1344,2.3985231054886484,1.1344855194510042
1346,1.8688194788067245,1.0557709547310559
1348,1.8688194788067245,1.0557709547310559
1350,1.8688194788067245,1.0557709547310559
1352,1.8688194788067245,1.0557709547310559
1354,2.143292544636181,0.8044048091801563
1356,2.143292544636181,0.8044048091801563
1358,2.143292544636181,0.8044048091801563
1360,2.143292544636181,0.8044048091801563
1362,2.143292544636181,0.8044048091801563
1364,2.143292544636181,0.8044048091801563
1366,2.143292544636181,0.8044048091801563
1368,2.143292544636181,0.8044048091801563
1370,2.143292544636181,0.8044048091801563
1372,1.4970336715257988,0.708370001542651
1374,1.4970336715257988,0.708370001542651
1376,2.143292544636181,0.8044048091801563
1378,1.4970336715257988,0.708370001542651
1380,1.4970336715257988,0.708370001542651
1382,1.4970336715257988,0.708370001542651
1384,1.4970336715257988,0.708370001542651
1386,1.4970336715257988,0.708370001542651
1388,1.4970336715257988,0.708370001542651
1390,1.4970336715257988,0.708370001542651
1392,1.4970336715257988,0.708370001542651
1394,1.4970336715257988,0.708370001542651
1396,1.4970336715257988,0.708370001542651
1398,1.4970336715257988,0.708370001542651
1400,1.4970336715257988,0.708370001542651
1402,1.4970336715257988,0.708370001542651
1404,1.4970336715257988,0.708370001542651
1406,-1.6802032092558732,0.2915694062281003
1434,1.2095579685842521,1.1403472415007934
1436,1.2095579685842521,1.1403472415007934
1438,1.2095579685842521,1.1403472415007934
1440,1.2095579685842521,1.1403472415007934
1442,1.2095579685842521,1.1403472415007934
1444,1.2095579685842521,1.1403472415007934
1446,1.2095579685842521,1.1403472415007934
1448,1.2095579685842521,1.1403472415007934
1450,1.2095579685842521,1.1403472415007934
1452,1.2095579685842521,1.1403472415007934
1454,1.2095579685842521,1.1403472415007934
1456,1.2095579685842521,1.1403472415007934
1458,1.2095579685842521,1.1403472415007934
1460,1.2095579685842521,1.1403472415007934
1462,1.2095579685842521,1.1403472415007934
1464,1.2095579685842521,1.1403472415007934
1466,-0.8271441570184624,0.3312633887333322
1468,-0.8191636958550971,0.33244929438905424
1470,-0.8236050921715522,0.33178929781703087
1472,-0.826260556336644,0.3313946928051794
1474,1.8125696364496857,0.1680323515426379
1476,1.8125696364496857,0.1680323515426379
1478,1.8125696364496857,0.1680323515426379
1480,1.8125696364496857,0.1680323515426379
1482,1.8125696364496857,0.1680323515426379
1484,1.8125696364496857,0.1680323515426379
1486,1.8125696364496857,0.1680323515426379
1488,1.8125696364496857,0.1680323515426379
1490,1.8125696364496857,0.1680323515426379
1492,1.8127064106008586,0.16805267633792403
1494,1.8125696364496857,0.1680323515426379
1496,1.8125696364496857,0.1680323515426379
1498,1.8125696364496857,0.1680323515426379
1500,1.8125696364496857,0.1680323515426379
1502,1.8125696364496857,0.1680323515426379
1504,1.8125696364496857,0.1680323515426379
1506,1.8125696364496857,0.1680323515426379
1508,1.8154458026112121,0.16845975312356523
1510,1.8154458026112121,0.16845975312356523
1512,1.8154458026112121,0.16845975312356523
1514,1.8154458026112121,0.16845975312356523
1516,1.8153086558545724,0.16843937295868067
1518,1.8153086558545724,0.16843937295868067
1520,1.8154458026112121,0.16845975312356523
1522,1.8154458026112121,0.16845975312356523
1524,1.8154458026112121,0.16845975312356523
1526,1.8154458026112121,0.16845975312356523
1528,1.8154458026112121,0.16845975312356523
1530,1.7150675370955328,0.023402239962700105
1532,1.8154458026112121,0.16845975312356523
1534,1.8154458026112121,0.16845975312356523
1536,1.7150675370955328,0.023402239962700105
1538,1.7150675370955328,0.023402239962700105
1540,1.548126882037515,0.5894872549954089
1542,1.5401457029493748,0.5853671657399004
1544,1.5401457029493748,0.5853671657399004
1546,1.5387617908867361,0.5832395589564283
1548,1.5130269000004817,0.5888752024341904
1550,1.5116542024625461,0.5871033144756923
1552,1.5116542024625461,0.5871033144756923
1554,1.389501599334764,0.34590987015423974
1556,1.389501599334764,0.34590987015423974
1558,1.389501599334764,0.34590987015423974
1560,1.389934965058591,0.3451684899838238
1562,1.3913751285038194,0.34577676924666656
1564,1.3513552591602565,0.30096092296028293
1566,1.3508486312680792,0.2995921148385926
1568,1.3289142119661197,0.35014708607710293
1570,1.3548707075616184,0.3021230512497223
1572,1.3327103741595352,0.3515195873107668
1574,1.3510104258413238,0.29679635992962844
1576,1.3291950155282477,0.34869675042909104
1578,1.3340858691124253,0.35185904132363904
1580,1.3186980142224607,0.3344007274596175
1582,1.3300339664688323,0.3474709903966281
1584,1.3329865971005401,0.34145602254584484
1586,1.3204165836682946,0.33771689582010905
1588,1.3325206442087318,0.342127375320541
1590,1.3184015965400275,0.3345906760672782
1592,0.9629465650437857,0.013378473866345882
1594,1.3191247477284458,0.3343340738104192
1596,0.9629465650437857,0.013378473866345882
1598,1.3242041714847592,0.4041863194942411
1600,1.3397524507003324,0.40382823867846535
1602,1.3719786534179954,0.4003125859601599
1604,-0.47968311591853496,0.44584657285801715
1606,-0.47968311591853496,0.44584657285801715
1608,-1.6027975581234388,0.36300079245511335
1610,-1.2046300879859364,0.3643954878421426
1612,-1.1130462803117138,0.32157284914720136
1614,-1.1130462803117138,0.32157284914720136
1616,-1.1108355294560437,0.32239269004404125
1618,-1.1108355294560437,0.32239269004404125
1620,-1.1108355294560437,0.32239269004404125
1622,-1.1108355294560437,0.32239269004404125
1624,-1.1039273152314122,0.3342138354201462
1626,-0.47968311591853496,0.44584657285801715
1628,-0.47968311591853496,0.44584657285801715
1630,-0.47968311591853496,0.44584657285801715
1632,-0.47968311591853496,0.44584657285801715
1634,-0.47968311591853496,0.44584657285801715
1636,-0.47968311591853496,0.44584657285801715
1638,-1.1053100078501563,0.3170686553493707
1640,-0.47968311591853496,0.44584657285801715
1642,-0.47968311591853496,0.44584657285801715
1644,-0.47968311591853496,0.44584657285801715
1646,-0.31264534827057094,0.6751092129044919
1648,-0.47968311591853496,0.44584657285801715
1650,-1.1053100078501563,0.3170686553493707
1652,-0.31264534827057094,0.6751092129044919
1654,-0.31264534827057094,0.6751092129044919
1656,4.0675383679982176,1.0799623164081744
1658,4.111039561430434,1.138984316766986
1660,4.111037131819604,1.13897993021179
1662,4.125879434487006,1.1705650619328019
1664,4.111039561430434,1.138984316766986
1666,4.111039561430434,1.138984316766986
1668,4.111039561430434,1.138984316766986
1670,4.110654412065893,1.1388936705434518
1672,4.110800571278724,1.138915389969634
1674,4.1090337061591775,1.1380330259107578
1676,4.11021489161845,1.1387479030662522
1678,4.108607185190492,1.1378982940227622
1680,4.1085589815432675,1.1378800745883113
1682,4.1307392057706185,1.0958173301489704
1684,4.1307392057706185,1.0958173301489704
1686,4.1307392057706185,1.0958173301489704
1688,4.135599645301614,1.0929753667523008
1690,4.135023684171018,1.0932604666363115
1692,4.135599645301614,1.0929753667523008
1694,4.135599645301614,1.0929753667523008
1696,4.135599645301614,1.0929753667523008
1749,0.4011462846698666,-0.8660445428839293
1751,2.593646123970294,0.3097010327148435
1753,2.5977145631234815,0.3103216603819217
1755,2.597669588789032,0.3103149771443881
1757,2.597669588789032,0.3103149771443881
1759,2.597669588789032,0.3103149771443881
1761,2.5968903526816725,0.31019918176766176
1763,2.5968903526816725,0.31019918176766176
1765,3.787623136769145,2.0894296558682304
1767,3.787623136769145,2.0894296558682304
1769,2.5968903526816725,0.31019918176766176
1771,2.5938903424302975,0.3108131060262665
1773,2.5939651359522222,0.3108242204291619
1775,2.5938903424302975,0.3108131060262665
1777,2.5938903424302975,0.3108131060262665
1779,2.5938903424302975,0.3108131060262665
1781,2.5938903424302975,0.3108131060262665
1783,2.5938903424302975,0.3108131060262665
1785,2.5938903424302975,0.3108131060262665
1787,2.5938903424302975,0.3108131060262665
1789,2.5938903424302975,0.3108131060262665
1791,2.5938903424302975,0.3108131060262665
1793,2.5938903424302975,0.3108131060262665
1795,2.5938903424302975,0.3108131060262665
1797,2.5938903424302975,0.3108131060262665
1799,2.5938903424302975,0.3108131060262665
1801,2.5938903424302975,0.3108131060262665
1803,2.5938903424302975,0.3108131060262665
1805,2.5938903424302975,0.3108131060262665
1807,2.6526755189746702,0.38180443687727655
1809,2.6365704517406012,0.38298492425379604
1811,2.8615322522841975,0.2836411792243752
1813,2.8615322522841975,0.2836411792243752
1815,2.8615322522841975,0.2836411792243752
1817,2.8757599893917476,0.2989716663167193
1819,2.8757599893917476,0.2989716663167193
1821,2.8757599893917476,0.2989716663167193
1823,2.5472228886190433,-0.11634522258328517
1825,2.5472228886190433,-0.11634522258328517
1827,1.2395122317419218,0.2439457318362282
1829,1.3761621362420324,0.10690907350178745
1831,1.3777880057247769,0.10760223189500934
1833,1.3798168308956968,0.10296281851055886
1835,1.3758969489168367,0.07654571775471118
1837,1.3850288659910615,0.10503820690618117
1839,1.2958620926885567,-0.4103355168437752
1841,1.2922597748116447,-0.3531652630515996
1843,1.2922597748116447,-0.3531652630515996
1845,1.3011069446208772,-0.41562844142992406
1847,1.2970567127835628,-0.3581548086166459
1849,1.2970567127835628,-0.3581548086166459
1851,1.2823957421285928,-0.35664925184376534
1853,1.1826683053037592,-0.5870607137358057
1855,1.1813263182541782,-0.5872601345461358
1857,1.297736403114032,-0.4503713566864032
1859,1.238751201215944,-0.4850288643021159
1861,1.2974384265175056,-0.4504156363494274
1863,1.3197071383441488,-0.4396869092967528
1865,1.3193607768169608,-0.43953741496548454
1867,1.319988628885319,-0.44372368097966874
1869,1.3086347369039888,-0.3998010269653728
1871,1.2995862011337762,-0.41091466153423684
1873,1.2994728205784205,-0.4120383635776827
1875,1.2904079501251733,-0.4138056570288019
1877,1.2895478735532462,-0.41393346539101583
1879,1.2887499729050442,-0.41427047326308625
1881,1.2925390532448218,-0.41670335083269433
1883,1.2925390532448218,-0.41670335083269433
1885,1.2913721308644999,-0.3909922142395764
1887,1.2924504315767615,-0.3916951143231685
1889,1.289759594457133,-0.3925310297734338
1891,1.289759594457133,-0.3925310297734338
1893,1.9681660882459033,0.3820630938110092
1895,1.9681660882459033,0.3820630938110092
1897,-0.725945410978424,0.6486193277200102
1899,-0.8291040280264632,0.577949400436092
1901,-0.8291040280264632,0.577949400436092
1903,-0.7702102494605453,0.6420415220981295
1905,-0.8817919924973651,0.6808007862858434
1907,-0.8817919924973651,0.6808007862858434
1909,-0.9078779829568806,0.6769243782703429
1911,-2.0723909909374156,0.5038764134903191
1913,-3.21987259744896,0.21187297222936055
1915,-3.21987259744896,0.21187297222936055
1917,-3.21987259744896,0.21187297222936055
1919,-3.21987259744896,0.21187297222936055
1921,-3.21987259744896,0.21187297222936055
1923,-3.21987259744896,0.21187297222936055
1925,-2.918057878991276,0.5273095447075206
1927,-2.918057878991276,0.5273095447075206
1929,-2.918057878991276,0.5273095447075206
1931,-2.918057878991276,0.5273095447075206
1933,-2.918057878991276,0.5273095447075206
1935,-2.907477786064026,0.5288817586164231
1937,-2.907477786064026,0.5288817586164231
1939,-2.907477786064026,0.5288817586164231
1941,-2.907477786064026,0.5288817586164231
1943,-2.907477786064026,0.5288817586164231
1945,-2.907477786064026,0.5288817586164231
1947,-2.907477786064026,0.5288817586164231
1949,-2.907477786064026,0.5288817586164231
1951,-2.907477786064026,0.5288817586164231
1953,-2.907477786064026,0.5288817586164231
1955,-2.907477786064026,0.5288817586164231
1957,-2.907477786064026,0.5288817586164231
1959,-2.907477786064026,0.5288817586164231
1961,-2.907477786064026,0.5288817586164231
1963,-2.907477786064026,0.5288817586164231
1965,-2.907477786064026,0.5288817586164231
1967,-2.907477786064026,0.5288817586164231
1969,-2.907477786064026,0.5288817586164231
1971,-2.907477786064026,0.5288817586164231
1973,-2.907477786064026,0.5288817586164231
1975,-2.907477786064026,0.5288817586164231
1977,-2.907477786064026,0.5288817586164231
1979,-2.907477786064026,0.5288817586164231
1981,-2.907477786064026,0.5288817586164231
1983,-2.907477786064026,0.5288817586164231
1985,-2.907477786064026,0.5288817586164231
1987,-2.907477786064026,0.5288817586164231
1989,-2.907477786064026,0.5288817586164231
1991,-2.907477786064026,0.5288817586164231
1993,-2.907477786064026,0.5288817586164231
1995,-2.907477786064026,0.5288817586164231
1997,-2.907477786064026,0.5288817586164231
1999,-2.907477786064026,0.5288817586164231
2001,-2.907477786064026,0.5288817586164231
2003,-2.907477786064026,0.5288817586164231
2005,-2.907477786064026,0.5288817586164231
2007,-2.907477786064026,0.5288817586164231
2009,-2.907477786064026,0.5288817586164231
2011,-2.907477786064026,0.5288817586164231
2013,-2.907477786064026,0.5288817586164231
2015,-2.907477786064026,0.5288817586164231
2017,-2.907477786064026,0.5288817586164231
2019,-2.907477786064026,0.5288817586164231
2021,-2.907477786064026,0.5288817586164231
2023,-2.907477786064026,0.5288817586164231
2025,-2.907477786064026,0.5288817586164231
2027,-2.907477786064026,0.5288817586164231
2029,-2.907477786064026,0.5288817586164231
2031,-2.907477786064026,0.5288817586164231
2033,-2.907477786064026,0.5288817586164231
2035,-2.907477786064026,0.5288817586164231
2037,-2.907477786064026,0.5288817586164231
2039,-2.907477786064026,0.5288817586164231
2041,-2.907477786064026,0.5288817586164231
2043,-2.907477786064026,0.5288817586164231
2045,-2.907477786064026,0.5288817586164231
2047,-2.907477786064026,0.5288817586164231
2049,-2.907477786064026,0.5288817586164231
2051,-2.7885216727225313,0.5789308545822598
2053,-2.7885216727225313,0.5789308545822598
2055,-2.7885216727225313,0.5789308545822598
2057,-2.7885216727225313,0.5789308545822598
2059,-2.7885216727225313,0.5789308545822598
2061,-2.7885216727225313,0.5789308545822598
2063,-2.7885216727225313,0.5789308545822598
2065,-2.7885216727225313,0.5789308545822598
2067,-2.7885216727225313,0.5789308545822598
2069,-2.7885216727225313,0.5789308545822598
2071,-2.7885216727225313,0.5789308545822598
2073,-2.7885216727225313,0.5789308545822598
2075,-2.7885216727225313,0.5789308545822598
2077,-2.7885216727225313,0.5789308545822598
2079,-2.8064547497207504,0.5762659788311797
2081,-2.81097529534238,0.5755942205818876
2083,1.3006035618417298,0.3080867276716269
2085,1.3015842391204417,0.2941894890259476
2087,1.2996765816762454,0.29565961397637636
2089,1.2550403165744246,0.31850216171248863
2091,1.2516227805930695,0.3174574088576942
2093,1.2631744011388975,0.306898643128097
2095,1.2522544461853833,0.3147578102051702
2097,1.3352191861774916,0.38845301491403106
2099,1.3352191861774916,0.38845301491403106
2101,0.9104168919064395,-1.2604338264262251
2103,0.9104168919064395,-1.2604338264262251
2105,0.9104168919064395,-1.2604338264262251
2107,0.9104168919064395,-1.2604338264262251
2109,0.9104168919064395,-1.2604338264262251
2111,0.9104168919064395,-1.2604338264262251
2113,2.143292544636181,0.8044048091801563
2115,1.2207133898167757,0.6673084916672812
2117,-3.09642878400565,0.025776227342013177
2163,-0.1413149267707403,-0.4674500530682115
2165,-0.1413149267707403,-0.4674500530682115
2167,-0.20132793914822855,-0.5110820351351293
2169,-0.20142984319287965,-0.5110971781927058
2171,-0.1801139330334997,-0.5357695098079938
2173,-0.01886070934508917,-0.46292025671298903
2175,-0.01886070934508917,-0.46292025671298903
2177,-0.01886070934508917,-0.46292025671298903
2179,-0.01886070934508917,-0.46292025671298903
2181,-0.01600964858152683,-0.4667665543047201
2183,0.07645563120846365,0.36142821385563295
2185,0.4664543465203365,0.8433649551852341
2187,0.4565633419235983,0.8385800003975149
2189,0.4698856766224217,0.7920297578330833
2191,0.4693230261957582,0.7919461473362066
2193,3.494491370498895,0.7319386196358277
2195,3.494513745602588,0.7319544341406286
2197,3.494890232420173,0.7327610910642799
2199,3.4944641784157726,0.7319256449608114
2201,3.494413745033509,0.7319092158037134
2203,3.494244415588358,0.7317267010748768
2205,3.494151477970911,0.7317128904386356
2207,3.4824410070567837,0.7200790640863457
2209,3.4874476952827727,0.7317850495689783
2211,3.487466141774782,0.7317796928642226
2213,3.487514880465145,0.7318587437063265
2215,3.4874856384491126,0.7317231577920462
2217,3.487455669466583,0.7317268026238626
2219,3.465662078979515,0.7019330031617748
2221,3.4652959625629385,0.701153762866612
2223,3.464570654266657,0.6945021805145535
2225,3.4645402425489196,0.6944513473383154
2227,3.4645402425489196,0.6944513473383154
2229,3.4645402425489196,0.6944513473383154
2231,3.4643127963823512,0.694349934429755
2233,3.4643127963823512,0.694349934429755
2235,3.461264437378901,0.6969146549651851
2237,3.4611591493083425,0.696718721937953
2239,3.461191890447692,0.6966667058893632
2241,3.46129565215013,0.6966267333100341
2243,3.4613743041932548,0.6966236747523737
2245,3.458942105871018,0.6976727437486638
2247,3.4589409202632346,0.6976938076670541
2249,3.458942105871018,0.6976727437486638
2251,3.539557280164444,0.7940722269992478
2253,3.5380142336769285,0.795723916991774
2255,3.539521907595873,0.7940706347585728
2257,3.5384221016858435,0.7965156076173
2259,3.5395530107590436,0.7953818828774721
2261,3.537085710571016,0.7928752607310176
2263,3.53806084838632,0.7927067374903937
2265,3.5379775314634836,0.7921397319430756
2267,3.5370582961209895,0.7931968259577498
2269,3.443503144484925,1.118356191337221
2271,3.4418921209938973,1.1207515054055663
2273,3.4409131829375554,1.1284845183236718
2275,3.442154782166687,1.1278699285928562
2277,3.440606102028119,1.1213136606146321
2279,3.440606102028119,1.1213136606146321
2281,3.440588045757683,1.1212905480115678
2283,3.442154782166687,1.1278699285928562
2285,3.4409131829375554,1.1284845183236718
2287,3.442154782166687,1.1278699285928562
2289,3.440676224272036,1.1272570595014875
2291,3.440676224272036,1.1272570595014875
2293,3.4394346250429035,1.1278716492323029
2295,3.4394346250429035,1.1278716492323029
2297,3.4394346250429035,1.1278716492323029
2299,3.440676224272036,1.1272570595014875
2301,3.440676224272036,1.1272570595014875
2303,3.4406571278227993,1.1272124132958432
2305,3.064709147097322,0.03732472473629076
2307,3.064709147097322,0.03732472473629076
2309,3.0683612768571003,0.04666976187797516
2311,3.0685658242849825,0.04682281785713944
2313,1.9164451339373614,0.350196342295632
2315,1.9164451339373614,0.350196342295632
2317,0.6696164361914929,1.1376932960066806
2319,0.6120657491694617,1.129141198097422
2321,0.6009400789260652,1.127487910775392
2395,0.1903500296020153,-1.133791982647421
2397,0.1903500296020153,-1.133791982647421
2399,0.1903500296020153,-1.133791982647421
2437,0.2283624539014265,-1.123583603888973
2439,0.2283624539014265,-1.123583603888973
2441,0.2283624539014265,-1.123583603888973
2443,0.2283624539014265,-1.123583603888973
2445,0.2283624539014265,-1.123583603888973
2447,0.2283624539014265,-1.123583603888973
2449,0.2283624539014265,-1.123583603888973
2451,0.2283624539014265,-1.123583603888973
2453,0.2283624539014265,-1.123583603888973
2455,0.2283624539014265,-1.123583603888973
2457,0.3825504146662395,-1.1006710965824171
2459,0.2283624539014265,-1.123583603888973
2461,0.3825504146662395,-1.1006710965824171
2463,0.3825504146662395,-1.1006710965824171
2465,0.3825504146662395,-1.1006710965824171
2467,1.1963199103649858,-2.739765140629882
2469,0.283626132678971,-3.2274424291200092
2471,0.283626132678971,-3.2274424291200092
2473,0.24299455576768003,-3.274754400834912
2475,0.24299455576768003,-3.274754400834912
2477,0.24299455576768003,-3.274754400834912
2479,0.167016862050909,-3.3488201960456916
2481,1.2380586823339832,-0.5810181338455883
2483,1.472915631046871,-0.33103987105851157
2485,1.472915631046871,-0.33103987105851157
2487,1.472915631046871,-0.33103987105851157
2489,1.4737749386320935,-0.33091217696860203
2491,1.4749152670937578,-0.3331189317341109
2493,1.4554571936944862,-0.33391121175294636
2495,1.4554571936944862,-0.33391121175294636
2497,1.5305317375427516,-0.46150355911181046
2499,1.5305317375427516,-0.46150355911181046
2501,1.5217398135719136,-0.45642617749899655
2503,1.5115380057713401,-0.4568941038686405
2505,1.5115380057713401,-0.4568941038686405
2507,1.5115380057713401,-0.4568941038686405
2509,1.5115380057713401,-0.4568941038686405
2511,1.5309312502017012,-0.4789918424614662
2513,1.5333325954712496,-0.4799363495883863
2515,1.5333325954712496,-0.4799363495883863
2517,1.5333325954712496,-0.4799363495883863
2519,1.752000177841054,-0.7124377817117825
2521,1.751518836362971,-0.7121995184119154
2523,1.2968738011591665,0.1676754785537197
2525,1.5134345892861003,-0.4899148370456539
2527,1.5134345892861003,-0.4899148370456539
2529,0.6194241535713751,-2.417785963290085
2531,0.6194241535713751,-2.417785963290085
2533,0.5870556383297318,-2.500538092532741
2539,1.5315660012023002,1.0262030277393288
2541,0.48290128924394016,-0.7215304753691821
2543,0.46958161372883955,-0.7183772993071338
2545,0.46918187988690085,-0.7184367002132012
2547,0.5815916748774173,-1.549028893395047
2549,0.8395856947895209,-0.8897843703390387
2551,0.8395856947895209,-0.8897843703390387
2553,0.8395856947895209,-0.8897843703390387
2555,0.8395856947895209,-0.8897843703390387
2557,0.8102678307323926,-0.9147454768487895
2559,0.8102678307323926,-0.9147454768487895
2561,0.7084912107371582,0.04951057200651875
2563,0.7324885463147937,0.03798609287434042
2565,0.7453531688377154,0.03126395878801614
2567,0.7453531688377154,0.03126395878801614
2569,0.7288172598781707,0.036766781498991735
2571,0.7288172598781707,0.036766781498991735
2573,0.7324885463147937,0.03798609287434042
2575,0.7288172598781707,0.036766781498991735
2577,0.7302300015469638,0.045060032869864944
2579,0.7288172598781707,0.036766781498991735
2581,0.7302300015469638,0.045060032869864944
2583,0.7302300015469638,0.045060032869864944
2585,0.7299010509601083,0.04501115043645461
2587,0.7361587409610443,0.04015201749680495
2589,0.7278201892487892,0.04470193200637698
2591,0.7278201892487892,0.04470193200637698
2593,0.7350659875302394,0.03998963308726102
2595,3.4591990613164465,1.0174015717414446
2597,3.6355578439905556,2.596020428005825
2599,3.625917120927704,2.6204187125701917
2601,3.625917120927704,2.6204187125701917
2603,1.099975303740786,1.8940142373410358
2605,3.823476635992091,3.189752457607365
2607,3.8615132968908763,3.1780604137635633
2609,3.8242824561771145,3.1910937469937126
2611,3.860786025466267,3.176833343985577
2613,3.8604809883795026,3.176248831819263
2615,3.8606938575673087,3.1766635630486575
2617,3.8605295520918546,3.176261259947835
2619,3.8606995080461712,3.176667067971335
2667,2.6606270568844694,0.620462317719284
2685,2.6126119581188085,0.6201875729016325
2687,2.622399514182143,0.6216420149261725
2689,2.6126119581188085,0.6201875729016325
2691,2.612802959335793,0.6202159559009146
2693,2.612802959335793,0.6202159559009146
2695,2.6126119581188085,0.6201875729016325
2697,2.612802959335793,0.6202159559009146
2699,2.612802959335793,0.6202159559009146
2701,2.616055535942809,0.6206992925045236
2703,2.322823887058241,1.1293137486208182
2705,2.3159083061834664,1.1166776002715353
2707,2.3159083061834664,1.1166776002715353
2709,2.3158700304269737,1.1166719124503461
2711,2.3158700304269737,1.1166719124503461
2713,2.30969847521665,1.1110630293296277
2715,2.30969847521665,1.1110630293296277
2717,2.30969847521665,1.1110630293296277
2719,2.30969847521665,1.1110630293296277
2721,2.308779734756908,1.1109265034465932
2723,2.3204725456011936,1.0754085322340579
2725,2.3204725456011936,1.0754085322340579
2727,2.3200705386618425,1.0753487935431156
2729,2.3200705386618425,1.0753487935431156
2731,2.3168579081711753,1.0722305316459566
2733,2.3168579081711753,1.0722305316459566
2735,2.3168579081711753,1.0722305316459566
2737,2.3168579081711753,1.0722305316459566
2739,2.3168579081711753,1.0722305316459566
2741,2.3168579081711753,1.0722305316459566
2743,2.31671162029001,1.072208793099514
2745,2.31671162029001,1.072208793099514
2747,2.3154325071461304,1.0720187154234768
2749,2.31671162029001,1.072208793099514
2751,2.31671162029001,1.072208793099514
2753,2.308956189026951,1.073393594948136
2755,2.2964488507060077,1.0822659007583837
2757,2.2964488507060077,1.0822659007583837
2759,2.4294212772183714,1.285894275211386
2761,2.4294553937084133,1.2858993449608243
2763,2.4291938932853516,1.2857176054330774
2765,2.426893440520977,1.2844535723642263
2767,2.426893440520977,1.2844535723642263
2769,2.4261487444348924,1.2843429096741628
2771,2.426114907696281,1.2843378814961075
2773,2.426114907696281,1.2843378814961075
2775,2.426114907696281,1.2843378814961075
2777,2.42398598374769,1.2821066209283902
2779,2.3633281664727552,1.2348313986110862
2781,2.3633281664727552,1.2348313986110862
2783,2.3633281664727552,1.2348313986110862
2785,2.3623759376160507,1.2346898963139648
2787,2.3633281664727552,1.2348313986110862
2789,2.362613910416098,1.2347252593442093
2791,2.362613910416098,1.2347252593442093
2793,2.3623759376160507,1.2346898963139648
2795,2.3623759376160507,1.2346898963139648
2797,1.3307102228589731,-0.5648013056240634
2799,1.3337397758853318,-0.5438616500066077
2801,1.3337397758853318,-0.5438616500066077
2803,1.3329867465608727,-0.5439735510254234
2805,1.3328612964096638,-0.5439921930613639
2807,1.331858257499927,-0.5441412457904758
2809,1.3354990375837523,-0.5436002217062443
2811,1.3348075324190287,-0.5437029801645615
2813,1.3348075324190287,-0.5437029801645615
2815,1.3348075324190287,-0.5437029801645615
2817,1.3348075324190287,-0.5437029801645615
2819,1.3335514657487557,-0.5438896331082634
2821,1.3331749510996895,-0.5439455836157152
2823,1.3136239611420641,-0.5673403436558814
2825,1.3335514657487557,-0.5438896331082634
2827,1.3136239611420641,-0.5673403436558814
2829,1.3307102228589731,-0.5648013056240634
2831,1.3115218138698117,-0.5729416707218561
2833,1.3307102228589731,-0.5648013056240634
2835,1.3307102228589731,-0.5648013056240634
2837,1.3307102228589731,-0.5648013056240634
2839,1.331589690895955,-0.5650104283618005
2841,1.331589690895955,-0.5650104283618005
2843,1.331589690895955,-0.5650104283618005
2845,1.331589690895955,-0.5650104283618005
2847,1.331589690895955,-0.5650104283618005
2849,1.3143852044970905,-0.572516167599929
2851,1.3143852044970905,-0.572516167599929
2853,1.3150227956082623,-0.5725261282258315
2855,1.3143852044970905,-0.572516167599929
2857,1.3115218138698117,-0.5729416707218561
2859,1.311648902909087,-0.5729227851452746
2861,1.312666193131834,-0.5727716146547519
2863,1.3129843072263918,-0.5727243425364893
2865,1.3129843072263918,-0.5727243425364893
2867,1.312793426709095,-0.5727527075996601
2869,1.3127298079107095,-0.5727621614258577
2871,1.3127298079107095,-0.5727621614258577
2873,1.312666193131834,-0.5727716146547519
2875,1.3127298079107095,-0.5727621614258577
2877,1.3127298079107095,-0.5727621614258577
2879,1.3127298079107095,-0.5727621614258577
2881,1.312666193131834,-0.5727716146547519
2883,-0.029383963290248432,-0.2372265853454591
2885,-0.029383963290248432,-0.2372265853454591
2887,-0.029383963290248432,-0.2372265853454591
2889,-0.029383963290248432,-0.2372265853454591
2891,-0.029383963290248432,-0.2372265853454591
2893,-0.11433878105372962,-0.5351312639050263
2895,-0.1556378651961212,-0.5420575575064135
2897,-0.2364575164942848,-0.543906153860755
2899,1.3613270438864689,-0.24477533598836354
2901,1.3613270438864689,-0.24477533598836354
2903,1.3613270438864689,-0.24477533598836354
2905,1.484709938861188,-0.41760644618650794
2907,1.3613270438864689,-0.24477533598836354
2909,1.360062934602641,-0.24496318407363774
2911,1.4839966903055928,-0.41771243573757505
2913,1.4846160614952377,-0.4176203964704508
2915,1.4839966903055928,-0.41771243573757505
2917,1.4885228847191396,-0.42588400846517815
2919,1.485448601677253,-0.429208772075629
2921,1.4839966903055928,-0.41771243573757505
2923,1.4875168733103319,-0.4253915419157976
2925,1.4885228847191396,-0.42588400846517815
2927,1.4875953720719424,-0.42812632433555603
2929,1.4875768956585003,-0.4281290699517241
2931,1.4875768956585003,-0.4281290699517241
2933,1.4875768956585003,-0.4281290699517241
2935,1.4875953720719424,-0.42812632433555603
2937,1.4875768956585003,-0.4281290699517241
2939,1.485448601677253,-0.429208772075629
2941,1.485448601677253,-0.429208772075629
2943,1.485448601677253,-0.429208772075629
2945,1.485448601677253,-0.429208772075629
2947,1.4671961693734006,-0.4329324012736273
2949,1.485448601677253,-0.429208772075629
2951,1.4671961693734006,-0.4329324012736273
2953,-2.1970912171419683,0.15941881830444998
2955,-2.195738815444602,0.15961978674335142
2957,-2.1724656249651493,0.16307820946495843
2959,-2.1970912171419683,0.15941881830444998
2961,-2.1724656249651493,0.16307820946495843
2963,-2.1970912171419683,0.15941881830444998
2965,-2.1970912171419683,0.15941881830444998
2967,-2.1970912171419683,0.15941881830444998
2969,-2.1970912171419683,0.15941881830444998
2971,-2.1970912171419683,0.15941881830444998
3001,-1.0939530816982328,0.6864835082890294
3003,-1.0939530816982328,0.6864835082890294
3005,-1.0939530816982328,0.6864835082890294
3007,-1.0939530816982328,0.6864835082890294
3009,-1.0989030791822234,0.6728945543777421
3011,-1.0939530816982328,0.6864835082890294
3013,-1.0939530816982328,0.6864835082890294
3015,-1.0939530816982328,0.6864835082890294
3017,-1.0939530816982328,0.6864835082890294
3019,-1.0939530816982328,0.6864835082890294
3021,-1.0939530816982328,0.6864835082890294
3023,-1.0939530816982328,0.6864835082890294
3025,-1.0939530816982328,0.6864835082890294
3027,-1.0939530816982328,0.6864835082890294
3029,-1.0939530816982328,0.6864835082890294
3031,-1.0939530816982328,0.6864835082890294
3033,-1.0939530816982328,0.6864835082890294
3035,1.1439034086241717,0.1393419707541704
3037,1.1436050776446534,0.1372259720764966
3039,1.1419335908005304,0.0841864199214785
3041,1.1419335908005304,0.0841864199214785
3043,1.1419738329327727,0.08411232385740025
3045,1.1382723387969327,0.08258695360047331
3047,1.1381590030919577,0.0825530437975193
3049,1.1378084768740415,0.08233000089442712
3051,1.1381567065908316,0.08246705863965148
3053,1.1381727460867974,0.08230400589342757
3055,1.1549976148424892,0.07215133274681149
3057,1.1598651491402179,0.06460390925479086
3059,1.1598651491402179,0.06460390925479086
3061,1.1603461053808601,0.0645484571660302
3063,1.1604108866523828,0.06455808373706563
3065,1.1521632860834334,0.0684775288165663
3067,1.1523333877355735,0.06851513942187994
3069,1.152203894621976,0.0684958965971042
3071,1.1508808639503596,0.06983744812101042
3073,1.1509359539071762,0.06983989283627724
3075,1.1509460078420397,0.06990346094213841
3077,1.1543632026526984,0.07132570826399261
3079,1.154200885280417,0.07142476657106847
3081,1.1545939247660022,0.0711649310432109
3083,1.154712960174452,0.07123855255134445
3085,1.1546140377365173,0.0715316616339867
3087,1.145567944671773,0.05915053776962077
3089,1.1524580559075117,0.11087658170201158
3091,1.1524580559075117,0.11087658170201158
3093,1.1517599935244622,0.11038299467662098
3095,1.1517684925166296,0.10947489091879918
3097,1.151858120906402,0.10953932830635621
3099,0.6517496411270867,-1.8299461016904404
3101,0.6495075604844696,-1.8288362751809824
3103,0.6495075604844696,-1.8288362751809824
3105,0.6495075604844696,-1.8288362751809824
3107,0.6495075604844696,-1.8288362751809824
3109,0.6495075604844696,-1.8288362751809824
3111,0.6705472153719327,-1.860539950581509
3113,0.6705472153719327,-1.860539950581509
3115,0.6702914391957033,-1.8605779592138147
3117,0.6702914391957033,-1.8605779592138147
3119,0.6792218330177235,-1.869566159437752
3121,0.682495178623754,-1.8697025454138414
3123,0.6806546027505268,-1.870464711581289
3125,0.6806546027505268,-1.870464711581289
3127,0.5899279488679826,-1.9043110865477373
3129,0.6012070700041289,-1.9195895008949484
3131,0.8707722198580328,-1.578962626791414
3133,0.8707722198580328,-1.578962626791414
3135,0.8620170215739913,-1.5798664485562466
3137,0.8620170215739913,-1.5798664485562466
3139,0.8796426143237178,-1.7157920859450375
3141,0.8797242881382017,-1.7150842919459057
3143,0.8797242881382017,-1.7150842919459057
3145,0.9068139807831574,-1.636657867059198
3147,0.9418685131798086,-1.563301431753142
3149,0.9418685131798086,-1.563301431753142
3151,0.9418685131798086,-1.563301431753142
3153,0.9408639161111103,-1.5639922334867233
3155,0.9408639161111103,-1.5639922334867233
3157,0.9410378881050306,-1.563966381049464
3159,0.9411248853757735,-1.5639534531555372
3161,0.9441834916487882,-1.5860943174139994
3163,0.9441834916487882,-1.5860943174139994
3165,0.9313633096251788,-1.5799897134424703
3167,0.9482913531949809,-1.5883589266979499
3169,0.931787841786595,-1.5799266274777681
3171,0.9458136950222557,-1.5912701254030663
3173,0.9454875166364609,-1.5917760383173847
3175,0.9354905138637961,-1.5959277762094939
3177,0.233277637159374,-0.4408749018281165
3179,0.233277637159374,-0.4408749018281165
3181,0.233277637159374,-0.4408749018281165
3183,0.3311067451362865,-0.21429355834108615
3185,0.33979259880368984,-0.2110633171210049
3187,0.33979259880368984,-0.2110633171210049
3189,0.33979259880368984,-0.2110633171210049
3191,0.33979259880368984,-0.2110633171210049
3193,0.33979259880368984,-0.2110633171210049
3195,0.33979259880368984,-0.2110633171210049
3197,0.33979259880368984,-0.2110633171210049
3199,0.6082533715315609,-0.3626201878824366
3201,0.6116099150884776,-0.3757860728749799
3203,0.6009623439212977,-0.37241283682993753
3205,0.6166405287071888,-0.36280835413406054
3207,0.6166405287071888,-0.36280835413406054
3209,0.5344017270841462,-0.4585744660856838
3211,0.5344017270841462,-0.4585744660856838
3213,0.5502438020672688,-0.46138088631817203
3215,0.5502438020672688,-0.46138088631817203
3217,0.5502438020672688,-0.46138088631817203
3219,0.5528120425283668,-0.4606898369837399
3221,0.5502438020672688,-0.46138088631817203
3223,0.552949789694915,-0.46066936759725635
3225,0.5521235892281691,-0.4607921419314984
3227,0.5521235892281691,-0.4607921419314984
3229,0.02722273741652866,2.338961179727076
3231,0.5729666172933756,1.0854478827991658
3233,-0.35965571289367,1.3419769048293952
3235,-0.35965571289367,1.3419769048293952
3237,-1.1382338009600392,-0.49156590959393576
3239,0.8888760448324217,4.001204051682771
3241,0.8887369811314809,4.001183386657771
3243,0.8887369811314809,4.001183386657771
3245,0.8887369811314809,4.001183386657771
3247,0.8887369811314809,4.001183386657771
3249,0.8887369811314809,4.001183386657771
3251,0.8887369811314809,4.001183386657771
3253,0.8986137768654213,3.997817594389073
3255,0.8986137768654213,3.997817594389073
3257,0.8986137768654213,3.997817594389073
3259,0.8986137768654213,3.997817594389073
3261,0.8903791579409742,4.001427416009735
3263,0.8986137768654213,3.997817594389073
3265,0.8896829932777491,4.0013239651446115
3267,0.8896829932777491,4.0013239651446115
3269,0.8889316756911733,4.001212318492002
3271,0.8889316756911733,4.001212318492002
3273,0.8889316756911733,4.001212318492002
3275,0.8889316756911733,4.001212318492002
3277,0.8889316756911733,4.001212318492002
3279,0.8889316756911733,4.001212318492002
3281,0.8889316756911733,4.001212318492002
3283,0.8889316756911733,4.001212318492002
3285,0.8889316756911733,4.001212318492002
3287,0.8887091706959721,4.0011792539952475
3289,0.8887091706959721,4.0011792539952475
3291,0.8887091706959721,4.0011792539952475
3293,0.8887091706959721,4.0011792539952475
3295,0.8887926043070512,4.001191652325273
3297,0.8887926043070512,4.001191652325273
3299,0.8887926043070512,4.001191652325273
3301,0.8886813610285915,4.001175121446871
3303,0.8869031380820309,4.000910875483348
3305,0.8869031380820309,4.000910875483348
3307,0.8869308986773624,4.000915000739564
3309,0.8869308986773624,4.000915000739564
3311,0.8869308986773624,4.000915000739564
3313,0.8869308986773624,4.000915000739564
3315,0.8869308986773624,4.000915000739564
3317,0.8869308986773624,4.000915000739564
3319,0.8869308986773624,4.000915000739564
3321,-2.3385364906988877,0.7924720002449712
3323,-0.7550740452069519,1.6149038796014121
3325,0.5949156777121263,-0.1903374859350728
3327,0.6035293054702086,-0.1870361329919842
3329,0.6035293054702086,-0.1870361329919842
3331,0.56748300296534,-0.2008045726607579
3333,0.6597422398717481,-0.07137757470935072
3335,0.6590444831478347,-0.07148126215651286
3337,0.6590444831478347,-0.07148126215651286
3339,0.6586957860318603,-0.07153307894673358
3341,0.6586957860318603,-0.07153307894673358
3343,0.6583472096349873,-0.07158487779795794
3345,0.6583472096349873,-0.07158487779795794
3347,0.4908120018848706,-0.1417615900014257
3349,0.4760101104170801,-0.143961168001707
3351,0.4580943444794973,-0.15009529553962173
3353,0.6233198695619359,-0.0616944486509174
3355,0.7174918629103191,-0.1732137528096837
3357,0.7174918629103191,-0.1732137528096837
3359,0.7174918629103191,-0.1732137528096837
3361,0.7174918629103191,-0.1732137528096837
3363,0.7174918629103191,-0.1732137528096837
3365,0.678157718970822,-0.16646584653343943
3367,0.678157718970822,-0.16646584653343943
3369,0.678157718970822,-0.16646584653343943
3371,0.678157718970822,-0.16646584653343943
3373,0.6635076821376362,-0.16982752417431243
3375,0.6949082317418427,-0.1639607518371982
3377,-0.464361758902414,1.2904750073564686
3379,-1.6962789439831703,0.783062956001141
3381,-1.7056936523953,0.7695130997762404
3383,-1.7015185297343507,0.7823276596024645
3385,-1.696773680146526,0.7806493077090315
3387,-1.639214702265646,0.8642782111234403
3389,-2.5886852631069006,0.5738273271754165
3391,-2.59366153145212,0.5730878480082127
3393,-2.59366153145212,0.5730878480082127
3395,-2.59366153145212,0.5730878480082127
3397,-2.59366153145212,0.5730878480082127
3399,-2.59366153145212,0.5730878480082127
3401,-2.59366153145212,0.5730878480082127
3403,-2.59366153145212,0.5730878480082127
3405,-2.590346753438238,0.5735804278120179
3407,-2.590346753438238,0.5735804278120179
3409,-2.590346753438238,0.5735804278120179
3411,-2.590346753438238,0.5735804278120179
3413,-2.590346753438238,0.5735804278120179
3415,-2.590346753438238,0.5735804278120179
3417,-2.590346753438238,0.5735804278120179
3419,-2.590346753438238,0.5735804278120179
3421,-2.6076288460145833,0.5710122890905257
3423,-2.5886852631069006,0.5738273271754165
3425,-2.6076288460145833,0.5710122890905257
3427,-2.5886852631069006,0.5738273271754165
3429,-2.590346753438238,0.5735804278120179
3431,-2.590346753438238,0.5735804278120179
3433,-2.5886852631069006,0.5738273271754165
3435,-2.544183480753465,0.598255984964962
3437,-2.5886852631069006,0.5738273271754165
3439,-2.6076288460145833,0.5710122890905257
3441,-2.5886852631069006,0.5738273271754165
3443,-2.5886852631069006,0.5738273271754165
3445,-2.5886852631069006,0.5738273271754165
3447,-2.6076288460145833,0.5710122890905257
3449,-2.6076288460145833,0.5710122890905257
3451,-2.6076288460145833,0.5710122890905257
3453,-2.6076288460145833,0.5710122890905257
3455,-2.6076288460145833,0.5710122890905257
3457,-2.6076288460145833,0.5710122890905257
3459,-2.6076288460145833,0.5710122890905257
3461,-2.544183480753465,0.598255984964962
3463,-2.544183480753465,0.598255984964962
3465,-2.6076288460145833,0.5710122890905257
3467,-2.6076288460145833,0.5710122890905257
3469,-2.608444449876363,0.5708910894239007
3471,-2.544183480753465,0.598255984964962
3473,-2.55793754718879,0.5962121149628484
3475,-2.55793754718879,0.5962121149628484
3477,-2.544183480753465,0.598255984964962
3479,-2.55793754718879,0.5962121149628484
3481,-2.55793754718879,0.5962121149628484
3483,-2.55793754718879,0.5962121149628484
3485,-2.555556414104481,0.6234296876897221
3487,-2.55793754718879,0.5962121149628484
3489,-2.5533620153158303,0.6237557778593376
3491,-2.5544598125305025,0.6235926439377426
3493,-2.555556414104481,0.6234296876897221
3495,-0.07424134663106434,0.719140642135948
3497,-0.07424134663106434,0.719140642135948
3499,-0.07424134663106434,0.719140642135948
3501,-0.1069272520863457,0.7277417401152491
3503,-0.11175580148744513,0.7270242121520801
3505,-0.1412302952827365,0.7226442686656258
3507,-0.11175580148744513,0.7270242121520801
3509,-0.13954261745475954,0.7228950595209737
3511,-0.13954261745475954,0.7228950595209737
3513,-0.11175580148744513,0.7270242121520801
3515,-0.14264358902664065,0.7224342515989693
3517,-0.1600910030097644,0.7198415459273596
3519,-0.14166536622493364,0.7225796166260463
3521,-0.14264358902664065,0.7224342515989693
3523,-0.14166536622493364,0.7225796166260463
3525,-0.16933760553445731,0.7184674902173224
3527,-0.17524483286020892,0.7175896694809221
3529,-0.1600910030097644,0.7198415459273596
3531,-0.17708375642463187,0.7173164033361651
3533,-0.1768212585968516,0.7173554108135789
3535,-0.16954917580468531,0.7184360506332047
3537,-0.16933760553445731,0.7184674902173224
3539,-0.1756128863584563,0.7175349763101581
3541,-0.16954917580468531,0.7184360506332047
3543,-0.16954917580468531,0.7184360506332047
3545,-0.1751396500016851,0.7176052997739908
3547,-0.16954917580468531,0.7184360506332047
3549,-0.16954917580468531,0.7184360506332047
3551,-0.16954917580468531,0.7184360506332047
3553,-0.1751396500016851,0.7176052997739908
3555,-0.17524483286020892,0.7175896694809221
3557,-0.17524483286020892,0.7175896694809221
3559,-0.17524483286020892,0.7175896694809221
3561,-0.18591617309452632,0.7160038961178347
3563,-0.18221494617824152,0.7165539026704989
3565,-0.18258046104735023,0.7164995867429288
3567,-0.18591617309452632,0.7160038961178347
3569,-0.18591617309452632,0.7160038961178347
3571,-0.18591617309452632,0.7160038961178347
3573,-0.18591617309452632,0.7160038961178347
3575,-0.17683419588337482,0.7082755198419054
3577,-0.17683419588337482,0.7082755198419054
3579,2.116907713634716,1.1581836486730879
3581,2.116907713634716,1.1581836486730879
3583,2.116907713634716,1.1581836486730879
3585,2.116907713634716,1.1581836486730879
3587,2.116907713634716,1.1581836486730879
3589,2.116907713634716,1.1581836486730879
3591,2.116907713634716,1.1581836486730879
3593,2.116907713634716,1.1581836486730879
3595,2.116907713634716,1.1581836486730879
3597,2.116907713634716,1.1581836486730879
3599,2.116907713634716,1.1581836486730879
3601,2.116907713634716,1.1581836486730879
3603,2.116907713634716,1.1581836486730879
3605,2.116907713634716,1.1581836486730879
3607,2.116907713634716,1.1581836486730879
3613,-0.6763837347869328,-1.0919597523859126
3615,-0.5026954197841249,-1.0664164166238215
3617,-0.5385566950645311,-1.1204478792164647
3619,-0.6987350998709684,-1.3076387640094922
3621,-0.20985680396532025,-1.6524874694087939
3623,-0.20985680396532025,-1.6524874694087939
3625,-0.20985680396532025,-1.6524874694087939
3627,-0.0017193317657618278,-1.6573963762417214
3629,-0.0017193317657618278,-1.6573963762417214
3631,0.8663634005110991,0.09657825134378656
3633,0.8664489370572295,0.09643905904715941
3635,0.9589736980785903,0.011307685796447874
3637,0.9589736980785903,0.011307685796447874
3639,0.9589736980785903,0.011307685796447874
3641,0.9589736980785903,0.011307685796447874
3643,0.958913343640549,0.011298717057930261
3645,0.958913343640549,0.011298717057930261
3647,0.9871855605928371,-0.023492273024995663
3649,1.0794734766408893,0.02095439560744889
3651,1.0605391223659746,0.01621129871497719
3653,1.0646572064327915,0.013026608175772574
3655,1.0706715256894084,0.023503646589177894
3657,1.0614739412719787,0.01499511941049544
3659,0.6468848134308864,1.7715980225600791
3661,0.6468848134308864,1.7715980225600791
3663,0.5288835974307978,1.7928977070531884
3665,0.6395084953680671,1.770501893260025
3667,0.547881574488424,1.795720828170968
3669,0.547881574488424,1.795720828170968
3671,0.547881574488424,1.795720828170968
3673,0.547881574488424,1.795720828170968
3675,0.547881574488424,1.795720828170968
3677,0.547881574488424,1.795720828170968
3679,0.547881574488424,1.795720828170968
3681,0.5288835974307978,1.7928977070531884
3683,0.547881574488424,1.795720828170968
3685,0.5288835974307978,1.7928977070531884
3687,0.547881574488424,1.795720828170968
3689,0.5288835974307978,1.7928977070531884
3691,0.547881574488424,1.795720828170968
3693,0.5288835974307978,1.7928977070531884
3695,0.5399806262561103,1.7984421145210208
3697,0.5584304831362517,1.7053487081300824
3699,0.6173014016427689,1.504175146683104
3701,0.5361936831127229,1.706884526230147
3703,0.6173014016427689,1.504175146683104
3705,0.5361936831127229,1.706884526230147
3707,0.5361936831127229,1.706884526230147
3709,0.5734879101739053,1.7024335437116158
3711,0.5889190614436222,1.7047266304381168
3713,0.5396089525480434,1.6973990918627775
3715,0.5396089525480434,1.6973990918627775
3717,0.5322326344852237,1.6963029625627244
3719,0.5507757536524649,1.6990584912777955
3721,0.5322326344852237,1.6963029625627244
3723,0.506832943850117,1.692528539486017
3725,0.5032561624250399,1.6919970256756685
3727,0.5032561624250399,1.6919970256756685
3729,0.5032561624250399,1.6919970256756685
3731,0.5032561624250399,1.6919970256756685
3733,0.4890747602085547,1.6898896530877519
3735,0.47856826926812834,1.6883283765182668
3737,0.47856826926812834,1.6883283765182668
3739,0.3668690905874839,1.676882466118344
3741,0.3668690905874839,1.676882466118344
3743,0.3668690905874839,1.676882466118344
3745,0.3668690905874839,1.676882466118344
3747,0.3638133586143942,1.676428380852458
3749,-0.16513493136175758,-1.448846971101247
3751,-0.16513493136175758,-1.448846971101247
3753,-0.16513493136175758,-1.448846971101247
3755,0.045988767468229476,-1.6881336621102485
3757,0.0759723974186076,-1.6927577708833446
3759,0.050920418844051865,-1.6831433283241988
3761,0.033351097803589295,-1.6881977790168228
3763,0.033351097803589295,-1.6881977790168228
3765,0.021642162002381393,-1.679448759924622
3767,0.021642162002381393,-1.679448759924622
3769,0.03618556573404975,-1.6763525782255784
3771,0.03618556573404975,-1.6763525782255784
3773,0.03462534200156401,-1.6783178547317377
3775,0.03462534200156401,-1.6783178547317377
3777,0.30691762975406384,-1.8580608630038198
3779,0.2820612481332335,-1.8668136410297478
3781,0.2790236980522926,-1.8695439574998018
3783,0.32927869627696277,-1.9411484189063855
3785,0.32927869627696277,-1.9411484189063855
3787,0.3283594761429881,-1.939978745081259
3789,0.3283594761429881,-1.939978745081259
3791,0.3283594761429881,-1.939978745081259
3793,0.32620021537052946,-1.9402996137014823
3795,0.3257689183357429,-1.9403637049341038
3797,0.3022993418291518,-1.947971890092972
3799,0.3022993418291518,-1.947971890092972
3801,0.3022993418291518,-1.947971890092972
3803,0.3004376774640523,-1.944699534532662
3805,0.3756591359555802,-2.0246448978644653
3807,0.2788916992249454,-2.0595604762690294
3837,0.5888501403095829,-2.2807558221666193
3839,0.5881452727103438,-2.282562087024099
3841,0.5881452727103438,-2.282562087024099
3843,0.5749685440524036,-2.287270825643989
3845,0.5749685440524036,-2.287270825643989
3847,0.4789074218657363,-2.263913072202876
3849,0.47877968823603595,-2.2657002128550463
3851,-1.4526684224052617,2.4864092227414423
3853,-1.4595628562568799,2.4853847019862796
3855,-1.4536028660104419,2.4862703633530376
3857,-1.4582621196385517,2.4855779929353496
3859,-1.459377139588953,2.4854122996955295
3861,-2.7357572069325795,2.0774800489350094
3863,-2.7230669834640264,2.083261206948883
3865,-2.7358241503794525,2.0774701010622447
3867,-2.722933287684742,2.083281074294586
3869,-2.6337097045594313,2.201808126893042
3871,-2.5449404114046654,2.330959141343753
3873,-2.636380607146437,2.2014112277140376
3875,-2.5446744852460212,2.3309986582750537
3877,-2.5449404114046654,2.330959141343753
3879,-2.903571165578916,2.2776662011257627
3881,-2.5449404114046654,2.330959141343753
3883,-2.901614010229615,2.277957036648967
3885,-2.8446656289530767,2.3509839529430923
3887,-2.8446656289530767,2.3509839529430923
3889,-2.8446656289530767,2.3509839529430923
3891,-2.8446656289530767,2.3509839529430923
3893,-2.844940078231255,2.3509431694664813
3895,-2.844940078231255,2.3509431694664813
3897,-2.845397327518093,2.350875221699525
3899,-2.845762977497075,2.350820885694473
3901,-2.845397327518093,2.350875221699525
3903,-2.845397327518093,2.350875221699525
3905,0.6632663618000215,-0.9697925435852511
3907,0.8134319081326679,-1.0927036380649753
3909,0.8001750716554779,-1.088033626427355
3911,0.8134871235078407,-1.0927813763885115
3913,0.8366026641864444,-1.1153303228295326
3915,0.8135120393814966,-1.0927776738611914
3917,0.8355423534300213,-1.11402627593151
3919,0.8260376215996796,-1.1154305897522692
3921,0.8218176409947903,-1.1414829931267263
3923,0.8164379565934629,-1.1392939110824678
3925,0.8165739885115678,-1.1392736965838648
3927,0.8218176409947903,-1.1414829931267263
3929,0.8213876728148615,-1.1413917793185349
3931,0.8180128589989132,-1.1385090667631155
3933,0.8180128589989132,-1.1385090667631155
3935,0.8128024431416765,-1.140995971591875
3937,0.7949970244159494,-1.14298720114139
3939,0.809569917915474,-1.1415364157544727
3941,0.8137129209144244,-1.1403102395748188
3943,0.8137572078250226,-1.1403036584892552
3945,0.806598593554796,-1.1421711611438454
3947,0.8035207084357193,-1.1441072999964386
3949,0.8032963744055196,-1.1432066094374769
3951,0.803300875722633,-1.1436213378833557
3953,0.7969214424881064,-1.1418676293012602
3955,0.7978278183066314,-1.141797875389226
3957,0.7868904591206078,-1.1420473667584579
3959,0.7868904591206078,-1.1420473667584579
3961,0.7831209256859655,-1.1512283142188997
3963,0.8773176952180372,-0.9899319003243173
3965,0.8782850456812994,-0.9900977693886739
3967,0.8772319340911899,-0.9897997962781082
3969,0.8772319340911899,-0.9897997962781082
3971,1.5952677034639478,0.9274083277753254
3973,1.5952677034639478,0.9274083277753254
3975,1.5952677034639478,0.9274083277753254
3977,1.5036715939215182,0.9137970411435226
3979,1.5036715939215182,0.9137970411435226
3981,1.5036715939215182,0.9137970411435226
3983,1.4197177443118765,0.9013214030777951
3985,-1.8618175676736979,0.2092408660508029
3987,-1.8618175676736979,0.2092408660508029
3989,-1.8618175676736979,0.2092408660508029
3991,-1.8618175676736979,0.2092408660508029
3993,-1.8618175676736979,0.2092408660508029
3995,-1.8841932198974614,0.20591581854045993
3997,-1.8841932198974614,0.20591581854045993
3999,-1.8749303862859255,0.20729228620856435
4001,-2.073588723747325,0.1777714300663951
4003,-2.073588723747325,0.1777714300663951
4005,-2.137232397062427,0.16831390742574853
4007,-2.137232397062427,0.16831390742574853
4009,-2.137232397062427,0.16831390742574853
4011,-2.137232397062427,0.16831390742574853
4013,-2.137232397062427,0.16831390742574853
4015,-2.1641214094271537,0.16431816943675853
4017,-2.1641214094271537,0.16431816943675853
4019,-2.173849629186245,0.16287254485488875
4021,-2.173849629186245,0.16287254485488875
4023,-2.173849629186245,0.16287254485488875
4025,-2.1429532244547165,0.16746378593263575
4027,-2.1429532244547165,0.16746378593263575
4029,-2.1429532244547165,0.16746378593263575
4031,-2.1429532244547165,0.16746378593263575
4033,-2.1429532244547165,0.16746378593263575
4035,-2.1429532244547165,0.16746378593263575
4037,-2.1429532244547165,0.16746378593263575
4039,-2.1429532244547165,0.16746378593263575
4041,-0.9511642873366999,-0.9525300775479674
4043,-1.0233413104540179,-0.9632556657283795
4045,-1.0233413104540179,-0.9632556657283795
4047,-1.0233413104540179,-0.9632556657283795
4049,-1.0771864139655076,-0.9712571096900849
4051,-1.0625159808649525,-0.9690770665535162
4053,-1.0625159808649525,-0.9690770665535162
4055,-1.0625159808649525,-0.9690770665535162
4057,-1.0625159808649525,-0.9690770665535162
4059,-1.0625159808649525,-0.9690770665535162
4061,-1.0625159808649525,-0.9690770665535162
4063,-1.0600084732232549,-0.9758778276052135
4065,-1.1153235643304984,-0.9840977134047973
4067,-1.1562401026615519,-0.9901779577949493
4069,-1.160685420753495,-0.9908385371472953
4071,-1.160685420753495,-0.9908385371472953
4073,-1.160685420753495,-0.9908385371472953
4075,-1.160685420753495,-0.9908385371472953
4077,-1.160685420753495,-0.9908385371472953
4079,-1.160685420753495,-0.9908385371472953
4081,-1.160685420753495,-0.9908385371472953
4083,-1.160685420753495,-0.9908385371472953
4085,1.4365379141103687,-0.5704425038588572
4087,0.9824033695502965,-0.8719580104793887
4089,0.9824033695502965,-0.8719580104793887
4091,0.8878346522610383,-0.8971946622177646
4093,0.8593336066999109,-0.908978020154462
4095,0.4126026305547558,-0.8604234479620968
4097,0.21302471655817626,-1.2887677510726825
4099,0.21302471655817626,-1.2887677510726825
4101,0.21302471655817626,-1.2887677510726825
4103,0.21302471655817626,-1.2887677510726825
4105,0.21302471655817626,-1.2887677510726825
4107,0.22279608711726626,-1.3242132142343865
4109,-0.1177386507843281,-1.0753766276960206
4111,-0.12044162926407045,-1.073512205796082
4113,-0.12044162926407045,-1.073512205796082
4115,-0.12044162926407045,-1.073512205796082
4117,0.008367102226365468,-0.9679495986355969
4119,1.1029911438972992,-0.5286678746601069
4121,1.0978752211330285,-0.5292359342921881
4123,1.0978752211330285,-0.5292359342921881
4125,1.0266600557041576,-0.5356712767620994
4127,1.0266600557041576,-0.5356712767620994
4129,1.0263928947308312,-0.5357109771882735
4131,1.0265025846933626,-0.5356529353992936
4133,1.031594826650524,-0.5378104630829652
4135,1.020834163527215,-0.5330049251480429
4137,1.020834163527215,-0.5330049251480429
4139,1.020834163527215,-0.5330049251480429
4141,1.020834163527215,-0.5330049251480429
4143,1.0227622380403234,-0.5356504831178822
4145,1.0227622380403234,-0.5356504831178822
4147,1.0227622380403234,-0.5356504831178822
4149,1.0227622380403234,-0.5356504831178822
4151,1.0227622380403234,-0.5356504831178822
4153,1.031594826650524,-0.5378104630829652
4155,1.0849427773437075,-0.5314116545228965
4159,1.0849427773437075,-0.5314116545228965
4161,1.0849427773437075,-0.5314116545228965
4163,1.0849427773437075,-0.5314116545228965
4165,1.2141383171413236,0.5540959632551848
4167,-3.0306667576818924,0.09088897847573049
4169,-3.0306667576818924,0.09088897847573049
4171,-3.0364478046390375,0.09002990828641026
4173,-3.0431506733178657,0.0890338543350074
4175,-3.0488606862336227,0.08818533988547583
4177,-3.0488606862336227,0.08818533988547583
4179,-3.0488606862336227,0.08818533988547583
4181,-3.0488606862336227,0.08818533988547583
4183,-3.0488606862336227,0.08818533988547583
4185,-3.0488606862336227,0.08818533988547583
4187,-3.0488606862336227,0.08818533988547583
4189,-3.0488606862336227,0.08818533988547583
4191,-3.0488606862336227,0.08818533988547583
4193,-3.0488606862336227,0.08818533988547583
4195,-3.0498092147185742,0.08804438746782847
4197,-3.0364478046390375,0.09002990828641026
4199,-3.0141045366266206,0.09335014346591097
4201,-2.2644686692604714,0.2371189721560712
4203,-2.2644686692604714,0.2371189721560712
4205,-2.2644686692604714,0.2371189721560712
4207,-2.2644686692604714,0.2371189721560712
4209,-2.2644686692604714,0.2371189721560712
4211,-2.262627968725305,0.23739250236071208
4213,-2.262627968725305,0.23739250236071208
4215,-2.262627968725305,0.23739250236071208
4217,-2.262627968725305,0.23739250236071208
4219,-2.262627968725305,0.23739250236071208
4221,-2.269970666078941,0.23630136913649333
4223,-2.269970666078941,0.23630136913649333
4225,-2.269970666078941,0.23630136913649333
4227,-2.269970666078941,0.23630136913649333
4229,-2.269970666078941,0.23630136913649333
4231,-2.269970666078941,0.23630136913649333
4233,-2.269970666078941,0.23630136913649333
4235,-2.269970666078941,0.23630136913649333
4237,-2.269970666078941,0.23630136913649333
4239,-2.269970666078941,0.23630136913649333
4241,-2.269970666078941,0.23630136913649333
4243,-2.269970666078941,0.23630136913649333
4245,-2.269970666078941,0.23630136913649333
4247,-2.269970666078941,0.23630136913649333
4249,-2.269970666078941,0.23630136913649333
4251,-2.269970666078941,0.23630136913649333
4253,-2.279074371067017,0.23494854816382174
4255,-2.279074371067017,0.23494854816382174
4257,-2.279074371067017,0.23494854816382174
4259,-2.279074371067017,0.23494854816382174
4261,-2.2515125338971225,0.2390442686883356
4263,-2.2515125338971225,0.2390442686883356
4265,-2.2515125338971225,0.2390442686883356
4267,-2.2515125338971225,0.2390442686883356
4269,-2.2515125338971225,0.2390442686883356
4271,-2.2515125338971225,0.2390442686883356
4273,-2.2515125338971225,0.2390442686883356
4275,-2.2515125338971225,0.2390442686883356
4277,-2.2515125338971225,0.2390442686883356
4279,-2.2515125338971225,0.2390442686883356
4281,-2.2260448542475713,0.24282879501034482
4283,-2.2260448542475713,0.24282879501034482
4285,-2.2260448542475713,0.24282879501034482
4287,-2.2260448542475713,0.24282879501034482
4289,-3.445573630397446,0.519701983054938
4291,-3.445573630397446,0.519701983054938
4293,-3.445691467943641,0.5196844722608076
4295,-3.4438044102755363,0.5199648911884196
4297,-3.4843758616835365,0.5248400326883627
4299,-3.5535515394035664,0.514560447866473
4301,-3.5535515394035664,0.514560447866473
4303,-3.5535515394035664,0.514560447866473
4305,-3.5535515394035664,0.514560447866473
4307,-3.5535515394035664,0.514560447866473
4309,-3.5535515394035664,0.514560447866473
4311,-3.555889182101345,0.5142130714881405
4313,-3.555889182101345,0.5142130714881405
4315,-3.4460448978585716,0.5196319521712494
4317,-3.4460448978585716,0.5196319521712494
4319,-3.555889182101345,0.5142130714881405
4321,-3.4460448978585716,0.5196319521712494
4323,-3.442386792424582,0.5201755508223295
4325,-3.556295175216649,0.5141527404468925
4327,-3.442386792424582,0.5201755508223295
4329,-3.556295175216649,0.5141527404468925
4331,-3.442386792424582,0.5201755508223295
4333,-3.556295175216649,0.5141527404468925
4335,-3.442386792424582,0.5201755508223295
4337,-3.556295175216649,0.5141527404468925
4339,-3.556295175216649,0.5141527404468925
4341,-3.442386792424582,0.5201755508223295
4343,-3.442386792424582,0.5201755508223295
4345,-3.442386792424582,0.5201755508223295
4347,-3.442386792424582,0.5201755508223295
4349,-3.556295175216649,0.5141527404468925
4351,-3.442386792424582,0.5201755508223295
4353,-3.562062859547992,0.5132956559590497
4355,-3.442386792424582,0.5201755508223295
4357,-3.442386792424582,0.5201755508223295
4359,-1.5534509745747458,0.40608640627957154
4361,-1.6489774163811517,0.38123000462986084
4363,-1.4146578899990292,1.902373575204371
4365,-1.4146578899990292,1.902373575204371
4367,-1.4146578899990292,1.902373575204371
4369,-1.4146578899990292,1.902373575204371
4371,-1.4146578899990292,1.902373575204371
4373,-1.4146578899990292,1.902373575204371
4375,-1.4146578899990292,1.902373575204371
4377,-1.4146578899990292,1.902373575204371
4379,-1.4146578899990292,1.902373575204371
4381,-1.4146578899990292,1.902373575204371
4383,-1.4146578899990292,1.902373575204371
4385,-1.4146578899990292,1.902373575204371
4387,-1.4146578899990292,1.902373575204371
4389,-1.4146578899990292,1.902373575204371
4391,-1.4146578899990292,1.902373575204371
4393,-1.4146578899990292,1.902373575204371
4395,-1.4146578899990292,1.902373575204371
4397,-1.4146578899990292,1.902373575204371
4399,-1.4146578899990292,1.902373575204371
4401,-1.4146578899990292,1.902373575204371
4403,-1.4146578899990292,1.902373575204371
4405,-1.4146578899990292,1.902373575204371
4407,-1.4146578899990292,1.902373575204371
4409,-1.4146578899990292,1.902373575204371
4411,-1.4146578899990292,1.902373575204371
4413,-1.4146578899990292,1.902373575204371
4415,-1.4146578899990292,1.902373575204371
4417,-1.4146578899990292,1.902373575204371
4419,-1.4146578899990292,1.902373575204371
4421,-1.4146578899990292,1.902373575204371
4423,-1.4146578899990292,1.902373575204371
4425,-1.4146578899990292,1.902373575204371
4427,-1.4146578899990292,1.902373575204371
4429,-1.4146578899990292,1.902373575204371
4431,-1.4146578899990292,1.902373575204371
4433,-1.4146578899990292,1.902373575204371
4435,-1.4146578899990292,1.902373575204371
4437,-1.4146578899990292,1.902373575204371
4439,-1.4146578899990292,1.902373575204371
4441,-1.4146578899990292,1.902373575204371
4443,-1.4146578899990292,1.902373575204371
4445,-1.4146578899990292,1.902373575204371
4447,-1.4146578899990292,1.902373575204371
4449,-1.4146578899990292,1.902373575204371
4451,-1.4146578899990292,1.902373575204371
4453,-1.4146578899990292,1.902373575204371
4455,-1.4146578899990292,1.902373575204371
4457,-1.4146578899990292,1.902373575204371
4459,-1.4146578899990292,1.902373575204371
4461,-1.4146578899990292,1.902373575204371
4463,-1.4146578899990292,1.902373575204371
4465,-1.4146578899990292,1.902373575204371
4467,-1.4146578899990292,1.902373575204371
4469,-1.4146578899990292,1.902373575204371
4471,-1.4146578899990292,1.902373575204371
4473,-1.4146578899990292,1.902373575204371
4475,-1.4146578899990292,1.902373575204371
4477,-1.4146578899990292,1.902373575204371
4479,-1.4146578899990292,1.902373575204371
4481,-1.4146578899990292,1.902373575204371
4483,-1.4146578899990292,1.902373575204371
4485,-1.4146578899990292,1.902373575204371
4487,-1.4182328874179297,1.9017677451052257
4489,-1.4182328874179297,1.9017677451052257
4491,-1.4182328874179297,1.9017677451052257
4493,-1.4182328874179297,1.9017677451052257
4495,-1.4182328874179297,1.9017677451052257
4497,-1.4182328874179297,1.9017677451052257
4499,-1.4182328874179297,1.9017677451052257
4501,1.945545845900619,1.1811285437753292
4503,-3.222676702767393,0.1984621060508189
4505,-3.222676702767393,0.1984621060508189
4507,-3.227780907098196,0.1977036154498433
4509,-3.227780907098196,0.1977036154498433
4511,-3.227780907098196,0.1977036154498433
4513,-3.227780907098196,0.1977036154498433
4515,-3.227780907098196,0.1977036154498433
4517,-3.2371920369887093,0.19630511078508417
4519,-3.2371920369887093,0.19630511078508417
4521,-3.2371920369887093,0.19630511078508417
4523,-3.235749884086659,0.19651941635564563
4525,-3.2359903863957724,0.19648367743746134
4527,-3.2359903863957724,0.19648367743746134
4529,-3.2359903863957724,0.19648367743746134
4531,-3.2381523259621323,0.1961624107453999
4533,-3.2381523259621323,0.1961624107453999
4535,-3.237912339567883,0.19619807299804604
4537,-3.237912339567883,0.19619807299804604
4539,-3.237912339567883,0.19619807299804604
4541,-3.237912339567883,0.19619807299804604
4543,-3.237912339567883,0.19619807299804604
4545,-3.237912339567883,0.19619807299804604
4547,-3.237912339567883,0.19619807299804604
4549,-3.237912339567883,0.19619807299804604
4551,-3.237912339567883,0.19619807299804604
4553,-3.237912339567883,0.19619807299804604
4555,-3.237912339567883,0.19619807299804604
4557,-3.237912339567883,0.19619807299804604
4559,-3.237912339567883,0.19619807299804604
4561,-3.237912339567883,0.19619807299804604
4563,-3.237912339567883,0.19619807299804604
4565,-3.2407884079237816,0.19577068595114627
4567,-3.2407884079237816,0.19577068595114627
4569,-3.2407884079237816,0.19577068595114627
4571,-1.3303719632003157,0.28821429066277265
4573,-1.3271704886037807,0.2886900334491807
4575,-1.3271704886037807,0.2886900334491807
4577,-1.3271704886037807,0.2886900334491807
4579,-1.3303719632003157,0.28821429066277265
4581,-1.3303719632003157,0.28821429066277265
4583,-1.3303719632003157,0.28821429066277265
4585,-1.3618389901700185,0.2835382544678413
4587,-1.3618389901700185,0.2835382544678413
4589,-1.3587361744253892,0.28399933643602543
4591,-1.3587361744253892,0.28399933643602543
4593,-1.3587361744253892,0.28399933643602543
4595,-1.3535417557213116,0.34011167180937496
4597,-1.3923523226215215,0.27900393836900633
4599,-1.3923523226215215,0.27900393836900633
4601,-1.3923523226215215,0.27900393836900633
4603,-1.3923523226215215,0.27900393836900633
4605,-1.3832950239535045,0.2803498633094439
4607,-1.398345571937957,0.27811333466641047
4609,-1.398345571937957,0.27811333466641047
4611,-1.398345571937957,0.27811333466641047
4613,-1.398345571937957,0.27811333466641047
4615,-1.398345571937957,0.27811333466641047
4617,-1.4535697880829672,0.2699069529901433
4619,-1.5298012134122256,0.2585788760042235
4621,-2.832938676091775,0.20798411782412657
4623,-2.8265022835430362,0.2089405731178431
4625,-2.8265022835430362,0.2089405731178431
4627,-2.8401838584693313,0.20690747543687638
4629,-2.8401838584693313,0.20690747543687638
4631,-2.8401838584693313,0.20690747543687638
4633,-2.879330688914234,0.20109021166253124
4653,-3.0081933870907864,0.09422854704721606
4655,-3.0081933870907864,0.09422854704721606
4657,-3.0081933870907864,0.09422854704721606
4659,-3.0081933870907864,0.09422854704721606
4661,-3.0081933870907864,0.09422854704721606
4663,-3.0081933870907864,0.09422854704721606
4665,-3.0081933870907864,0.09422854704721606
4667,-3.0219324704177217,0.09218690355214487
4669,-3.0306667576818924,0.09088897847573049
4671,-3.0306667576818924,0.09088897847573049
4673,-3.007204812723387,0.09437545032879417
4675,-3.0306667576818924,0.09088897847573049
4677,-3.007204812723387,0.09437545032879417
4679,-3.007204812723387,0.09437545032879417
4681,-3.007204812723387,0.09437545032879417
4683,-3.007204812723387,0.09437545032879417
4685,-3.0311497813957917,0.0908172005994355
4687,-3.0311497813957917,0.0908172005994355
4689,-3.0311497813957917,0.0908172005994355
4691,-3.0311497813957917,0.0908172005994355
4693,-2.229015568920733,0.15467482311987327
4695,-2.229015568920733,0.15467482311987327
4697,-2.229015568920733,0.15467482311987327
4699,-2.229015568920733,0.15467482311987327
4701,-2.234239253334318,0.15389857764195303
4703,-2.229015568920733,0.15467482311987327
4705,-2.229015568920733,0.15467482311987327
4707,-2.2637606121222524,0.1495116699639938
4709,-2.315532410262294,0.14181832155161947
4711,-2.315532410262294,0.14181832155161947
4713,0.3212617159680103,-0.3882382301492396
4715,0.3212617159680103,-0.3882382301492396
4717,0.3212617159680103,-0.3882382301492396
4719,0.3212617159680103,-0.3882382301492396
4721,0.3212617159680103,-0.3882382301492396
4723,0.26457528900961225,-0.3966618980246322
4725,0.26457528900961225,-0.3966618980246322
4727,0.273981269445551,-0.47076956287104993
4729,0.273981269445551,-0.47076956287104993
4731,0.273981269445551,-0.47076956287104993
4733,0.273981269445551,-0.47076956287104993
4735,0.273981269445551,-0.47076956287104993
4737,0.40482032927474526,-0.43194852408454876
4739,0.40482032927474526,-0.43194852408454876
4741,0.27349458045527963,-0.4514636805496803
4743,0.40482032927474526,-0.43194852408454876
4745,0.3040500067177937,-0.44692310926238876
4747,0.27623434517248835,-0.451056548379374
4749,0.27623434517248835,-0.451056548379374
4751,0.27623434517248835,-0.451056548379374
4753,0.27623434517248835,-0.451056548379374
4755,0.27349458045527963,-0.4514636805496803
4757,0.27349458045527963,-0.4514636805496803
4759,0.27349458045527963,-0.4514636805496803
4761,0.27349458045527963,-0.4514636805496803
4763,0.27349458045527963,-0.4514636805496803
4765,0.0899502060873065,-0.4336834177543617
4767,0.26531973517770335,-0.4526784719070817
4769,0.09239701874300349,-0.4333198185954301
4771,0.09239701874300349,-0.4333198185954301
4773,0.09239701874300349,-0.4333198185954301
4775,0.09239701874300349,-0.4333198185954301
4777,0.09239701874300349,-0.4333198185954301
4779,0.09239701874300349,-0.4333198185954301
4781,0.0899502060873065,-0.4336834177543617
4783,0.0899502060873065,-0.4336834177543617
4785,0.0899502060873065,-0.4336834177543617
4787,0.0899502060873065,-0.4336834177543617
4789,0.0899502060873065,-0.4336834177543617
4793,0.15652100047272666,-0.20248275596613027
4795,0.18357919992181573,-0.23791966738325554
4797,0.18357919992181573,-0.23791966738325554
4799,0.16350953761577933,-0.2464586405399142
4801,0.14358203854398235,-0.203953841467559
4803,0.14358203854398235,-0.203953841467559
4805,0.14358203854398235,-0.203953841467559
4807,0.14358203854398235,-0.203953841467559
4809,0.12383723481710662,-0.16750345948285453
4811,0.12383723481710662,-0.16750345948285453
4813,0.31475658552768915,-0.08379218680920823
4815,0.31475658552768915,-0.08379218680920823
4817,0.30365544868209127,-0.08544182844026808
4819,0.32677301385086166,-0.12139101421745176
4821,0.31742851139752537,-0.12277961796884847
4823,0.31742851139752537,-0.12277961796884847
4825,0.32647702487796537,-0.13948431121713625
4827,0.3021447618754009,-0.1037156309272426
4829,1.3669181277566818,-0.39204999919154304
4831,1.3669181277566818,-0.39204999919154304
4833,1.3669181277566818,-0.39204999919154304
4835,1.3669181277566818,-0.39204999919154304
4837,1.3669181277566818,-0.39204999919154304
4839,1.3669181277566818,-0.39204999919154304
4841,1.3669181277566818,-0.39204999919154304
4843,1.3669181277566818,-0.39204999919154304
4845,1.3669181277566818,-0.39204999919154304
4847,1.3669181277566818,-0.39204999919154304
4849,1.3669181277566818,-0.39204999919154304
4851,1.3669181277566818,-0.39204999919154304
4853,1.3669181277566818,-0.39204999919154304
4855,1.3669181277566818,-0.39204999919154304
4857,1.3669181277566818,-0.39204999919154304
4859,1.3669181277566818,-0.39204999919154304
4861,1.3669181277566818,-0.39204999919154304
4863,1.3669181277566818,-0.39204999919154304
4865,1.3669181277566818,-0.39204999919154304
4867,0.550630082414857,-0.32339223165182945
4869,0.3507672118220772,-0.39544865122103035
4871,0.3669605583119259,-0.31491982252389333
4873,0.3669605583119259,-0.31491982252389333
4875,0.3669605583119259,-0.31491982252389333
4877,-0.669275462146538,-3.4597001956026734
4879,-0.669275462146538,-3.4597001956026734
4881,-0.6695628128427789,-3.4597480428494594
4883,-0.6695196365945575,-3.459741626809595
4885,-0.669710284705368,-3.4597862912455817
4887,-0.669667753633727,-3.4598805142581535
4889,-0.6696485808617738,-3.459877665162314
4891,-0.6696485808617738,-3.459877665162314
4893,-0.6696485808617738,-3.459877665162314
4895,-0.6696485808617738,-3.459877665162314
4897,-0.6696485808617738,-3.459877665162314
4899,-0.6699338622501123,-3.4600318478327874
4901,-0.6699338622501123,-3.4600318478327874
4903,-0.6699338622501123,-3.4600318478327874
4905,-0.6699338622501123,-3.4600318478327874
4907,-0.6702990275212922,-3.46022021850081
4909,-0.6705469668210299,-3.4602673441040057
4911,-0.6661357479689975,-3.463515915665959
4913,-0.6661548627762072,-3.463518756148171
4915,-0.6661548627762072,-3.463518756148171
4917,-0.6661548627762072,-3.463518756148171
4919,-0.6661548627762072,-3.463518756148171
4921,-0.6653652436673245,-3.4643878280557123
4923,-0.6653652436673245,-3.4643878280557123
4925,-0.6653652436673245,-3.4643878280557123
4927,-0.6658937786474155,-3.4645552753766222
4929,-1.9876572855887078,-0.6869365446304553
4931,-1.9876572855887078,-0.6869365446304553
4933,-1.9876572855887078,-0.6869365446304553
4935,-1.9876572855887078,-0.6869365446304553
4937,-1.9876572855887078,-0.6869365446304553
4939,-1.9941582598502228,-0.6879025968405496
4941,-1.9941582598502228,-0.6879025968405496
4943,-1.9941582598502228,-0.6879025968405496
4945,-1.9941582598502228,-0.6879025968405496
4947,-1.9941582598502228,-0.6879025968405496
4949,-1.9941582598502228,-0.6879025968405496
4951,-2.007697235512439,-0.6899145041077908
4953,-1.9941582598502228,-0.6879025968405496
4955,-1.9941582598502228,-0.6879025968405496
4957,-2.007697235512439,-0.6899145041077908
4959,-2.0028352892629337,-0.6891920133347542
4961,-2.0028352892629337,-0.6891920133347542
4963,-2.007697235512439,-0.6899145041077908
4965,-2.0028352892629337,-0.6891920133347542
4967,-2.0028352892629337,-0.6891920133347542
4969,-2.0028352892629337,-0.6891920133347542
4971,-2.007697235512439,-0.6899145041077908
4973,-2.0028352892629337,-0.6891920133347542
4975,-1.9941582598502228,-0.6879025968405496
4977,-1.9941582598502228,-0.6879025968405496
4979,-2.007697235512439,-0.6899145041077908
4981,-2.0028352892629337,-0.6891920133347542
4983,-1.9941582598502228,-0.6879025968405496
4985,1.8126231360090599,-0.22857683505009965
4987,1.8126231360090599,-0.22857683505009965
4989,1.8126231360090599,-0.22857683505009965
4991,1.8126231360090599,-0.22857683505009965
4993,1.8126231360090599,-0.22857683505009965
4995,1.8126231360090599,-0.22857683505009965
4997,1.8126231360090599,-0.22857683505009965
4999,1.8126231360090599,-0.22857683505009965
5001,1.8126231360090599,-0.22857683505009965
5003,1.8126231360090599,-0.22857683505009965
5005,1.8126231360090599,-0.22857683505009965
5007,1.8126231360090599,-0.22857683505009965
5009,1.8126231360090599,-0.22857683505009965
5011,1.8126231360090599,-0.22857683505009965
5013,1.8126231360090599,-0.22857683505009965
5015,1.8126231360090599,-0.22857683505009965
5017,1.8126231360090599,-0.22857683505009965
5019,1.8126231360090599,-0.22857683505009965
5021,1.8126231360090599,-0.22857683505009965
5023,1.8126231360090599,-0.22857683505009965
5025,1.8126231360090599,-0.22857683505009965
5027,1.8126231360090599,-0.22857683505009965
5029,1.8126231360090599,-0.22857683505009965
5031,1.8126231360090599,-0.22857683505009965
5033,1.8126231360090599,-0.22857683505009965
5035,1.8126231360090599,-0.22857683505009965
5037,1.8126231360090599,-0.22857683505009965
5039,1.8126231360090599,-0.22857683505009965
5041,1.8126231360090599,-0.22857683505009965
5043,1.8126231360090599,-0.22857683505009965
5045,1.8126231360090599,-0.22857683505009965
5047,1.8126231360090599,-0.22857683505009965
5049,1.8126231360090599,-0.22857683505009965
5051,1.8126231360090599,-0.22857683505009965
5053,1.8126231360090599,-0.22857683505009965
5055,1.8126231360090599,-0.22857683505009965
5057,1.8126231360090599,-0.22857683505009965
5059,1.8126231360090599,-0.22857683505009965
5061,1.8126231360090599,-0.22857683505009965
5063,1.8126231360090599,-0.22857683505009965
5065,1.8126231360090599,-0.22857683505009965
5067,1.8126231360090599,-0.22857683505009965
5069,1.8126231360090599,-0.22857683505009965
5071,1.8126231360090599,-0.22857683505009965
5073,1.8126231360090599,-0.22857683505009965
5075,1.8126231360090599,-0.22857683505009965
5077,1.8126231360090599,-0.22857683505009965
5079,1.8126231360090599,-0.22857683505009965
5081,1.8126231360090599,-0.22857683505009965
5083,1.8126231360090599,-0.22857683505009965
5085,1.8126231360090599,-0.22857683505009965
5087,1.8126231360090599,-0.22857683505009965
5089,1.8126231360090599,-0.22857683505009965
5091,1.8126231360090599,-0.22857683505009965
5093,1.8126231360090599,-0.22857683505009965
5095,1.8126231360090599,-0.22857683505009965
5097,1.8126231360090599,-0.22857683505009965
5099,-1.5112736813841292,-2.8602307381382808
5101,-1.5387803279983843,-2.8705494302352386
5103,-1.4933965069233628,-2.8788468658197495
5105,-1.5382048050231367,-2.870020585633335
5107,-1.4927973362534652,-2.878567833625571
5109,-1.5376018229144341,-2.869740681548034
5111,-1.5371397057993947,-2.8694815263856643
5113,-1.5380636988758496,-2.8699996170984723
5115,-1.5361489085916569,-2.8690164100460964
5117,-1.536101745422698,-2.8690094015452514
5119,-1.4927973362534652,-2.878567833625571
5121,-1.4898513338482615,-2.865990126133552
5123,-1.4900824224535762,-2.86564665884373
5125,-1.4778703059834652,-2.8728360945947164
5127,-1.4909234316779958,-2.866149441097154
5129,-1.4778703059834652,-2.8728360945947164
5131,-1.4791271682392968,-2.8730228657633408
5133,-1.4778703059834652,-2.8728360945947164
5135,-1.4824179536684174,-2.8762104932199497
5137,-1.4824179536684174,-2.8762104932199497
5139,-1.4824179536684174,-2.8762104932199497
5141,-1.484144975555265,-2.876718479771395
5143,-1.4891861253736516,-2.89171341328654
5145,-1.4826029622430221,-2.876237985705721
5147,-1.4826029622430221,-2.876237985705721
5149,-1.482668024297359,-2.876184766642883
5151,-1.517846473150218,-2.8713301274627305
5153,-1.517781843812639,-2.8713829925745515
5155,-1.517846473150218,-2.8713301274627305
5157,-1.517846473150218,-2.8713301274627305
5159,-1.484782466475879,-2.8770317123357447
5161,-1.4860460165628508,-2.8771566900564993
5163,-1.4848285925455813,-2.8770385667224545
5165,-1.4775626672956037,-2.886114224993765
5167,-1.4775626672956037,-2.886114224993765
5169,-1.4915766118308873,-2.89129983158598
5171,-1.4635228861541887,-2.890218373723337
5173,-1.4860460165628508,-2.8771566900564993
5175,-1.4775626672956037,-2.886114224993765
5177,-1.463807484299794,-2.8914755884723085
5179,-1.4848181749635518,-2.890966805255802
5181,-1.4848446315657438,-2.8910327540928935
5183,-1.486924674151606,-2.8916808708177597
5185,-1.4852070243036506,-2.891086606068196
5187,-1.4852070243036506,-2.891086606068196
5189,-1.487926371588858,-2.891216709469648
5191,0.8108543614445735,-0.4826671705175205
5193,0.8108543614445735,-0.4826671705175205
5195,0.8108543614445735,-0.4826671705175205
5197,0.8108543614445735,-0.4826671705175205
5199,0.9620437429189918,-0.4407063511959655
5201,0.9694633821509102,-0.2546570519060991
5203,0.9620437429189918,-0.4407063511959655
5205,0.9620437429189918,-0.4407063511959655
5207,0.9620437429189918,-0.4407063511959655
5209,0.9620437429189918,-0.4407063511959655
5211,0.9620437429189918,-0.4407063511959655
5213,0.9620437429189918,-0.4407063511959655
5215,0.9620437429189918,-0.4407063511959655
5217,0.9620437429189918,-0.4407063511959655
5219,0.9620437429189918,-0.4407063511959655
5221,0.9620437429189918,-0.4407063511959655
5223,0.9620437429189918,-0.4407063511959655
5225,0.9620437429189918,-0.4407063511959655
5227,0.9620437429189918,-0.4407063511959655
5229,0.9620437429189918,-0.4407063511959655
5231,0.9620437429189918,-0.4407063511959655
5233,0.9620437429189918,-0.4407063511959655
5235,0.9620437429189918,-0.4407063511959655
5237,0.9620437429189918,-0.4407063511959655
5239,0.9620437429189918,-0.4407063511959655
5241,0.9620437429189918,-0.4407063511959655
5243,0.9620437429189918,-0.4407063511959655
5245,0.9620437429189918,-0.4407063511959655
5247,0.9620437429189918,-0.4407063511959655
5249,0.9620437429189918,-0.4407063511959655
5251,0.9620437429189918,-0.4407063511959655
5253,0.9620437429189918,-0.4407063511959655
5255,0.9620437429189918,-0.4407063511959655
5257,0.9620437429189918,-0.4407063511959655
5259,0.9620437429189918,-0.4407063511959655
5261,0.9620437429189918,-0.4407063511959655
5263,0.9620437429189918,-0.4407063511959655
5265,0.9620437429189918,-0.4407063511959655
5267,0.9620437429189918,-0.4407063511959655
5269,0.9620437429189918,-0.4407063511959655
5271,0.9620437429189918,-0.4407063511959655
5273,0.9620437429189918,-0.4407063511959655
5275,0.9620437429189918,-0.4407063511959655
5277,0.9620437429189918,-0.4407063511959655
5279,0.9620437429189918,-0.4407063511959655
5375,-2.1989131004850133,2.5218439005924127
5377,0.9157762487288814,-0.4919212177938146
5379,0.9075664628241393,-0.4935653869046088
5381,0.907983239475408,-0.49350345341758395
5383,0.9079244429064185,-0.49372394182757645
5385,0.9079244429064185,-0.49372394182757645
5387,0.9110855385736149,-0.49761500179535706
5389,0.9109469190494331,-0.4976356008151821
5391,0.9109469190494331,-0.4976356008151821
5393,0.9109469190494331,-0.4976356008151821
5395,0.914182482510294,-0.4965236040112755
5397,0.908599580192655,-0.49474603672299033
5399,0.8947728227510958,-0.4905844750124826
5401,0.8922972672871549,-0.49095234538559057
5403,0.8918852658169111,-0.49101356927525375
5405,0.6401000831493457,-0.7653298345311684
5407,0.6415719078056192,-0.7647818846946104
5409,0.6401000831493457,-0.7653298345311684
5411,0.6411773740503652,-0.7651697478712344
5413,0.6400921170341508,-0.7650017832956116
5415,0.6476483469623086,-0.7638789188866129
5417,0.6478682454797364,-0.7645540213585638
5419,0.6391315935013259,-0.783347385812617
5421,0.640200221149458,-0.7799243411949476
5423,0.6393420805047219,-0.7835195586893352
5425,0.6376101041854978,-0.7848488668455745
5427,0.6346711364531904,-0.785285600811743
5429,0.3864623816805662,-0.9434284925178925
5431,0.6086054599835633,-0.7488915561012361
5433,0.5952269973026875,-0.7158241311478617
5435,0.6274234967006873,-0.7611186302679113
5437,0.6270399055173139,-0.7611756323564545
5439,0.6270399055173139,-0.7611756323564545
5441,0.6270399055173139,-0.7611756323564545
5443,0.6020205242578742,-0.7584277958822642
5445,0.6030286474082394,-0.758277987629181
5447,0.6030286474082394,-0.758277987629181
5449,0.29149808167328484,-0.7527219995063608
5451,0.29149808167328484,-0.7527219995063608
5453,0.29149808167328484,-0.7527219995063608
5455,0.29149808167328484,-0.7527219995063608
5457,0.29149808167328484,-0.7527219995063608
5459,0.29149808167328484,-0.7527219995063608
5461,0.29848625516986566,-0.7509979893977752
5463,-3.1155958963140784,0.38436666020180366
5465,-3.1155958963140784,0.38436666020180366
5467,-3.116288696596783,0.3842637092874732
5469,-3.11637017118109,0.384251602071067
5471,-3.2399595999821407,0.3658860716083066
5473,-3.239779433047363,0.36591284462086215
5475,-3.2402117795417964,0.36584859743733666
5477,-3.2402117795417964,0.36584859743733666
5479,-0.7077217186252638,2.075256563978651
5481,-0.21903706174041512,2.154822596974596
5483,-0.28771341900584324,2.144617211743307
5485,-0.392689963501681,2.1290175771749076
5487,-0.392689963501681,2.1290175771749076
5489,2.6392225151249575,0.24335313080370838
5491,2.6396625520799883,0.24465597059900435
5493,2.6396625520799883,0.24465597059900435
5495,2.639694831500494,0.24466076735780762
5497,2.64042649150484,0.24436880716963472
5499,2.640216335793315,0.24434819653023226
5501,2.6403066622815974,0.24436161914969232
5503,1.8317393757658642,0.3833673539351292
5505,1.831785233351728,0.3833741684248332
5507,1.831941164768124,0.383397340011641
5509,1.831941164768124,0.383397340011641
5511,1.8315417197422093,0.3831848440383368
5513,1.832051248544499,0.38341369858670693
5515,1.8219906682389,0.37956546896822335
5517,-1.0697287948368133,-0.9889945540353648
5519,-1.0713223529309666,-0.9892313585906267
5521,-0.39931012121847215,1.6731669528268431
5523,1.0117748688962647,-0.7429248248463517
5525,1.0117748688962647,-0.7429248248463517
5527,0.9969528552676532,-0.7462249039891528
5529,1.0018485578838274,-0.7549173458841734
5531,-0.7947292149850357,-2.6498148015755927
5533,-0.7950922263189717,-2.649919340529854
5535,-0.794948383624259,-2.6499984522876323
5537,-0.7948393325259843,-2.6498817602229945
5539,-0.7992619123517963,-2.675646242442031
5541,-0.7948393325259843,-2.6498817602229945
5543,-0.7947629429110868,-2.649819813583977
5545,-0.7947629429110868,-2.649819813583977
5547,1.106606939680064,0.6503521426792402
5549,1.106606939680064,0.6503521426792402
5551,1.106606939680064,0.6503521426792402
5553,1.106606939680064,0.6503521426792402
5555,1.106606939680064,0.6503521426792402
5557,1.106606939680064,0.6503521426792402
5559,1.106606939680064,0.6503521426792402
5561,1.106606939680064,0.6503521426792402
5563,1.106606939680064,0.6503521426792402
5565,1.106606939680064,0.6503521426792402
5615,2.274087714051257,1.6304233443303384
5617,2.274087714051257,1.6304233443303384
5619,2.273796734627464,1.6298523091448323
5621,2.273498375477394,1.6298569678298724
5623,2.273498375477394,1.6298569678298724
5625,2.273498375477394,1.6298569678298724
5627,2.273498375477394,1.6298569678298724
5629,2.273498375477394,1.6298569678298724
5631,2.273498375477394,1.6298569678298724
5633,2.273498375477394,1.6298569678298724
5635,2.273498375477394,1.6298569678298724
5637,2.273498375477394,1.6298569678298724
5639,0.5508176180548956,3.1237910203136336
5641,1.5630027628190717,0.5971046615876657
5643,1.5630027628190717,0.5971046615876657
5645,1.5630027628190717,0.5971046615876657
5647,1.5630027628190717,0.5971046615876657
5649,1.5630027628190717,0.5971046615876657
5651,1.5627367903613112,0.5970651377762637
5653,1.546947780261563,0.6168014026826398
5655,1.5627367903613112,0.5970651377762637
5657,1.546947780261563,0.6168014026826398
5659,1.5630027628190717,0.5971046615876657
5661,1.5632446169463217,0.5971406013875715
5663,1.5627367903613112,0.5970651377762637
5665,1.5627367903613112,0.5970651377762637
5667,1.5594379766307525,0.5968673659645775
5669,1.5594379766307525,0.5968673659645775
5671,1.5594379766307525,0.5968673659645775
5673,1.5594379766307525,0.5968673659645775
5675,1.5594379766307525,0.5968673659645775
5677,1.5594379766307525,0.5968673659645775
5679,1.5594379766307525,0.5968673659645775
5681,1.5594379766307525,0.5968673659645775
5683,1.5594379766307525,0.5968673659645775
5685,1.5594379766307525,0.5968673659645775
5687,1.5594379766307525,0.5968673659645775
5689,1.5594379766307525,0.5968673659645775
5691,1.5594379766307525,0.5968673659645775
5693,1.5594379766307525,0.5968673659645775
5695,-1.5590703746383991,-3.1705230772796202
5697,-1.5604694330014643,-3.175004480363395
5699,-1.5741420846218828,-3.1891056432399822
5701,-1.5750031542421874,-3.1894497594093028
5703,-1.5750031542421874,-3.1894497594093028
5705,-1.5750031542421874,-3.1894497594093028
5707,-1.5707573359779392,-3.192375970102373
5709,-1.5707573359779392,-3.192375970102373
5711,-1.5762087668088962,-3.190006626157392
5713,-1.5799506397281708,-3.1914233065622857
5715,-1.5802341353129674,-3.191465434330406
5717,-1.580241491469591,-3.1915953191397346
5719,-1.5738378941614906,-3.1984178074516607
5721,-1.57763395457014,-3.196281095536807
5723,-1.576663038409217,-3.195577791152627
5725,-1.563213378022042,-3.199197703202608
5727,-1.563213378022042,-3.199197703202608
5729,-1.5637676806110168,-3.199280073201256
5731,-1.5637676806110168,-3.199280073201256
5733,-1.5641473962383832,-3.1998238099155882
5735,-1.5641473962383832,-3.1998238099155882
5737,-1.5641473962383832,-3.1998238099155882
5739,-1.5641473962383832,-3.1998238099155882
5741,-1.5641473962383832,-3.1998238099155882
5743,-1.5641473962383832,-3.1998238099155882
5745,-1.5641473962383832,-3.1998238099155882
5747,-1.5683845632345281,-3.19673387424924
5749,-1.5744554333347478,-3.202538951320701
5751,-1.574593150435817,-3.202611910237955
5753,-1.5753055579996977,-3.202665280818157
5755,-1.571663038207233,-3.2112246379290146
5757,-1.571663038207233,-3.2112246379290146
5759,-1.9015685866586944,2.3105422109689977
5761,-0.3392884008677978,2.1441659824158568
5763,-0.3392884008677978,2.1441659824158568
5765,-2.8710806630805816,1.2346412873344519
5767,-2.8710806630805816,1.2346412873344519
5769,-2.8710806630805816,1.2346412873344519
5771,-2.8710806630805816,1.2346412873344519
5773,-2.8710806630805816,1.2346412873344519
5775,-2.8710806630805816,1.2346412873344519
5777,-2.879746923613118,1.2333534711081577
5779,-2.879746923613118,1.2333534711081577
5781,-2.879746923613118,1.2333534711081577
5783,-2.879746923613118,1.2333534711081577
5785,-2.883136853536117,1.2328497236447093
5787,-2.883136853536117,1.2328497236447093
5789,-2.924569368884099,1.2266928044797458
5791,-2.883136853536117,1.2328497236447093
5793,-2.924522804442879,1.226699724008964
5795,-2.924569368884099,1.2266928044797458
5797,-2.924569368884099,1.2266928044797458
5799,-2.924569368884099,1.2266928044797458
5801,-2.924569368884099,1.2266928044797458
5803,-2.924569368884099,1.2266928044797458
5805,-2.924569368884099,1.2266928044797458
5807,-2.924569368884099,1.2266928044797458
5809,-2.924569368884099,1.2266928044797458
5811,-2.924569368884099,1.2266928044797458
5813,-2.924522804442879,1.226699724008964
5815,-2.924522804442879,1.226699724008964
5817,-2.924522804442879,1.226699724008964
5819,-2.924522804442879,1.226699724008964
5821,-2.924522804442879,1.226699724008964
5823,-2.924522804442879,1.226699724008964
5825,-2.924522804442879,1.226699724008964
5827,-2.924522804442879,1.226699724008964
5829,-2.924522804442879,1.226699724008964
5831,-2.924522804442879,1.226699724008964
5833,-2.924522804442879,1.226699724008964
5835,-2.924522804442879,1.226699724008964
5837,-2.924522804442879,1.226699724008964
5839,-2.924522804442879,1.226699724008964
5841,-2.924522804442879,1.226699724008964
5843,-2.924522804442879,1.226699724008964
5845,-2.924522804442879,1.226699724008964
5847,-2.924522804442879,1.226699724008964
5849,-2.924522804442879,1.226699724008964
5851,-2.924522804442879,1.226699724008964
5853,-2.9264534213171136,1.2264128321335048
5855,-2.9264534213171136,1.2264128321335048
5857,-2.9264534213171136,1.2264128321335048
5859,-2.9264534213171136,1.2264128321335048
5861,-2.9264534213171136,1.2264128321335048
5863,-2.9264534213171136,1.2264128321335048
5865,-2.926557987598396,1.2263972934645186
5867,-2.9264534213171136,1.2264128321335048
5869,-2.926557987598396,1.2263972934645186
5871,-2.926557987598396,1.2263972934645186
5873,-2.9264534213171136,1.2264128321335048
5875,-2.926557987598396,1.2263972934645186
5877,-3.610123849458534,-0.3263758126420076
5879,-3.609539245765451,-0.3262889398646341
5881,-3.610416024067331,-0.3264192301230208
5883,-3.610416024067331,-0.3264192301230208
5885,-3.610416024067331,-0.3264192301230208
5887,-3.610416024067331,-0.3264192301230208
5889,-3.610416024067331,-0.3264192301230208
5891,-3.610416024067331,-0.3264192301230208
5893,-3.6150793238399537,-0.3271122018024101
5965,-1.209313091998138,-1.2909782169956794
5967,-1.209313091998138,-1.2909782169956794
5969,-1.209313091998138,-1.2909782169956794
5971,-1.209313091998138,-1.2909782169956794
5973,-1.219981372693189,-1.2925635357077327
5975,-1.219981372693189,-1.2925635357077327
5977,-1.219981372693189,-1.2925635357077327
5979,-1.2284353510938788,-1.2938198065664595
5981,-1.2284353510938788,-1.2938198065664595
5983,-1.2284353510938788,-1.2938198065664595
5985,-1.2284353510938788,-1.2938198065664595
5987,-1.2364014119409896,-1.295003572318717
5989,-1.2364014119409896,-1.295003572318717
5991,-1.2364014119409896,-1.295003572318717
5993,-1.2401529237167053,-1.295561051259001
5995,-1.2401529237167053,-1.295561051259001
5997,-1.234311183014441,-1.2946929619097438
5999,-1.234311183014441,-1.2946929619097438
6001,-1.2364014119409896,-1.295003572318717
6003,-1.2401529237167053,-1.295561051259001
6005,-1.2401529237167053,-1.295561051259001
6007,-1.3046141588843985,-1.305140064525946
6009,-1.3429025331550242,-1.3108297607310213
6011,-1.3429025331550242,-1.3108297607310213
6013,-1.3413986300937775,-1.3106062790161832
6015,-1.3413986300937775,-1.3106062790161832
6017,-1.3413986300937775,-1.3106062790161832
6019,-1.4068070925427072,-1.3080187571548971
6021,-1.4068070925427072,-1.3080187571548971
6023,-1.443637074588914,-1.3257990287930534
6025,-1.443637074588914,-1.3257990287930534
6027,-1.443637074588914,-1.3257990287930534
6029,-1.443637074588914,-1.3257990287930534
6237,-2.152887118124013,0.16598759797249088
6239,-0.011460705282275987,0.4842060119609117
6249,-2.6541421678417962,0.09150052432460072
6257,-2.6541421678417962,0.09150052432460072
6281,-1.2711276459853242,0.29701806395562336
6285,-1.1862890310179477,0.30962517916537147
6359,-0.5561285997365517,0.40326773993612286
6361,1.004125719664182,0.6351233161823372
6363,0.11456142134653174,0.5029330441030294
6365,-0.383529877418426,0.4289161074649495
6367,1.004125719664182,0.6351233161823372
6369,0.11456142134653174,0.5029330441030294
6371,-0.383529877418426,0.4289161074649495
6373,-0.7514771937624023,0.913174257972401
6377,-1.5676186671373744,0.7006723573351044
6379,-0.35436675067248175,0.6640152608502796
6383,-0.1727742302168622,0.7961138233677336
6385,-0.1081526993700868,0.6377770639068372
6389,0.7799654004739247,-1.1814043160825825
6391,0.7799654004739247,-1.1814043160825825
6411,1.270516165002051,-1.7345230182403064
6413,0.7147119743616278,-1.3999024591650089
6419,0.8128906517897984,-1.1437356697690453
6461,0.8563076541877545,-1.1606417921457046
6469,0.8238529265958959,-1.181811685532662
6471,0.8296898293905524,-1.1809443151020083
6477,-0.8326317183034561,0.6992113808722364
6479,-0.9258370533298027,0.6853609614931347
6485,1.0167881480886523,-0.29143631062743475
6501,0.10359232146169049,0.5484193355434079
6551,1.6068374079363128,1.005799963819402
6639,0.07794207351581871,-1.3282405994017712
6641,1.386701916173185,-0.5496804948804426
6643,0.3316653952014425,-0.08585842753316315
6645,0.4675816209969815,-1.0548104984926012
6647,1.452991001979547,-1.7101040940443457
6649,0.2846893250649284,-1.1535941177813078
6651,0.3094447819419268,-1.182555879939168
6653,0.9955156845416626,-1.519117989757567
6655,0.22141757984977403,-0.9999241550448728
6657,0.48060786538157585,-1.0587548622907734
6659,0.8753833176297112,-1.5848136151081837
6661,1.0937356442344877,-0.908479398926223
6663,0.36283386024956366,-1.3933639640935493
6665,0.8736386357164784,-1.5960461538606905
6667,0.6367035790190357,-0.5199910129367183
6669,0.3072677802023273,-1.1828793848873986
6671,0.2102372529476251,-1.4874524169272305
6673,-0.1370406796231922,-0.661462822481237
6675,0.2956618936370024,-1.2433833830140362
6677,0.14869315044575726,-1.5812630982871132
6679,0.2137654505949126,-1.7016191327857861
6681,0.24097628277333166,-1.5906262344351663
6685,1.8025057107053402,-1.3390345807850563
6687,1.7914110879333975,-1.3413207618081555
6713,0.13067183120151166,-1.528445021776018
6731,0.9404424230322468,1.0781871679942627
6733,0.5791302896146634,1.0798362105674884
6737,0.38582308491382244,0.9315204327560721
6747,0.7280087635706077,0.7225885403900272
6761,0.7280087635706077,0.7225885403900272
6763,0.3114289282097837,-2.15407238430391
6767,-0.09365224333348326,-0.5959970729663485
6769,0.4355685746574576,-1.1071221954752044
6771,0.7742775271164273,-0.467021716470493
6773,0.3549933756168842,-1.2485237639026208
6797,-1.9291601850844284,0.3277301957513243
6813,0.23565767122163975,1.3207706730417308
6821,1.2023230275059018,0.7522881830883513
6823,0.2725396172793442,-0.8358150576861234
6829,0.012812356238309812,-1.1459191914713722
6833,0.012132700407243685,-1.2365390712850017
6835,0.1893833364634858,-1.0796059761563879
6837,1.6386095610823843,-0.26186452521764614
6839,2.386169442605802,-1.632509104820637
6841,2.3350935918478197,-1.6384528527002535
6843,0.1893833364634858,-1.0796059761563879
6845,0.6206522667710548,-0.7326862147553553
6847,0.3995976719284471,-1.4718757529434339
6849,1.3363123948571105,-1.7512579493189018
6851,2.3014511934933,-1.6434669029133557
6853,0.9251349055649914,-1.256177456345142
6855,1.1496382309749162,0.04377678479849291
6857,0.376618170687042,-1.0124075939559962
6859,2.2837162719259094,-1.6428053678875143
6863,0.8944616865265348,-1.268626431939166
6865,1.6143466301199003,-0.2654700245069479
6867,0.7550588612183444,-1.0216917990786287
6869,0.7771014801180481,-1.038798349780258
6871,0.26623155271359167,-1.221794551309273
6873,0.27103806642586287,-1.1232277990322543
6875,0.8884019043703695,-1.274334014561881
6877,0.727832260882048,-1.0387587793732802
6881,0.7065447256199678,-1.041922131458693
6883,0.8857852292795401,-1.2775827872010876
6885,0.8463069312599971,-1.3277845745698817
6887,0.8885162776622707,-1.280014478108255
6891,0.1732674603325391,-1.3535320517569025
6893,1.169051204746745,-1.8935067245625967
6895,1.4663800320882385,-1.7886203974409025
6897,0.7840990204334413,-1.398398807843598
6899,0.31396742142986667,-1.0797936486589312
6901,0.09797080541914925,-1.4009488038154232
6903,0.09797080541914925,-1.4009488038154232
6905,0.2716705239319803,-1.6658296621437778
6907,0.0559734938279734,-1.495066981541493
6909,0.29219130749422556,-1.09630575397499
6911,2.1515072912757667,-1.6850899648090434
6913,0.8434712963233197,-1.3333053118807658
6915,0.779913107357385,-1.3897910240537386
6917,0.8436855648861483,-1.3441155479207205
6919,0.013576133872037398,-1.5216558775460014
6935,0.2835798016475318,-1.3759679432562981
6937,1.285186159646409,-0.2696993382743919
6941,0.40284122906335057,-1.3820930607372357
6943,0.40284122906335057,-1.3820930607372357
6945,0.3946106962107588,-1.3833161273319718
6947,0.3946106962107588,-1.3833161273319718
6949,0.7599659886418292,-0.905849852131164
6975,0.7951702002533777,0.7147531646527886
7057,-0.23363132676385895,-1.6451766022637426
7059,0.1975678079784245,-1.436391093868421
7061,0.6117686656738722,-2.927967570941202
7063,0.8299762585755888,-2.2229384316242724
7065,0.4650012560748823,-2.716280589498073
7067,0.7828782389519111,-2.51589943383951
7069,1.1724822667342467,-2.3529360892846096
7071,1.210512851566962,-2.28750609321998
7073,0.7465824114923313,-2.6827298336591063
7075,0.42469435001236305,-2.9435317211703245
7077,0.9125880586612335,-2.6829163519042196
7079,0.27715075332047845,-3.094352715498139
7081,0.730745244004416,-2.3060862629699663
7083,1.4297946084728363,-2.1656544411365006
7085,0.588794631575209,-2.9359474701065578
7087,1.4262270633193006,-2.1678267756115663
7089,0.4437051539163282,-2.8815244637006354
7091,1.421820989108903,-2.1733136413741403
7093,0.9079344009662973,-2.4984130459261675
7095,0.7927482114276921,-2.6032051127576588
7097,1.2896408223789722,-2.2159918524362383
7103,0.18242648358855074,-2.9680061980090793
7111,0.5665929698196924,-2.840950659307499
7115,0.10391503427151805,-3.3433888522875153
7119,0.5431505576635689,0.5666218799152708
7121,0.5448308505104323,-2.8790147343676966
7125,0.6885005404436026,-2.792029580112951
7127,0.3031537622258916,-3.189824522365947
7129,0.8891181227420477,-2.5461929927260276
7133,0.008094543488163663,-3.4486004114793514
7193,0.3987156760902381,-1.4281275354697047
7195,0.32545172373452014,-1.4620243990166348
7197,0.45689201508334715,-1.379739094135577
7215,1.1112723551082186,1.8383356559017252
7217,0.21352263018787168,-1.585445347600519
7219,2.3627426987803615,1.161046095918625
7221,0.4258553730956204,-1.161661422876793
7223,0.8854049938065608,-0.8264463180328188
7225,0.6651913787837697,-0.5415320093547488
7229,-0.09141664185777834,1.024602910253853
7231,0.06977685798170069,-1.1077230927314896
7233,1.705503098477332,-0.5389406134474597
7235,0.002197188064750503,-0.49115727320095426
7237,1.2273437561801939,-1.7218176197975767
7239,0.27037540455622233,-1.7545923557381504
7241,0.3807223471378576,-0.7234076719784845
7243,0.6539033066061075,-1.1153430031594593
7245,0.5776492727522379,-1.4743078055039893
7247,0.46345534985330594,-1.5077078421910777
7249,0.6643891758181892,-1.0266891375795024
7251,0.2452537270537102,-0.7302880043813404
7255,1.5626235901853007,-1.0964780049070468
7257,0.25011588448324,-0.7807417568862609
7259,0.7982203219364964,-0.864911897415362
7261,0.3635547313352025,-1.4030815156199372
7263,-0.2753303894195533,-0.3337963958433963
7265,0.16803554550534439,-0.8778872400078387
7267,0.3434312640722874,-0.7672176342056317
7269,-0.31116275559128853,-0.2735294849710622
7271,0.25921873004013757,-1.5615936189442365
7273,-0.27633174495938584,-0.3339451984218145
7275,0.5738620698263316,-1.4825354579236547
7277,1.825856535733427,-1.0959904860731646
7279,0.2789588940564236,-0.6228770660860696
7281,0.3782803442998077,-0.7185088669738195
7283,-0.17899786415761018,0.547022318840921
7285,1.8562945606657106,-1.139883299553622
7287,-0.28296864788701953,-0.739593289644362
7289,-0.28296864788701953,-0.739593289644362
7291,1.4379031012044616,-1.8156630196503851
7293,-0.04168239339513575,-0.7068653730835017
7295,1.000130022485418,-1.360570920285343
7297,0.042074002603303795,-0.23526794510288587
7299,2.3553032953684827,-1.510569145311957
7303,0.4619607507692596,-1.5342962342627047
7305,-0.04168239339513575,-0.7068653730835017
7307,2.3781141846048413,-1.5120635626665366
7309,0.6487860262188132,-0.6687667929321921
7311,0.5521662303042765,-0.9588986413744169
7313,0.48653390760662735,-0.38820675224757906
7315,0.29028212284039945,-0.8079226945781114
7317,0.5910156476557178,-1.196845900815427
7319,0.6860696836328937,-0.8041970930880871
7321,0.5883757016238833,-0.3948443491280226
7323,0.04560624331676683,-0.52368273867848
7325,0.49617028676442154,-0.740196656706004
7327,0.5736667231921985,-1.483229735848476
7329,0.3011837011356663,-0.13327910053971123
7331,1.0752619989212842,-1.993921998281353
7333,0.7534376108537324,0.0027093748956863216
7335,1.0511380980701024,-0.6060742203517702
7337,0.03782992936457977,-0.27176842820131863
7339,0.19789243116559987,-1.1483007484805914
7341,0.47972714585469334,-0.1348336768348011
7343,0.18230912461316937,0.040024703732559064
7345,1.0703661293869673,-1.9969559329164264
7347,0.5846700118609384,-0.44723674786773654
7349,0.2710428730927407,-0.789186058248992
7351,0.8611093141785825,-0.9947135510026734
7353,0.6615083071509075,-1.0271172379581632
7355,0.5424827366062538,-0.4809339584177338
7357,0.4128875297122987,-0.4174501826081934
7359,0.3995804384705355,-1.5729036099515126
7361,1.1225968368764065,-1.3135239922365056
7363,1.101175823170086,-1.491918957352405
7365,1.4366650127365976,-1.7090277105504987
7367,-0.28120269217113464,-0.4034887475468354
7369,-0.18878130207671187,-0.5046965899634662
7371,0.49491530077385326,-0.4531948239839931
7375,1.4366650127365976,-1.7090277105504987
7381,0.12458114005896226,-0.8940451949179615
7383,1.6425419079746801,-2.1896482290722976
7385,1.2962694195238453,-1.10589221455859
7387,0.37696495032843275,-1.3216265450079345
7391,0.4013793023837495,-1.3024266066100731
7393,0.6870964967901432,-0.6379051352867686
7395,1.2083326833015002,-1.7544566384875757
7403,1.1599549558238897,-1.356645571829423
7405,0.3810105151471106,-1.3270662887657318
7409,1.3262387309267105,1.5805488559567924
7411,-2.3590365808075404,0.7791015296504832
7421,-0.14220746215059046,1.0184289096960608
7423,0.19916606399429299,0.4341251833224947
7427,0.885511037131505,2.1875025716398366
7435,0.3613222263720922,0.9892334565509799
7437,0.3445407893671734,0.9867397158199758
7439,0.24933325948124843,0.9725917679949326
7447,2.629694423280311,0.16650476483399854
7449,2.0205762542106793,0.6494483818292284
7451,-0.32849286893392193,0.5477755474954304
7453,0.9442712176606439,1.4552583313461847
7459,0.9442712176606439,1.4552583313461847
7461,0.9442712176606439,1.4552583313461847
7465,0.7065162841895113,0.7112334369081756
7469,0.6941619830281781,0.709397573626618
7471,0.9161708939779828,1.4510825911100347
7473,3.9052244453179603,0.9295092584037568
7481,2.1887768164082684,0.6744431777341922
7483,0.8798836185709672,1.4456902604846467
7485,0.8888335700548854,1.4470202335107596
7495,0.8710125223098895,1.4443720054348304
7505,0.2636950952160269,1.4263036731909877
7523,-0.1691213865540344,0.8559399885545914
7525,-0.39377556357852617,0.29067294053475234
7529,-0.5068756538990122,0.2738661377663249
7569,-2.137232397062427,0.16831390742574853
7641,-0.046384307213133705,0.47901632477364436
7679,-2.1557074642603054,0.16556849131115217
8237,-1.1215534338214952,0.31924496294356386
8653,-2.857126012422624,0.06133689287762255
8751,-3.4367895932097334,-0.02480177815900653
8757,-3.4403341954275044,-0.02532851010234821
8825,-0.4846899282218978,0.41388360822396447
8893,-0.18511360704354168,0.45840099216122304
9137,-0.4546320868038631,0.4183502378343041
9219,0.8535677625150982,0.6127502315645289
9351,-2.418246153179555,0.12655494188564703
9353,-2.4214958480252458,0.12607203351506688
9355,-2.01054071828942,0.18714043578222656
9441,-2.441837204751552,0.1230492846421661
9443,-2.0378199478229617,0.18308671107567934
9601,-2.9275742023551765,0.05086821128564424
10351,0.39088170305555464,0.5439945539783992
10459,-0.5492085524809058,0.4042960668724168
10709,-3.311319669390724,-0.006156803985951026
10713,-3.315333746118539,-0.006753300378399098
11081,-2.398524595126136,0.12948558796692514
11421,-2.5124334468101854,0.11255860233493259
11819,-2.682911636835397,0.08722534832997757
12093,0.8535677625150982,0.6127502315645289
12097,-0.968963462032538,0.34192000726076904
12641,-2.69452303468976,0.08549988132945587
12839,-0.67318628670721,0.3858728337793783
13243,1.3962633489688467,0.6933954163648114
13621,-0.11279493875417047,0.46914762897619505
13625,-0.11279493875417047,0.46914762897619505
13685,-1.5834111403652806,0.25061237954806104
13693,-1.5982182147549606,0.2484120313596591
13735,-2.715738111057848,0.0823472967185578
13739,-2.7149303589789753,0.08246732960126313
13997,-3.086979821747257,0.02718035393990719
14183,0.08119731843050966,0.6105742542886289
14187,0.27882427927957304,0.6399418466866725
14189,1.1812235083483047,0.6614402501185037
14191,0.1999339083692515,0.7649392935958446
14193,1.730270716178791,0.9109688859684695
14195,1.1812235083483047,0.6614402501185037
14197,3.0433409821146062,0.9934934751422628
14205,0.7891201264113133,0.7157723931697758
14207,1.487024315290827,0.8194817537946868
14209,1.7350447650454504,0.7437387222408163
14211,1.7350447650454504,0.7437387222408163
14213,0.01251335380552177,0.48776858455926675
14215,1.826062241954321,0.04162418669359632
14217,1.8525146576789997,-0.43265710997649043
14219,2.404387451654459,-1.4535934755986806
14223,1.8077363742743637,-0.15943124256902902
14225,2.3097073551298153,0.3655810282468992
14227,2.241159155493889,0.7478676995693522
14229,1.8613613156767026,-0.07746668834040059
14231,2.1683403981445912,0.07179420830753554
14233,2.037702985488406,0.19466574331718667
14235,2.0041208382398636,0.47393933588220677
14237,1.7744146785935988,-0.2536199436701373
14239,2.984240646288972,-0.4088505654401938
14241,2.307641790965371,-0.12212554933494339
14243,2.307641790965371,-0.12212554933494339
14247,3.2398207000792127,-0.9275631065999845
14251,2.415133919715041,0.14879972167552585
14255,3.2073202564384466,0.8257998977788455
14259,2.3351383932853476,0.6380581147479981
14261,1.8083960159412642,-0.2538021379257776
14267,2.0603872610425937,0.505479189370701
14271,1.1926336423347654,0.20370184569628008
14275,2.039562676266489,-0.26252378039263485
14283,1.365366842932933,-0.4371540049605776
14293,2.317500684303305,0.5888942702224547
14339,1.1685963556490047,-1.0457101028332336
14401,2.1236881074994445,0.1160108441422356
14407,2.741553074928731,0.4356789120024795
14409,2.1236881074994445,0.1160108441422356
14411,2.5418407676595303,0.2850562277459875
14417,2.0141170676062203,0.18954624524641966
14419,0.5889225237506814,-0.3952459795740634
14427,1.8953695314573549,-0.5442919354049892
14429,1.5292969552063,-0.07150225778900163
14431,2.5199148697989777,0.2760803328011486
14441,2.0899156392943437,-0.1970159305733544
14445,2.547756171164304,0.28021758202471203
14459,1.0457621559283063,-1.2656816768179993
14465,1.465147249140209,0.49473451642499544
14469,1.5038053933258793,-0.0752903330378309
14473,1.453644944603678,-1.050909274596158
14475,1.5518480012533906,-1.2643100035171713
14477,1.8007492730884689,-0.6515024341930356
14479,1.101941946936911,-1.2668299260872524
14481,1.1448936265665735,-1.2670153743828425
14483,1.0696999986654243,-1.2662389134422616
14485,1.2308669906251508,-1.2681069620366534
14487,1.29765716122855,-1.2689799676875693
14489,1.2718150555218521,-1.2680787109404164
14491,1.2521860448447792,-1.2685905886398434
14493,1.2509263518499147,-0.30374330881274925
14523,2.1477144294128396,0.44378947817490716
14525,1.450041953803214,-0.7210670179279702
14531,1.5673356040438542,-0.45244485406806334
14535,1.4487959444504506,-0.7113449351159794
14541,0.9437537655933638,-0.7702587991370746
14543,0.9437537655933638,-0.7702587991370746
14547,1.4439211877666696,-0.7219765707610086
14551,1.076354224162484,-1.030400374191135
14553,1.0686676968039426,-1.0229235732665758
14555,1.4679446106491711,-0.7495967827974334
14569,1.6462026851683222,-0.34991526718613286
14571,1.4679446106491711,-0.7495967827974334
14573,0.9423939801069121,-0.7718165141265778
14603,1.6501886994976833,-0.17577017704178516
14607,1.213220983128375,-0.31390414492726937
14609,1.5774322495644406,-0.32285426914022136
14611,1.7468141302318765,-0.2655373305370381
14633,1.7639604805281601,-0.10147796372075343
14637,1.8644627021886873,-0.4035405408627265
14639,2.2247385334712955,-0.8466985813620628
14641,1.6550342320882652,-0.6641937905294886
14653,2.204968050835909,-0.7104806232023495
14661,1.690077799858483,0.8655530994516804
14663,1.760222781576982,-0.8644270158517438
14687,1.3124581042286745,-0.4998637077259577
14713,1.3740058536484996,-0.08920112429395681
14721,0.9259383665262046,0.8238162604154746
14729,0.34169607080506736,-0.4472718976604344
14761,0.7943730100145123,0.6365765265504408
14763,-1.2570662428213062,0.35444804336043817
14767,0.3928282184442834,0.49527568243454206
14771,2.1990859632919983,0.5489281553802094
14781,1.1152203419191236,-0.546838208853563
14787,1.0673303708996533,0.3220661811844348
14789,1.2332815403213209,-0.5246491469874989
14791,1.6724184247040945,-0.20500654134243582
14795,1.0673303708996533,0.3220661811844348
14801,1.3298659042154122,-0.5416563709294789
14803,0.7624889552500489,-0.04475634481308778
14805,1.2709220728849806,-1.0974413349434615
14809,2.2596697514373636,-0.744038195660019
14811,1.685828316913759,-1.1003964312827854
14823,1.6758039029437577,-0.47726575307730795
14835,1.7398868342830442,0.21583072036092105
14913,2.249376140274125,0.8201689528143511
14937,1.959719730985342,0.7771256791287804
14939,1.9409685411404756,-0.056933956292428235
14941,1.7065406853098561,-0.31749378413864776
14943,1.9215157298350625,-0.5299168666840415
14947,1.5949313566099879,-0.4118090726867098
14949,1.3549209395440274,-0.2917027284687501
14951,1.2311907835970157,0.3776349725097945
14953,1.9798291288856846,-0.24079199886489108
14955,1.2270801393180868,-0.346808882758933
14961,1.6928427866133247,-0.5791658415652106
14965,1.546853307023581,-0.38420264975935725
14975,1.9798291288856846,-0.24079199886489108
14977,1.248782658415798,-0.2979971281263389
14983,1.3533657523298415,-0.48523590749410045
14985,1.4084843004244403,-0.422500273826761
14987,1.3524401774487755,-0.4755090836446706
15015,0.5725401980742575,0.06158788573862781
15041,0.7021242980308942,-1.5364995183068413
15049,1.319962515973108,-0.3652899442502306
15055,0.8496683997239048,-1.5362286597258286
15059,1.8542401701760844,-0.30616987552350294
15061,1.5045527281439923,-0.898544223286051
15079,1.0891808114375623,-0.6340904612343429
15093,2.3572962718933517,0.3337633662705404
15111,1.1459193672471368,-0.7108978917836721
15119,0.7733025900640088,-0.6798920522172869
15121,1.002594334107531,-0.6682038671607671
15129,1.9823791178260994,-0.23438097119264095
15131,2.0435120879123616,-0.12817015846492985
15133,1.8987116442718839,-0.1746709267118563
15135,2.0160361448599335,-0.2575067208772957
15139,1.9733746616585992,-0.29993187099494156
15155,2.7620101108914272,0.9137292176509725
15157,2.703646644503893,0.8613132102482846
15183,2.4071304213315914,-0.07868028315082269
15211,2.2810185226737034,-0.7600098791849541
15217,1.142083506859692,-0.3503591862809442
15219,2.0370036894595347,-0.5342348533280319
15221,1.6497272634571507,-0.5947632481453992
15223,1.993374839621659,-0.49746538280093133
15231,1.6400488168474845,-0.4289095808147007
15245,1.5542806934235383,-0.5086092880843037
15249,1.9322778027866898,-0.19744831028396642
15251,1.6101937694757853,-0.6457031187997508
15261,1.57153995231675,-0.6629735106463002
15263,1.5808140940291844,-0.6522575346508235
15271,1.011456334703472,-1.3519621410395863
15273,1.2180891843845765,-0.8255907634349421
15275,1.8261942071487451,-0.21321245391816138
15281,1.5601485468931606,-0.5172727237013715
15285,1.568332725424099,-0.6735711954862945
15311,1.9055366692515667,-0.30799134434490594
15313,1.8649179579013346,-0.32692981131774507
15315,2.0933617771037376,-0.14941068355517367
15317,1.8592714434108424,-0.3296932582468883
15319,1.9183606585453512,-0.2798129782801933
15323,1.8080778786025642,-0.3524882060389886
15325,2.2030504474191894,-0.07364464942329574
15327,1.8537409720886162,-0.11228374964034557
15329,1.8580040183323367,-0.114769916664143
15333,1.8814560158466311,-0.0950001300291125
15335,1.8814560158466311,-0.0950001300291125
15337,1.8778981926665477,-0.09552882662257373
15339,1.8747136316963522,-0.09412145510815513
15341,1.3537578013701006,-0.693756270428543
15343,1.354863987670418,-0.6914393057720567
15347,1.3554361763243954,-0.6949092443375814
15351,0.9832888295301403,-0.6057118466251032
15353,0.9918599960315243,-0.6270899504620304
15363,1.6184055871381204,-1.0585921213395597
15367,2.4378108892957187,-0.4521401405752329
15369,1.5080159222304435,0.4606097784345806
15375,2.6917588886292183,-0.6104510901264438
15381,1.5821011071374056,-0.7529156798080594
15385,1.5843770873220933,-0.7445510883533863
15391,2.3917153882019604,-0.6747970894520268
15393,2.60374530173157,-0.16658403369638092
15395,1.6579881155126324,-1.0702246400990756
15397,1.6570229064432023,-1.0638771009290768
15399,2.412600953721594,-0.5003680426539677
15401,2.3745891914533948,-0.5042775818506278
15403,1.7367652344114104,-1.8586970511594787
15405,2.73596460563658,-0.7913695711841884
15407,2.4695905819709374,-0.953737819171757
15417,1.4584941623010308,-1.734327574443301
15419,1.606874575917895,-1.7339269232014096
15443,1.718601232451171,0.2126869320023362
15445,3.3119276835521707,-0.8292516621016968
15459,1.8791276972278181,0.7651496107434149
15465,2.360908095522119,0.6632464282889675
15485,2.938022282952658,0.900452953884872
15495,1.9195199946324784,-0.27194214049415216
15541,1.8843490440655213,-0.15904581402828943
15563,2.841196733515695,0.9081141698050679
15581,1.5224272612883285,-0.3150967645948904
15663,2.189259303461894,-0.305973067468517
15673,2.1707842362640144,-0.3087184835831135
15685,1.9089879285355436,-0.3447718093330826
15707,1.858209589440442,0.3161975808387951
15785,2.245027020035274,0.7313220908574994
15853,1.7341552495686503,-0.24258200724175769
15855,1.8022961263353992,-0.26883970428687365
15915,1.8743093702291627,-0.3332784709636596
15993,2.1303832450501776,0.16969385258413414
16145,1.3282901216216714,-0.5709893549994209
16279,1.994246681693609,-0.8771672077769033
16379,2.066498162566538,0.20629172868731344
16403,2.1994339551845963,0.19825525835919863
16409,2.2468211175052026,0.1697743847819982
16517,1.8041783398144127,0.07810594344890334
16553,1.6637252983258588,0.31512394466259186
16599,2.011542597205799,0.3286514561446879
16601,1.7065769956464478,0.3214917558917314
16645,1.1918523000377452,-0.7776189168670161
16647,1.506811488025329,0.7651634350702037
16733,2.0135885363536055,-0.04433097417511636
16735,1.6646980780886762,-0.5119305308539398
16739,3.166399176786593,0.9627719376491466
16761,1.8183101132449329,-0.17880674684047884
16763,1.529193163042389,-0.28455443132059893
16767,1.4140216160471095,-0.3495653575148682
16781,2.5094160675589334,0.7220905371539343
16783,1.6024880100652097,-0.16445557388823895
16795,2.0736099724152055,-0.21385136780901792
16797,2.496159757097888,0.5897430026236006
16799,2.0736099724152055,-0.21385136780901792
16803,2.491021963984059,0.6062737759287093
16805,2.4980294225381954,0.5922083540659332
16819,2.410311285700131,0.443449021717237
16829,2.4382164258887262,0.4776554909080667
16831,2.0180009894954583,0.28791173649580726
16833,1.6881430058055902,-0.3766603622161028
16835,1.9359223101111158,0.19892076397112646
16839,2.052621878805091,0.38988492279440373
16841,1.6742550213129677,-0.37872413259468574
16843,1.9468541401777624,0.11103737491878324
16845,1.9468541401777624,0.11103737491878324
16863,2.0197270271548287,0.37433564707045036
16865,1.7606104532474023,-0.36589161664892694
16867,1.8982211578759791,0.2496050871782186
16869,1.8011569734200392,-0.314956168192177
16871,1.5435494442287094,-0.45348756964403886
16873,1.5584662046484905,-0.4512709219861218
16895,1.4384468154624062,0.10747182342400433
16919,1.8713266234516281,-0.06410251941477531
16921,2.645103368658887,0.49511165788432926
16923,2.657623919864856,0.8808350397536917
16925,2.1522459811257075,0.140493676791729
16927,1.783884657050122,0.10919473278632051
16929,1.5982482893184027,-0.542751626444502
16931,1.979791604799877,-0.3213322556309236
16933,1.6029774365840055,-0.30340929565749036
16935,2.152202739284755,0.10359002128468646
16937,1.7938128695523465,0.08264794178439755
16939,3.483622511493901,-0.6242234075593237
16941,3.0119293868336348,-0.17200381841565604
16943,1.961312071095472,-0.32365149537111515
16945,3.132553499053942,0.47993545917866964
16947,1.5624280390393708,-0.6601430846505755
16951,1.6860485353229886,-0.40195033645843803
16953,1.6117958957953407,-0.5259714291131935
16955,1.9893439322213038,-1.250627732802415
16961,2.657623919864856,0.8808350397536917
16963,3.1807515263264206,-0.6121203904602237
16967,1.5403989295403309,-0.5736483985374772
16971,2.014166317694438,-0.09299233429628567
16973,3.210561703993046,0.471417924324459
16977,1.6701085715110062,-0.5179018949545953
16979,3.243959167788285,0.4285854354829411
16981,2.014166317694438,-0.09299233429628567
16985,1.530613984577476,-0.5751024525494995
16987,1.7518046598443626,-0.5076128725998322
16989,1.7463684973368974,-0.5126841176707692
16993,2.06295897955545,-0.2663496418057335
16995,1.3111573114137316,-0.595412718150406
17013,3.5825001805359933,-1.1220828115132824
17015,3.5825001805359933,-1.1220828115132824
17637,0.027606303542215004,1.0419456467399217
17641,0.35441973074575056,0.8307294202274643
17643,-0.20169978465740274,0.9230199691636533
17645,-0.19313068687258775,0.9242933468945167
17649,0.028909477339061202,0.9802571265664547
17651,0.663778246535802,0.9320408882847504
17653,0.5449190923636883,0.899821842599777
17655,0.4798431795198034,0.8723358454897675
17657,-0.2250657163614344,1.0451822949856269
17659,0.467118730597631,0.990035083944913
17661,0.009358126861453321,0.9773517735256002
17665,0.9616718648315812,1.125408418577318
17667,0.009358126861453321,0.9773517735256002
17669,0.28747674742042295,0.8437499736801252
17677,0.004529038888282125,0.9766341655300055
17681,0.6051237870276063,1.3051288537904233
17687,0.9720430081505975,1.1499179396695511
17689,0.9720430081505975,1.1499179396695511
17697,0.16707089212073947,1.3635814550340866
17705,0.8934042321915268,0.9337914908854626
17709,0.9863249910486824,1.1520402586617817
17715,0.9863249910486824,1.1520402586617817
17717,1.287649519343061,1.1297825395890926
17719,1.2680981688654531,1.1268771865482379
17771,0.6982607337124576,0.7127318587731395
17781,0.6982607337124576,0.7127318587731395
17997,1.1308841187031478,0.29673152228394406
17999,-0.48297137551437996,0.8646419600741955
18001,0.7180957448134405,-0.8743076642618307
18003,0.6404592472791343,-0.633286540157671
18005,2.1643161032967853,-0.2364320206993119
18011,1.6246176600115763,0.7925976590627518
18015,1.5620283878698067,0.9152434072880432
18021,0.9373653193557456,0.9610818300441893
18031,1.3153208921084192,-0.6260187273045343
18035,0.9036146539339596,-0.2145217606333375
18043,2.4646766559657647,0.8638813317830145
18049,0.8423570282571916,0.5112020855303462
18051,0.9400983935251447,-0.48969160969967485
18053,0.6948350182712832,-0.6883259131795422
18061,1.9024366539001583,0.0554244125682445
18151,-0.2556277323087625,0.6523631492448179
18153,-0.24025548085551296,0.6546474833912308
18159,-0.2556277323087625,0.6523631492448179
18315,0.966963805167211,-0.6832401261252734
18323,0.9759696065004763,-0.672976863576958
18333,1.6362308443498403,-1.2458597043205362
18343,0.9547115417259183,0.05037347691592733
18349,0.8971877535410723,-0.7824649874042173
18351,0.8867854235964416,-0.7874865794053608
18353,0.8735045213214792,-0.8857802150584806
18357,0.8745716787211261,-0.8856216342484399
18359,0.8390678409006112,-0.901041113059207
18363,0.98409108106069,-0.8267080894661031
18367,0.8762888665835713,-0.895079900052845
18371,0.7987023203472899,-0.9109653670387324
18373,0.8346728873537979,-0.9042547352148145
18377,0.9067101644738224,-0.7788621122667082
18381,1.283401571113983,-1.1795804454584347
18383,0.8420443164058915,-0.9056300895559863
18389,0.8821718777116447,-0.8955317961668546
18393,1.5243329169844868,-1.3388584888097315
18403,0.8623468024509471,-0.9184131569463528
18413,0.86823414268327,-0.9152033086539832
18417,0.8459365851327589,-0.9193614899637782
18419,1.1648065037711766,-0.6011322935609409
18421,1.8539116784821394,0.02640420047497143
18423,1.1706160073425653,-0.5138246220421061
18645,1.0646482112143627,1.7067813333344501
18647,-0.9285125387768581,0.8986591289013768
18649,-1.6414584969905994,1.5341075531400807
18651,-0.4756926720741404,1.5929517759352587
18653,-0.49269306371998234,1.5904254982942065
18655,-1.4294548087184173,0.13676982025344916
18657,-0.4343307177162197,1.599098209656403
18659,-0.19181948224910816,2.0569104109225247
18661,-0.1905848249364442,2.057093882411201
18663,-0.19181948224910816,2.0569104109225247
18665,-0.4327054342118765,1.5993397286439024
18667,-0.5124212274234916,1.5874938706057702
18669,-0.5124212274234916,1.5874938706057702
18671,-0.7413303456204899,1.3312214350711948
18673,-0.648473664457844,1.3450200440874138
18675,-0.6518809872098064,1.3445137120296902
18677,-0.6726445315750187,1.3101308911400562
18679,-0.667555070465585,1.3108871908814745
18681,-0.667555070465585,1.3108871908814745
18683,-1.480974258756738,0.12911397105758823
18689,-0.6641477477136231,1.3113935229391973
18705,-0.7042937796858054,1.3054277766751623
18707,-0.7042937796858054,1.3054277766751623
18709,-0.7042937796858054,1.3054277766751623
18711,-0.7042937796858054,1.3054277766751623
18717,-2.5176229311098917,0.16712787784638036
18721,-2.5152074251637417,0.16748682479246924
18735,-2.5200326560231217,0.16676978996839506
18753,-2.529614294508157,0.16534594753148726
18769,-2.5624496905491734,0.16046657012762502
18771,-2.560139487824813,0.16080986889452648
18783,-2.5647546047468386,0.16012405724183923
18873,0.9496284154760652,0.6823653932675288
19009,0.8768114235376644,0.6715447049884036
19157,-0.054919488928442756,0.5654605073020831
19195,-2.395199783368631,0.12997965879650777
19197,-2.382914004717504,0.13180533955468332
19199,-2.382914004717504,0.13180533955468332
19205,-2.382914004717504,0.13180533955468332
19207,0.0370722033336371,0.49141805768584773
19215,-2.3896339156169017,0.1308067531098137
19219,-2.3896339156169017,0.1308067531098137
19231,-1.5376367620017346,0.2574145045227052
19239,-2.3896339156169017,0.1308067531098137
19245,-2.3896339156169017,0.1308067531098137
19247,-2.3896339156169017,0.1308067531098137
19259,-2.3896339156169017,0.1308067531098137
19261,-2.3896339156169017,0.1308067531098137
19281,-0.8978612526471016,0.35248587689141425
19283,-0.8978612526471016,0.35248587689141425
19285,-0.8978612526471016,0.35248587689141425
19287,-0.8978612526471016,0.35248587689141425
19289,-1.2009345679594532,0.30744883562651015
19291,-0.8978612526471016,0.35248587689141425
19293,-0.8978612526471016,0.35248587689141425
19295,-0.469773167802117,0.41610025588188193
19297,-0.8978612526471016,0.35248587689141425
19299,-0.8978612526471016,0.35248587689141425
19301,-0.8978612526471016,0.35248587689141425
19303,-0.8978612526471016,0.35248587689141425
19305,-0.8978612526471016,0.35248587689141425
19307,-0.8978612526471016,0.35248587689141425
19309,-1.2009345679594532,0.30744883562651015
19311,-0.8978612526471016,0.35248587689141425
19313,-0.8978612526471016,0.35248587689141425
19315,-0.8978612526471016,0.35248587689141425
19317,-0.8978612526471016,0.35248587689141425
19319,-0.8978612526471016,0.35248587689141425
19321,-0.8978612526471016,0.35248587689141425
19323,-0.8978612526471016,0.35248587689141425
19325,-0.8978612526471016,0.35248587689141425
19327,-0.8978612526471016,0.35248587689141425
19329,-0.8978612526471016,0.35248587689141425
19331,0.3062215307846686,0.5314139555574257
19333,-0.8978612526471016,0.35248587689141425
19335,0.3062215307846686,0.5314139555574257
19337,-0.8978612526471016,0.35248587689141425
19339,-0.8978612526471016,0.35248587689141425
19341,-0.6914380779506732,0.38316059672695735
19343,0.3062215307846686,0.5314139555574257
19345,0.3062215307846686,0.5314139555574257
19347,-0.8978612526471016,0.35248587689141425
19349,-0.8978612526471016,0.35248587689141425
19351,0.3062215307846686,0.5314139555574257
19353,0.1417755891429621,0.5069771005610344
19355,-0.469773167802117,0.41610025588188193
19357,-0.8978612526471016,0.35248587689141425
19359,0.3062215307846686,0.5314139555574257
19361,-0.469773167802117,0.41610025588188193
19363,0.1417755891429621,0.5069771005610344
19365,0.3062215307846686,0.5314139555574257
19367,0.3062215307846686,0.5314139555574257
19369,-0.7034246827589761,0.3813793735439751
19373,-0.8978612526471016,0.35248587689141425
19377,0.3062215307846686,0.5314139555574257
19379,-0.8978612526471016,0.35248587689141425
19381,-1.160135277129237,0.3135116569039477
19383,-0.8978612526471016,0.35248587689141425
19385,-0.8978612526471016,0.35248587689141425
19387,-0.8978612526471016,0.35248587689141425
19389,-0.8978612526471016,0.35248587689141425
19393,-0.8978612526471016,0.35248587689141425
19395,-1.2009345679594532,0.30744883562651015
19397,0.3062215307846686,0.5314139555574257
19399,-0.8978612526471016,0.35248587689141425
19401,-0.8978612526471016,0.35248587689141425
19405,0.3062215307846686,0.5314139555574257
19407,-0.8978612526471016,0.35248587689141425
19409,-0.8978612526471016,0.35248587689141425
19411,-0.8978612526471016,0.35248587689141425
19413,-0.469773167802117,0.41610025588188193
19415,0.1417755891429621,0.5069771005610344
19417,0.3062215307846686,0.5314139555574257
19419,0.3062215307846686,0.5314139555574257
19421,-0.8978612526471016,0.35248587689141425
19423,-0.8978612526471016,0.35248587689141425
19425,0.3062215307846686,0.5314139555574257
19427,-0.8978612526471016,0.35248587689141425
19429,-0.8978612526471016,0.35248587689141425
19431,-0.8978612526471016,0.35248587689141425
19435,-1.830915109209677,0.269173445533454
19437,-1.386323185370799,0.2798998750596802
19439,-1.9990896762828718,0.18884207372037232
19441,-1.386323185370799,0.2798998750596802
19443,-1.3705583417331662,0.437602802145116
19445,-1.3705583417331662,0.437602802145116
19447,-1.3705583417331662,0.437602802145116
19449,-1.3705583417331662,0.437602802145116
19451,-1.3705583417331662,0.437602802145116
19453,-1.3705583417331662,0.437602802145116
19455,-1.3705583417331662,0.437602802145116
19459,-1.3705583417331662,0.437602802145116
19461,-1.5692223187442826,0.43655781314537623
19463,-1.3705583417331662,0.437602802145116
19465,-1.3705583417331662,0.437602802145116
19473,-1.3705583417331662,0.437602802145116
19475,-1.8009047100768678,0.3843139027926161
19477,-1.3705583417331662,0.437602802145116
19481,-1.38960532766969,0.4347723982518822
19483,-1.38960532766969,0.4347723982518822
19485,-1.38960532766969,0.4347723982518822
19487,-1.38960532766969,0.4347723982518822
19489,-1.38960532766969,0.4347723982518822
19495,-1.38960532766969,0.4347723982518822
19501,-1.38960532766969,0.4347723982518822
19503,-1.38960532766969,0.4347723982518822
19505,-1.5833584693051739,0.4344571650052339
19507,-1.38960532766969,0.4347723982518822
19509,-1.38960532766969,0.4347723982518822
19511,-1.38960532766969,0.4347723982518822
19517,-1.38960532766969,0.4347723982518822
19519,-1.38960532766969,0.4347723982518822
19521,-1.38960532766969,0.4347723982518822
19523,-1.38960532766969,0.4347723982518822
19525,-1.38960532766969,0.4347723982518822
19533,-1.9132743146788516,0.2015943345973809
19535,-1.9132743146788516,0.2015943345973809
19537,0.5851092501253431,0.5728569896011066
19539,-1.9114811478428064,0.2018608012399707
19541,-1.9114811478428064,0.2018608012399707
19543,-1.9114811478428064,0.2018608012399707
19545,-1.9114811478428064,0.2018608012399707
19547,-1.9114811478428064,0.2018608012399707
19549,-1.9114811478428064,0.2018608012399707
19551,-1.9114811478428064,0.2018608012399707
19553,-1.9114811478428064,0.2018608012399707
19555,-1.9114811478428064,0.2018608012399707
19557,-1.9114811478428064,0.2018608012399707
19559,-1.9114811478428064,0.2018608012399707
19561,-1.9114811478428064,0.2018608012399707
19563,-1.9114811478428064,0.2018608012399707
19565,-1.9114811478428064,0.2018608012399707
19567,-1.9114811478428064,0.2018608012399707
19569,-1.9114811478428064,0.2018608012399707
19573,-1.9114811478428064,0.2018608012399707
19575,-0.7442884960926461,0.3753069641487333
19579,-0.7442884960926461,0.3753069641487333
19581,-1.9114811478428064,0.2018608012399707
19583,0.5851092501253431,0.5728569896011066
19585,0.5851092501253431,0.5728569896011066
19587,-1.9114811478428064,0.2018608012399707
19589,-1.9114811478428064,0.2018608012399707
19591,-1.9114811478428064,0.2018608012399707
19593,-1.9114811478428064,0.2018608012399707
19595,-1.9114811478428064,0.2018608012399707
19597,-1.9114811478428064,0.2018608012399707
19599,-1.9114811478428064,0.2018608012399707
19601,-1.9114811478428064,0.2018608012399707
19603,-1.9114811478428064,0.2018608012399707
19605,-0.7442884960926461,0.3753069641487333
19607,-1.9114811478428064,0.2018608012399707
19609,-1.9114811478428064,0.2018608012399707
19611,-0.7442884960926461,0.3753069641487333
19613,-0.6793070527437547,0.38496328094634
19615,-1.9114811478428064,0.2018608012399707
19617,-1.9114811478428064,0.2018608012399707
19619,-1.9114811478428064,0.2018608012399707
19623,-1.9114811478428064,0.2018608012399707
19625,-1.9114811478428064,0.2018608012399707
19627,-1.9114811478428064,0.2018608012399707
19629,-0.6793070527437547,0.38496328094634
19631,-0.6793070527437547,0.38496328094634
19633,-1.9114811478428064,0.2018608012399707
19635,-1.9114811478428064,0.2018608012399707
19637,-1.9114811478428064,0.2018608012399707
19639,-1.9114811478428064,0.2018608012399707
19643,-1.9114811478428064,0.2018608012399707
19645,-1.9114811478428064,0.2018608012399707
19647,-1.9114811478428064,0.2018608012399707
19649,0.2586443535289001,0.5243439326056282
19651,-1.9114811478428064,0.2018608012399707
19653,-1.9114811478428064,0.2018608012399707
19655,-1.9114811478428064,0.2018608012399707
19657,-1.9114811478428064,0.2018608012399707
19659,-1.9114811478428064,0.2018608012399707
19661,-1.9114811478428064,0.2018608012399707
19663,-1.9114811478428064,0.2018608012399707
19665,-1.9114811478428064,0.2018608012399707
19667,-1.9114811478428064,0.2018608012399707
19669,-0.6793070527437547,0.38496328094634
19671,-1.9114811478428064,0.2018608012399707
19673,-1.9114811478428064,0.2018608012399707
19675,-1.9114811478428064,0.2018608012399707
19677,-1.9114811478428064,0.2018608012399707
19679,-1.9114811478428064,0.2018608012399707
19681,-1.9114811478428064,0.2018608012399707
19687,0.8973635145844339,0.8236989671504136
19689,0.8973635145844339,0.8236989671504136
19691,0.8973635145844339,0.8236989671504136
19693,0.8973635145844339,0.8236989671504136
19695,0.8878341814246882,-0.5374442065607095
19697,0.7916857089352647,-0.7884525472139688
19699,-0.9302494490081732,-1.728461566599523
19701,0.07458882363270228,-1.3917890401496495
19703,1.1875237361257163,-0.7355762587440905
19705,-0.07975489996026706,-1.5457641415801087
19707,0.5701317124827123,-1.3679682629732954
19709,0.8973635145844339,0.8236989671504136
19715,1.6559052779794778,-0.8466551250546582
19717,0.8973635145844339,0.8236989671504136
19719,0.8973635145844339,0.8236989671504136
19721,-0.6935408717053096,-1.7275557538502695
19725,0.9273983033000642,-0.599994213215669
19731,0.8973635145844339,0.8236989671504136
19745,0.8973635145844339,0.8236989671504136
19749,0.17841961601346396,-1.5489251794113272
19755,0.3239066868470425,-0.6929576124259583
19757,0.46322587217642586,-0.582016473040981
19759,0.5146415408350851,-0.7225467335189458
19761,0.11756918486086919,-0.7384153661450441
19763,0.15095659183741936,-0.7655213984521584
19765,0.17275356547690995,-0.7302149040739396
19767,0.12109685428865366,-0.7699585896009634
19771,0.12428431006064704,-0.8122237889144366
19773,0.09785165548945071,-0.8235958478317785
19775,0.07970949056351245,-0.8262917942880416
19781,0.044377342101460576,-0.831542191957078
19783,0.044377342101460576,-0.831542191957078
19785,-0.015350288619729825,-0.8475911657446527
19789,0.07970949056351245,-0.8262917942880416
19799,0.49684772302501007,-0.6161177021480732
19807,0.4980719437659877,-0.647693031956571
19809,0.5005672682459444,-0.6473222238850739
19811,0.5058078138931834,-0.6410351249566613
19813,0.5325102250268832,-0.6270741688126811
19817,0.5325102250268832,-0.6270741688126811
19821,0.3444113537257697,-0.7809455110332615
19825,2.101168287968203,0.6614244502145938
19827,0.12295409734074168,-0.8930644788342489
19829,0.33627802606989027,-0.7915485844216528
19841,0.1771182930903518,-0.9053587505645272
19901,-0.19343578553871946,0.5774995301172914
19905,-0.2502341011119843,0.3120033660183281
19937,0.8899011666588867,-0.12963420653525257
19973,1.0820265966120068,0.3732581830893667
19983,2.2764945552012583,1.1590867031692484
19985,0.19502631960764674,-0.5584965181849483
19989,0.15852493186798147,-0.8392363006004403
19993,0.035166093067913975,-0.559791554845999
19997,0.44565932428983707,-0.4653347322320676
19999,0.08652967874483944,-0.5777045445439019
20001,0.5070900571372704,-0.5410914524176983
20003,-0.5439422780911306,0.2683579950201689
20005,1.013795092351205,0.7491593500577397
20007,0.12547150534313117,-0.7224235257836735
20015,-0.17219921724751167,-0.5463306173744094
20017,1.1332608374637665,-0.032115656270889116
20019,1.1219982215453914,-0.11746100128917865
20021,0.6485429416989942,-0.8262052362286517
20025,1.6555366526102364,-0.1014415393102913
20027,1.8017227732853196,0.157094603628302
20029,0.9916747099232062,-0.16598823689810088
20033,-0.43919719401390983,-2.0689966140130776
20037,-1.0536940229596812,-1.1498354081787607
20093,-0.029091288249971068,-0.6534734026943761
20113,2.101168287968203,0.6614244502145938
20125,2.2847411016190415,0.6887035802659698
20127,1.3953541459111,0.6810038471124719
20129,1.7760200479196175,-0.15524330282616586
20131,0.6326452120145688,0.4509363108153221
20137,0.9341622772154876,0.6573493715263591
20143,-1.2728510174751662,-2.932255543728616
20145,-1.2721622231002272,-2.9799707245045655
20149,-1.1759200002315466,-2.9466413875058306
20151,0.23554608894642173,-0.6145159713088971
20153,-1.1213630390954983,-2.9291819046027365
20155,-1.2651433352993993,-2.9773897269521026
20157,0.18417836884357108,-1.0764651899799602
20159,-0.8776786280009734,-2.8211719960083546
20161,0.3308722161429809,-0.7220309360368052
20163,-1.2577914304235627,-2.980896818746381
20165,-0.9517619206134271,-2.8455773669741578
20167,0.3190710449692415,-0.7267960544055436
20169,-1.057071853911361,-2.895880837896153
20171,-1.0708829888513245,-2.9256058828106686
20173,-0.8798789980855851,-2.823039541676339
20295,1.9459596855424381,0.6383602743899649
20427,0.5675555369889909,-1.9432253919162006
20429,0.8186688641149998,-1.1092682792979436
20431,1.211948880165949,-1.49753669574325
20433,1.0337056772594542,-0.4955405581530072
20435,0.0046104411437460505,-1.8292674271824876
20437,0.2684039673877195,-1.969068860558633
20439,0.6423555677530169,-0.5451990325174527
20441,0.2498203154108569,0.11634226882494131
20443,0.8671666190040309,-1.061417057591539
20445,0.49376083105911184,-1.8124014642737116
20447,0.6066915140813973,-1.7697754562510464
20449,0.9429183149536139,-1.7507009378858054
20451,-0.11293831173455353,-1.2275018698143603
20457,0.8770441773781873,-0.9217572665386365
20459,0.27614802755737206,-1.427200244681443
20463,0.9419042242844233,-0.7184616944865311
20465,-0.12124512098248327,-1.2941799466200334
20467,0.790995406003936,-1.6817868086973544
20469,0.7752721793221315,-2.1578022303440627
20475,0.21055414356974625,-0.9977883507518438
20477,0.07011654797946959,-1.6437556167263496
20479,0.400916411228066,-0.9115937726033131
20481,0.03675412365272936,-1.2168853677399778
20483,1.7249689795959424,-1.680930262550522
20485,1.97078552246372,-1.5128853865220366
20489,-0.4480178649170265,-1.316708263693464
20491,0.5693887867445483,-1.014870003678308
20493,0.5559554318434254,-1.2269699974451789
20641,-0.761306302540704,0.372778098648155
20651,0.5598371004467356,-0.9589128156171123
20655,0.7147997911261932,0.0895413820307324
20657,0.5360221523384805,-0.8584691059924573
20663,0.5363420306723101,-0.8821318802236068
20665,1.1372027904054425,-0.47910178986199636
20679,-0.8266392428079191,0.36306954900649574
20687,0.5254032011624657,-0.8720771748233818
20689,0.46698657721064596,-1.823286274720042
20691,-1.9432794614527655,0.19713553547142162
20693,0.26867478363564246,-0.8164258319568691
20697,0.5210939775260574,-0.9016364751457607
20701,0.5987549289436974,-1.3517517222495317
20703,-0.28920143807896287,0.4429334214294174
20709,0.542768142239095,-0.7450427607073171
20735,1.2573670876253429,0.08068011052379884
20737,1.2573670876253429,0.08068011052379884
20739,1.2573670876253429,0.08068011052379884
20741,1.2573670876253429,0.08068011052379884
20743,1.2573670876253429,0.08068011052379884
20745,1.2573670876253429,0.08068011052379884
20747,1.2573670876253429,0.08068011052379884
20749,1.2573670876253429,0.08068011052379884
20751,1.2573670876253429,0.08068011052379884
20753,1.2573670876253429,0.08068011052379884
20755,1.2573670876253429,0.08068011052379884
20757,1.2573670876253429,0.08068011052379884
20759,1.2573670876253429,0.08068011052379884
20761,1.2573670876253429,0.08068011052379884
20763,1.2573670876253429,0.08068011052379884
20765,1.2573670876253429,0.08068011052379884
20767,1.2569185887931875,0.08024203550247355
20769,1.2569185887931875,0.08024203550247355
20771,1.2569185887931875,0.08024203550247355
20773,1.2569185887931875,0.08024203550247355
20775,1.2569185887931875,0.08024203550247355
20777,1.2569185887931875,0.08024203550247355
20779,1.2569185887931875,0.08024203550247355
20781,1.2569185887931875,0.08024203550247355
20783,1.2569185887931875,0.08024203550247355
20785,1.2569185887931875,0.08024203550247355
20787,1.2569185887931875,0.08024203550247355
20789,1.2569185887931875,0.08024203550247355
20791,1.2569185887931875,0.08024203550247355
20793,1.2569185887931875,0.08024203550247355
20795,1.2569185887931875,0.08024203550247355
20797,1.2569185887931875,0.08024203550247355
20799,1.2569185887931875,0.08024203550247355
20801,1.2569185887931875,0.08024203550247355
20803,1.2569185887931875,0.08024203550247355
20805,1.2569185887931875,0.08024203550247355
20807,1.2569185887931875,0.08024203550247355
20809,1.2569185887931875,0.08024203550247355
20811,1.2569185887931875,0.08024203550247355
20813,1.2569185887931875,0.08024203550247355
20815,1.2569185887931875,0.08024203550247355
20817,1.2569185887931875,0.08024203550247355
20819,1.2569185887931875,0.08024203550247355
20821,1.2569185887931875,0.08024203550247355
20823,1.2569185887931875,0.08024203550247355
20825,1.2569185887931875,0.08024203550247355
20827,1.2569185887931875,0.08024203550247355
20829,1.2569185887931875,0.08024203550247355
20831,1.2569185887931875,0.08024203550247355
20833,1.2569185887931875,0.08024203550247355
20835,1.2569185887931875,0.08024203550247355
20837,1.2569185887931875,0.08024203550247355
20839,1.2569185887931875,0.08024203550247355
20841,1.2562978798838453,0.060360210169125406
20843,1.2569185887931875,0.08024203550247355
20845,1.2569185887931875,0.0802420355024735
20875,-1.0313141203279121,-0.7242226739229792
20877,-1.0313141203279121,-0.7242226739229792
20879,-1.0313141203279121,-0.7242226739229792
