,reliability_issues_per_kloc,maintainability_issues_per_kloc,security_issues_per_kloc,security_hotspots_per_kloc,complexity_per_kloc,cognitive_complexity_per_kloc,duplicated_lines_density
1,1.3966480446927374,12.44286439817166,0.0,0.0,48.62874555611985,26.53631284916201,2.5
3,1.3966480446927374,12.44286439817166,0.0,0.0,48.62874555611985,26.53631284916201,2.5
5,1.0753972995578922,13.024256183534472,0.0,0.0,49.22929860198351,27.36288684430637,2.1
7,1.3966480446927374,12.44286439817166,0.0,0.0,48.62874555611985,26.53631284916201,2.5
9,1.3966480446927374,12.44286439817166,0.0,0.0,48.62874555611985,26.53631284916201,2.5
11,1.3966480446927374,12.44286439817166,0.0,0.0,48.62874555611985,26.53631284916201,2.5
13,1.0753972995578922,13.024256183534472,0.0,0.0,49.22929860198351,27.36288684430637,2.1
15,1.3966480446927374,12.44286439817166,0.0,0.0,48.62874555611985,26.53631284916201,2.5
17,1.3966480446927374,12.44286439817166,0.0,0.0,48.62874555611985,26.53631284916201,2.5
19,1.0753972995578922,13.024256183534472,0.0,0.0,49.22929860198351,27.36288684430637,2.1
21,1.1688311688311688,12.337662337662337,0.0,0.0,45.714285714285715,24.805194805194805,2.6
23,1.178164681241,12.43618274643278,0.0,0.0,43.068464458698784,24.086922372038224,2.6
25,1.178164681241,12.43618274643278,0.0,0.0,43.068464458698784,24.086922372038224,2.6
27,1.0743702996299391,13.011818073295927,0.0,0.0,49.18228482750388,27.336755401695115,2.1
29,1.1688311688311688,12.337662337662337,0.0,0.0,45.714285714285715,24.805194805194805,2.6
31,1.0743702996299391,13.011818073295927,0.0,0.0,49.18228482750388,27.336755401695115,2.1
33,1.1688311688311688,12.337662337662337,0.0,0.0,45.714285714285715,24.805194805194805,2.6
35,1.1688311688311688,12.337662337662337,0.0,0.0,45.714285714285715,24.805194805194805,2.6
37,1.1688311688311688,12.337662337662337,0.0,0.0,45.714285714285715,24.805194805194805,2.6
39,0.0,0.0,0.0,0.0,0.0,0.0,0.0
41,0.0,0.0,0.0,0.0,0.0,0.0,0.0
43,0.0,0.0,0.0,0.0,0.0,0.0,0.0
45,0.0,0.0,0.0,0.0,0.0,0.0,0.0
47,0.0,0.0,0.0,0.0,0.0,0.0,0.0
49,0.0,0.0,0.0,0.0,0.0,0.0,0.0
51,0.0,0.0,0.0,0.0,0.0,0.0,0.0
53,0.0,0.0,0.0,0.0,0.0,0.0,0.0
55,0.0,0.0,0.0,0.0,0.0,0.0,0.0
57,0.0,0.0,0.0,0.0,0.0,0.0,0.0
59,0.0,0.0,0.0,0.0,0.0,0.0,0.0
61,0.0,0.0,0.0,0.0,0.0,0.0,0.0
63,0.0,0.0,0.0,0.0,0.0,0.0,0.0
65,0.0,0.0,0.0,0.0,0.0,0.0,0.0
67,0.0,0.0,0.0,0.0,0.0,0.0,0.0
69,0.0,0.0,0.0,0.0,0.0,0.0,0.0
71,0.0,0.0,0.0,0.0,0.0,0.0,0.0
73,0.0,0.0,0.0,0.0,0.0,0.0,0.0
75,0.0,0.0,0.0,0.0,0.0,0.0,0.0
77,0.0,0.0,0.0,0.0,0.0,0.0,0.0
79,0.0,0.0,0.0,0.0,0.0,0.0,0.0
81,0.0,0.0,0.0,0.0,0.0,0.0,0.0
83,0.0,0.0,0.0,0.0,0.0,0.0,0.0
85,0.0,0.0,0.0,0.0,0.0,0.0,0.0
87,0.0,0.0,0.0,0.0,0.0,0.0,0.0
89,0.0,0.0,0.0,0.0,0.0,0.0,0.0
91,0.0,0.0,0.0,0.0,0.0,0.0,0.0
93,0.0,0.0,0.0,0.0,0.0,0.0,0.0
95,0.0,0.0,0.0,0.0,0.0,0.0,0.0
97,0.0,0.0,0.0,0.0,0.0,0.0,0.0
99,0.0,0.0,0.0,0.0,0.0,0.0,0.0
101,0.0,0.0,0.0,0.0,0.0,0.0,0.0
103,0.0,0.0,0.0,0.0,0.0,0.0,0.0
105,0.0,0.0,0.0,0.0,0.0,0.0,0.0
107,0.0,0.0,0.0,0.0,0.0,0.0,0.0
109,0.0,0.0,0.0,0.0,0.0,0.0,0.0
111,0.0,0.0,0.0,0.0,0.0,0.0,0.0
113,0.0,0.0,0.0,0.0,0.0,0.0,0.0
115,0.0,0.0,0.0,0.0,0.0,0.0,0.0
117,0.0,0.0,0.0,0.0,0.0,0.0,0.0
119,0.0,0.0,0.0,0.0,0.0,0.0,0.0
189,0.0,0.0,0.0,0.0,0.0,0.0,0.0
191,0.0,0.0,0.0,0.0,0.0,0.0,0.0
193,0.0,0.0,0.0,0.0,0.0,0.0,0.0
195,0.0,0.0,0.0,0.0,0.0,0.0,0.0
197,0.0,0.0,0.0,0.0,0.0,0.0,0.0
199,0.0,0.0,0.0,0.0,0.0,0.0,0.0
201,0.0,0.0,0.0,0.0,0.0,0.0,0.0
203,0.0,0.0,0.0,0.0,0.0,0.0,0.0
205,37.5,62.5,37.5,12.5,0.0,0.0,0.0
207,61.224489795918366,102.0408163265306,61.224489795918366,20.408163265306122,0.0,0.0,0.0
209,61.224489795918366,81.63265306122449,61.224489795918366,20.408163265306122,0.0,0.0,0.0
211,56.60377358490566,75.47169811320755,56.60377358490566,18.867924528301888,0.0,0.0,0.0
213,47.61904761904762,63.492063492063494,47.61904761904762,15.873015873015873,0.0,0.0,0.0
215,46.875,62.5,46.875,15.625,0.0,0.0,0.0
217,15.873015873015873,15.873015873015873,15.873015873015873,15.873015873015873,0.0,0.0,0.0
219,16.39344262295082,16.39344262295082,16.39344262295082,16.39344262295082,0.0,0.0,0.0
221,15.873015873015873,15.873015873015873,15.873015873015873,15.873015873015873,0.0,0.0,0.0
223,16.666666666666668,16.666666666666668,16.666666666666668,16.666666666666668,0.0,0.0,0.0
225,16.666666666666668,16.666666666666668,16.666666666666668,16.666666666666668,0.0,0.0,0.0
227,16.666666666666668,16.666666666666668,16.666666666666668,16.666666666666668,0.0,0.0,0.0
229,19.23076923076923,115.38461538461539,19.23076923076923,76.92307692307692,0.0,0.0,0.0
231,19.23076923076923,115.38461538461539,19.23076923076923,76.92307692307692,0.0,0.0,0.0
233,19.23076923076923,115.38461538461539,19.23076923076923,76.92307692307692,0.0,0.0,0.0
235,0.0,0.0,0.0,0.0,0.0,0.0,0.0
237,0.0,0.0,0.0,0.0,0.0,0.0,0.0
239,0.0,0.0,0.0,0.0,0.0,0.0,0.0
241,0.0,0.0,0.0,0.0,0.0,0.0,0.0
243,0.0,0.0,0.0,0.0,0.0,0.0,0.0
245,0.0,0.0,0.0,0.0,0.0,0.0,0.0
247,0.0,3.252032520325203,0.0,0.0,0.0,0.0,0.0
249,0.0,3.252032520325203,0.0,0.0,0.0,0.0,0.0
251,0.0,3.252032520325203,0.0,0.0,0.0,0.0,0.0
253,0.0,2.7972027972027975,0.0,0.0,0.0,0.0,0.0
255,0.0,2.7972027972027975,0.0,0.0,0.0,0.0,0.0
257,0.0,2.7972027972027975,0.0,0.0,0.0,0.0,0.0
259,0.0,2.7972027972027975,0.0,0.0,0.0,0.0,0.0
261,0.0,2.801120448179272,0.0,0.0,0.0,0.0,0.0
263,0.0,3.1471282454760034,0.0,0.0,0.0,0.0,0.0
265,0.0,3.1471282454760034,0.0,0.0,0.0,0.0,0.0
267,0.0,3.1471282454760034,0.0,0.0,0.0,0.0,0.0
269,0.0,3.1471282454760034,0.0,0.0,0.0,0.0,0.0
271,0.0,3.1201248049921997,0.0,0.0,0.0,0.0,0.0
273,0.0,3.1201248049921997,0.0,0.0,0.0,0.0,0.0
275,0.0,3.0651340996168583,0.0,0.0,0.0,0.0,0.0
277,0.0,1.5360983102918586,0.0,0.0,0.0,0.0,0.0
279,0.0,1.5360983102918586,0.0,0.0,0.0,0.0,0.0
321,0.0,1.5455950540958268,0.0,0.0,0.0,0.0,0.0
323,0.0,1.5455950540958268,0.0,0.0,0.0,0.0,0.0
325,0.0,1.5515903801396431,0.0,0.0,0.0,0.0,0.0
327,0.0,1.5515903801396431,0.0,0.0,0.0,0.0,0.0
329,0.0,1.5515903801396431,0.0,0.0,0.0,0.0,0.0
331,0.0,1.5515903801396431,0.0,0.0,0.0,0.0,0.0
333,0.0,1.557632398753894,0.0,0.0,0.0,0.0,0.0
335,0.0,1.5515903801396431,0.0,0.0,0.0,0.0,0.0
337,0.0,1.558846453624318,0.0,0.0,0.0,0.0,0.0
339,0.0,1.558846453624318,0.0,0.0,0.0,0.0,0.0
341,0.0,0.0,0.0,0.0,0.0,0.0,0.0
343,0.0,0.0,0.0,0.0,0.0,0.0,0.0
345,0.0,0.0,0.0,0.0,0.0,0.0,0.0
347,0.0,0.0,0.0,0.0,0.0,0.0,0.0
349,0.0,0.0,0.0,0.0,0.0,0.0,0.0
351,0.0,0.0,0.0,0.0,0.0,0.0,0.0
353,0.0,0.0,0.0,0.0,0.0,0.0,0.0
355,0.0,0.0,0.0,0.0,0.0,0.0,0.0
357,0.0,0.0,0.0,0.0,0.0,0.0,0.0
359,0.0,0.0,0.0,0.0,0.0,0.0,0.0
361,0.0,0.0,0.0,0.0,0.0,0.0,0.0
363,0.0,0.0,0.0,0.0,0.0,0.0,0.0
365,0.0,0.0,0.0,0.0,0.0,0.0,0.0
367,0.0,0.0,0.0,0.0,0.0,0.0,0.0
369,0.0,0.0,0.0,0.0,0.0,0.0,0.0
371,0.0,0.0,0.0,0.0,0.0,0.0,0.0
373,0.0,0.0,0.0,0.0,0.0,0.0,0.0
375,0.0,0.0,0.0,0.0,0.0,0.0,0.0
377,0.0,0.0,0.0,0.0,0.0,0.0,0.0
379,0.0,0.0,0.0,0.0,0.0,0.0,0.0
381,0.0,0.0,0.0,0.0,0.0,0.0,0.0
383,0.0,0.0,0.0,0.0,0.0,0.0,0.0
385,0.0,0.0,0.0,0.0,0.0,0.0,0.0
387,0.0,0.0,0.0,0.0,0.0,0.0,0.0
389,0.0,0.0,0.0,0.0,0.0,0.0,0.0
391,0.0,0.0,0.0,0.0,0.0,0.0,0.0
393,0.0,0.0,0.0,0.0,0.0,0.0,0.0
395,0.0,0.0,0.0,0.0,0.0,0.0,0.0
397,0.0,0.0,0.0,0.0,0.0,0.0,0.0
399,0.0,0.0,0.0,0.0,0.0,0.0,0.0
401,0.0,0.0,0.0,0.0,0.0,0.0,0.0
403,0.0,0.0,0.0,0.0,0.0,0.0,0.0
405,0.0,0.0,0.0,0.0,0.0,0.0,0.0
407,0.0,0.0,0.0,0.0,0.0,0.0,0.0
409,0.0,0.0,0.0,0.0,0.0,0.0,0.0
411,0.0,0.0,0.0,0.0,0.0,0.0,0.0
413,0.0,0.0,0.0,0.0,0.0,0.0,0.0
415,0.0,0.0,0.0,0.0,0.0,0.0,0.0
417,0.0,0.0,0.0,0.0,0.0,0.0,0.0
419,0.0,0.0,0.0,0.0,0.0,0.0,0.0
421,0.0,0.0,0.0,0.0,0.0,0.0,0.0
423,0.0,0.0,0.0,0.0,0.0,0.0,0.0
425,0.0,0.0,0.0,0.0,0.0,0.0,0.0
427,0.0,0.0,0.0,0.0,0.0,0.0,0.0
429,0.0,0.0,0.0,0.0,0.0,0.0,0.0
431,0.0,0.0,0.0,0.0,0.0,0.0,0.0
433,0.0,0.0,0.0,0.0,0.0,0.0,0.0
435,0.0,0.0,0.0,0.0,0.0,0.0,0.0
437,0.0,0.0,0.0,0.0,0.0,0.0,0.0
439,0.0,0.0,0.0,0.0,0.0,0.0,0.0
441,0.0,0.0,0.0,0.0,0.0,0.0,0.0
443,0.0,0.0,0.0,0.0,0.0,0.0,0.0
445,0.0,0.0,0.0,0.0,0.0,0.0,0.0
447,0.0,0.0,0.0,0.0,0.0,0.0,0.0
449,0.0,0.0,0.0,0.0,0.0,0.0,0.0
451,0.0,0.0,0.0,0.0,0.0,0.0,0.0
453,0.0,0.0,0.0,0.0,0.0,0.0,0.0
455,0.0,0.0,0.0,0.0,0.0,0.0,0.0
457,0.0,0.0,0.0,0.0,0.0,0.0,0.0
459,0.0,0.0,0.0,0.0,0.0,0.0,0.0
461,0.0,0.0,0.0,0.0,0.0,0.0,0.0
463,0.0,0.0,0.0,0.0,0.0,0.0,0.0
465,0.0,0.0,0.0,0.0,0.0,0.0,0.0
477,0.0,83.33333333333333,0.0,41.666666666666664,0.0,0.0,0.0
479,0.0,83.33333333333333,0.0,41.666666666666664,0.0,0.0,0.0
481,0.0,42.5531914893617,0.0,21.27659574468085,0.0,0.0,0.0
483,0.0,35.714285714285715,0.0,17.857142857142858,0.0,0.0,0.0
485,0.0,16.666666666666668,0.0,16.666666666666668,0.0,0.0,0.0
487,0.0,16.666666666666668,0.0,16.666666666666668,0.0,0.0,0.0
489,0.0,16.949152542372882,0.0,16.949152542372882,0.0,0.0,0.0
491,0.0,0.0,0.0,16.949152542372882,0.0,0.0,0.0
493,0.0,0.0,0.0,0.0,0.0,0.0,0.0
495,0.0,0.0,0.0,0.0,0.0,0.0,0.0
497,0.0,0.0,0.0,0.0,0.0,0.0,0.0
499,0.0,0.0,0.0,0.0,0.0,0.0,0.0
501,0.0,0.0,0.0,0.0,0.0,0.0,0.0
503,0.0,0.0,0.0,0.0,0.0,0.0,0.0
505,0.0,0.0,0.0,0.0,0.0,0.0,0.0
507,0.0,0.0,0.0,0.0,0.0,0.0,0.0
509,0.0,0.0,0.0,0.0,0.0,0.0,0.0
511,0.0,0.0,0.0,0.0,0.0,0.0,0.0
513,0.0,0.0,0.0,0.0,0.0,0.0,0.0
515,0.0,0.0,0.0,0.0,0.0,0.0,0.0
517,0.0,0.0,0.0,0.0,0.0,0.0,0.0
519,0.0,0.0,0.0,0.0,0.0,0.0,0.0
521,0.0,0.0,0.0,0.0,0.0,0.0,0.0
523,0.0,0.0,0.0,0.0,0.0,0.0,0.0
525,0.0,0.0,0.0,0.0,0.0,0.0,0.0
527,0.0,0.0,0.0,0.0,0.0,0.0,0.0
529,0.0,0.0,0.0,0.0,0.0,0.0,0.0
531,0.0,0.0,0.0,0.0,0.0,0.0,0.0
533,0.0,0.0,0.0,0.0,0.0,0.0,0.0
535,0.0,20.749279538904897,0.0,11.527377521613833,113.83285302593659,91.64265129682997,1.5
537,0.0,20.569174415328263,0.0,11.270780501549732,111.58072696534235,89.88447449985912,1.5
539,0.0,20.425293788472302,0.0,11.191941801902631,113.03861219921657,90.37493005036374,1.5
541,0.0,20.425293788472302,0.0,11.191941801902631,113.03861219921657,90.37493005036374,1.5
543,0.0,20.425293788472302,0.0,11.191941801902631,113.03861219921657,90.37493005036374,1.5
545,0.0,20.425293788472302,0.0,11.191941801902631,113.03861219921657,90.37493005036374,1.5
547,0.0,20.402459474566797,0.0,11.179429849077698,113.19172722191169,89.99441028507546,1.5
549,0.0,14.852634021814806,0.0,9.282896263634253,94.45346948247852,74.72731492225574,2.3
551,0.0,14.852634021814806,0.0,9.282896263634253,94.45346948247852,74.72731492225574,2.3
553,0.0,13.72412188881135,0.0,9.304489416143289,94.67317980925796,74.90113979995347,2.3
555,0.0,13.72412188881135,0.0,9.304489416143289,94.67317980925796,74.90113979995347,2.3
557,0.0,13.72412188881135,0.0,9.304489416143289,94.67317980925796,74.90113979995347,2.3
559,0.0,13.72412188881135,0.0,9.304489416143289,94.67317980925796,74.90113979995347,2.3
561,0.0,13.72412188881135,0.0,9.304489416143289,94.67317980925796,74.90113979995347,2.3
563,0.0,13.72412188881135,0.0,9.304489416143289,94.67317980925796,74.90113979995347,2.3
565,0.0,13.72093023255814,0.0,9.30232558139535,94.65116279069768,74.88372093023256,2.3
567,0.0,13.68591974019949,0.0,9.278589654372535,94.40964973324054,74.6926467176989,2.3
569,0.0,13.68591974019949,0.0,9.278589654372535,94.40964973324054,74.6926467176989,2.3
571,0.0,13.695450324976788,0.0,9.285051067780874,94.47539461467038,74.74466109563603,2.3
573,0.0,13.569457221711131,0.0,9.19963201471941,94.98620055197793,74.9770009199632,2.3
575,0.0,13.569457221711131,0.0,9.19963201471941,94.98620055197793,74.9770009199632,2.3
577,0.0,13.569457221711131,0.0,9.19963201471941,94.98620055197793,74.9770009199632,2.3
579,0.0,13.569457221711131,0.0,9.19963201471941,94.98620055197793,74.9770009199632,2.3
581,0.0,13.522805409122162,0.0,9.168003667201466,95.11803804721521,75.17763007105202,2.3
583,0.0,13.522805409122162,0.0,9.168003667201466,95.11803804721521,75.17763007105202,2.3
585,0.0,13.522805409122162,0.0,9.168003667201466,95.11803804721521,75.17763007105202,2.3
587,0.0,13.522805409122162,0.0,9.168003667201466,95.11803804721521,75.17763007105202,2.3
589,0.0,13.510419051980765,0.0,9.159606136936112,95.25990382413556,75.10877032287611,2.3
591,0.0,13.510419051980765,0.0,9.159606136936112,95.25990382413556,75.10877032287611,2.3
593,0.0,13.510419051980765,0.0,9.159606136936112,95.25990382413556,75.10877032287611,2.3
595,0.0,13.510419051980765,0.0,9.159606136936112,95.25990382413556,75.10877032287611,2.3
597,0.0,13.491882003201463,0.0,9.14703864623828,95.58655385319003,75.23439286530986,2.3
599,0.0,13.491882003201463,0.0,9.14703864623828,95.58655385319003,75.23439286530986,2.3
601,0.0,14.468442021388132,0.0,8.38750262109457,95.40784231495073,80.3103375969805,2.1
603,0.0,16.356028908330163,0.0,7.607455306200076,100.418410041841,85.20349942944085,1.9
605,0.0,16.371597182562343,0.0,7.614696363982486,100.32362459546925,85.28459927660384,1.9
607,0.0,16.371597182562343,0.0,7.614696363982486,100.32362459546925,85.28459927660384,1.9
609,0.0,16.356028908330163,0.0,7.607455306200076,100.418410041841,85.20349942944085,1.9
611,0.0,16.356028908330163,0.0,7.607455306200076,100.418410041841,85.20349942944085,1.9
613,0.0,16.356028908330163,0.0,7.607455306200076,100.418410041841,85.20349942944085,1.9
615,0.0,16.324981017463934,0.0,7.593014426727411,100.22779043280183,85.04176157934701,1.9
617,0.0,16.74191121143717,0.0,7.524454477050414,100.6395786305493,85.02633559066967,1.8
619,0.0,16.738762460033854,0.0,7.523039307880383,100.80872672559714,85.19842016174535,1.8
621,0.0,16.738762460033854,0.0,7.523039307880383,100.80872672559714,85.19842016174535,1.8
623,0.0,16.738762460033854,0.0,7.523039307880383,100.80872672559714,85.19842016174535,1.8
625,0.0,16.719894796167573,0.0,7.514559458951719,101.25868870937441,85.47811384557579,1.8
627,0.0,18.191546281433922,0.0,7.133939718209381,97.02158016764758,81.14856429463171,1.8
629,0.0,18.191546281433922,0.0,7.133939718209381,97.02158016764758,81.14856429463171,1.8
631,0.0,18.191546281433922,0.0,7.133939718209381,97.02158016764758,81.14856429463171,1.8
633,0.0,18.191546281433922,0.0,7.133939718209381,97.02158016764758,81.14856429463171,1.8
635,0.0,18.31111111111111,0.0,7.111111111111111,96.71111111111111,80.88888888888889,1.8
637,0.0,18.31111111111111,0.0,7.111111111111111,96.71111111111111,80.88888888888889,1.8
639,0.0,18.31111111111111,0.0,7.111111111111111,96.71111111111111,80.88888888888889,1.8
641,0.0,18.31111111111111,0.0,7.111111111111111,96.71111111111111,80.88888888888889,1.8
643,0.0,18.30460280789053,0.0,7.108583614714768,96.67673716012085,80.86013861738049,1.8
645,0.0,18.30460280789053,0.0,7.108583614714768,96.67673716012085,80.86013861738049,1.8
647,0.0,18.30460280789053,0.0,7.108583614714768,96.67673716012085,80.86013861738049,1.8
649,0.0,17.89667896678967,0.0,7.380073800738008,97.60147601476015,80.99630996309963,1.9
651,0.0,17.8014314553129,0.0,7.340796476417691,98.73371260781795,81.29932097632593,1.8
653,0.0,17.8014314553129,0.0,7.340796476417691,98.73371260781795,81.29932097632593,1.8
655,0.0,17.8014314553129,0.0,7.340796476417691,98.73371260781795,81.29932097632593,1.8
657,0.0,17.804698972099853,0.0,7.342143906020557,98.7518355359765,81.31424375917767,1.8
659,0.0,17.785111844517786,0.0,7.3340667400073345,98.64319765309865,81.22478914558123,1.8
661,0.0,17.785111844517786,0.0,7.3340667400073345,98.64319765309865,81.22478914558123,1.8
663,0.0,17.785111844517786,0.0,7.3340667400073345,98.64319765309865,81.22478914558123,1.8
665,0.0,0.0,0.0,0.0,0.0,0.0,0.0
667,0.0,0.0,0.0,0.0,0.0,0.0,0.0
669,0.0,0.0,0.0,0.0,0.0,0.0,0.0
671,0.0,0.0,0.0,0.0,0.0,0.0,0.0
673,0.0,0.0,0.0,0.0,0.0,0.0,0.0
675,0.0,0.0,0.0,0.0,0.0,0.0,0.0
677,0.0,0.0,0.0,0.0,0.0,0.0,0.0
679,0.0,0.0,0.0,0.0,0.0,0.0,0.0
681,0.0,0.0,0.0,0.0,0.0,0.0,0.0
683,0.0,0.0,0.0,0.0,0.0,0.0,0.0
685,0.0,0.0,0.0,0.0,0.0,0.0,0.0
687,0.0,0.0,0.0,0.0,0.0,0.0,0.0
689,0.0,0.0,0.0,0.0,0.0,0.0,0.0
691,0.0,0.0,0.0,0.0,0.0,0.0,0.0
693,0.0,0.0,0.0,0.0,0.0,0.0,0.0
695,0.0,0.0,0.0,0.0,0.0,0.0,0.0
697,0.0,0.0,0.0,0.0,0.0,0.0,0.0
699,0.0,0.0,0.0,0.0,0.0,0.0,0.0
701,0.0,0.0,0.0,0.0,0.0,0.0,0.0
703,0.0,0.0,0.0,0.0,0.0,0.0,0.0
705,0.0,0.0,0.0,0.0,0.0,0.0,0.0
707,0.0,0.0,0.0,0.0,0.0,0.0,0.0
709,0.0,0.0,0.0,0.0,0.0,0.0,0.0
711,0.0,0.0,0.0,0.0,0.0,0.0,0.0
713,0.0,0.0,0.0,0.0,0.0,0.0,0.0
715,0.0,0.0,0.0,0.0,0.0,0.0,0.0
717,0.0,0.0,0.0,0.0,0.0,0.0,0.0
719,0.0,0.0,0.0,0.0,0.0,0.0,0.0
721,0.0,0.0,0.0,0.0,0.0,0.0,0.0
723,0.0,0.0,0.0,0.0,0.0,0.0,0.0
725,0.0,0.0,0.0,0.0,0.0,0.0,0.0
727,0.0,0.0,0.0,0.0,0.0,0.0,0.0
729,0.0,0.0,0.0,0.0,0.0,0.0,0.0
731,0.0,0.0,0.0,0.0,0.0,0.0,0.0
733,0.0,0.0,0.0,0.0,0.0,0.0,0.0
735,0.0,0.0,0.0,0.0,0.0,0.0,0.0
737,0.0,0.0,0.0,0.0,0.0,0.0,0.0
739,0.0,0.0,0.0,0.0,0.0,0.0,0.0
741,0.0,0.0,0.0,0.0,0.0,0.0,0.0
743,0.0,0.0,0.0,0.0,0.0,0.0,0.0
745,0.0,0.0,0.0,0.0,0.0,0.0,0.0
747,0.0,0.0,0.0,0.0,0.0,0.0,0.0
749,0.0,0.0,0.0,0.0,0.0,0.0,0.0
751,0.0,0.0,0.0,0.0,0.0,0.0,0.0
753,0.0,0.0,0.0,0.0,0.0,0.0,0.0
755,0.0,0.0,0.0,0.0,0.0,0.0,0.0
757,0.0,0.0,0.0,0.0,0.0,0.0,0.0
759,0.0,0.0,0.0,0.0,0.0,0.0,0.0
761,0.0,0.0,0.0,0.0,0.0,0.0,0.0
763,0.0,0.0,0.0,0.0,0.0,0.0,0.0
765,0.0,0.0,0.0,0.0,0.0,0.0,0.0
767,0.0,0.0,0.0,0.0,0.0,0.0,0.0
769,0.0,0.0,0.0,0.0,0.0,0.0,0.0
771,0.0,0.0,0.0,0.0,0.0,0.0,0.0
773,0.0,0.0,0.0,0.0,0.0,0.0,0.0
775,0.0,0.0,0.0,0.0,0.0,0.0,0.0
777,0.0,0.0,0.0,0.0,0.0,0.0,0.0
779,0.0,0.0,0.0,0.0,0.0,0.0,0.0
781,0.0,0.0,0.0,0.0,0.0,0.0,0.0
783,0.0,0.0,0.0,0.0,0.0,0.0,0.0
785,0.0,0.0,0.0,0.0,0.0,0.0,0.0
787,0.0,0.0,0.0,0.0,0.0,0.0,0.0
789,0.0,0.0,0.0,0.0,0.0,0.0,0.0
791,0.0,0.0,0.0,0.0,0.0,0.0,0.0
793,0.0,0.0,0.0,0.0,0.0,0.0,0.0
795,0.0,0.0,0.0,0.0,0.0,0.0,0.0
797,0.0,0.0,0.0,0.0,0.0,0.0,0.0
799,0.0,0.0,0.0,0.0,0.0,0.0,0.0
801,0.0,0.0,0.0,0.0,0.0,0.0,0.0
803,0.0,0.0,0.0,0.0,0.0,0.0,0.0
805,0.0,0.0,0.0,0.0,0.0,0.0,0.0
807,0.0,0.0,0.0,0.0,0.0,0.0,0.0
809,0.0,0.0,0.0,0.0,0.0,0.0,0.0
811,0.0,0.0,0.0,0.0,0.0,0.0,0.0
813,0.0,0.0,0.0,0.0,0.0,0.0,0.0
815,0.0,0.0,0.0,0.0,0.0,0.0,0.0
817,0.0,0.0,0.0,0.0,0.0,0.0,0.0
819,0.0,0.0,0.0,0.0,0.0,0.0,0.0
821,0.0,0.0,0.0,0.0,0.0,0.0,0.0
823,0.0,0.0,0.0,0.0,0.0,0.0,0.0
825,0.0,0.0,0.0,0.0,0.0,0.0,0.0
827,0.0,0.0,0.0,0.0,0.0,0.0,0.0
829,0.0,0.0,0.0,0.0,0.0,0.0,0.0
831,0.0,0.0,0.0,0.0,0.0,0.0,0.0
833,0.0,0.0,0.0,0.0,0.0,0.0,0.0
835,0.0,0.0,0.0,0.0,0.0,0.0,0.0
837,0.0,0.0,0.0,0.0,0.0,0.0,0.0
839,0.0,0.0,0.0,0.0,0.0,0.0,0.0
841,0.0,0.0,0.0,0.0,0.0,0.0,0.0
843,0.0,0.0,0.0,0.0,0.0,0.0,0.0
845,0.0,0.0,0.0,0.0,0.0,0.0,0.0
847,0.0,0.0,0.0,0.0,0.0,0.0,0.0
849,0.0,0.0,0.0,0.0,0.0,0.0,0.0
851,0.0,0.0,0.0,0.0,0.0,0.0,0.0
853,0.0,0.0,0.0,0.0,0.0,0.0,0.0
855,0.0,0.0,0.0,0.0,0.0,0.0,0.0
857,0.0,0.0,0.0,0.0,0.0,0.0,0.0
859,0.0,0.0,0.0,0.0,0.0,0.0,0.0
861,0.0,0.0,0.0,0.0,0.0,0.0,0.0
863,0.0,0.0,0.0,0.0,0.0,0.0,0.0
865,0.0,0.0,0.0,0.0,0.0,0.0,0.0
867,0.0,0.0,0.0,0.0,0.0,0.0,0.0
869,0.0,0.0,0.0,0.0,0.0,0.0,0.0
871,0.0,0.0,0.0,0.0,0.0,0.0,0.0
873,0.0,0.0,0.0,0.0,0.0,0.0,0.0
875,0.0,0.0,0.0,0.0,0.0,0.0,0.0
877,0.0,0.0,0.0,0.0,0.0,0.0,0.0
879,0.0,0.0,0.0,0.0,0.0,0.0,0.0
881,0.0,0.0,0.0,0.0,0.0,0.0,0.0
883,0.0,0.0,0.0,0.0,0.0,0.0,0.0
885,0.0,0.0,0.0,0.0,0.0,0.0,0.0
887,0.0,0.0,0.0,0.0,0.0,0.0,0.0
889,0.0,0.0,0.0,0.0,0.0,0.0,0.0
891,0.0,0.0,0.0,0.0,0.0,0.0,0.0
893,0.0,0.0,0.0,0.0,0.0,0.0,0.0
895,0.0,0.0,0.0,0.0,0.0,0.0,0.0
897,0.0,0.0,0.0,0.0,0.0,0.0,0.0
899,0.0,0.0,0.0,0.0,0.0,0.0,0.0
901,0.0,0.0,0.0,0.0,0.0,0.0,0.0
903,0.0,0.0,0.0,0.0,0.0,0.0,0.0
905,0.0,0.0,0.0,0.0,0.0,0.0,0.0
907,0.0,0.0,0.0,0.0,0.0,0.0,0.0
909,0.0,0.0,0.0,0.0,0.0,0.0,0.0
911,0.0,0.0,0.0,0.0,0.0,0.0,0.0
913,0.0,0.0,0.0,0.0,0.0,0.0,0.0
915,0.0,0.0,0.0,0.0,0.0,0.0,0.0
917,0.0,0.0,0.0,0.0,0.0,0.0,0.0
919,0.0,0.0,0.0,0.0,0.0,0.0,0.0
921,0.0,0.0,0.0,0.0,0.0,0.0,0.0
923,0.0,0.0,0.0,0.0,0.0,0.0,0.0
925,0.0,0.0,0.0,0.0,0.0,0.0,0.0
927,0.0,0.0,0.0,0.0,0.0,0.0,0.0
929,0.0,0.0,0.0,0.0,0.0,0.0,0.0
931,0.0,0.0,0.0,0.0,0.0,0.0,0.0
933,0.0,0.0,0.0,0.0,0.0,0.0,0.0
935,0.0,0.0,0.0,0.0,0.0,0.0,0.0
937,0.0,0.0,0.0,0.0,0.0,0.0,0.0
939,0.0,0.0,0.0,0.0,0.0,0.0,0.0
941,0.0,0.0,0.0,0.0,0.0,0.0,0.0
943,0.0,0.0,0.0,0.0,0.0,0.0,0.0
945,0.0,0.0,0.0,0.0,0.0,0.0,0.0
947,0.0,0.0,0.0,0.0,0.0,0.0,0.0
949,0.0,0.0,0.0,0.0,0.0,0.0,0.0
955,0.0,74.2514184513463,0.03279656292020596,0.0,249.94260601488963,307.36938768817026,30.4
957,0.0,74.7917007024996,0.06534879921581441,0.0,249.66508740401895,307.041333115504,29.8
959,0.0,74.78925700842971,0.0653466640528001,0.0,249.65693001372279,307.0313010520813,29.8
961,0.0,74.77245294098458,0.06524646853489055,0.032623234267445275,249.27413303754935,306.56053241118326,29.7
963,0.0,74.77245294098458,0.06524646853489055,0.032623234267445275,249.27413303754935,306.56053241118326,30.2
965,0.0,74.77245294098458,0.06524646853489055,0.032623234267445275,249.27413303754935,306.56053241118326,30.2
967,0.0,74.77245294098458,0.06524646853489055,0.032623234267445275,249.27413303754935,306.56053241118326,29.7
969,0.0,74.77245294098458,0.06524646853489055,0.032623234267445275,249.27413303754935,306.56053241118326,29.7
971,0.0,74.7748923398147,0.06524859715516117,0.032624298577580584,249.2822654312932,306.5705337335247,29.7
973,0.0,75.10891283697468,0.06551148088702545,0.032755740443512725,251.4330636444037,307.8384486881326,29.3
975,0.0,75.11137316561845,0.06551362683438156,0.03275681341719078,251.4412997903564,307.8485324947589,29.8
977,0.0,75.10891283697468,0.06551148088702545,0.032755740443512725,251.4330636444037,307.8384486881326,29.8
979,0.0,75.10891283697468,0.06551148088702545,0.032755740443512725,251.4330636444037,307.8384486881326,29.8
981,0.0,92.33953091124104,0.065698705735497,0.0328493528677485,255.69936272255435,323.1719335129098,29.4
983,0.0,92.33953091124104,0.0328493528677485,0.0328493528677485,255.69936272255435,323.1719335129098,29.4
985,0.0,92.33953091124104,0.0328493528677485,0.0328493528677485,255.69936272255435,323.1719335129098,29.9
987,0.0,92.33953091124104,0.0328493528677485,0.0328493528677485,255.69936272255435,323.1719335129098,29.9
989,0.0,92.33953091124104,0.0328493528677485,0.0328493528677485,255.69936272255435,323.1719335129098,29.4
991,0.0,92.33953091124104,0.0328493528677485,0.0328493528677485,255.69936272255435,323.1719335129098,29.9
993,0.0,92.33953091124104,0.0328493528677485,0.0328493528677485,255.69936272255435,323.1719335129098,29.4
995,0.0,92.33953091124104,0.0328493528677485,0.0328493528677485,255.69936272255435,323.1719335129098,29.9
997,0.0,92.33953091124104,0.0328493528677485,0.0328493528677485,255.69936272255435,323.1719335129098,29.9
999,0.0,92.39416250328688,0.03286878779910597,0.03286878779910597,255.85064422824087,323.3631343676045,29.9
1001,0.0,92.39416250328688,0.03286878779910597,0.03286878779910597,255.85064422824087,323.3631343676045,29.9
1003,0.0,92.39416250328688,0.03286878779910597,0.03286878779910597,255.85064422824087,323.3631343676045,29.4
1005,1.4301036825169824,45.40579191991419,0.0,2.1451555237754736,86.16374687164819,69.36002860207364,0.0
1007,1.4508523757707652,46.0645629307218,0.0,2.176278563656148,87.4138556401886,70.36634022488211,0.0
1009,1.4508523757707652,46.0645629307218,0.0,2.176278563656148,87.4138556401886,70.36634022488211,0.0
1011,1.0045203415369162,31.893520843797084,0.25113008538422904,3.264691109994977,60.52235057759919,48.71923656454043,0.0
1013,1.0045203415369162,31.893520843797084,0.25113008538422904,3.264691109994977,60.52235057759919,48.71923656454043,0.0
1015,1.0045203415369162,31.893520843797084,0.25113008538422904,3.264691109994977,60.52235057759919,48.71923656454043,0.0
1017,1.0045203415369162,31.893520843797084,0.25113008538422904,3.264691109994977,60.52235057759919,48.71923656454043,0.0
1019,1.0045203415369162,31.893520843797084,0.25113008538422904,3.264691109994977,60.52235057759919,48.71923656454043,0.0
1021,1.0045203415369162,31.893520843797084,0.25113008538422904,3.264691109994977,60.52235057759919,48.71923656454043,0.0
1023,1.0045203415369162,31.893520843797084,0.25113008538422904,3.264691109994977,60.52235057759919,48.71923656454043,0.0
1025,0.9753718605218239,30.96805657156791,0.24384296513045597,4.1453304072177515,58.76615459643989,47.30553523530846,0.0
1027,0.9753718605218239,30.96805657156791,0.24384296513045597,4.1453304072177515,58.76615459643989,47.30553523530846,0.0
1029,0.9753718605218239,30.96805657156791,0.24384296513045597,4.1453304072177515,58.76615459643989,47.30553523530846,0.0
1031,0.9772782799902272,31.028585389689713,0.2443195699975568,4.153432689958466,58.88101636941119,47.39799657952602,0.0
1033,0.9772782799902272,31.028585389689713,0.2443195699975568,4.153432689958466,58.88101636941119,47.39799657952602,0.0
1035,0.9758477677482312,30.98316662600634,0.2439619419370578,4.147353012929983,58.79482800683093,47.32861673578921,0.0
1037,0.9758477677482312,30.98316662600634,0.2439619419370578,4.147353012929983,58.79482800683093,47.32861673578921,0.0
1039,0.9758477677482312,30.98316662600634,0.2439619419370578,4.147353012929983,58.79482800683093,47.32861673578921,0.0
1041,0.9758477677482312,30.98316662600634,0.2439619419370578,4.147353012929983,58.79482800683093,47.32861673578921,0.0
1043,0.9758477677482312,30.98316662600634,0.2439619419370578,4.147353012929983,58.79482800683093,47.32861673578921,0.0
1045,0.9820770930518045,31.180947704394793,0.24551927326295112,4.173827645470169,59.170144856371216,47.630739013012516,0.0
1047,0.9811135638950209,31.150355653666914,0.24527839097375523,4.169732646553839,59.11209222467501,47.58400784890851,0.0
1049,0.9801519235481498,31.119823572653758,0.24503798088703746,4.165645675079637,59.054153393776026,47.53736829208527,0.0
1051,0.9801519235481498,31.119823572653758,0.24503798088703746,4.165645675079637,59.054153393776026,47.53736829208527,0.0
1053,0.9801519235481498,31.119823572653758,0.24503798088703746,4.165645675079637,59.054153393776026,47.53736829208527,0.0
1055,0.9801519235481498,31.119823572653758,0.24503798088703746,4.165645675079637,59.054153393776026,47.53736829208527,0.0
1057,0.9801519235481498,31.119823572653758,0.24503798088703746,4.165645675079637,59.054153393776026,47.53736829208527,0.0
1059,0.9801519235481498,31.119823572653758,0.24503798088703746,4.165645675079637,59.054153393776026,47.53736829208527,0.0
1061,0.9801519235481498,31.119823572653758,0.24503798088703746,4.165645675079637,59.054153393776026,47.53736829208527,0.0
1063,0.9801519235481498,31.119823572653758,0.24503798088703746,4.165645675079637,59.054153393776026,47.53736829208527,0.0
1065,0.9801519235481498,31.119823572653758,0.24503798088703746,4.165645675079637,59.054153393776026,47.53736829208527,0.0
1067,0.9801519235481498,31.119823572653758,0.24503798088703746,4.165645675079637,59.054153393776026,47.53736829208527,0.0
1069,0.9801519235481498,31.119823572653758,0.24503798088703746,4.165645675079637,59.054153393776026,47.53736829208527,0.0
1071,0.9801519235481498,31.119823572653758,0.24503798088703746,4.165645675079637,59.054153393776026,47.53736829208527,0.0
1073,0.9661835748792271,30.676328502415462,0.24154589371980678,4.1062801932367154,58.212560386473434,46.85990338164252,0.0
1075,0.9666505558240697,30.69115514741421,0.24166263895601742,4.1082648622522955,58.2406959884002,46.88255195746738,0.0
1077,0.9664170089393572,30.683740033824595,0.2416042522348393,4.107272287992268,58.226624788596276,46.87122493355883,0.0
1079,0.9664170089393572,30.683740033824595,0.2416042522348393,4.107272287992268,58.226624788596276,46.87122493355883,0.0
1081,0.9664170089393572,30.683740033824595,0.2416042522348393,4.107272287992268,58.226624788596276,46.87122493355883,0.0
1083,0.9664170089393572,30.683740033824595,0.2416042522348393,4.107272287992268,58.226624788596276,46.87122493355883,0.0
1085,0.9661835748792271,30.676328502415462,0.24154589371980678,4.1062801932367154,58.212560386473434,46.85990338164252,0.0
1087,0.9664170089393572,30.683740033824595,0.2416042522348393,4.107272287992268,58.226624788596276,46.87122493355883,0.0
1089,0.9664170089393572,30.683740033824595,0.2416042522348393,4.107272287992268,58.226624788596276,46.87122493355883,0.0
1091,0.9664170089393572,30.683740033824595,0.2416042522348393,4.107272287992268,58.226624788596276,46.87122493355883,0.0
1093,0.9661835748792271,30.676328502415462,0.24154589371980678,4.1062801932367154,58.212560386473434,46.85990338164252,0.0
1095,0.9671179883945841,30.705996131528046,0.24177949709864602,4.110251450676983,58.26885880077369,46.90522243713733,0.0
1097,0.9671179883945841,30.705996131528046,0.24177949709864602,4.110251450676983,58.26885880077369,46.90522243713733,0.0
1099,0.9671179883945841,30.705996131528046,0.24177949709864602,4.110251450676983,58.26885880077369,46.90522243713733,0.0
1101,0.9671179883945841,30.705996131528046,0.24177949709864602,4.110251450676983,58.26885880077369,46.90522243713733,0.0
1103,0.9431737797689225,29.94576750766329,0.23579344494223062,4.00848856401792,56.82622023107758,45.74392831879274,0.0
1105,0.9374267635340988,29.76329974220764,0.2343566908835247,3.98406374501992,56.47996250292945,45.465198031403794,0.0
1107,0.9374267635340988,29.76329974220764,0.2343566908835247,3.98406374501992,56.47996250292945,45.465198031403794,0.0
1109,0.9376465072667605,29.770276605719644,0.23441162681669012,3.9849976558837317,56.49320206282231,45.47585560243788,0.0
1111,0.9374267635340988,29.76329974220764,0.2343566908835247,3.98406374501992,56.47996250292945,45.465198031403794,0.0
1113,0.9374267635340988,29.76329974220764,0.2343566908835247,3.98406374501992,56.47996250292945,45.465198031403794,0.0
1115,0.9374267635340988,29.76329974220764,0.2343566908835247,3.98406374501992,56.47996250292945,45.465198031403794,0.0
1117,0.9374267635340988,29.76329974220764,0.2343566908835247,3.98406374501992,56.47996250292945,45.465198031403794,0.0
1119,0.9374267635340988,29.76329974220764,0.2343566908835247,3.98406374501992,56.47996250292945,45.465198031403794,0.0
1121,0.9374267635340988,29.76329974220764,0.2343566908835247,3.98406374501992,56.47996250292945,45.465198031403794,0.0
1123,0.9374267635340988,29.76329974220764,0.2343566908835247,3.98406374501992,56.47996250292945,45.465198031403794,0.0
1125,0.9376465072667605,29.770276605719644,0.23441162681669012,3.9849976558837317,56.49320206282231,45.47585560243788,0.0
1127,0.9376465072667605,29.770276605719644,0.23441162681669012,3.9849976558837317,56.49320206282231,45.47585560243788,0.0
1129,0.9376465072667605,29.770276605719644,0.23441162681669012,3.9849976558837317,56.49320206282231,45.47585560243788,0.0
1131,0.9376465072667605,29.770276605719644,0.23441162681669012,3.9849976558837317,56.49320206282231,45.47585560243788,0.0
1133,0.9376465072667605,29.770276605719644,0.23441162681669012,3.9849976558837317,56.49320206282231,45.47585560243788,0.0
1135,0.9376465072667605,29.770276605719644,0.23441162681669012,3.9849976558837317,56.49320206282231,45.47585560243788,0.0
1137,0.9376465072667605,29.770276605719644,0.23441162681669012,3.9849976558837317,56.49320206282231,45.47585560243788,0.0
1139,0.9376465072667605,29.770276605719644,0.23441162681669012,3.9849976558837317,56.49320206282231,45.47585560243788,0.0
1141,0.9376465072667605,29.770276605719644,0.23441162681669012,3.9849976558837317,56.49320206282231,45.47585560243788,0.0
1143,0.9376465072667605,29.770276605719644,0.23441162681669012,3.9849976558837317,56.49320206282231,45.47585560243788,0.0
1145,0.9199632014719411,30.35878564857406,0.22999080036798528,4.139834406623735,55.427782888684455,44.61821527138915,0.0
1147,29.95193765644152,95.4401716944097,0.0009750931945320675,0.016576584307045148,4.0407861981408875,0.3403075248916916,70.5
1149,29.95193765644152,95.4401716944097,0.0009750931945320675,0.016576584307045148,4.0407861981408875,0.3403075248916916,70.5
1151,29.95193765644152,95.4401716944097,0.0009750931945320675,0.016576584307045148,4.0407861981408875,0.3403075248916916,70.5
1153,29.95193765644152,95.4401716944097,0.0009750931945320675,0.016576584307045148,4.0407861981408875,0.3403075248916916,70.5
1179,29.942956513601928,95.4103972768851,0.00097476907720561,0.01754584338970098,4.039443055940048,0.34019440794475786,70.1
1181,25.566352197594636,81.53175116948212,0.0008320755125169119,0.014977359225304413,4.3284568161129755,0.4052207745957361,79.3
1183,25.566352197594636,81.53175116948212,0.0008320755125169119,0.014977359225304413,4.3284568161129755,0.4052207745957361,79.3
1185,25.56882714893723,81.53417955342545,0.0008320748201678294,0.01497734676302093,4.326789064872713,0.40522043742173297,79.4
1187,25.56882714893723,81.53417955342545,0.0008320748201678294,0.01497734676302093,4.326789064872713,0.40522043742173297,79.4
1189,25.56882714893723,81.53417955342545,0.0008320748201678294,0.01497734676302093,4.326789064872713,0.40522043742173297,79.4
1191,25.56865694865217,81.5336368167359,0.0008320692814166479,0.01497724706549966,4.327592332647986,0.40521774004990746,79.4
1193,25.56863567377586,81.536065180925,0.0008320685890779348,0.012481028836169023,4.332581143328807,0.40771360864818806,79.4
1195,25.56863567377586,81.536065180925,0.0008320685890779348,0.012481028836169023,4.332581143328807,0.40771360864818806,79.4
1197,25.56863567377586,81.536065180925,0.0008320685890779348,0.012481028836169023,4.332581143328807,0.40771360864818806,79.4
1199,25.36953317357972,81.25694804713557,0.0008234722531024318,0.01893986182135593,6.3629700997224905,13.441537587390995,77.5
1201,25.36953317357972,81.25694804713557,0.0008234722531024318,0.01893986182135593,6.3629700997224905,13.441537587390995,77.5
1203,25.36953317357972,81.25694804713557,0.0008234722531024318,0.01893986182135593,6.3629700997224905,13.441537587390995,77.5
1205,25.36953317357972,81.25694804713557,0.0008234722531024318,0.01893986182135593,6.3629700997224905,13.441537587390995,77.5
1207,25.326195612142893,81.11814068501079,0.0008220655547956016,0.018907507760298835,6.362787394117956,13.418576050928603,76.7
1209,25.326195612142893,81.11814068501079,0.0008220655547956016,0.018907507760298835,6.362787394117956,13.418576050928603,76.7
1211,25.326195612142893,81.11814068501079,0.0008220655547956016,0.018907507760298835,6.362787394117956,13.418576050928603,76.7
1213,25.326195612142893,81.11814068501079,0.0008220655547956016,0.018907507760298835,6.362787394117956,13.418576050928603,76.7
1215,25.32667381282758,81.1160505842973,0.0008220277121982337,0.018906637380559376,6.363316520126527,13.417958346211769,76.6
1217,25.326195612142893,81.11814068501079,0.0008220655547956016,0.018907507760298835,6.362787394117956,13.418576050928603,76.6
1256,6.157189424121695,0.7243752263672583,0.0,0.0,0.36218761318362913,0.0,0.0
1258,6.157189424121695,0.7243752263672583,0.0,0.0,0.36218761318362913,0.0,0.0
1260,6.256900993743098,0.736105999263894,0.0,0.0,0.368052999631947,0.0,0.0
1262,6.256900993743098,0.736105999263894,0.0,0.0,0.368052999631947,0.0,0.0
1264,6.256900993743098,0.736105999263894,0.0,0.0,0.368052999631947,0.0,0.0
1266,6.481128478841021,0.7624857033930613,0.0,0.0,0.38124285169653066,0.0,0.0
1268,6.481128478841021,0.7624857033930613,0.0,0.0,0.38124285169653066,0.0,0.0
1270,6.481128478841021,0.7624857033930613,0.0,0.0,0.38124285169653066,0.0,0.0
1272,13.70955491417287,106.42943946528938,0.01898830320522558,1.7089472884703023,163.85006835789153,359.0688136108157,27.8
1274,13.70955491417287,106.42943946528938,0.01898830320522558,1.7089472884703023,163.85006835789153,359.0688136108157,27.8
1276,13.70955491417287,106.42943946528938,0.01898830320522558,1.7089472884703023,163.85006835789153,359.0688136108157,27.8
1278,13.70955491417287,106.42943946528938,0.01898830320522558,1.7089472884703023,163.85006835789153,359.0688136108157,27.8
1280,13.70955491417287,106.42943946528938,0.01898830320522558,1.7089472884703023,163.85006835789153,359.0688136108157,27.8
1282,13.70955491417287,106.42943946528938,0.01898830320522558,1.7089472884703023,163.85006835789153,359.0688136108157,27.8
1284,13.70955491417287,106.42943946528938,0.01898830320522558,1.7089472884703023,163.85006835789153,359.0688136108157,27.8
1286,13.70955491417287,106.42943946528938,0.01898830320522558,1.7089472884703023,163.85006835789153,359.0688136108157,27.8
1288,13.714242297610454,106.46582836302854,0.01899479542605326,1.7095315883447935,163.9060897314136,359.19158150666715,27.8
1290,13.714242297610454,106.46582836302854,0.01899479542605326,1.7095315883447935,163.9060897314136,359.19158150666715,27.8
1292,13.714242297610454,106.46582836302854,0.01899479542605326,1.7095315883447935,163.9060897314136,359.19158150666715,27.8
1294,13.714242297610454,106.46582836302854,0.01899479542605326,1.7095315883447935,163.9060897314136,359.19158150666715,27.8
1296,13.70669197911723,106.40721404841007,0.018984337921214997,1.7085904129093499,163.81585192216423,358.9938300901756,27.8
1298,13.714242297610454,106.46582836302854,0.01899479542605326,1.7095315883447935,163.9060897314136,359.19158150666715,27.8
1300,13.70669197911723,106.40721404841007,0.018984337921214997,1.7085904129093499,163.81585192216423,358.9938300901756,27.8
1302,1.4598540145985401,0.0,0.0,0.0,0.0,0.0,0.0
1304,0.0,166.66666666666666,0.0,83.33333333333333,0.0,0.0,0.0
1306,0.0,166.66666666666666,0.0,83.33333333333333,0.0,0.0,0.0
1308,0.0,166.66666666666666,0.0,83.33333333333333,0.0,0.0,0.0
1310,0.0,166.66666666666666,0.0,83.33333333333333,0.0,0.0,0.0
1312,0.0,166.66666666666666,0.0,83.33333333333333,0.0,0.0,0.0
1314,0.0,166.66666666666666,0.0,83.33333333333333,0.0,0.0,0.0
1316,0.0,166.66666666666666,0.0,83.33333333333333,0.0,0.0,0.0
1318,0.0,166.66666666666666,0.0,83.33333333333333,0.0,0.0,0.0
1320,0.0,166.66666666666666,0.0,83.33333333333333,0.0,0.0,0.0
1322,0.0,166.66666666666666,0.0,83.33333333333333,0.0,0.0,0.0
1324,0.0,166.66666666666666,0.0,83.33333333333333,0.0,0.0,0.0
1326,0.0,166.66666666666666,0.0,83.33333333333333,0.0,0.0,0.0
1328,0.0,166.66666666666666,0.0,83.33333333333333,0.0,0.0,0.0
1330,0.0,166.66666666666666,0.0,83.33333333333333,0.0,0.0,0.0
1332,0.0,166.66666666666666,0.0,83.33333333333333,0.0,0.0,0.0
1334,0.0,166.66666666666666,0.0,83.33333333333333,0.0,0.0,0.0
1336,0.0,166.66666666666666,0.0,83.33333333333333,0.0,0.0,0.0
1338,0.0,166.66666666666666,0.0,83.33333333333333,0.0,0.0,0.0
1340,0.0,166.66666666666666,0.0,83.33333333333333,0.0,0.0,0.0
1342,0.0,95.23809523809523,0.0,47.61904761904761,0.0,0.0,0.0
1344,0.0,166.66666666666666,0.0,83.33333333333333,0.0,0.0,0.0
1346,0.0,95.23809523809523,0.0,47.61904761904761,0.0,0.0,0.0
1348,0.0,95.23809523809523,0.0,47.61904761904761,0.0,0.0,0.0
1350,0.0,95.23809523809523,0.0,47.61904761904761,0.0,0.0,0.0
1352,0.0,95.23809523809523,0.0,47.61904761904761,0.0,0.0,0.0
1354,0.0,0.0,0.0,0.0,0.0,0.0,0.0
1356,0.0,0.0,0.0,0.0,0.0,0.0,0.0
1358,0.0,0.0,0.0,0.0,0.0,0.0,0.0
1360,0.0,0.0,0.0,0.0,0.0,0.0,0.0
1362,0.0,0.0,0.0,0.0,0.0,0.0,0.0
1364,0.0,0.0,0.0,0.0,0.0,0.0,0.0
1366,0.0,0.0,0.0,0.0,0.0,0.0,0.0
1368,0.0,0.0,0.0,0.0,0.0,0.0,0.0
1370,0.0,0.0,0.0,0.0,0.0,0.0,0.0
1372,0.0,0.0,0.0,0.0,0.0,0.0,0.0
1374,0.0,0.0,0.0,0.0,0.0,0.0,0.0
1376,0.0,0.0,0.0,0.0,0.0,0.0,0.0
1378,0.0,0.0,0.0,0.0,0.0,0.0,0.0
1380,0.0,0.0,0.0,0.0,0.0,0.0,0.0
1382,0.0,0.0,0.0,0.0,0.0,0.0,0.0
1384,0.0,0.0,0.0,0.0,0.0,0.0,0.0
1386,0.0,0.0,0.0,0.0,0.0,0.0,0.0
1388,0.0,0.0,0.0,0.0,0.0,0.0,0.0
1390,0.0,0.0,0.0,0.0,0.0,0.0,0.0
1392,0.0,0.0,0.0,0.0,0.0,0.0,0.0
1394,0.0,0.0,0.0,0.0,0.0,0.0,0.0
1396,0.0,0.0,0.0,0.0,0.0,0.0,0.0
1398,0.0,0.0,0.0,0.0,0.0,0.0,0.0
1400,0.0,0.0,0.0,0.0,0.0,0.0,0.0
1402,0.0,0.0,0.0,0.0,0.0,0.0,0.0
1404,0.0,0.0,0.0,0.0,0.0,0.0,0.0
1406,0.0,1.838235294117647,0.0,0.0,0.0,0.0,0.0
1434,0.0,0.0,0.0,102.56410256410257,0.0,0.0,0.0
1436,0.0,0.0,0.0,102.56410256410257,0.0,0.0,0.0
1438,0.0,0.0,0.0,102.56410256410257,0.0,0.0,0.0
1440,0.0,0.0,0.0,102.56410256410257,0.0,0.0,0.0
1442,0.0,0.0,0.0,102.56410256410257,0.0,0.0,0.0
1444,0.0,0.0,0.0,102.56410256410257,0.0,0.0,0.0
1446,0.0,0.0,0.0,102.56410256410257,0.0,0.0,0.0
1448,0.0,0.0,0.0,102.56410256410257,0.0,0.0,0.0
1450,0.0,0.0,0.0,102.56410256410257,0.0,0.0,0.0
1452,0.0,0.0,0.0,102.56410256410257,0.0,0.0,0.0
1454,0.0,0.0,0.0,102.56410256410257,0.0,0.0,0.0
1456,0.0,0.0,0.0,102.56410256410257,0.0,0.0,0.0
1458,0.0,0.0,0.0,102.56410256410257,0.0,0.0,0.0
1460,0.0,0.0,0.0,102.56410256410257,0.0,0.0,0.0
1462,0.0,0.0,0.0,102.56410256410257,0.0,0.0,0.0
1464,0.0,0.0,0.0,102.56410256410257,0.0,0.0,0.0
1466,4.389815627743634,7.9016681299385425,0.0,0.0,7.9016681299385425,5.267778753292362,0.0
1468,4.424778761061948,7.964601769911505,0.0,0.0,7.964601769911505,5.3097345132743365,0.0
1470,4.405286343612334,7.929515418502203,0.0,0.0,7.929515418502203,5.286343612334802,0.0
1472,4.393673110720563,7.908611599297013,0.0,0.0,7.908611599297013,5.272407732864675,0.0
1474,0.6792555359326179,42.24969433500883,0.8151066431191415,1.4943621790517594,178.37250373590544,113.57152560793371,1.3
1476,0.6792555359326179,42.24969433500883,0.8151066431191415,1.4943621790517594,178.37250373590544,113.57152560793371,1.3
1478,0.6792555359326179,42.24969433500883,0.8151066431191415,1.4943621790517594,178.37250373590544,113.57152560793371,1.3
1480,0.6792555359326179,42.24969433500883,0.8151066431191415,1.4943621790517594,178.37250373590544,113.57152560793371,1.3
1482,0.6792555359326179,42.24969433500883,0.8151066431191415,1.4943621790517594,178.37250373590544,113.57152560793371,1.3
1484,0.6792555359326179,42.24969433500883,0.8151066431191415,1.4943621790517594,178.37250373590544,113.57152560793371,1.3
1486,0.6792555359326179,42.24969433500883,0.8151066431191415,1.4943621790517594,178.37250373590544,113.57152560793371,1.3
1488,0.6792555359326179,42.24969433500883,0.8151066431191415,1.4943621790517594,178.37250373590544,113.57152560793371,1.3
1490,0.6792555359326179,42.24969433500883,0.8151066431191415,1.4943621790517594,178.37250373590544,113.57152560793371,1.3
1492,0.6793478260869565,42.255434782608695,0.8152173913043478,1.4945652173913042,178.39673913043478,113.58695652173913,1.3
1494,0.6792555359326179,42.24969433500883,0.8151066431191415,1.4943621790517594,178.37250373590544,113.57152560793371,1.3
1496,0.6792555359326179,42.24969433500883,0.8151066431191415,1.4943621790517594,178.37250373590544,113.57152560793371,1.3
1498,0.6792555359326179,42.24969433500883,0.8151066431191415,1.4943621790517594,178.37250373590544,113.57152560793371,1.3
1500,0.6792555359326179,42.24969433500883,0.8151066431191415,1.4943621790517594,178.37250373590544,113.57152560793371,1.3
1502,0.6792555359326179,42.24969433500883,0.8151066431191415,1.4943621790517594,178.37250373590544,113.57152560793371,1.3
1504,0.6792555359326179,42.24969433500883,0.8151066431191415,1.4943621790517594,178.37250373590544,113.57152560793371,1.3
1506,0.6792555359326179,42.24969433500883,0.8151066431191415,1.4943621790517594,178.37250373590544,113.57152560793371,1.3
1508,0.6811989100817439,42.37057220708447,0.8174386920980926,1.4986376021798364,178.88283378746596,113.89645776566758,1.3
1510,0.6811989100817439,42.37057220708447,0.8174386920980926,1.4986376021798364,178.88283378746596,113.89645776566758,1.3
1512,0.6811989100817439,42.37057220708447,0.8174386920980926,1.4986376021798364,178.88283378746596,113.89645776566758,1.3
1514,0.6811989100817439,42.37057220708447,0.8174386920980926,1.4986376021798364,178.88283378746596,113.89645776566758,1.3
1516,0.6811061163329246,42.36480043590792,0.8173273395995095,1.4984334559324342,178.85846614902601,113.880942650865,1.3
1518,0.6811061163329246,42.36480043590792,0.8173273395995095,1.4984334559324342,178.85846614902601,113.880942650865,1.3
1520,0.6811989100817439,42.37057220708447,0.8174386920980926,1.4986376021798364,178.88283378746596,113.89645776566758,1.3
1522,0.6811989100817439,42.37057220708447,0.8174386920980926,1.4986376021798364,178.88283378746596,113.89645776566758,1.3
1524,0.6811989100817439,42.37057220708447,0.8174386920980926,1.4986376021798364,178.88283378746596,113.89645776566758,1.3
1526,0.6811989100817439,42.37057220708447,0.8174386920980926,1.4986376021798364,178.88283378746596,113.89645776566758,1.3
1528,0.6811989100817439,42.37057220708447,0.8174386920980926,1.4986376021798364,178.88283378746596,113.89645776566758,1.3
1530,0.632351081320349,40.09105855571013,0.7588212975844189,1.0117617301125585,188.56709244972808,111.54673074490957,1.4
1532,0.6811989100817439,42.37057220708447,0.8174386920980926,1.4986376021798364,178.88283378746596,113.89645776566758,1.3
1534,0.6811989100817439,42.37057220708447,0.8174386920980926,1.4986376021798364,178.88283378746596,113.89645776566758,1.3
1536,0.632351081320349,40.09105855571013,0.7588212975844189,1.0117617301125585,188.56709244972808,111.54673074490957,1.4
1538,0.632351081320349,40.09105855571013,0.7588212975844189,1.0117617301125585,188.56709244972808,111.54673074490957,1.4
1540,3.895597974289053,22.30229840280483,0.19477989871445264,1.4608492403583948,141.3128165173354,89.30658356057654,1.2
1542,3.853935831968398,22.063782638019077,0.1926967915984199,1.4452259369881493,141.2467482416418,88.73687253107236,1.2
1544,3.853935831968398,22.063782638019077,0.1926967915984199,1.4452259369881493,141.2467482416418,88.73687253107236,1.2
1546,3.8480038480038483,21.933621933621936,0.1924001924001924,1.443001443001443,141.5103415103415,88.98508898508899,1.2
1548,3.8480038480038483,21.356421356421357,0.1924001924001924,1.443001443001443,141.5103415103415,88.98508898508899,1.1
1550,3.8372985418265544,21.297006907137376,0.1918649270913277,1.438986953184958,141.59631619339984,89.12125863392173,1.1
1552,3.8372985418265544,21.297006907137376,0.1918649270913277,1.438986953184958,141.59631619339984,89.12125863392173,1.1
1554,3.5099265109136772,21.937040693210484,0.21937040693210483,0.8774816277284193,148.07502467917075,89.50312602829878,1.2
1556,3.5099265109136772,21.937040693210484,0.21937040693210483,0.8774816277284193,148.07502467917075,89.50312602829878,1.2
1558,3.5099265109136772,21.937040693210484,0.21937040693210483,0.8774816277284193,148.07502467917075,89.50312602829878,1.2
1560,3.502626970227671,22.000875656742558,0.21891418563922943,0.8756567425569177,148.0954465849387,89.64535901926446,1.2
1562,3.502626970227671,22.110332749562172,0.21891418563922943,0.8756567425569177,148.0954465849387,89.64535901926446,1.2
1564,3.461330448891293,21.957815035154137,0.2163331530557058,0.7571660356949703,148.4045429962142,89.3455922120065,1.2
1566,3.4557235421166306,21.922246220302377,0.2159827213822894,0.755939524838013,148.38012958963284,89.63282937365011,1.2
1568,3.3932135728542914,21.25748502994012,0.1996007984031936,0.7984031936127745,146.30738522954093,84.73053892215569,1.1
1570,3.445305770887166,22.39448751076658,0.21533161068044787,0.7536606373815676,147.9328165374677,89.36261843238587,1.2
1572,3.408863043914177,21.355524363344696,0.20052135552436334,0.8020854220974534,146.38058953278525,85.12131542009224,1.1
1574,3.4479043206551014,21.8726430341558,0.21549402004094384,0.7542290701433034,148.4753798082103,90.39974140717595,1.2
1576,3.3898305084745766,21.23629112662014,0.19940179461615157,0.7976071784646063,146.36091724825525,85.14456630109672,1.1
1578,3.413997389296114,21.38768952706095,0.2008233758409479,0.8032935033637916,146.50065267597148,85.24952304448239,1.1
1580,3.288519199148854,21.08521133571912,0.1934423058322855,0.773769223329142,146.53254666795627,85.98510494245092,1.1
1582,3.388816904216087,21.229941194059606,0.19934217083624042,0.7973686833449617,146.41682447921858,85.61746237416526,1.1
1584,3.373685255010915,21.234371899186346,0.1984520738241715,0.793808295296686,147.4498908513594,87.12046040881128,1.1
1586,3.3141631737986157,21.054683692367675,0.19495077492933033,0.7798030997173213,146.6029827468564,85.68086558144068,1.1
1588,3.374354902739182,21.238586740770145,0.19849146486701072,0.7939658594680429,147.28066693132195,86.9392616117507,1.1
1590,3.2936161968420032,21.02102102102102,0.19374212922600018,0.7749685169040007,146.66279182408215,85.92463431173108,1.1
1592,3.011223651793047,20.166073546856467,0.0,1.003741217264349,145.45122730176112,82.94552422666303,1.0
1594,3.289473684210526,21.091331269349844,0.1934984520123839,0.7739938080495355,146.67182662538698,86.01006191950464,1.1
1596,3.011223651793047,20.166073546856467,0.0,1.003741217264349,145.45122730176112,82.94552422666303,1.0
1598,3.188194570960102,20.404445254144655,0.18218254691200583,0.9109127345600292,145.19948988886864,82.80196757150665,1.0
1600,3.183222544705552,20.971819118060107,0.18724838498267954,0.9362419249133977,146.2409886714727,83.70002808725775,1.0
1602,3.2595149074872976,21.090978813153104,0.19173617102866458,0.9586808551433229,146.48643466589974,85.32259610775573,1.1
1604,4.048582995951417,4.048582995951417,0.0,0.0,12.145748987854251,0.0,0.0
1606,4.048582995951417,4.048582995951417,0.0,0.0,12.145748987854251,0.0,0.0
1608,2.9114730233827677,3.0631122433506204,0.0,0.030327843993570497,6.0655687987141,2.7295059594213447,0.6
1610,3.6079730289229315,4.761341456201573,0.0,0.029573549417401077,7.393387354350269,2.8686342934879043,1.6
1612,3.630031873450596,4.75150513516704,0.0,0.029512454255695902,7.378113563923976,2.862708062802503,2.3
1614,3.630031873450596,4.75150513516704,0.0,0.029512454255695902,7.378113563923976,2.862708062802503,2.3
1616,3.6315323294951285,4.782993799822853,0.0,0.02952465308532625,7.3811632713315625,2.863891349276646,2.3
1618,3.6315323294951285,4.782993799822853,0.0,0.02952465308532625,7.3811632713315625,2.863891349276646,2.3
1620,3.6315323294951285,4.782993799822853,0.0,0.02952465308532625,7.3811632713315625,2.863891349276646,2.3
1622,3.6315323294951285,4.782993799822853,0.0,0.02952465308532625,7.3811632713315625,2.863891349276646,2.3
1624,3.628595674948058,5.091739092265824,0.0,0.02926286834635531,7.520557165013314,2.838498229596465,2.2
1626,4.048582995951417,4.048582995951417,0.0,0.0,12.145748987854251,0.0,0.0
1628,4.048582995951417,4.048582995951417,0.0,0.0,12.145748987854251,0.0,0.0
1630,4.048582995951417,4.048582995951417,0.0,0.0,12.145748987854251,0.0,0.0
1632,4.048582995951417,4.048582995951417,0.0,0.0,12.145748987854251,0.0,0.0
1634,4.048582995951417,4.048582995951417,0.0,0.0,12.145748987854251,0.0,0.0
1636,4.048582995951417,4.048582995951417,0.0,0.0,12.145748987854251,0.0,0.0
1638,3.4198933456990495,5.2167864595409235,0.0,0.028982146997449575,7.47739392534199,2.7243218177602597,2.3
1640,4.048582995951417,4.048582995951417,0.0,0.0,12.145748987854251,0.0,0.0
1642,4.048582995951417,4.048582995951417,0.0,0.0,12.145748987854251,0.0,0.0
1644,4.048582995951417,4.048582995951417,0.0,0.0,12.145748987854251,0.0,0.0
1646,3.9215686274509802,3.9215686274509802,0.0,3.9215686274509802,11.76470588235294,0.0,0.0
1648,4.048582995951417,4.048582995951417,0.0,0.0,12.145748987854251,0.0,0.0
1650,3.4198933456990495,5.2167864595409235,0.0,0.028982146997449575,7.47739392534199,2.7243218177602597,2.3
1652,3.9215686274509802,3.9215686274509802,0.0,3.9215686274509802,11.76470588235294,0.0,0.0
1654,3.9215686274509802,3.9215686274509802,0.0,3.9215686274509802,11.76470588235294,0.0,0.0
1656,2.077144168296983,57.43545153732821,0.06440757110998398,0.38644542665990383,204.27397907290668,282.33058796061476,63.7
1658,2.0537892147028076,56.78014424041477,0.07391529307413704,0.38805528863921945,202.79188621268597,278.7636083334213,63.5
1660,2.0538813870299237,56.77477263427447,0.0739186103301258,0.3880727042331604,202.7957074407001,278.7734790585937,63.5
1662,2.0652242544145816,56.513480521120535,0.07629490876181257,0.40252141519163176,201.86843600698757,277.4345968471787,62.6
1664,2.0537892147028076,56.78014424041477,0.07391529307413704,0.38805528863921945,202.79188621268597,278.7636083334213,63.5
1666,2.0537892147028076,56.78014424041477,0.07391529307413704,0.38805528863921945,202.79188621268597,278.7636083334213,63.5
1668,2.0537892147028076,56.78014424041477,0.07391529307413704,0.38805528863921945,202.79188621268597,278.7636083334213,63.5
1670,2.053252610771395,56.7415567244023,0.07389598085038439,0.387953899464518,202.73890174737602,278.69077435070506,63.5
1672,2.0535506894440103,56.74979411702599,0.07390670861752223,0.38801022024199167,202.76833414278775,278.73123297506174,63.5
1674,2.0466779726283195,56.70563970555267,0.07384920519792905,0.3877083272891275,202.67386872248787,278.5407397052889,63.4
1676,2.052126113436678,56.71570140246202,0.07385543852985474,0.3877410522817374,202.69361335095311,278.56952566344603,63.5
1678,2.0455989308055074,56.68101573476807,0.07381027069916779,0.38750392117063087,202.62764563689038,278.4202493205501,63.4
1680,2.0454803056622373,56.67772877880081,0.0738059904104931,0.3874814496550888,202.6211670308641,278.41201139775364,63.4
1682,1.9571192963166575,57.82023089609675,0.07696536558548653,0.3930731170973062,207.70753161077513,288.7685541506322,65.8
1684,1.9571192963166575,57.82023089609675,0.07696536558548653,0.3930731170973062,207.70753161077513,288.7685541506322,65.8
1686,1.9571192963166575,57.82023089609675,0.07696536558548653,0.3930731170973062,207.70753161077513,288.7685541506322,65.8
1688,1.966150184050435,58.070466601680614,0.07732051285591598,0.3921254580550025,208.66597262301553,290.10104134162134,66.2
1690,1.966150184050435,58.070466601680614,0.07732051285591598,0.3921254580550025,208.66597262301553,290.10104134162134,66.1
1692,1.966150184050435,58.070466601680614,0.07732051285591598,0.3921254580550025,208.66597262301553,290.10104134162134,66.2
1694,1.966150184050435,58.070466601680614,0.07732051285591598,0.3921254580550025,208.66597262301553,290.10104134162134,66.2
1696,1.966150184050435,58.070466601680614,0.07732051285591598,0.3921254580550025,208.66597262301553,290.10104134162134,66.2
1749,0.8357709987463435,40.53489343919766,0.0,0.20894274968658588,148.55829502716256,104.47137484329295,0.1
1751,0.4300883905795812,73.7379130331613,0.2521207806845821,0.2521207806845821,111.85264281900695,43.12748413122145,22.9
1753,0.4318046456223943,74.04705181655748,0.2531268612269208,0.2531268612269208,112.2989874925551,43.29958308516974,22.9
1755,0.4317853580096184,74.04374432351146,0.25311555469529357,0.25311555469529357,112.29397138305318,43.297649003171394,22.9
1757,0.4317853580096184,74.04374432351146,0.25311555469529357,0.25311555469529357,112.29397138305318,43.297649003171394,22.9
1759,0.4317853580096184,74.04374432351146,0.25311555469529357,0.25311555469529357,112.29397138305318,43.297649003171394,22.9
1761,0.43145131295097816,73.98646135535222,0.25291973517815963,0.25291973517815963,112.20709663021647,43.26415234694636,22.9
1763,0.43145131295097816,73.98646135535222,0.25291973517815963,0.25291973517815963,112.20709663021647,43.26415234694636,22.9
1765,2.533576701991446,71.15808973765222,1.8388863159615332,0.6402048655569782,102.31018606805242,39.33854578145858,21.0
1767,2.533576701991446,71.15808973765222,1.8388863159615332,0.6402048655569782,102.31018606805242,39.33854578145858,21.0
1769,0.43145131295097816,73.98646135535222,0.25291973517815963,0.25291973517815963,112.20709663021647,43.26415234694636,22.9
1771,0.43083597034660004,73.8957971208272,0.25255901709973105,0.25255901709973105,112.04706511565716,43.20244833682459,22.8
1773,0.4308679761091136,73.90128666092177,0.2525777790984459,0.2525777790984459,112.05538882120466,43.20565774225181,22.8
1775,0.43083597034660004,73.8957971208272,0.25255901709973105,0.25255901709973105,112.04706511565716,43.20244833682459,22.8
1777,0.43083597034660004,73.8957971208272,0.25255901709973105,0.25255901709973105,112.04706511565716,43.20244833682459,22.8
1779,0.43083597034660004,73.8957971208272,0.25255901709973105,0.25255901709973105,112.04706511565716,43.20244833682459,22.8
1781,0.43083597034660004,73.8957971208272,0.25255901709973105,0.25255901709973105,112.04706511565716,43.20244833682459,22.8
1783,0.43083597034660004,73.8957971208272,0.25255901709973105,0.25255901709973105,112.04706511565716,43.20244833682459,22.8
1785,0.43083597034660004,73.8957971208272,0.25255901709973105,0.25255901709973105,112.04706511565716,43.20244833682459,22.8
1787,0.43083597034660004,73.8957971208272,0.25255901709973105,0.25255901709973105,112.04706511565716,43.20244833682459,22.8
1789,0.43083597034660004,73.8957971208272,0.25255901709973105,0.25255901709973105,112.04706511565716,43.20244833682459,22.8
1791,0.43083597034660004,73.8957971208272,0.25255901709973105,0.25255901709973105,112.04706511565716,43.20244833682459,22.8
1793,0.43083597034660004,73.8957971208272,0.25255901709973105,0.25255901709973105,112.04706511565716,43.20244833682459,22.8
1795,0.43083597034660004,73.8957971208272,0.25255901709973105,0.25255901709973105,112.04706511565716,43.20244833682459,22.8
1797,0.43083597034660004,73.8957971208272,0.25255901709973105,0.25255901709973105,112.04706511565716,43.20244833682459,22.8
1799,0.43083597034660004,73.8957971208272,0.25255901709973105,0.25255901709973105,112.04706511565716,43.20244833682459,22.8
1801,0.43083597034660004,73.8957971208272,0.25255901709973105,0.25255901709973105,112.04706511565716,43.20244833682459,22.8
1803,0.43083597034660004,73.8957971208272,0.25255901709973105,0.25255901709973105,112.04706511565716,43.20244833682459,22.8
1805,0.43083597034660004,73.8957971208272,0.25255901709973105,0.25255901709973105,112.04706511565716,43.20244833682459,22.8
1807,0.42918454935622324,73.61254994820187,0.266390409945242,0.2959893443836022,111.6175817670564,43.03685067337576,22.8
1809,0.4237969282029549,73.06843589706118,0.26304636922942026,0.29227374358824476,110.2164287071271,42.49660231773078,22.5
1811,0.3024267136644732,69.39128802494498,0.22942716209029002,0.23985566945803047,87.39089174166502,31.608805831621318,57.0
1813,0.3024267136644732,69.39128802494498,0.22942716209029002,0.23985566945803047,87.39089174166502,31.608805831621318,57.0
1815,0.3024267136644732,69.39128802494498,0.22942716209029002,0.23985566945803047,87.39089174166502,31.608805831621318,57.0
1817,0.3023510399833185,69.37392482927592,0.23979565240056297,0.23979565240056297,87.3690246572486,31.600896627222017,57.0
1819,0.3023510399833185,69.37392482927592,0.23979565240056297,0.23979565240056297,87.3690246572486,31.600896627222017,57.0
1821,0.3023510399833185,69.37392482927592,0.23979565240056297,0.23979565240056297,87.3690246572486,31.600896627222017,57.0
1823,0.2222040300794087,70.7427462079128,0.19881413217631305,0.1403393874185739,91.37263615844316,32.73416211538236,51.1
1825,0.2222040300794087,70.7427462079128,0.19881413217631305,0.1403393874185739,91.37263615844316,32.73416211538236,51.1
1827,10.67148251518634,14.447545559021506,0.0,0.9850599244787391,109.8341815793794,44.98440321786242,4.2
1829,6.627056672760512,36.48689823278489,0.0,0.4570383912248629,125.60938452163315,58.04387568555759,4.3
1831,6.630592180474049,36.658791250666866,0.0,0.45728221934303787,125.60018291288773,58.07484185656581,4.3
1833,6.551382646453874,37.02292983926259,0.0,0.4570732078921307,126.07602651024605,58.276834006246666,4.3
1835,6.446540880503144,34.11949685534591,0.0,0.4716981132075471,127.43710691823898,58.64779874213836,4.5
1837,6.554378477250209,37.64956939257679,0.0,0.45728221934303787,126.13367883545462,58.303482966237326,4.3
1839,3.5340892357532026,52.42232366367251,0.0,0.2945074363127669,132.3810926225887,60.668531880429974,4.9
1841,3.8610038610038613,56.536127964699396,0.0,0.27578599007170435,129.34362934362935,61.36238279095422,4.5
1843,3.8610038610038613,56.536127964699396,0.0,0.27578599007170435,129.34362934362935,61.36238279095422,4.5
1845,3.526818515797208,52.60837619397502,0.0,0.29390154298310067,133.1373989713446,62.01322556943424,4.9
1847,3.8535645472061657,56.70244976603358,0.0,0.2752546105147261,130.05780346820808,62.62042389210019,4.5
1849,3.8535645472061657,56.70244976603358,0.0,0.2752546105147261,130.05780346820808,62.62042389210019,4.5
1851,3.823047515019115,56.66302566903332,0.0,0.2730748225013654,130.66630256690334,63.216821409066085,4.3
1853,3.260708463020602,52.764191492515195,0.0,0.148214021046391,133.68904698384466,62.69453090262339,5.0
1855,3.256364712847839,52.6939017169923,0.0,0.14801657785671996,133.5109532267614,62.61101243339254,5.0
1857,3.256364712847839,52.6939017169923,0.0,0.2960331557134399,133.5109532267614,62.61101243339254,5.0
1859,2.775079783543777,56.056611627584296,0.0,0.2775079783543777,131.81628971832941,64.38185097821562,4.4
1861,3.2554010062148566,52.67830719147677,0.0,0.2959455460195324,133.47144125480912,62.592482983131106,5.0
1863,3.0257186081694405,68.76633200385092,0.0,0.2750653280154037,134.9195433915555,68.49126667583552,4.3
1865,3.0253025302530254,68.75687568756875,0.0,0.27502750275027504,134.76347634763476,68.48184818481847,4.3
1867,3.018246673069008,68.45932226642887,0.0,0.27438606118809167,134.9979421045411,69.41967348058719,4.3
1869,3.6743092298647855,52.76308054085832,0.0,0.29394473838918284,132.56907701352145,62.169312169312164,4.9
1871,3.602824614497766,52.45712638708748,0.0,0.2882259691598213,132.72805879809772,64.27439112264015,4.8
1873,3.5986756873470562,52.39671800777314,0.0,0.2878940549877645,133.0070534043472,64.34432128976536,4.8
1875,3.5612535612535616,51.994301994302,0.0,0.2849002849002849,132.05128205128207,63.675213675213676,4.8
1877,3.5582123541132935,51.94990037005409,0.0,0.2846569883290635,131.93851409052093,63.620836891545686,4.8
1879,3.5582123541132935,51.80757187588956,0.0,0.2846569883290635,131.93851409052093,63.620836891545686,4.8
1881,3.5450935904707888,52.32558139534884,0.0,0.2836074872376631,132.01928530913216,64.37889960294952,4.8
1883,3.5450935904707888,52.32558139534884,0.0,0.2836074872376631,132.01928530913216,64.37889960294952,4.8
1885,3.7746400111841187,51.866349783307705,0.0,0.2796029637914162,131.41339298196561,64.58828463581715,4.7
1887,3.7905376947915204,51.52323459216622,0.0,0.2807805699845571,131.96686789274182,64.86031166643268,4.7
1889,3.7714764631931836,51.543511663640174,0.0,0.2793686269031988,131.58262327140662,64.67383712809051,4.7
1891,3.7714764631931836,51.543511663640174,0.0,0.2793686269031988,131.58262327140662,64.67383712809051,4.7
1893,3.6168787675820497,55.99464166108506,0.2679169457468185,1.071667782987274,127.662424648359,64.43402545210985,4.5
1895,3.6168787675820497,55.99464166108506,0.2679169457468185,1.071667782987274,127.662424648359,64.43402545210985,4.5
1897,0.0,3.7593984962406015,3.7593984962406015,0.0,0.0,0.0,0.0
1899,0.0,0.0,4.149377593360996,0.0,0.0,0.0,0.0
1901,0.0,0.0,4.149377593360996,0.0,0.0,0.0,0.0
1903,0.0,3.597122302158273,3.597122302158273,0.0,0.0,0.0,0.0
1905,0.0,7.894736842105263,2.6315789473684212,0.0,0.0,0.0,0.0
1907,0.0,7.894736842105263,2.6315789473684212,0.0,0.0,0.0,0.0
1909,0.0,7.692307692307692,2.564102564102564,0.0,0.0,0.0,0.0
1911,0.0,2.4154589371980677,0.8051529790660226,0.0,0.0,0.0,0.0
1913,0.0,0.0,0.0,0.3990422984836393,0.0,0.0,0.0
1915,0.0,0.0,0.0,0.3990422984836393,0.0,0.0,0.0
1917,0.0,0.0,0.0,0.3990422984836393,0.0,0.0,0.0
1919,0.0,0.0,0.0,0.3990422984836393,0.0,0.0,0.0
1921,0.0,0.0,0.0,0.3990422984836393,0.0,0.0,0.0
1923,0.0,0.0,0.0,0.3990422984836393,0.0,0.0,0.0
1925,0.0,0.34855350296270476,0.34855350296270476,0.34855350296270476,0.0,0.0,0.0
1927,0.0,0.34855350296270476,0.34855350296270476,0.34855350296270476,0.0,0.0,0.0
1929,0.0,0.34855350296270476,0.34855350296270476,0.34855350296270476,0.0,0.0,0.0
1931,0.0,0.34855350296270476,0.34855350296270476,0.34855350296270476,0.0,0.0,0.0
1933,0.0,0.34855350296270476,0.34855350296270476,0.34855350296270476,0.0,0.0,0.0
1935,0.0,0.3522367030644593,0.3522367030644593,0.3522367030644593,0.0,0.0,0.0
1937,0.0,0.3522367030644593,0.3522367030644593,0.3522367030644593,0.0,0.0,0.0
1939,0.0,0.3522367030644593,0.3522367030644593,0.3522367030644593,0.0,0.0,0.0
1941,0.0,0.3522367030644593,0.3522367030644593,0.3522367030644593,0.0,0.0,0.0
1943,0.0,0.3522367030644593,0.3522367030644593,0.3522367030644593,0.0,0.0,0.0
1945,0.0,0.3522367030644593,0.3522367030644593,0.3522367030644593,0.0,0.0,0.0
1947,0.0,0.3522367030644593,0.3522367030644593,0.3522367030644593,0.0,0.0,0.0
1949,0.0,0.3522367030644593,0.3522367030644593,0.3522367030644593,0.0,0.0,0.0
1951,0.0,0.3522367030644593,0.3522367030644593,0.3522367030644593,0.0,0.0,0.0
1953,0.0,0.3522367030644593,0.3522367030644593,0.3522367030644593,0.0,0.0,0.0
1955,0.0,0.3522367030644593,0.3522367030644593,0.3522367030644593,0.0,0.0,0.0
1957,0.0,0.3522367030644593,0.3522367030644593,0.3522367030644593,0.0,0.0,0.0
1959,0.0,0.3522367030644593,0.3522367030644593,0.3522367030644593,0.0,0.0,0.0
1961,0.0,0.3522367030644593,0.3522367030644593,0.3522367030644593,0.0,0.0,0.0
1963,0.0,0.3522367030644593,0.3522367030644593,0.3522367030644593,0.0,0.0,0.0
1965,0.0,0.3522367030644593,0.3522367030644593,0.3522367030644593,0.0,0.0,0.0
1967,0.0,0.3522367030644593,0.3522367030644593,0.3522367030644593,0.0,0.0,0.0
1969,0.0,0.3522367030644593,0.3522367030644593,0.3522367030644593,0.0,0.0,0.0
1971,0.0,0.3522367030644593,0.3522367030644593,0.3522367030644593,0.0,0.0,0.0
1973,0.0,0.3522367030644593,0.3522367030644593,0.3522367030644593,0.0,0.0,0.0
1975,0.0,0.3522367030644593,0.3522367030644593,0.3522367030644593,0.0,0.0,0.0
1977,0.0,0.3522367030644593,0.3522367030644593,0.3522367030644593,0.0,0.0,0.0
1979,0.0,0.3522367030644593,0.3522367030644593,0.3522367030644593,0.0,0.0,0.0
1981,0.0,0.3522367030644593,0.3522367030644593,0.3522367030644593,0.0,0.0,0.0
1983,0.0,0.3522367030644593,0.3522367030644593,0.3522367030644593,0.0,0.0,0.0
1985,0.0,0.3522367030644593,0.3522367030644593,0.3522367030644593,0.0,0.0,0.0
1987,0.0,0.3522367030644593,0.3522367030644593,0.3522367030644593,0.0,0.0,0.0
1989,0.0,0.3522367030644593,0.3522367030644593,0.3522367030644593,0.0,0.0,0.0
1991,0.0,0.3522367030644593,0.3522367030644593,0.3522367030644593,0.0,0.0,0.0
1993,0.0,0.3522367030644593,0.3522367030644593,0.3522367030644593,0.0,0.0,0.0
1995,0.0,0.3522367030644593,0.3522367030644593,0.3522367030644593,0.0,0.0,0.0
1997,0.0,0.3522367030644593,0.3522367030644593,0.3522367030644593,0.0,0.0,0.0
1999,0.0,0.3522367030644593,0.3522367030644593,0.3522367030644593,0.0,0.0,0.0
2001,0.0,0.3522367030644593,0.3522367030644593,0.3522367030644593,0.0,0.0,0.0
2003,0.0,0.3522367030644593,0.3522367030644593,0.3522367030644593,0.0,0.0,0.0
2005,0.0,0.3522367030644593,0.3522367030644593,0.3522367030644593,0.0,0.0,0.0
2007,0.0,0.3522367030644593,0.3522367030644593,0.3522367030644593,0.0,0.0,0.0
2009,0.0,0.3522367030644593,0.3522367030644593,0.3522367030644593,0.0,0.0,0.0
2011,0.0,0.3522367030644593,0.3522367030644593,0.3522367030644593,0.0,0.0,0.0
2013,0.0,0.3522367030644593,0.3522367030644593,0.3522367030644593,0.0,0.0,0.0
2015,0.0,0.3522367030644593,0.3522367030644593,0.3522367030644593,0.0,0.0,0.0
2017,0.0,0.3522367030644593,0.3522367030644593,0.3522367030644593,0.0,0.0,0.0
2019,0.0,0.3522367030644593,0.3522367030644593,0.3522367030644593,0.0,0.0,0.0
2021,0.0,0.3522367030644593,0.3522367030644593,0.3522367030644593,0.0,0.0,0.0
2023,0.0,0.3522367030644593,0.3522367030644593,0.3522367030644593,0.0,0.0,0.0
2025,0.0,0.3522367030644593,0.3522367030644593,0.3522367030644593,0.0,0.0,0.0
2027,0.0,0.3522367030644593,0.3522367030644593,0.3522367030644593,0.0,0.0,0.0
2029,0.0,0.3522367030644593,0.3522367030644593,0.3522367030644593,0.0,0.0,0.0
2031,0.0,0.3522367030644593,0.3522367030644593,0.3522367030644593,0.0,0.0,0.0
2033,0.0,0.3522367030644593,0.3522367030644593,0.3522367030644593,0.0,0.0,0.0
2035,0.0,0.3522367030644593,0.3522367030644593,0.3522367030644593,0.0,0.0,0.0
2037,0.0,0.3522367030644593,0.3522367030644593,0.3522367030644593,0.0,0.0,0.0
2039,0.0,0.3522367030644593,0.3522367030644593,0.3522367030644593,0.0,0.0,0.0
2041,0.0,0.3522367030644593,0.3522367030644593,0.3522367030644593,0.0,0.0,0.0
2043,0.0,0.3522367030644593,0.3522367030644593,0.3522367030644593,0.0,0.0,0.0
2045,0.0,0.3522367030644593,0.3522367030644593,0.3522367030644593,0.0,0.0,0.0
2047,0.0,0.3522367030644593,0.3522367030644593,0.3522367030644593,0.0,0.0,0.0
2049,0.0,0.3522367030644593,0.3522367030644593,0.3522367030644593,0.0,0.0,0.0
2051,0.0,0.7049700387733521,0.35248501938667604,0.35248501938667604,0.0,0.0,0.0
2053,0.0,0.7049700387733521,0.35248501938667604,0.35248501938667604,0.0,0.0,0.0
2055,0.0,0.7049700387733521,0.35248501938667604,0.35248501938667604,0.0,0.0,0.0
2057,0.0,0.7049700387733521,0.35248501938667604,0.35248501938667604,0.0,0.0,0.0
2059,0.0,0.7049700387733521,0.35248501938667604,0.35248501938667604,0.0,0.0,0.0
2061,0.0,0.7049700387733521,0.35248501938667604,0.35248501938667604,0.0,0.0,0.0
2063,0.0,0.7049700387733521,0.35248501938667604,0.35248501938667604,0.0,0.0,0.0
2065,0.0,0.7049700387733521,0.35248501938667604,0.35248501938667604,0.0,0.0,0.0
2067,0.0,0.7049700387733521,0.35248501938667604,0.35248501938667604,0.0,0.0,0.0
2069,0.0,0.7049700387733521,0.35248501938667604,0.35248501938667604,0.0,0.0,0.0
2071,0.0,0.7049700387733521,0.35248501938667604,0.35248501938667604,0.0,0.0,0.0
2073,0.0,0.7049700387733521,0.35248501938667604,0.35248501938667604,0.0,0.0,0.0
2075,0.0,0.7049700387733521,0.35248501938667604,0.35248501938667604,0.0,0.0,0.0
2077,0.0,0.7049700387733521,0.35248501938667604,0.35248501938667604,0.0,0.0,0.0
2079,0.0,0.6925207756232687,0.3462603878116344,0.3462603878116344,0.0,0.0,0.0
2081,0.0,0.6894174422612892,0.3447087211306446,0.3447087211306446,0.0,0.0,0.0
2083,1.6896381516497703,29.919884573034135,0.03796939666628697,0.2847704749971523,104.98538178228348,76.64122717090025,2.4
2085,1.6035634743875278,28.65033407572383,0.035634743875278395,0.28507795100222716,107.10022271714922,76.8641425389755,2.5
2087,1.6045068815517365,28.595878200099836,0.035655708478927475,0.2852456678314198,106.7353633316694,76.48149468729945,2.5
2089,1.607114158675738,28.642345672398708,0.03571364797057196,0.28570918376457566,107.06951661577472,76.76648631274442,2.1
2091,1.6005121638924455,28.542466922748613,0.03556693697538768,0.28453549580310145,106.78972826860151,76.55783183952198,2.1
2093,1.5920468415559605,28.444570235799826,0.03537881870124357,0.28303054960994856,107.1093736180149,77.21427181546409,2.2
2095,1.5961125791405821,28.534945998191073,0.03546916842534627,0.28375334740277014,107.04595030769504,77.07450298827744,2.1
2097,1.5716884171861478,28.44932629311106,0.035318840835643774,0.3708478287742596,107.05140657283627,77.50719621382027,2.2
2099,1.5716884171861478,28.44932629311106,0.035318840835643774,0.3708478287742596,107.05140657283627,77.50719621382027,2.2
2101,0.0,27.286508337544213,0.0,1.5159171298635674,104.59828196058615,103.84032339565437,3.7
2103,0.0,27.286508337544213,0.0,1.5159171298635674,104.59828196058615,103.84032339565437,3.7
2105,0.0,27.286508337544213,0.0,1.5159171298635674,104.59828196058615,103.84032339565437,3.7
2107,0.0,27.286508337544213,0.0,1.5159171298635674,104.59828196058615,103.84032339565437,3.7
2109,0.0,27.286508337544213,0.0,1.5159171298635674,104.59828196058615,103.84032339565437,3.7
2111,0.0,27.286508337544213,0.0,1.5159171298635674,104.59828196058615,103.84032339565437,3.7
2113,0.0,0.0,0.0,0.0,0.0,0.0,0.0
2115,0.0,0.0,0.0,0.0,0.0,0.0,0.0
2117,0.0,0.0,0.0,0.0,0.0,0.0,0.0
2163,0.11066843736166446,64.07702523240373,0.0,0.5533421868083223,41.94333776007083,16.600265604249667,0.0
2165,0.11066843736166446,64.07702523240373,0.0,0.5533421868083223,41.94333776007083,16.600265604249667,0.0
2167,0.10122482032594393,58.50794614839559,0.0,0.5061241016297197,40.085028849073794,17.208219455410468,0.0
2169,0.10121457489878542,58.50202429149797,0.0,0.5060728744939271,40.08097165991902,17.20647773279352,0.0
2171,0.10088781275221953,58.414043583535104,0.0,0.5044390637610976,40.96045197740113,19.16868442292171,0.0
2173,0.18763486255746317,59.1049817056009,0.0,0.4690871563936579,41.65493948775682,19.701660568533633,0.3
2175,0.18763486255746317,59.1049817056009,0.0,0.4690871563936579,41.65493948775682,19.701660568533633,0.3
2177,0.18763486255746317,59.1049817056009,0.0,0.4690871563936579,41.65493948775682,19.701660568533633,0.3
2179,0.18763486255746317,59.1049817056009,0.0,0.4690871563936579,41.65493948775682,19.701660568533633,0.3
2181,0.18745899334520572,59.049582903739804,0.0,0.4686474833630143,41.89708501265348,19.96438279126441,0.3
2183,0.0,44.91899852724595,0.7363770250368188,2.2091310751104563,22.82768777614138,4.4182621502209125,0.0
2185,4.055619930475087,49.2468134414832,0.5793742757821553,1.1587485515643106,33.603707995365006,7.531865585168019,0.0
2187,4.002287021154945,48.59919954259576,0.5717552887364208,1.1435105774728416,33.73356203544883,7.43281875357347,0.0
2189,3.9149888143176734,46.42058165548098,0.5592841163310962,1.1185682326621924,36.35346756152125,8.389261744966444,0.0
2191,3.912800447177194,46.39463387367245,0.5589714924538849,1.1179429849077698,36.33314700950252,8.384572386808273,0.0
2193,5.448773448773449,73.77777777777777,0.023088023088023088,1.2121212121212122,190.0952380952381,254.88023088023087,36.7
2195,5.4486476502707015,73.78761817908966,0.02308749004351992,1.2120932272847957,190.09084927332125,254.87434633543816,36.7
2197,5.459813235141343,73.79405076587445,0.0230858910576801,1.2120092805282052,190.08922696893794,254.8682372767883,36.7
2199,5.448270289612504,73.7825078203456,0.0230858910576801,1.2120092805282052,190.08922696893794,254.8682372767883,36.7
2201,5.447641471324862,73.78553374190645,0.023083226573410432,1.2118693951040476,190.07882921874818,254.85036298373785,36.7
2203,5.446258581895806,73.75526452431777,0.02307736687243985,1.2115617608030922,190.08827092828707,254.88951710609817,36.7
2205,5.445755887069791,73.74845684353835,0.023075236809617757,1.2114499325049324,190.07072560082148,254.86599056222815,36.7
2207,5.634323188472729,73.9851290814206,0.023091488477347252,1.1314829353900153,191.83254052556228,257.77028587262737,36.4
2209,5.812953599559729,74.0091035210218,0.022930783430215894,1.123608388080579,191.8618649606164,258.3496715165274,36.4
2211,5.812353831338561,74.02439583619939,0.02292841748062549,1.123492456550649,191.86499747787408,258.3344797542074,36.4
2213,5.813353513811014,74.02566131196038,0.02293236100122688,1.1236856890601172,191.8521321362641,258.33304667882084,36.4
2215,5.811487717930789,74.03629027636089,0.022925000859687534,1.123325042124689,191.88225719558466,258.3418346878188,36.4
2217,5.812020680247154,74.02015292377884,0.022927103275136702,1.1234280604816984,191.87692730961905,258.3540632558779,36.4
2219,5.511373757059483,71.62690304802021,0.020955793753077885,1.0268338939008164,191.7874244281688,259.23364662244995,37.5
2221,5.500838222967309,71.61567476948869,0.020955574182732608,1.0268231349538977,191.80637049455154,259.2414082145851,37.5
2223,5.441034729347386,71.34492014633793,0.020727751349894807,1.0156598161448456,191.83533874327642,259.33526101420887,37.9
2225,5.440640026529597,71.3397446526281,0.02072624772011275,1.015586138285525,191.84214889736364,259.3475377217709,37.9
2227,5.440640026529597,71.3397446526281,0.02072624772011275,1.015586138285525,191.84214889736364,259.3475377217709,37.9
2229,5.440640026529597,71.3397446526281,0.02072624772011275,1.015586138285525,191.84214889736364,259.3475377217709,37.9
2231,5.439061787741909,71.31905018441009,0.02072023538187394,1.015291533711823,191.82793916538893,259.3033856864614,37.9
2233,5.439061787741909,71.31905018441009,0.02072023538187394,1.015291533711823,191.82793916538893,259.3033856864614,37.9
2235,5.454131478721643,71.25558867362146,0.020698791190594472,1.014240768339129,191.75360158966717,259.23166087100515,37.6
2237,5.451536153925726,71.26305989448639,0.020688941760628944,1.0137581462708183,191.74511223750906,259.2841626150822,37.6
2239,5.451423369745117,71.26158556769282,0.020688513737173123,1.013737173121483,191.77217808672626,259.30983118172793,37.6
2241,5.450859518834943,71.28524440950746,0.020686373885521605,1.0136323203905586,191.7833722926708,259.35541258972717,37.6
2243,5.450634011128808,71.30298078315371,0.02068551806880003,1.0135903853712016,191.79612353391389,259.3653683056492,37.6
2245,5.4508852526712435,71.28477778351314,0.020647292623754712,1.0117173385639808,191.74108295049814,259.3609662932948,37.4
2247,5.450997801017933,71.28624965156975,0.020647718943249745,1.0117382282192375,191.7243942475455,259.3663215056317,37.4
2249,5.4508852526712435,71.28477778351314,0.020647292623754712,1.0117173385639808,191.74108295049814,259.3609662932948,37.4
2251,5.367409699539663,69.94823601321797,0.028651653200389662,0.9359540045460623,190.9155158252631,255.40083662827345,38.1
2253,5.37665215066086,69.9728779891512,0.028650011460004583,0.9359003743601497,190.92367636947054,255.44350217740086,37.9
2255,5.367768555573597,69.93381025606739,0.028653568801994288,0.9360165808651467,190.91872892768794,255.39880992177575,38.1
2257,5.385276425093096,70.02769025112192,0.02864508736751647,0.9357395206722047,190.88131385467392,255.390050606321,37.9
2259,5.379369545519577,70.07487243073108,0.028613667795316898,0.934713147980352,190.96761886594496,255.7203490867471,38.0
2261,5.338315761377285,70.06539436807687,0.028598120150235457,0.934205258241025,190.96871365655565,255.76252121027244,37.9
2263,5.344485938571755,70.02133983690267,0.028580138708939867,0.9336178644920357,191.01059370474812,255.78271473210881,38.0
2265,5.336636965740697,70.04336017534663,0.028589126602182303,0.9339114690046219,191.03254395578216,255.80597512745985,38.0
2267,5.344435023673657,70.02067277005592,0.02857986643675752,0.9336089702674123,191.0087740189961,255.78027798683422,37.9
2269,3.353655799085938,50.318305483474155,0.03591599249355757,0.6285298686372575,159.8082086000844,188.16837417280982,30.5
2271,3.3627217000774636,50.35574998544761,0.03582126977446033,0.6268722210530558,159.56136855161174,187.78852913388647,30.4
2273,3.3529403906865736,50.11154204088539,0.03562220866599281,0.6367469799046215,159.39157267598483,187.50194808953643,30.1
2275,3.3529403906865736,50.11154204088539,0.03562220866599281,0.6367469799046215,159.39157267598483,187.50194808953643,30.2
2277,3.3649393013276296,50.3085273468438,0.0357972266098684,0.626451465672697,159.65563068001308,187.88621851522055,30.3
2279,3.3649393013276296,50.3085273468438,0.0357972266098684,0.626451465672697,159.65563068001308,187.88621851522055,30.3
2281,3.36481885014475,50.30672650555508,0.035795945214305847,0.6264290412503524,159.65439014895588,187.89291642989141,30.3
2283,3.3529403906865736,50.11154204088539,0.03562220866599281,0.6367469799046215,159.39157267598483,187.50194808953643,30.2
2285,3.3529403906865736,50.11154204088539,0.03562220866599281,0.6367469799046215,159.39157267598483,187.50194808953643,30.1
2287,3.3529403906865736,50.11154204088539,0.03562220866599281,0.6367469799046215,159.39157267598483,187.50194808953643,30.2
2289,3.346413826510886,50.03177537697152,0.03555286933876107,0.6355075394303542,159.20574889897208,187.37695374127287,30.2
2291,3.346413826510886,50.03177537697152,0.03555286933876107,0.6355075394303542,159.20574889897208,187.37695374127287,30.2
2293,3.346413826510886,50.03177537697152,0.03555286933876107,0.6355075394303542,159.20574889897208,187.37695374127287,30.1
2295,3.346413826510886,50.03177537697152,0.03555286933876107,0.6355075394303542,159.20574889897208,187.37695374127287,30.1
2297,3.346413826510886,50.03177537697152,0.03555286933876107,0.6355075394303542,159.20574889897208,187.37695374127287,30.1
2299,3.346413826510886,50.03177537697152,0.03555286933876107,0.6355075394303542,159.20574889897208,187.37695374127287,30.2
2301,3.346413826510886,50.03177537697152,0.03555286933876107,0.6355075394303542,159.20574889897208,187.37695374127287,30.2
2303,3.346220503932809,50.02888503755055,0.03555081544682931,0.635470826112074,159.21432697862508,187.38390436830645,30.2
2305,16.56973221858718,98.02496062038047,0.0,0.3635041802980734,150.27868653822853,270.2047740215679,54.2
2307,16.56973221858718,98.02496062038047,0.0,0.3635041802980734,150.27868653822853,270.2047740215679,54.2
2309,16.93121693121693,98.291761148904,0.0,0.36281179138321995,149.99244142101284,269.6900982615268,54.2
2311,16.92712269141251,98.41912764864131,0.0,0.3627240576731252,149.95617084303117,269.6248828703564,54.2
2313,9.513783288493782,37.90891722228721,0.0,0.16571138924630563,49.14804850469841,86.94974071041447,27.1
2315,9.513783288493782,37.90891722228721,0.0,0.16571138924630563,49.14804850469841,86.94974071041447,27.1
2317,11.904761904761903,23.809523809523807,11.904761904761903,0.0,0.0,0.0,0.0
2319,11.235955056179776,22.471910112359552,11.235955056179776,0.0,0.0,0.0,0.0
2321,11.11111111111111,22.22222222222222,11.11111111111111,0.0,0.0,0.0,0.0
2395,0.0,7.106598984771574,0.0,1.015228426395939,129.9492385786802,162.43654822335026,0.0
2397,0.0,7.106598984771574,0.0,1.015228426395939,129.9492385786802,162.43654822335026,0.0
2399,0.0,7.106598984771574,0.0,1.015228426395939,129.9492385786802,162.43654822335026,0.0
2437,0.0,8.121827411167512,0.0,1.015228426395939,128.93401015228426,167.51269035532997,0.0
2439,0.0,8.121827411167512,0.0,1.015228426395939,128.93401015228426,167.51269035532997,0.0
2441,0.0,8.121827411167512,0.0,1.015228426395939,128.93401015228426,167.51269035532997,0.0
2443,0.0,8.121827411167512,0.0,1.015228426395939,128.93401015228426,167.51269035532997,0.0
2445,0.0,8.121827411167512,0.0,1.015228426395939,128.93401015228426,167.51269035532997,0.0
2447,0.0,8.121827411167512,0.0,1.015228426395939,128.93401015228426,167.51269035532997,0.0
2449,0.0,8.121827411167512,0.0,1.015228426395939,128.93401015228426,167.51269035532997,0.0
2451,0.0,8.121827411167512,0.0,1.015228426395939,128.93401015228426,167.51269035532997,0.0
2453,0.0,8.121827411167512,0.0,1.015228426395939,128.93401015228426,167.51269035532997,0.0
2455,0.0,8.121827411167512,0.0,1.015228426395939,128.93401015228426,167.51269035532997,0.0
2457,0.0,9.467455621301776,0.0,1.183431952662722,150.2958579881657,195.2662721893491,0.0
2459,0.0,8.121827411167512,0.0,1.015228426395939,128.93401015228426,167.51269035532997,0.0
2461,0.0,9.467455621301776,0.0,1.183431952662722,150.2958579881657,195.2662721893491,0.0
2463,0.0,9.467455621301776,0.0,1.183431952662722,150.2958579881657,195.2662721893491,0.0
2465,0.0,9.467455621301776,0.0,1.183431952662722,150.2958579881657,195.2662721893491,0.0
2467,0.0,13.561443772167744,0.0,0.0,170.4569163363238,241.39369914458584,43.3
2469,0.0,8.714904842660637,0.0,0.0,283.9174674957603,186.8287167891464,17.6
2471,0.0,8.714904842660637,0.0,0.0,283.9174674957603,186.8287167891464,17.6
2473,0.0,8.155339805825243,0.0,0.0,287.59439050701184,188.78101402373247,17.8
2475,0.0,8.155339805825243,0.0,0.0,287.59439050701184,188.78101402373247,17.8
2477,0.0,8.155339805825243,0.0,0.0,287.59439050701184,188.78101402373247,17.8
2479,0.0,7.915849527545016,0.0,0.0,288.7858798359779,187.59137101087538,17.7
2481,12.872132747681796,25.19521717911176,0.0,0.0,116.6422645192777,75.70766227428014,14.5
2483,12.858013406459476,25.167580743449115,0.06093845216331505,0.0,116.51432053625838,75.68555758683729,14.5
2485,12.858013406459476,25.167580743449115,0.06093845216331505,0.0,116.51432053625838,75.68555758683729,14.5
2487,12.858013406459476,25.167580743449115,0.06093845216331505,0.0,116.51432053625838,75.68555758683729,14.5
2489,12.868992437179799,25.18907050500122,0.06099048548426445,0.0,116.61380824591363,75.75018297145645,14.5
2491,12.858013406459476,25.167580743449115,0.06093845216331505,0.0,116.63619744058501,76.47775746496039,14.5
2493,12.630713194689227,24.908941369991776,0.058747503231112684,0.0,114.79262131359418,74.66807660674422,14.5
2495,12.630713194689227,24.908941369991776,0.058747503231112684,0.0,114.79262131359418,74.66807660674422,14.5
2497,13.006183921803311,19.748653500897664,0.03989626969878316,0.0,123.04009575104728,82.90444843407141,22.9
2499,13.006183921803311,19.748653500897664,0.03989626969878316,0.0,123.04009575104728,82.90444843407141,22.9
2501,13.076657590980556,19.749204279633393,0.03834796947501629,0.0,122.8668941979522,82.17969858495992,22.8
2503,12.965779467680608,19.581749049429657,0.03802281368821293,0.0,121.82509505703422,81.4828897338403,22.7
2505,12.965779467680608,19.581749049429657,0.03802281368821293,0.0,121.82509505703422,81.4828897338403,22.7
2507,12.965779467680608,19.581749049429657,0.03802281368821293,0.0,121.82509505703422,81.4828897338403,22.7
2509,12.965779467680608,19.581749049429657,0.03802281368821293,0.0,121.82509505703422,81.4828897338403,22.7
2511,12.741947537553246,19.243703759061354,0.03736641506613855,0.0,120.35722292803229,80.78618937299156,24.9
2513,12.760590548260257,19.32635952221975,0.03709473996587284,0.0,120.59499962905261,81.57133318495438,24.9
2515,12.760590548260257,19.32635952221975,0.03709473996587284,0.0,120.59499962905261,81.57133318495438,24.9
2517,12.760590548260257,19.32635952221975,0.03709473996587284,0.0,120.59499962905261,81.57133318495438,24.9
2519,13.25717778754131,13.314485472501863,0.019102561653517737,0.0,114.08049819480793,81.51063057556019,79.4
2521,13.25717778754131,13.314485472501863,0.019102561653517737,0.0,114.08049819480793,81.51063057556019,79.3
2523,0.0,14.285714285714285,14.285714285714285,0.0,28.57142857142857,199.99999999999997,0.0
2525,12.49385145105755,18.65879652402033,0.03279226102639777,0.0,116.41252664371208,76.76668306279717,27.1
2527,12.49385145105755,18.65879652402033,0.03279226102639777,0.0,116.41252664371208,76.76668306279717,27.1
2529,0.11909015124449207,25.75324520662141,0.0,0.0,101.37549124687388,64.96367750387043,37.2
2531,0.11909015124449207,25.75324520662141,0.0,0.0,101.37549124687388,64.96367750387043,37.2
2533,0.1017708121310808,25.340932220639118,0.0,0.0,102.7885202523916,70.45084469774068,38.1
2539,8.59465737514518,14.169570267131244,5.574912891986063,0.23228803716608595,118.46689895470384,117.5377468060395,0.0
2541,0.7985094490284802,5.190311418685121,0.7985094490284802,0.0,68.93798243279213,52.967793452222516,3.9
2543,0.7942811755361397,5.162827640984909,0.7942811755361397,0.0,68.5729414879534,52.687317977230606,3.8
2545,0.7939658594680429,5.160778086542279,0.7939658594680429,0.0,68.54571920074103,52.66640201138017,3.8
2547,0.0,2.5510204081632653,0.0,0.8503401360544218,75.68027210884354,77.38095238095238,10.4
2549,0.0,0.0,3.745318352059925,2.4968789013732833,129.83770287141073,124.84394506866417,3.5
2551,0.0,0.0,3.745318352059925,2.4968789013732833,129.83770287141073,124.84394506866417,3.5
2553,0.0,0.0,3.745318352059925,2.4968789013732833,129.83770287141073,124.84394506866417,3.5
2555,0.0,0.0,3.745318352059925,2.4968789013732833,129.83770287141073,124.84394506866417,3.5
2557,0.0,0.0,3.5928143712574854,2.3952095808383236,136.52694610778443,128.1437125748503,3.3
2559,0.0,0.0,3.5928143712574854,2.3952095808383236,136.52694610778443,128.1437125748503,3.3
2561,4.699453551912568,12.896174863387978,0.0,0.4371584699453552,38.0327868852459,19.89071038251366,7.0
2563,4.702022963367961,12.903225806451614,0.0,0.43739748496446146,38.05358119190815,19.901585565882996,7.5
2565,4.699453551912568,12.896174863387978,0.0,0.4371584699453552,38.0327868852459,19.89071038251366,7.8
2567,4.699453551912568,12.896174863387978,0.0,0.4371584699453552,38.0327868852459,19.89071038251366,7.8
2569,4.696373962429008,12.778505897771952,0.0,0.436871996505024,38.00786369593709,19.877675840978593,7.5
2571,4.696373962429008,12.778505897771952,0.0,0.436871996505024,38.00786369593709,19.877675840978593,7.5
2573,4.702022963367961,12.903225806451614,0.0,0.43739748496446146,38.05358119190815,19.901585565882996,7.5
2575,4.696373962429008,12.778505897771952,0.0,0.436871996505024,38.00786369593709,19.877675840978593,7.5
2577,4.793028322440088,12.745098039215687,0.0,0.4357298474945534,37.908496732026144,19.825708061002178,7.5
2579,4.696373962429008,12.778505897771952,0.0,0.436871996505024,38.00786369593709,19.877675840978593,7.5
2581,4.793028322440088,12.745098039215687,0.0,0.4357298474945534,37.908496732026144,19.825708061002178,7.5
2583,4.793028322440088,12.745098039215687,0.0,0.4357298474945534,37.908496732026144,19.825708061002178,7.5
2585,4.79146248502668,12.74093433518458,0.0,0.4355874986387891,37.896112381574646,19.819231188064904,7.5
2587,4.7784535186794095,12.706342311033882,0.0,0.43440486533449174,37.79322328410078,19.765421372719373,7.7
2589,4.781569224081721,12.714627254944578,0.0,0.4346881112801565,37.81786568137361,19.77830906324712,7.5
2591,4.781569224081721,12.714627254944578,0.0,0.4346881112801565,37.81786568137361,19.77830906324712,7.5
2593,4.77326968973747,12.692558038620092,0.0,0.43393360815795184,37.75222390974181,19.74397917118681,7.7
2595,63.32858761213679,103.68635375524325,0.0,0.1837053366400294,55.67037139095557,390.36618597103575,97.8
2597,4.804600657761773,43.22303268598306,0.47770408069524317,2.8937843349808,128.73206313043158,110.06485751557132,5.0
2599,4.708993271573076,42.33566066270024,0.47089932715730753,3.0427341139395256,127.05226076955816,105.6806759216496,4.9
2601,4.708993271573076,42.33566066270024,0.47089932715730753,3.0427341139395256,127.05226076955816,105.6806759216496,4.9
2603,6.837866585625284,4.55857772375019,0.0,23.704604163500985,6.685913994833611,0.45585777237501895,30.4
2605,2.635013667594257,46.415950451892535,0.12159233629669762,2.5888393626714605,102.1898933681385,72.15504715935677,6.0
2607,2.7398980211072588,43.615158722961986,0.11020974728486428,2.417639139805947,102.87452132000585,73.53501252066432,7.0
2609,2.634024457040169,46.396986872957555,0.12154668931435358,2.598637446227129,102.15614595449537,72.1248822997249,6.0
2611,2.7343896839440927,43.55810369240065,0.10998817975131533,2.412778677329487,102.97956586690873,73.5904457862693,7.0
2613,2.731206959849589,43.55051342240814,0.109860157753624,2.409970296038359,103.03214035400002,73.60630569492808,7.0
2615,2.733419251399416,43.55656257219762,0.1099491450410152,2.411922384254169,102.99868896082748,73.59077206568,7.0
2617,2.731320907955598,43.553721077063855,0.10986474120595327,2.4100708418976837,103.03504824313762,73.6093766079887,7.0
2619,2.733442077193295,43.556926297271566,0.109950063186492,2.4119425253441853,102.99815729261191,73.59138659555634,7.0
2667,2.1704814522494082,66.89029202841358,2.5651144435674826,1.775848460931334,150.35516969218628,242.30465666929757,2.7
2685,2.0868905331056724,64.69360652627584,2.4663251754885223,1.707455890722823,144.7543160690571,233.16258774426106,2.6
2687,2.10727969348659,65.32567049808429,2.4904214559386975,1.7241379310344829,146.16858237547893,235.44061302681993,2.6
2689,2.0868905331056724,64.69360652627584,2.4663251754885223,1.707455890722823,144.7543160690571,233.16258774426106,2.6
2691,2.0872865275142316,64.70588235294119,2.4667931688804554,1.7077798861480078,144.78178368121442,233.2068311195446,2.6
2693,2.0872865275142316,64.70588235294119,2.4667931688804554,1.7077798861480078,144.78178368121442,233.2068311195446,2.6
2695,2.0868905331056724,64.69360652627584,2.4663251754885223,1.707455890722823,144.7543160690571,233.16258774426106,2.6
2697,2.0872865275142316,64.70588235294119,2.4667931688804554,1.7077798861480078,144.78178368121442,233.2068311195446,2.6
2699,2.0872865275142316,64.70588235294119,2.4667931688804554,1.7077798861480078,144.78178368121442,233.2068311195446,2.6
2701,2.0940415000951837,64.91528650295069,2.474776318294308,1.7133066818960594,145.25033314296593,233.96154578336188,2.6
2703,4.23662935323383,26.663557213930346,0.7384950248756218,0.3498134328358209,89.12468905472636,33.03793532338308,9.7
2705,4.143856447688565,26.07968369829684,0.722323600973236,0.3421532846715329,88.84580291970804,32.466545012165454,10.0
2707,4.143856447688565,26.07968369829684,0.722323600973236,0.3421532846715329,88.84580291970804,32.466545012165454,10.0
2709,4.143698916555788,26.07869226382817,0.7222961414179814,0.3421402775137807,88.8424253944117,32.46531077741874,10.0
2711,4.143698916555788,26.07869226382817,0.7222961414179814,0.3421402775137807,88.8424253944117,32.46531077741874,10.0
2713,4.108182129407737,25.638099585377912,0.7227357449883981,0.34234851078397804,88.89649663357297,32.48506980105748,10.0
2715,4.108182129407737,25.638099585377912,0.7227357449883981,0.34234851078397804,88.89649663357297,32.48506980105748,10.0
2717,4.108182129407737,25.638099585377912,0.7227357449883981,0.34234851078397804,88.89649663357297,32.48506980105748,10.0
2719,4.108182129407737,25.638099585377912,0.7227357449883981,0.34234851078397804,88.89649663357297,32.48506980105748,10.0
2721,4.104435070117432,25.61471515980694,0.7220765401132521,0.34203625584311936,88.81541443393,32.45544027666933,10.0
2723,3.9936102236421727,25.77693871623584,0.6898054022654662,0.326749927388905,95.33836770258495,36.12401975021783,9.7
2725,3.9936102236421727,25.77693871623584,0.6898054022654662,0.326749927388905,95.33836770258495,36.12401975021783,9.7
2727,3.9920159680638725,25.76664852113954,0.6895300308473962,0.326619488296135,95.30030847396117,36.10959898385048,9.7
2729,3.9920159680638725,25.76664852113954,0.6895300308473962,0.326619488296135,95.30030847396117,36.10959898385048,9.7
2731,3.9596047660563793,25.646614356291778,0.6902063353676258,0.32693984306887536,95.28480092996223,35.99970938680616,9.7
2733,3.9596047660563793,25.646614356291778,0.6902063353676258,0.32693984306887536,95.28480092996223,35.99970938680616,9.7
2735,3.9596047660563793,25.646614356291778,0.6902063353676258,0.32693984306887536,95.28480092996223,35.99970938680616,9.7
2737,3.9596047660563793,25.646614356291778,0.6902063353676258,0.32693984306887536,95.28480092996223,35.99970938680616,9.7
2739,3.9596047660563793,25.646614356291778,0.6902063353676258,0.32693984306887536,95.28480092996223,35.99970938680616,9.7
2741,3.9596047660563793,25.646614356291778,0.6902063353676258,0.32693984306887536,95.28480092996223,35.99970938680616,9.7
2743,3.959029492953654,25.64288827546128,0.6901060584047654,0.3268923434548889,95.27095743135261,35.994479151532765,9.7
2745,3.959029492953654,25.64288827546128,0.6901060584047654,0.3268923434548889,95.27095743135261,35.994479151532765,9.7
2747,3.954002974571045,25.61033119309319,0.6892298763013748,0.32647730982696704,95.14999818623717,35.948779337613814,9.7
2749,3.959029492953654,25.64288827546128,0.6901060584047654,0.3268923434548889,95.27095743135261,35.994479151532765,9.7
2751,3.959029492953654,25.64288827546128,0.6901060584047654,0.3268923434548889,95.27095743135261,35.994479151532765,9.7
2753,3.942846807741002,25.53807198408392,0.6872852233676976,0.32555615843733043,94.88153373123531,35.84735033459938,9.6
2755,3.946386034770861,25.669285739680735,0.6755075194652825,0.3199772460625022,94.64215877982011,35.12639101219469,9.4
2757,3.946386034770861,25.669285739680735,0.6755075194652825,0.3199772460625022,94.64215877982011,35.12639101219469,9.4
2759,4.167796150718352,28.598536188669016,0.9826511249661155,0.30496069395500136,93.4873949579832,34.1217132014096,8.6
2761,4.167937379282302,28.59950526922165,0.9826844227576158,0.3049710277523635,93.49056284097455,34.122869438514456,8.6
2763,4.166243267960573,28.58788063543678,0.9822849981370457,0.30484706838735903,93.52030620194425,34.10899976289672,8.6
2765,4.136817677328221,28.823193085124274,0.9753472572562473,0.30269397638986983,94.03692866511956,34.23805199609861,8.5
2767,4.136817677328221,28.823193085124274,0.9753472572562473,0.30269397638986983,94.03692866511956,34.23805199609861,8.5
2769,4.133759032095447,28.8018820366325,0.974626113258276,0.3024701730801546,93.96740043690136,34.21273735506637,8.5
2771,4.133620110229869,28.80091410135771,0.9745933593224896,0.3024600080656002,93.96424250571313,34.21158757897567,8.5
2773,4.133620110229869,28.80091410135771,0.9745933593224896,0.3024600080656002,93.96424250571313,34.21158757897567,8.5
2775,4.133620110229869,28.80091410135771,0.9745933593224896,0.3024600080656002,93.96424250571313,34.21158757897567,8.5
2777,4.110550412725997,28.77385288908198,0.9691541623500318,0.3007719814189754,94.04137285699964,34.18774855462354,8.5
2779,3.666577959135397,25.370353943049764,0.857506135604246,0.2661225938082143,83.59206363286908,30.426683225405835,10.1
2781,3.666577959135397,25.370353943049764,0.857506135604246,0.2661225938082143,83.59206363286908,30.426683225405835,10.1
2783,3.666577959135397,25.370353943049764,0.857506135604246,0.2661225938082143,83.59206363286908,30.426683225405835,10.1
2785,3.663111872618239,25.346370860535878,0.856695518596201,0.2658710230126141,83.51304245074002,30.397920297775546,10.1
2787,3.666577959135397,25.370353943049764,0.857506135604246,0.2661225938082143,83.59206363286908,30.426683225405835,10.1
2789,3.663977779747658,25.3523623792217,0.856898029134533,0.2659338711107171,83.53278373666636,30.405105930325323,10.1
2791,3.663977779747658,25.3523623792217,0.856898029134533,0.2659338711107171,83.53278373666636,30.405105930325323,10.1
2793,3.663111872618239,25.346370860535878,0.856695518596201,0.2658710230126141,83.51304245074002,30.397920297775546,10.1
2795,3.663111872618239,25.346370860535878,0.856695518596201,0.2658710230126141,83.51304245074002,30.397920297775546,10.1
2797,0.8240887480190174,50.966719492868464,0.0,0.8240887480190174,164.75435816164818,205.13470681458003,2.0
2799,0.8105748846489587,50.130939019827906,0.0,0.8729267988527247,161.99027310138422,201.7084424491832,2.0
2801,0.8105748846489587,50.130939019827906,0.0,0.8729267988527247,161.99027310138422,201.7084424491832,2.0
2803,0.8099688473520249,50.09345794392523,0.0,0.8722741433021807,161.86915887850466,201.5576323987539,2.0
2805,0.8098679292300025,50.087216546224774,0.0,0.872165462247695,161.8489907799651,201.53251931223525,2.0
2807,0.8090614886731391,50.03734129947722,0.0,0.8712969878018421,161.68782673637043,201.33183968135424,2.0
2809,0.8119925046845721,50.21861336664584,0.0,0.8744534665833853,162.27357901311677,202.06121174266082,2.0
2811,0.8114349915735597,50.18413332501092,0.0,0.8738530678484489,162.16216216216216,201.92247674926656,2.0
2813,0.8114349915735597,50.18413332501092,0.0,0.8738530678484489,162.16216216216216,201.92247674926656,2.0
2815,0.8114349915735597,50.18413332501092,0.0,0.8738530678484489,162.16216216216216,201.92247674926656,2.0
2817,0.8114349915735597,50.18413332501092,0.0,0.8738530678484489,162.16216216216216,201.92247674926656,2.0
2819,0.8104232903185586,50.12156349354778,0.0,0.8727635434199863,161.9599775575089,201.67071878311825,2.0
2821,0.8101202717018757,50.10282295756216,0.0,0.8724372156789431,161.899420452421,201.5953137658129,2.0
2823,0.8102212527267061,50.10906824555936,0.0,0.8102212527267061,161.981925833593,201.6827672172016,2.0
2825,0.8104232903185586,50.12156349354778,0.0,0.8727635434199863,161.9599775575089,201.67071878311825,2.0
2827,0.8102212527267061,50.10906824555936,0.0,0.8102212527267061,161.981925833593,201.6827672172016,2.0
2829,0.8240887480190174,50.966719492868464,0.0,0.8240887480190174,164.75435816164818,205.13470681458003,2.0
2831,0.8204480908804039,48.090880403912905,0.0,0.8204480908804039,164.27895235089932,204.92268854528243,2.0
2833,0.8240887480190174,50.966719492868464,0.0,0.8240887480190174,164.75435816164818,205.13470681458003,2.0
2835,0.8240887480190174,50.966719492868464,0.0,0.8240887480190174,164.75435816164818,205.13470681458003,2.0
2837,0.8240887480190174,50.966719492868464,0.0,0.8240887480190174,164.75435816164818,205.13470681458003,2.0
2839,0.8238276299112801,51.07731305449937,0.0,0.8238276299112801,164.82889733840304,205.44993662864385,2.0
2841,0.8238276299112801,51.07731305449937,0.0,0.8238276299112801,164.82889733840304,205.44993662864385,2.0
2843,0.8238276299112801,51.07731305449937,0.0,0.8238276299112801,164.82889733840304,205.44993662864385,2.0
2845,0.8238276299112801,51.07731305449937,0.0,0.8238276299112801,164.82889733840304,205.44993662864385,2.0
2847,0.8238276299112801,51.07731305449937,0.0,0.8238276299112801,164.82889733840304,205.44993662864385,2.0
2849,0.8227848101265822,48.22784810126582,0.0,0.8227848101265822,164.74683544303798,205.50632911392404,2.0
2851,0.8227848101265822,48.22784810126582,0.0,0.8227848101265822,164.74683544303798,205.50632911392404,2.0
2853,0.8236188545362392,48.21338063862139,0.0,0.8236188545362392,164.91383679675621,205.71464774455143,2.0
2855,0.8227848101265822,48.22784810126582,0.0,0.8227848101265822,164.74683544303798,205.50632911392404,2.0
2857,0.8204480908804039,48.090880403912905,0.0,0.8204480908804039,164.27895235089932,204.92268854528243,2.0
2859,0.820551663195102,48.096951334974435,0.0,0.820551663195102,164.29969071514233,204.94855772265353,2.0
2861,0.8213811840525684,48.145574019081316,0.0,0.8213811840525684,164.46578631452581,205.15574650912995,2.0
2863,0.8216407533813678,48.16078877512325,0.0,0.8216407533813678,164.51776008090002,205.22057894071548,2.0
2865,0.8216407533813678,48.16078877512325,0.0,0.8216407533813678,164.51776008090002,205.22057894071548,2.0
2867,0.8214849921011059,48.15165876777252,0.0,0.8214849921011059,164.4865718799368,205.18167456556083,2.0
2869,0.8214330847971691,48.14861620118792,0.0,0.8214330847971691,164.47617844054088,205.16870971818526,2.0
2871,0.8214330847971691,48.14861620118792,0.0,0.8214330847971691,164.47617844054088,205.16870971818526,2.0
2873,0.8213811840525684,48.145574019081316,0.0,0.8213811840525684,164.46578631452581,205.15574650912995,2.0
2875,0.8214330847971691,48.14861620118792,0.0,0.8214330847971691,164.47617844054088,205.16870971818526,2.0
2877,0.8214330847971691,48.14861620118792,0.0,0.8214330847971691,164.47617844054088,205.16870971818526,2.0
2879,0.8214330847971691,48.14861620118792,0.0,0.8214330847971691,164.47617844054088,205.16870971818526,2.0
2881,0.8213811840525684,48.145574019081316,0.0,0.8213811840525684,164.46578631452581,205.15574650912995,2.0
2883,2.3866348448687353,10.739856801909308,0.0,0.0,27.446300715990454,5.966587112171838,2.3
2885,2.3866348448687353,10.739856801909308,0.0,0.0,27.446300715990454,5.966587112171838,2.3
2887,2.3866348448687353,10.739856801909308,0.0,0.0,27.446300715990454,5.966587112171838,2.3
2889,2.3866348448687353,10.739856801909308,0.0,0.0,27.446300715990454,5.966587112171838,2.3
2891,2.3866348448687353,10.739856801909308,0.0,0.0,27.446300715990454,5.966587112171838,2.3
2893,1.7123287671232879,8.561643835616438,0.0,0.0,41.95205479452055,13.698630136986303,1.5
2895,1.589825119236884,8.744038155802862,0.0,0.0,40.54054054054054,12.718600953895072,1.5
2897,1.4903129657228018,8.19672131147541,0.0,0.0,38.00298062593144,11.922503725782414,1.4
2899,0.8517343440580882,6.238954070225496,0.06388007580435662,0.2981070204203309,76.82643783403957,39.32883333688223,20.8
2901,0.8517343440580882,6.238954070225496,0.06388007580435662,0.2981070204203309,76.82643783403957,39.32883333688223,20.8
2903,0.8517343440580882,6.238954070225496,0.06388007580435662,0.2981070204203309,76.82643783403957,39.32883333688223,20.8
2905,0.7459485668463159,5.94893982059937,0.0559461425134737,0.2610819983962106,89.30869216567518,46.696380284579384,28.9
2907,0.8517343440580882,6.238954070225496,0.06388007580435662,0.2981070204203309,76.82643783403957,39.32883333688223,20.8
2909,0.8506656458678916,6.231125855982306,0.06379992344009187,0.2977329760537621,76.73004125728383,39.2794861979499,20.8
2911,0.7454203238851307,5.944727082983918,0.055906524291384804,0.26089711335979576,89.24544827714728,46.66331227520918,28.9
2913,0.7458790184232118,5.948385171925113,0.055940926381740884,0.2610576564481241,89.30036548071902,46.692026553293054,28.9
2915,0.7454203238851307,5.944727082983918,0.055906524291384804,0.26089711335979576,89.24544827714728,46.66331227520918,28.9
2917,0.737354372511429,6.0278719952809325,0.055301577938357174,0.2580740303790002,90.87892641203362,47.87273263530453,28.6
2919,0.7335815284171144,5.99702899480991,0.05501861463128358,0.25675353494599007,91.16584444403689,48.10460872595228,28.5
2921,0.7454203238851307,5.944727082983918,0.055906524291384804,0.26089711335979576,89.24544827714728,46.66331227520918,28.9
2923,0.7370418824049676,6.025317388660611,0.055278141180372574,0.2579646588417387,90.72985572405152,47.760313979841904,28.6
2925,0.737354372511429,6.0278719952809325,0.055301577938357174,0.2580740303790002,90.87892641203362,47.87273263530453,28.6
2927,0.7340392343970785,6.037472702915971,0.05505294257978089,0.2569137320389775,91.16767291211715,48.09792083386857,28.5
2929,0.7340257643043271,6.0373619114030905,0.05505193232282453,0.25690901750651446,91.16599992659742,48.097038206041034,28.5
2931,0.7340257643043271,6.0373619114030905,0.05505193232282453,0.25690901750651446,91.16599992659742,48.097038206041034,28.5
2933,0.7340257643043271,6.0373619114030905,0.05505193232282453,0.25690901750651446,91.16599992659742,48.097038206041034,28.5
2935,0.7340392343970785,6.037472702915971,0.05505294257978089,0.2569137320389775,91.16767291211715,48.09792083386857,28.5
2937,0.7340257643043271,6.0373619114030905,0.05505193232282453,0.25690901750651446,91.16599992659742,48.097038206041034,28.5
2939,0.7335815284171144,5.99702899480991,0.05501861463128358,0.25675353494599007,91.16584444403689,48.10460872595228,28.5
2941,0.7335815284171144,5.99702899480991,0.05501861463128358,0.25675353494599007,91.16584444403689,48.10460872595228,28.5
2943,0.7335815284171144,5.99702899480991,0.05501861463128358,0.25675353494599007,91.16584444403689,48.10460872595228,28.5
2945,0.7335815284171144,5.99702899480991,0.05501861463128358,0.25675353494599007,91.16584444403689,48.10460872595228,28.5
2947,0.763483666902983,6.035156605042627,0.054534547635927355,0.23631637308901854,90.67277453600188,47.88133282434422,28.2
2949,0.7335815284171144,5.99702899480991,0.05501861463128358,0.25675353494599007,91.16584444403689,48.10460872595228,28.5
2951,0.763483666902983,6.035156605042627,0.054534547635927355,0.23631637308901854,90.67277453600188,47.88133282434422,28.2
2953,0.0,0.0,0.0,0.0,0.0,0.0,0.0
2955,0.0,0.0,0.0,0.0,0.0,0.0,0.0
2957,0.0,0.0,0.0,0.0,0.0,0.0,0.0
2959,0.0,0.0,0.0,0.0,0.0,0.0,0.0
2961,0.0,0.0,0.0,0.0,0.0,0.0,0.0
2963,0.0,0.0,0.0,0.0,0.0,0.0,0.0
2965,0.0,0.0,0.0,0.0,0.0,0.0,0.0
2967,0.0,0.0,0.0,0.0,0.0,0.0,0.0
2969,0.0,0.0,0.0,0.0,0.0,0.0,0.0
2971,0.0,0.0,0.0,0.0,0.0,0.0,0.0
3001,2.6580280754215466,7.392640584766177,0.0,0.24919013207077,9.053908131904643,2.74109145277847,0.0
3003,2.6580280754215466,7.392640584766177,0.0,0.24919013207077,9.053908131904643,2.74109145277847,0.0
3005,2.6580280754215466,7.392640584766177,0.0,0.24919013207077,9.053908131904643,2.74109145277847,0.0
3007,2.6580280754215466,7.392640584766177,0.0,0.24919013207077,9.053908131904643,2.74109145277847,0.0
3009,2.571760411481666,7.383441181350589,0.0,0.24888003982080636,9.125601460096233,2.73768043802887,0.0
3011,2.6580280754215466,7.392640584766177,0.0,0.24919013207077,9.053908131904643,2.74109145277847,0.0
3013,2.6580280754215466,7.392640584766177,0.0,0.24919013207077,9.053908131904643,2.74109145277847,0.0
3015,2.6580280754215466,7.392640584766177,0.0,0.24919013207077,9.053908131904643,2.74109145277847,0.0
3017,2.6580280754215466,7.392640584766177,0.0,0.24919013207077,9.053908131904643,2.74109145277847,0.0
3019,2.6580280754215466,7.392640584766177,0.0,0.24919013207077,9.053908131904643,2.74109145277847,0.0
3021,2.6580280754215466,7.392640584766177,0.0,0.24919013207077,9.053908131904643,2.74109145277847,0.0
3023,2.6580280754215466,7.392640584766177,0.0,0.24919013207077,9.053908131904643,2.74109145277847,0.0
3025,2.6580280754215466,7.392640584766177,0.0,0.24919013207077,9.053908131904643,2.74109145277847,0.0
3027,2.6580280754215466,7.392640584766177,0.0,0.24919013207077,9.053908131904643,2.74109145277847,0.0
3029,2.6580280754215466,7.392640584766177,0.0,0.24919013207077,9.053908131904643,2.74109145277847,0.0
3031,2.6580280754215466,7.392640584766177,0.0,0.24919013207077,9.053908131904643,2.74109145277847,0.0
3033,2.6580280754215466,7.392640584766177,0.0,0.24919013207077,9.053908131904643,2.74109145277847,0.0
3035,1.2365944407966734,8.076165462902168,0.03282994090610637,0.2407528999781134,124.58962573867367,97.68001750930182,3.3
3037,1.233961233961234,8.058968058968059,0.03276003276003276,0.24024024024024024,124.75020475020474,98.12721812721813,3.3
3039,1.111643925192903,7.966781463882471,0.032695409564497145,0.2397663368063124,125.45228649897554,99.219669558394,3.5
3041,1.111643925192903,7.966781463882471,0.032695409564497145,0.2397663368063124,125.45228649897554,99.219669558394,3.5
3043,1.111607580727776,7.9665209952157285,0.03269434060964047,0.23975849780403014,125.46998114626358,99.23822186379537,3.5
3045,1.1059428162508538,7.936766093094363,0.032527729889730995,0.23853668585802731,125.28597295861388,98.90598401804205,3.5
3047,1.1057989397339578,7.9357335675025205,0.03252349822746935,0.23850565366810855,125.28051517221192,98.89311694365846,3.5
3049,1.105235783633842,7.931692094313454,0.032506934812760055,0.23838418862690708,125.28172676837725,98.8752600554785,3.5
3051,1.1057150290521203,7.9351313849622755,0.032521030266238836,0.23848755528575144,125.28184892897406,98.91813372647646,3.5
3053,1.1055712117927596,7.934099284630392,0.03251680034684587,0.2384565358768697,125.29807066984608,98.95946238890093,3.5
3055,1.1021188775675588,7.941738970707409,0.0324152611049282,0.23771191476947345,125.47947573717705,99.24472441625517,3.7
3057,1.094420600858369,7.907725321888412,0.032188841201716736,0.23605150214592274,125.55793991416309,99.37768240343347,3.8
3059,1.094420600858369,7.907725321888412,0.032188841201716736,0.23605150214592274,125.55793991416309,99.37768240343347,3.8
3061,1.093751675477444,7.924338119390501,0.03216916692580717,0.23590722412258597,125.55625851142541,99.42417191202804,3.8
3063,1.093822050165682,7.9248479909062635,0.03217123676957888,0.23592240297691178,125.56433711166636,99.43056910917845,3.8
3065,1.0936109532642142,7.923318573159356,0.03216502803718277,0.23587687227267365,125.57226945716154,99.43282333894433,3.7
3067,1.093271024030526,7.931574095907736,0.032155030118544876,0.23580355420266244,125.56539261291775,99.42335312654076,3.7
3069,1.0931304254635088,7.930554067088201,0.032150894866573784,0.2357732290215411,125.54924445397063,99.41056692744614,3.7
3071,1.092615206632817,7.937528118773701,0.03213574137155344,0.2356621033913919,125.29725560768686,98.82811663131736,3.7
3073,1.092673729766789,7.937953272129321,0.03213746264019968,0.23567472602813097,125.29325434659182,98.84412259370748,3.7
3075,1.0927439658035418,7.938463516278671,0.03213952840598652,0.23568987497723448,125.29059490267079,98.82904984840856,3.7
3077,1.1011920671406425,7.954241727695515,0.03207355535361095,0.23520607259314696,125.62142513497622,99.55631581760838,3.7
3079,1.1011332050459695,7.953816549069916,0.032071840923669014,0.23519350010690612,125.59332905708787,99.50823177250373,3.7
3081,1.1007213465134917,7.961528185947101,0.03205984504408228,0.23510553032327008,125.63184611274379,99.60993855196367,3.7
3083,1.1009095864641563,7.96288972733783,0.03206532776109193,0.23514573691467416,125.63195416795818,99.6162849111256,3.7
3085,1.101097890809574,7.964251734496434,0.03207081235367692,0.2351859572602974,125.59999144778337,99.52642100424403,3.7
3087,1.068689493315452,7.931352416076442,0.03143204392104271,0.23050165542097983,126.15774695109174,99.43003227023176,3.7
3089,1.169165471301409,7.850111021595175,0.02947475978070779,0.22597315831875972,126.21092138099075,99.5657385392309,3.6
3091,1.169165471301409,7.850111021595175,0.02947475978070779,0.22597315831875972,126.21092138099075,99.5657385392309,3.6
3093,1.1679376576470473,7.841867129915889,0.029443806495303714,0.22573584979732847,126.19615463887172,99.55932436278695,3.6
3095,1.166460820639495,7.841753416063832,0.02940657531023937,0.22545041071183516,126.30124095747809,99.7176968770217,3.6
3097,1.1666209168267911,7.8428296929532175,0.029410611348574565,0.225481353672405,126.29896866789537,99.72157954590016,3.6
3099,0.6441638752898737,10.177789229580005,0.0,0.0,119.42798247874259,83.09713991239371,16.3
3101,0.6441638752898737,10.177789229580005,0.0,0.0,119.42798247874259,83.09713991239371,16.2
3103,0.6441638752898737,10.177789229580005,0.0,0.0,119.42798247874259,83.09713991239371,16.2
3105,0.6441638752898737,10.177789229580005,0.0,0.0,119.42798247874259,83.09713991239371,16.2
3107,0.6441638752898737,10.177789229580005,0.0,0.0,119.42798247874259,83.09713991239371,16.2
3109,0.6441638752898737,10.177789229580005,0.0,0.0,119.42798247874259,83.09713991239371,16.2
3111,0.6352432981832041,10.036844111294625,0.0,0.0,121.20442129335535,91.09388895947147,16.7
3113,0.6352432981832041,10.036844111294625,0.0,0.0,121.20442129335535,91.09388895947147,16.7
3115,0.6350819255683983,10.034294423980693,0.0,0.0,121.1736313984504,91.07074812650832,16.7
3117,0.6350819255683983,10.034294423980693,0.0,0.0,121.1736313984504,91.07074812650832,16.7
3119,0.6319514661274014,9.984833164812942,0.0,0.0,121.58746208291204,91.38018200202225,17.2
3121,0.6314725940894165,10.103561505430664,0.0,0.0,121.7479161404395,92.44758777469058,17.1
3123,0.6300403225806451,10.080645161290322,0.0,0.0,121.59778225806451,92.36391129032258,17.1
3125,0.6300403225806451,10.080645161290322,0.0,0.0,121.59778225806451,92.36391129032258,17.1
3127,0.5626828719333784,9.227999099707406,0.0,0.0,118.83862255232951,87.77852802160703,16.5
3129,0.5580357142857142,9.151785714285714,0.0,0.0,119.41964285714285,90.17857142857142,17.0
3131,0.7525263384218448,10.320361212642442,0.0,0.10750376263169212,123.52182326381424,94.28079982799399,16.2
3133,0.7525263384218448,10.320361212642442,0.0,0.10750376263169212,123.52182326381424,94.28079982799399,16.2
3135,0.746985380428983,10.244370931597482,0.0,0.10671219720414042,122.82573898196563,93.90673353964358,16.1
3137,0.746985380428983,10.244370931597482,0.0,0.10671219720414042,122.82573898196563,93.90673353964358,16.1
3139,0.621062904799929,9.138497027770384,0.0,0.08872327211427557,122.26066897347174,90.4090142844468,22.4
3141,0.6215040397762586,9.14498801385066,0.0,0.08878629139660836,122.16993696173311,90.2956583503507,22.4
3143,0.6215040397762586,9.14498801385066,0.0,0.08878629139660836,122.16993696173311,90.2956583503507,22.4
3145,0.7798960138648181,9.098786828422877,0.0,0.08665511265164645,122.96360485268632,89.60138648180244,22.2
3147,0.9517217511680222,9.257657034088943,0.0,0.08652015919709292,122.77210590067486,89.46184460979408,22.1
3149,0.9517217511680222,9.257657034088943,0.0,0.08652015919709292,122.77210590067486,89.46184460979408,22.1
3151,0.9517217511680222,9.257657034088943,0.0,0.08652015919709292,122.77210590067486,89.46184460979408,22.1
3153,0.9503239740820735,9.244060475161987,0.0,0.08639308855291578,122.6781857451404,89.50323974082075,22.1
3155,0.9503239740820735,9.244060475161987,0.0,0.08639308855291578,122.6781857451404,89.50323974082075,22.1
3157,0.9504882053054523,9.245657997062127,0.0,0.08640801866413203,122.69938650306749,89.51870733604078,22.1
3159,0.9505703422053232,9.246456965088145,0.0,0.08641548565502939,122.70998963014173,89.52644313861045,22.1
3161,0.9263938015832912,9.011285160855651,0.0,0.08421761832575374,123.04194037392622,89.10224018864746,23.3
3163,0.9263938015832912,9.011285160855651,0.0,0.08421761832575374,123.04194037392622,89.10224018864746,23.3
3165,0.927487352445194,9.021922428330523,0.0,0.08431703204047218,123.86172006745363,89.79763912310287,22.3
3167,0.9283483838298591,9.030297915435902,0.0,0.08439530762089628,124.39868343320111,90.21858384673811,23.2
3169,0.9278785322648672,9.025727541121888,0.0,0.08435259384226064,123.91396035428089,89.83551244200758,22.3
3171,0.921504565636257,9.047499371701432,0.0,0.08377314233056882,124.48688950322527,90.72631314400604,23.1
3173,0.9208103130755064,9.040683073832245,0.0,0.08371002846140968,124.5605223505776,90.7416708521681,23.1
3175,0.9000163639338897,9.16380297823597,0.0,0.08181966944853543,124.61135657011945,90.90165275732286,22.7
3177,1.1860637509266123,16.7531504818384,0.0,0.4447739065974796,89.69607116382505,30.985915492957744,0.9
3179,1.1860637509266123,16.7531504818384,0.0,0.4447739065974796,89.69607116382505,30.985915492957744,0.9
3181,1.1860637509266123,16.7531504818384,0.0,0.4447739065974796,89.69607116382505,30.985915492957744,0.9
3183,2.167316861725184,17.48302268458315,0.0,0.43346337234503685,87.55960121369743,30.197948273370898,0.9
3185,2.170767004341534,17.945007235890014,0.0,0.4341534008683068,87.69898697539797,30.24602026049204,0.9
3187,2.170767004341534,17.945007235890014,0.0,0.4341534008683068,87.69898697539797,30.24602026049204,0.9
3189,2.170767004341534,17.945007235890014,0.0,0.4341534008683068,87.69898697539797,30.24602026049204,0.9
3191,2.170767004341534,17.945007235890014,0.0,0.4341534008683068,87.69898697539797,30.24602026049204,0.9
3193,2.170767004341534,17.945007235890014,0.0,0.4341534008683068,87.69898697539797,30.24602026049204,0.9
3195,2.170767004341534,17.945007235890014,0.0,0.4341534008683068,87.69898697539797,30.24602026049204,0.9
3197,2.170767004341534,17.945007235890014,0.0,0.4341534008683068,87.69898697539797,30.24602026049204,0.9
3199,2.109111361079865,17.435320584926885,0.0,0.421822272215973,85.20809898762654,29.38695163104612,3.1
3201,2.0938023450586267,17.448352875488556,0.0,0.4187604690117253,86.82300390843105,31.407035175879397,3.0
3203,2.0981955518254303,17.0653238215135,0.0,0.419639110365086,86.8652958455728,30.493775353196252,3.0
3205,2.096143096702068,18.16657350475126,0.0,0.41922861934041367,87.05980994969256,30.044717719396314,3.0
3207,2.096143096702068,18.16657350475126,0.0,0.41922861934041367,87.05980994969256,30.044717719396314,3.0
3209,2.05987366108212,18.813512771216697,0.0,0.274649821477616,86.37736885471024,29.662180719582533,3.0
3211,2.05987366108212,18.813512771216697,0.0,0.274649821477616,86.37736885471024,29.662180719582533,3.0
3213,2.0463847203274215,19.645293315143245,0.0,0.2728512960436562,86.9031377899045,30.42291950886767,3.0
3215,2.0463847203274215,19.645293315143245,0.0,0.2728512960436562,86.9031377899045,30.42291950886767,3.0
3217,2.0463847203274215,19.645293315143245,0.0,0.2728512960436562,86.9031377899045,30.42291950886767,3.0
3219,2.052264331645916,19.701737583800792,0.0,0.27363524421945545,87.01600766178683,30.510329730469284,3.0
3221,2.0463847203274215,19.645293315143245,0.0,0.2728512960436562,86.9031377899045,30.42291950886767,3.0
3223,2.052545155993432,19.704433497536947,0.0,0.27367268746579093,87.02791461412151,30.514504652435686,3.0
3225,2.0508613617719442,19.688269073010666,0.0,0.27344818156959255,86.95652173913044,30.48947224500957,3.0
3227,2.0508613617719442,19.688269073010666,0.0,0.27344818156959255,86.95652173913044,30.48947224500957,3.0
3229,17.041529960283196,137.15247798307718,0.0,0.09713348299084786,2.860041443619409,0.4209117596270074,3.3
3231,22.382219439661917,27.39082798560025,0.0,0.6260760682422915,27.860385036781967,22.382219439661917,0.5
3233,52.801519468186136,20.32288698955366,0.0,0.0,10.256410256410257,4.178537511870846,0.2
3235,52.801519468186136,20.32288698955366,0.0,0.0,10.256410256410257,4.178537511870846,0.2
3237,1.0854816824966078,5.156037991858887,0.0,0.0,14.382632293080054,14.925373134328359,0.0
3239,22.21117188794961,55.44505221282944,0.0,15.359964638930327,6.906458920382342,0.0,4.1
3241,22.208104300748555,55.4373946910477,0.0,15.357843272656961,6.90550506864072,0.0,4.1
3243,22.208104300748555,55.4373946910477,0.0,15.357843272656961,6.90550506864072,0.0,4.1
3245,22.208104300748555,55.4373946910477,0.0,15.357843272656961,6.90550506864072,0.0,4.1
3247,22.208104300748555,55.4373946910477,0.0,15.357843272656961,6.90550506864072,0.0,4.1
3249,22.208104300748555,55.4373946910477,0.0,15.357843272656961,6.90550506864072,0.0,4.1
3251,22.208104300748555,55.4373946910477,0.0,15.357843272656961,6.90550506864072,0.0,4.1
3253,22.26036879118445,55.56786090038208,0.0,15.393986377983277,6.921756464920538,0.0,4.2
3255,22.26036879118445,55.56786090038208,0.0,15.393986377983277,6.921756464920538,0.0,4.2
3257,22.26036879118445,55.56786090038208,0.0,15.393986377983277,6.921756464920538,0.0,4.2
3259,22.26036879118445,55.56786090038208,0.0,15.393986377983277,6.921756464920538,0.0,4.2
3261,22.244355909694555,55.527888446215144,0.0,15.382912793271359,6.916777335104029,0.0,4.1
3263,22.26036879118445,55.56786090038208,0.0,15.393986377983277,6.921756464920538,0.0,4.2
3265,22.228980618761923,55.48950758937212,0.0,15.372280129392575,6.911996461057813,0.0,4.1
3267,22.228980618761923,55.48950758937212,0.0,15.372280129392575,6.911996461057813,0.0,4.1
3269,22.212399160128193,55.44811581390209,0.0,15.360813349541386,6.906840534865731,0.0,4.1
3271,22.212399160128193,55.44811581390209,0.0,15.360813349541386,6.906840534865731,0.0,4.1
3273,22.212399160128193,55.44811581390209,0.0,15.360813349541386,6.906840534865731,0.0,4.1
3275,22.212399160128193,55.44811581390209,0.0,15.360813349541386,6.906840534865731,0.0,4.1
3277,22.212399160128193,55.44811581390209,0.0,15.360813349541386,6.906840534865731,0.0,4.1
3279,22.212399160128193,55.44811581390209,0.0,15.360813349541386,6.906840534865731,0.0,4.1
3281,22.212399160128193,55.44811581390209,0.0,15.360813349541386,6.906840534865731,0.0,4.1
3283,22.212399160128193,55.44811581390209,0.0,15.360813349541386,6.906840534865731,0.0,4.1
3285,22.212399160128193,55.44811581390209,0.0,15.360813349541386,6.906840534865731,0.0,4.1
3287,22.207490884985084,55.43586344050381,0.0,15.357419069716054,6.905314329908298,0.0,4.1
3289,22.207490884985084,55.43586344050381,0.0,15.357419069716054,6.905314329908298,0.0,4.1
3291,22.207490884985084,55.43586344050381,0.0,15.357419069716054,6.905314329908298,0.0,4.1
3293,22.207490884985084,55.43586344050381,0.0,15.357419069716054,6.905314329908298,0.0,4.1
3295,22.209331233943814,55.44045744592691,0.0,15.358691748846717,6.905886577718848,0.0,4.1
3297,22.209331233943814,55.44045744592691,0.0,15.358691748846717,6.905886577718848,0.0,4.1
3299,22.209331233943814,55.44045744592691,0.0,15.358691748846717,6.905886577718848,0.0,4.1
3301,22.206877503107307,55.434332274547714,0.0,15.356994890208535,6.905123601712471,0.0,4.1
3303,22.167691416912515,55.33651327580027,0.0,15.32989605448179,6.892938873418071,0.0,4.1
3305,22.167691416912515,55.33651327580027,0.0,15.32989605448179,6.892938873418071,0.0,4.1
3307,22.168302635932502,55.338039042682254,0.0,15.330318738281681,6.893128929083489,0.0,4.1
3309,22.168302635932502,55.338039042682254,0.0,15.330318738281681,6.893128929083489,0.0,4.1
3311,22.168302635932502,55.338039042682254,0.0,15.330318738281681,6.893128929083489,0.0,4.1
3313,22.168302635932502,55.338039042682254,0.0,15.330318738281681,6.893128929083489,0.0,4.1
3315,22.168302635932502,55.338039042682254,0.0,15.330318738281681,6.893128929083489,0.0,4.1
3317,22.168302635932502,55.338039042682254,0.0,15.330318738281681,6.893128929083489,0.0,4.1
3319,22.168302635932502,55.338039042682254,0.0,15.330318738281681,6.893128929083489,0.0,4.1
3321,1.4170996693434106,0.944733112895607,0.0,0.4723665564478035,0.4723665564478035,0.0,0.0
3323,17.062314540059347,5.9347181008902075,0.0,1.4836795252225519,1.4836795252225519,0.0,1.1
3325,12.62214983713355,15.472312703583063,0.0,0.0,41.123778501628664,79.80456026058631,2.2
3327,12.637586628618019,15.898899306971057,0.0,0.0,41.174072564207094,79.90216061964941,2.2
3329,12.637586628618019,15.898899306971057,0.0,0.0,41.174072564207094,79.90216061964941,2.2
3331,12.57096512570965,14.193025141930251,0.0,0.0,40.957015409570154,79.4809407948094,2.2
3333,14.90984743411928,19.764216366158113,0.0,0.0,36.407766990291265,67.96116504854369,2.6
3335,14.899514899514898,19.75051975051975,0.0,0.0,36.38253638253638,67.91406791406791,2.6
3337,14.899514899514898,19.75051975051975,0.0,0.0,36.38253638253638,67.91406791406791,2.6
3339,14.894354000692761,19.743678559057845,0.0,0.0,36.36993418773814,67.8905438171112,2.6
3341,14.894354000692761,19.743678559057845,0.0,0.0,36.36993418773814,67.8905438171112,2.6
3343,14.889196675900278,19.736842105263158,0.0,0.0,36.35734072022161,67.86703601108033,2.6
3345,14.889196675900278,19.736842105263158,0.0,0.0,36.35734072022161,67.86703601108033,2.6
3347,11.99294532627866,16.225749559082892,0.0,0.0,37.03703703703704,69.1358024691358,1.9
3349,11.817865832464374,15.988877302745918,0.0,0.0,36.496350364963504,68.1265206812652,1.9
3351,11.756569847856156,15.21438450899032,0.0,0.0,36.30705394190871,67.7731673582296,1.9
3353,14.814814814814813,19.19191919191919,0.0,0.0,35.35353535353535,65.993265993266,2.5
3355,13.628104179285282,21.80496668685645,0.0,0.0,52.99818291944276,84.79709267110842,2.2
3357,13.628104179285282,21.80496668685645,0.0,0.0,52.99818291944276,84.79709267110842,2.2
3359,13.628104179285282,21.80496668685645,0.0,0.0,52.99818291944276,84.79709267110842,2.2
3361,13.628104179285282,21.80496668685645,0.0,0.0,52.99818291944276,84.79709267110842,2.2
3363,13.628104179285282,21.80496668685645,0.0,0.0,52.99818291944276,84.79709267110842,2.2
3365,13.757260776520942,19.871598899419137,0.0,0.0,50.44328951391012,81.93213084683583,2.2
3367,13.757260776520942,19.871598899419137,0.0,0.0,50.44328951391012,81.93213084683583,2.2
3369,13.757260776520942,19.871598899419137,0.0,0.0,50.44328951391012,81.93213084683583,2.2
3371,13.757260776520942,19.871598899419137,0.0,0.0,50.44328951391012,81.93213084683583,2.2
3373,13.54198013842913,19.560637977730966,0.0,0.0,49.954860066205235,80.6500150466446,2.2
3375,13.910355486862443,20.401854714064914,0.0,0.0,51.31375579598146,82.84389489953632,2.2
3377,5.671077504725898,9.45179584120983,0.0,1.3502565487442615,13.772616797191468,0.0,2.0
3379,4.139562389118865,5.17445298639858,0.0,0.0,7.392075694855115,0.0,1.0
3381,4.137115839243499,4.875886524822695,0.0,0.0,7.683215130023641,0.0,1.0
3383,4.276655360566289,4.8665388585754314,0.0,0.0,7.668485474118862,0.0,1.0
3385,4.334180242116275,4.782543715438649,0.0,0.0,7.771633537587805,0.0,1.0
3387,5.31051777548311,5.1630033928308015,0.0,0.0,7.9657766632246645,0.0,1.0
3389,1.2391573729863694,1.2391573729863694,0.0,0.0,0.4130524576621231,0.0,0.0
3391,1.2330456226880395,1.2330456226880395,0.0,0.0,0.41101520756267984,0.0,0.0
3393,1.2330456226880395,1.2330456226880395,0.0,0.0,0.41101520756267984,0.0,0.0
3395,1.2330456226880395,1.2330456226880395,0.0,0.0,0.41101520756267984,0.0,0.0
3397,1.2330456226880395,1.2330456226880395,0.0,0.0,0.41101520756267984,0.0,0.0
3399,1.2330456226880395,1.2330456226880395,0.0,0.0,0.41101520756267984,0.0,0.0
3401,1.2330456226880395,1.2330456226880395,0.0,0.0,0.41101520756267984,0.0,0.0
3403,1.2330456226880395,1.2330456226880395,0.0,0.0,0.41101520756267984,0.0,0.0
3405,1.2371134020618557,1.2371134020618557,0.0,0.0,0.4123711340206186,0.0,0.0
3407,1.2371134020618557,1.2371134020618557,0.0,0.0,0.4123711340206186,0.0,0.0
3409,1.2371134020618557,1.2371134020618557,0.0,0.0,0.4123711340206186,0.0,0.0
3411,1.2371134020618557,1.2371134020618557,0.0,0.0,0.4123711340206186,0.0,0.0
3413,1.2371134020618557,1.2371134020618557,0.0,0.0,0.4123711340206186,0.0,0.0
3415,1.2371134020618557,1.2371134020618557,0.0,0.0,0.4123711340206186,0.0,0.0
3417,1.2371134020618557,1.2371134020618557,0.0,0.0,0.4123711340206186,0.0,0.0
3419,1.2371134020618557,1.2371134020618557,0.0,0.0,0.4123711340206186,0.0,0.0
3421,1.2160518848804216,1.2160518848804216,0.0,0.0,0.40535062829347385,0.0,0.0
3423,1.2391573729863694,1.2391573729863694,0.0,0.0,0.4130524576621231,0.0,0.0
3425,1.2160518848804216,1.2160518848804216,0.0,0.0,0.40535062829347385,0.0,0.0
3427,1.2391573729863694,1.2391573729863694,0.0,0.0,0.4130524576621231,0.0,0.0
3429,1.2371134020618557,1.2371134020618557,0.0,0.0,0.4123711340206186,0.0,0.0
3431,1.2371134020618557,1.2371134020618557,0.0,0.0,0.4123711340206186,0.0,0.0
3433,1.2391573729863694,1.2391573729863694,0.0,0.0,0.4130524576621231,0.0,0.0
3435,1.2140833670578712,1.6187778227438283,0.0,0.0,0.4046944556859571,0.0,0.0
3437,1.2391573729863694,1.2391573729863694,0.0,0.0,0.4130524576621231,0.0,0.0
3439,1.2160518848804216,1.2160518848804216,0.0,0.0,0.40535062829347385,0.0,0.0
3441,1.2391573729863694,1.2391573729863694,0.0,0.0,0.4130524576621231,0.0,0.0
3443,1.2391573729863694,1.2391573729863694,0.0,0.0,0.4130524576621231,0.0,0.0
3445,1.2391573729863694,1.2391573729863694,0.0,0.0,0.4130524576621231,0.0,0.0
3447,1.2160518848804216,1.2160518848804216,0.0,0.0,0.40535062829347385,0.0,0.0
3449,1.2160518848804216,1.2160518848804216,0.0,0.0,0.40535062829347385,0.0,0.0
3451,1.2160518848804216,1.2160518848804216,0.0,0.0,0.40535062829347385,0.0,0.0
3453,1.2160518848804216,1.2160518848804216,0.0,0.0,0.40535062829347385,0.0,0.0
3455,1.2160518848804216,1.2160518848804216,0.0,0.0,0.40535062829347385,0.0,0.0
3457,1.2160518848804216,1.2160518848804216,0.0,0.0,0.40535062829347385,0.0,0.0
3459,1.2160518848804216,1.2160518848804216,0.0,0.0,0.40535062829347385,0.0,0.0
3461,1.2140833670578712,1.6187778227438283,0.0,0.0,0.4046944556859571,0.0,0.0
3463,1.2140833670578712,1.6187778227438283,0.0,0.0,0.4046944556859571,0.0,0.0
3465,1.2160518848804216,1.2160518848804216,0.0,0.0,0.40535062829347385,0.0,0.0
3467,1.2160518848804216,1.2160518848804216,0.0,0.0,0.40535062829347385,0.0,0.0
3469,1.2150668286755772,1.2150668286755772,0.0,0.0,0.40502227622519243,0.0,0.0
3471,1.2140833670578712,1.6187778227438283,0.0,0.0,0.4046944556859571,0.0,0.0
3473,1.1976047904191618,1.596806387225549,0.0,0.0,0.3992015968063872,0.0,0.0
3475,1.1976047904191618,1.596806387225549,0.0,0.0,0.3992015968063872,0.0,0.0
3477,1.2140833670578712,1.6187778227438283,0.0,0.0,0.4046944556859571,0.0,0.0
3479,1.1976047904191618,1.596806387225549,0.0,0.0,0.3992015968063872,0.0,0.0
3481,1.1976047904191618,1.596806387225549,0.0,0.0,0.3992015968063872,0.0,0.0
3483,1.1976047904191618,1.596806387225549,0.0,0.0,0.3992015968063872,0.0,0.0
3485,1.088929219600726,2.177858439201452,0.0,0.0,0.3629764065335753,0.0,0.0
3487,1.1976047904191618,1.596806387225549,0.0,0.0,0.3992015968063872,0.0,0.0
3489,1.0913059294288832,2.1826118588577663,0.0,0.0,0.36376864314296103,0.0,0.0
3491,1.0901162790697676,2.180232558139535,0.0,0.0,0.36337209302325585,0.0,0.0
3493,1.088929219600726,2.177858439201452,0.0,0.0,0.3629764065335753,0.0,0.0
3495,5.033651942763418,25.16825971381709,0.0,0.2262315479893671,11.028787964481646,13.00831400938861,0.9
3497,5.033651942763418,25.16825971381709,0.0,0.2262315479893671,11.028787964481646,13.00831400938861,0.9
3499,5.033651942763418,25.16825971381709,0.0,0.2262315479893671,11.028787964481646,13.00831400938861,0.9
3501,4.975124378109453,24.875621890547265,0.0,0.22360109564536867,10.900553412711723,12.857062999608699,0.8
3503,4.951321279554937,24.756606397774686,0.0,0.22253129346314324,10.848400556328233,12.795549374130736,0.8
3505,4.808471554378951,24.042357771894753,0.0,0.21611108109568317,10.535415203414555,12.426387163001783,0.8
3507,4.951321279554937,24.756606397774686,0.0,0.22253129346314324,10.848400556328233,12.795549374130736,0.8
3509,4.816538586427102,24.08269293213551,0.0,0.21647364433380234,10.553090161272864,12.447234549193634,0.8
3511,4.816538586427102,24.08269293213551,0.0,0.21647364433380234,10.553090161272864,12.447234549193634,0.8
3513,4.951321279554937,24.756606397774686,0.0,0.22253129346314324,10.848400556328233,12.795549374130736,0.8
3515,4.801726463447531,24.00863231723766,0.0,0.21580793094146208,10.520636633396277,12.408956029134071,0.8
3517,4.7192321968291,23.5961609841455,0.0,0.21210032345299323,10.33989076833342,12.195768598547112,0.8
3519,4.806394124318194,24.031970621590972,0.0,0.21601771345250312,10.530863530809526,12.42101852351893,0.8
3521,4.801726463447531,24.00863231723766,0.0,0.21580793094146208,10.520636633396277,12.408956029134071,0.8
3523,4.806394124318194,24.031970621590972,0.0,0.21601771345250312,10.530863530809526,12.42101852351893,0.8
3525,4.6760888982293904,23.380444491146953,0.0,0.21016129879682655,10.245363316345294,12.084274680817527,0.8
3527,4.64873335074432,23.243666753721598,0.0,0.20893183598850876,10.185427004439802,12.013580569339254,0.8
3529,4.7192321968291,23.5961609841455,0.0,0.21210032345299323,10.33989076833342,12.195768598547112,0.8
3531,4.640250260688217,23.201251303441087,0.0,0.20855057351407716,10.166840458811262,11.991657977059438,0.8
3533,4.641460234680573,23.20730117340287,0.0,0.2086049543676662,10.169491525423728,11.994784876140807,0.8
3535,4.67510637180228,23.3755318590114,0.0,0.21011714030572046,10.243210589903873,12.081735567578926,0.8
3537,4.6760888982293904,23.380444491146953,0.0,0.21016129879682655,10.245363316345294,12.084274680817527,0.8
3539,4.64703425229741,23.23517126148705,0.0,0.20885547201336674,10.181704260651628,12.009189640768588,0.8
3541,4.67510637180228,23.3755318590114,0.0,0.21011714030572046,10.243210589903873,12.081735567578926,0.8
3543,4.67510637180228,23.3755318590114,0.0,0.21011714030572046,10.243210589903873,12.081735567578926,0.8
3545,4.649219035678838,23.24609517839419,0.0,0.20895366452489159,10.186491145588466,12.014835710181266,0.8
3547,4.67510637180228,23.3755318590114,0.0,0.21011714030572046,10.243210589903873,12.081735567578926,0.8
3549,4.67510637180228,23.3755318590114,0.0,0.21011714030572046,10.243210589903873,12.081735567578926,0.8
3551,4.67510637180228,23.3755318590114,0.0,0.21011714030572046,10.243210589903873,12.081735567578926,0.8
3553,4.649219035678838,23.24609517839419,0.0,0.20895366452489159,10.186491145588466,12.014835710181266,0.8
3555,4.64873335074432,23.243666753721598,0.0,0.20893183598850876,10.185427004439802,12.013580569339254,0.8
3557,4.64873335074432,23.243666753721598,0.0,0.20893183598850876,10.185427004439802,12.013580569339254,0.8
3559,4.64873335074432,23.243666753721598,0.0,0.20893183598850876,10.185427004439802,12.013580569339254,0.8
3561,4.599720915809603,22.998604579048013,0.0,0.20672902992402709,10.07804020879632,11.886919220631556,0.8
3563,4.616661479406578,23.08330739703289,0.0,0.20749040356883497,10.115157173980704,11.93069820520801,0.8
3565,4.6149857402126,23.074928701063,0.0,0.20741508944775733,10.11148561057817,11.926367643246046,0.8
3567,4.599720915809603,22.998604579048013,0.0,0.20672902992402709,10.07804020879632,11.886919220631556,0.8
3569,4.599720915809603,22.998604579048013,0.0,0.20672902992402709,10.07804020879632,11.886919220631556,0.8
3571,4.599720915809603,22.998604579048013,0.0,0.20672902992402709,10.07804020879632,11.886919220631556,0.8
3573,4.599720915809603,22.998604579048013,0.0,0.20672902992402709,10.07804020879632,11.886919220631556,0.8
3575,4.594971345965202,23.07811451288141,0.0,0.2065155661107956,10.32577830553978,12.132789509009243,0.8
3577,4.594971345965202,23.07811451288141,0.0,0.2065155661107956,10.32577830553978,12.132789509009243,0.8
3579,1.5666614444618518,16.449945166849442,4.8566504778317405,2.506658311138963,128.46623844587185,81.77972740090867,0.9
3581,1.5666614444618518,16.449945166849442,4.8566504778317405,2.506658311138963,128.46623844587185,81.77972740090867,0.9
3583,1.5666614444618518,16.449945166849442,4.8566504778317405,2.506658311138963,128.46623844587185,81.77972740090867,0.9
3585,1.5666614444618518,16.449945166849442,4.8566504778317405,2.506658311138963,128.46623844587185,81.77972740090867,0.9
3587,1.5666614444618518,16.449945166849442,4.8566504778317405,2.506658311138963,128.46623844587185,81.77972740090867,0.9
3589,1.5666614444618518,16.449945166849442,4.8566504778317405,2.506658311138963,128.46623844587185,81.77972740090867,0.9
3591,1.5666614444618518,16.449945166849442,4.8566504778317405,2.506658311138963,128.46623844587185,81.77972740090867,0.9
3593,1.5666614444618518,16.449945166849442,4.8566504778317405,2.506658311138963,128.46623844587185,81.77972740090867,0.9
3595,1.5666614444618518,16.449945166849442,4.8566504778317405,2.506658311138963,128.46623844587185,81.77972740090867,0.9
3597,1.5666614444618518,16.449945166849442,4.8566504778317405,2.506658311138963,128.46623844587185,81.77972740090867,0.9
3599,1.5666614444618518,16.449945166849442,4.8566504778317405,2.506658311138963,128.46623844587185,81.77972740090867,0.9
3601,1.5666614444618518,16.449945166849442,4.8566504778317405,2.506658311138963,128.46623844587185,81.77972740090867,0.9
3603,1.5666614444618518,16.449945166849442,4.8566504778317405,2.506658311138963,128.46623844587185,81.77972740090867,0.9
3605,1.5666614444618518,16.449945166849442,4.8566504778317405,2.506658311138963,128.46623844587185,81.77972740090867,0.9
3607,1.5666614444618518,16.449945166849442,4.8566504778317405,2.506658311138963,128.46623844587185,81.77972740090867,0.9
3613,0.0,0.0,0.0,0.0,42.789223454833596,79.23930269413628,0.0
3615,0.0,1.461988304093567,0.0,0.0,46.783625730994146,81.87134502923976,0.0
3617,0.0,1.3477088948787062,0.0,0.0,49.86522911051213,83.55795148247978,0.0
3619,0.0,0.9832841691248771,0.0,0.0,62.93018682399214,80.62930186823993,0.0
3621,0.0,2.73972602739726,0.0,0.0,75.34246575342466,126.02739726027397,1.4
3623,0.0,2.73972602739726,0.0,0.0,75.34246575342466,126.02739726027397,1.4
3625,0.0,2.73972602739726,0.0,0.0,75.34246575342466,126.02739726027397,1.4
3627,0.0,7.445589919816724,0.0,0.0,90.49255441008019,155.2119129438717,1.1
3629,0.0,7.445589919816724,0.0,0.0,90.49255441008019,155.2119129438717,1.1
3631,4.481752863342107,8.963505726684215,0.0,0.6402504090488724,92.2671978373764,19.13637333712741,6.4
3633,4.481434058898848,8.962868117797695,0.0,0.6402048655569782,92.33176838810641,19.135012092758572,6.4
3635,3.8367004376236435,7.613452430909417,0.0,0.6594328877165637,101.85240693004016,17.444997302320004,9.6
3637,3.8367004376236435,7.613452430909417,0.0,0.6594328877165637,101.85240693004016,17.444997302320004,9.6
3639,3.8367004376236435,7.613452430909417,0.0,0.6594328877165637,101.85240693004016,17.444997302320004,9.6
3641,3.8367004376236435,7.613452430909417,0.0,0.6594328877165637,101.85240693004016,17.444997302320004,9.6
3643,3.836470447188587,7.612996043639852,0.0,0.6593933581105383,101.84630140270951,17.443951564560606,9.6
3645,3.836470447188587,7.612996043639852,0.0,0.6593933581105383,101.84630140270951,17.443951564560606,9.6
3647,3.7653703594752015,7.471906807083603,0.0,0.6471730305348002,104.31252573983645,18.179678766841207,10.4
3649,3.950758660177498,7.729745204695105,0.0,0.7443458345261953,105.41082164328657,20.669911251073575,10.7
3651,3.8532417490366897,7.650639414754007,0.0,0.7259730831518401,105.26609705701681,20.215558161612776,10.6
3653,3.865979381443299,7.563872702823846,0.0,0.7283729269385926,105.05378753922008,20.22635589421784,10.8
3655,3.896248469330958,7.9038183234999435,0.0,0.723589001447178,105.699654903707,20.427474117778026,10.5
3657,3.8523812182457706,7.648930824632907,0.0,0.7258109541622466,105.35425157724303,20.322706716542903,10.6
3659,0.0,66.42066420664206,7.380073800738007,25.830258302583022,0.0,0.0,0.0
3661,0.0,66.42066420664206,7.380073800738007,25.830258302583022,0.0,0.0,0.0
3663,0.0,59.375,6.25,25.0,0.0,0.0,0.0
3665,0.0,65.93406593406593,7.326007326007326,25.64102564102564,0.0,0.0,0.0
3667,0.0,60.509554140127385,6.369426751592357,25.477707006369428,0.0,0.0,0.0
3669,0.0,60.509554140127385,6.369426751592357,25.477707006369428,0.0,0.0,0.0
3671,0.0,60.509554140127385,6.369426751592357,25.477707006369428,0.0,0.0,0.0
3673,0.0,60.509554140127385,6.369426751592357,25.477707006369428,0.0,0.0,0.0
3675,0.0,60.509554140127385,6.369426751592357,25.477707006369428,0.0,0.0,0.0
3677,0.0,60.509554140127385,6.369426751592357,25.477707006369428,0.0,0.0,0.0
3679,0.0,60.509554140127385,6.369426751592357,25.477707006369428,0.0,0.0,0.0
3681,0.0,59.375,6.25,25.0,0.0,0.0,0.0
3683,0.0,60.509554140127385,6.369426751592357,25.477707006369428,0.0,0.0,0.0
3685,0.0,59.375,6.25,25.0,0.0,0.0,0.0
3687,0.0,60.509554140127385,6.369426751592357,25.477707006369428,0.0,0.0,0.0
3689,0.0,59.375,6.25,25.0,0.0,0.0,0.0
3691,0.0,60.509554140127385,6.369426751592357,25.477707006369428,0.0,0.0,0.0
3693,0.0,59.375,6.25,25.0,0.0,0.0,0.0
3695,0.0,62.30529595015576,6.230529595015576,24.922118380062305,0.0,0.0,0.0
3697,0.0,55.35055350553505,7.380073800738007,22.14022140221402,0.0,0.0,0.0
3699,0.0,19.35483870967742,12.903225806451614,25.806451612903228,0.0,0.0,0.0
3701,0.0,56.73758865248227,7.092198581560284,21.276595744680854,0.0,0.0,0.0
3703,0.0,19.35483870967742,12.903225806451614,25.806451612903228,0.0,0.0,0.0
3705,0.0,56.73758865248227,7.092198581560284,21.276595744680854,0.0,0.0,0.0
3707,0.0,56.73758865248227,7.092198581560284,21.276595744680854,0.0,0.0,0.0
3709,0.0,53.43511450381679,7.633587786259541,22.900763358778626,0.0,0.0,0.0
3711,0.0,54.263565891472865,7.751937984496124,23.25581395348837,0.0,0.0,0.0
3713,0.0,51.660516605166045,7.380073800738007,22.14022140221402,0.0,0.0,0.0
3715,0.0,51.660516605166045,7.380073800738007,22.14022140221402,0.0,0.0,0.0
3717,0.0,51.28205128205128,7.326007326007326,21.978021978021978,0.0,0.0,0.0
3719,0.0,52.23880597014925,7.462686567164178,22.388059701492537,0.0,0.0,0.0
3721,0.0,51.28205128205128,7.326007326007326,21.978021978021978,0.0,0.0,0.0
3723,0.0,49.99999999999999,7.142857142857142,21.428571428571427,0.0,0.0,0.0
3725,0.0,49.822064056939496,7.117437722419928,21.352313167259783,0.0,0.0,0.0
3727,0.0,49.822064056939496,7.117437722419928,21.352313167259783,0.0,0.0,0.0
3729,0.0,49.822064056939496,7.117437722419928,21.352313167259783,0.0,0.0,0.0
3731,0.0,49.822064056939496,7.117437722419928,21.352313167259783,0.0,0.0,0.0
3733,0.0,49.12280701754386,7.017543859649123,21.05263157894737,0.0,0.0,0.0
3735,0.0,48.611111111111114,6.944444444444445,20.833333333333336,0.0,0.0,0.0
3737,0.0,48.611111111111114,6.944444444444445,20.833333333333336,0.0,0.0,0.0
3739,0.0,45.731707317073166,6.097560975609756,18.29268292682927,0.0,0.0,0.0
3741,0.0,45.731707317073166,6.097560975609756,18.29268292682927,0.0,0.0,0.0
3743,0.0,45.731707317073166,6.097560975609756,18.29268292682927,0.0,0.0,0.0
3745,0.0,45.731707317073166,6.097560975609756,18.29268292682927,0.0,0.0,0.0
3747,0.0,45.59270516717325,6.0790273556231,18.2370820668693,0.0,0.0,0.0
3749,0.0,6.264682850430697,0.0,0.0,144.08770555990603,122.94440093970243,0.0
3751,0.0,6.264682850430697,0.0,0.0,144.08770555990603,122.94440093970243,0.0
3753,0.0,6.264682850430697,0.0,0.0,144.08770555990603,122.94440093970243,0.0
3755,0.0,5.732484076433121,0.0,0.0,138.85350318471336,120.38216560509554,1.3
3757,0.0,6.703229737964656,0.0,0.0,138.93967093235833,123.70505789152955,1.3
3759,0.0,6.203473945409429,0.0,0.0,138.33746898263027,116.62531017369726,1.3
3761,0.0,7.675438596491228,0.0,0.0,128.28947368421052,118.42105263157895,1.2
3763,0.0,7.675438596491228,0.0,0.0,128.28947368421052,118.42105263157895,1.2
3765,0.0,8.421052631578947,0.0,0.0,128.42105263157896,115.26315789473685,1.1
3767,0.0,8.421052631578947,0.0,0.0,128.42105263157896,115.26315789473685,1.1
3769,0.0,8.900523560209425,0.0,0.0,128.27225130890054,116.2303664921466,1.1
3771,0.0,8.900523560209425,0.0,0.0,128.27225130890054,116.2303664921466,1.1
3773,0.0,8.872651356993737,0.0,0.0,128.39248434237996,116.38830897703549,1.1
3775,0.0,8.872651356993737,0.0,0.0,128.39248434237996,116.38830897703549,1.1
3777,0.0,8.407517309594462,0.0,0.0,129.57467853610288,117.21068249258161,3.6
3779,0.0,8.502598016060462,0.0,0.0,129.42843646669814,115.25743977326405,3.5
3781,0.0,8.458646616541353,0.0,0.0,129.69924812030075,115.13157894736841,3.5
3783,0.0,8.587376556462,0.0,0.0,129.6693860025762,115.5002146844139,4.5
3785,0.0,8.587376556462,0.0,0.0,129.6693860025762,115.5002146844139,4.5
3787,0.0,8.59106529209622,0.0,0.0,128.8659793814433,115.54982817869417,4.5
3789,0.0,8.59106529209622,0.0,0.0,128.8659793814433,115.54982817869417,4.5
3791,0.0,8.59106529209622,0.0,0.0,128.8659793814433,115.54982817869417,4.5
3793,0.0,8.572653236176595,0.0,0.0,128.58979854264894,115.30218602657521,4.5
3795,0.0,8.56898029134533,0.0,0.0,128.53470437017995,115.25278491859468,4.5
3797,0.0,8.656224237427864,0.0,0.0,130.2555647155812,114.5919208573784,4.3
3799,0.0,8.656224237427864,0.0,0.0,130.2555647155812,114.5919208573784,4.3
3801,0.0,8.656224237427864,0.0,0.0,130.2555647155812,114.5919208573784,4.3
3803,0.0,8.93582453290008,0.0,0.0,128.35093419983752,112.91632818846466,4.3
3805,0.0,8.209538702111026,0.0,0.0,127.83424550430024,112.97888975762315,6.1
3807,0.0,7.89564023343632,0.0,0.0,126.33024373498112,114.65842773772744,5.4
3837,0.0,11.788312014045648,0.0,0.0,126.91246551291698,112.61600200652119,13.2
3839,0.0,11.761761761761761,0.0,0.0,127.12712712712712,112.86286286286287,13.2
3841,0.0,11.761761761761761,0.0,0.0,127.12712712712712,112.86286286286287,13.2
3843,0.0,11.604938271604938,0.0,0.0,127.40740740740742,113.08641975308643,13.0
3845,0.0,11.604938271604938,0.0,0.0,127.40740740740742,113.08641975308643,13.0
3847,0.0,11.31808535722707,0.0,0.0,127.56425371374677,104.45649610940816,11.0
3849,0.0,11.299435028248586,0.0,0.0,127.58945386064029,104.99058380414311,11.0
3851,2.2288261515601784,13.744427934621099,1.8573551263001484,0.18573551263001484,0.0,0.0,0.0
3853,2.213613724405091,13.65061796716473,1.8446781036709092,0.18446781036709092,0.0,0.0,0.0
3855,2.2267582111709037,13.731675635553906,1.8556318426424196,0.18556318426424195,0.0,0.0,0.0
3857,2.2164758034724787,13.668267454746953,1.8470631695603992,0.1847063169560399,0.0,0.0,0.0
3859,2.2140221402214024,13.653136531365314,1.845018450184502,0.18450184501845018,0.0,0.0,0.0
3861,0.6649378283130527,3.923133187047011,0.39896269698783166,0.06649378283130528,0.0,0.0,0.0
3863,0.6639224538573895,4.116319213915815,0.3983534723144337,0.06639224538573894,0.0,0.0,0.0
3865,0.6648936170212766,3.922872340425532,0.398936170212766,0.06648936170212766,0.0,0.0,0.0
3867,0.6640106241699867,4.116865869853918,0.398406374501992,0.06640106241699867,0.0,0.0,0.0
3869,0.796918581484925,4.316642316376677,0.4648691725328729,0.06640988179041041,0.0,0.0,0.0
3871,0.9903604912188035,4.5556582596064965,0.5281922619833619,0.06602403274792024,0.0,0.0,0.0
3873,0.7948072592396344,4.305205987548019,0.4636375678897867,0.06623393826996953,0.0,0.0,0.0
3875,0.9906221106855105,4.556861709153348,0.5283317923656056,0.0660414740457007,0.0,0.0,0.0
3877,0.9903604912188035,4.5556582596064965,0.5281922619833619,0.06602403274792024,0.0,0.0,0.0
3879,0.6935774726036898,3.1904563739769736,0.3699079853886346,0.04623849817357933,0.0,0.0,0.0
3881,0.9903604912188035,4.5556582596064965,0.5281922619833619,0.06602403274792024,0.0,0.0,0.0
3883,0.6949270326615705,3.1966643502432244,0.3706277507528376,0.0463284688441047,0.0,0.0,0.0
3885,0.6815703380588877,3.226099600145402,0.4543802253725918,0.04543802253725918,0.0,0.0,0.0
3887,0.6815703380588877,3.226099600145402,0.4543802253725918,0.04543802253725918,0.0,0.0,0.0
3889,0.6815703380588877,3.226099600145402,0.4543802253725918,0.04543802253725918,0.0,0.0,0.0
3891,0.6815703380588877,3.226099600145402,0.4543802253725918,0.04543802253725918,0.0,0.0,0.0
3893,0.6813845734532571,3.2252203143454166,0.45425638230217136,0.045425638230217134,0.0,0.0,0.0
3895,0.6813845734532571,3.2252203143454166,0.45425638230217136,0.045425638230217134,0.0,0.0,0.0
3897,0.6810751907010534,3.2237559026516527,0.4540501271340356,0.04540501271340356,0.0,0.0,0.0
3899,0.6808278867102396,3.2225853304284677,0.4538852578068264,0.04538852578068264,0.0,0.0,0.0
3901,0.6810751907010534,3.2237559026516527,0.4540501271340356,0.04540501271340356,0.0,0.0,0.0
3903,0.6810751907010534,3.2237559026516527,0.4540501271340356,0.04540501271340356,0.0,0.0,0.0
3905,0.31828703703703703,6.712962962962963,0.23148148148148145,0.028935185185185182,110.18518518518518,123.2349537037037,4.0
3907,0.2722165854141404,7.721052240837437,0.19797569848301122,0.024746962310376402,109.92600658269198,124.18025687346878,6.6
3909,0.2749862506874656,7.524623768811559,0.19999000049997498,0.024998750062496872,110.11949402529874,124.7187640617969,6.4
3911,0.27220984904726553,7.720861172976987,0.1979707993071022,0.024746349913387776,109.9480326651819,124.20193021529326,6.6
3913,0.2671783536955624,7.74817225717131,0.19431152996040904,0.02428894124505113,110.58754948871778,126.10818294430545,7.1
3915,0.2722165854141404,7.721052240837437,0.19797569848301122,0.024746962310376402,109.95075354500236,124.20500383577917,6.6
3917,0.26392187912377935,7.965642169917704,0.19194318481729408,0.02399289810216176,110.60726025096571,125.9867079344514,7.0
3919,0.26083038911151685,7.919759087567875,0.1896948284447395,0.023711853555592438,109.90444123017096,124.15526521708202,7.0
3921,0.24683601113006015,7.921191993537384,0.1795170990036801,0.022439637375460012,108.56296562247555,122.81213535589265,7.4
3923,0.24768080698910205,7.858236512654238,0.18013149599207423,0.02251643699900928,108.61929208322076,123.02981176258669,7.3
3925,0.2477142728460118,7.859298293023466,0.18015583479709948,0.022519479349637436,108.63396838265099,123.04643516641896,7.3
3927,0.24683601113006015,7.921191993537384,0.1795170990036801,0.022439637375460012,108.56296562247555,122.81213535589265,7.4
3929,0.24676402629158536,7.918881934629966,0.17946474639388027,0.022433093299235034,108.50887228839986,122.70902034681562,7.4
3931,0.24394571099086312,8.116739111150537,0.17741506253880954,0.022176882817351192,107.95706555486561,122.01720926106627,7.3
3933,0.24394571099086312,8.116739111150537,0.17741506253880954,0.022176882817351192,107.95706555486561,122.01720926106627,7.3
3935,0.24253649071746705,8.047801737443224,0.17639017506724874,0.022048771883406093,107.8184945098558,121.66512325263483,7.3
3937,0.23432174505794137,8.243865030674845,0.17041581458759372,0.021301976823449215,106.70160190865711,120.59049079754601,7.1
3939,0.24055809477988935,8.135237387101713,0.17495134165810136,0.02186891770726267,107.9668467207558,122.24724998359832,7.2
3941,0.24191774796569168,8.115240818121839,0.17594018033868486,0.021992522542335607,107.67539036727513,121.39872443369255,7.3
3943,0.24192838919679774,8.115597783056215,0.1759479194158529,0.02199348992698161,107.68012668250198,121.4040643969385,7.3
3945,0.2393385552654482,8.137510879025239,0.17406440382941687,0.02175805047867711,107.61531766753698,121.77980852915579,7.2
3947,0.2355662155216721,8.266232653760493,0.17132088401576154,0.021415110501970192,107.05413739934899,120.95254411512764,7.2
3949,0.23843069253278423,8.106643546114665,0.17340414002384308,0.021675517502980385,107.40218922726781,121.42624905169612,7.2
3951,0.2374271530325923,8.158860349665444,0.17267429311461258,0.021584286639326572,107.25232031081373,121.32527519965466,7.2
3953,0.23428680965261656,8.306532342229133,0.17039040702008476,0.021298800877510595,106.70699239632809,120.42342016144491,7.1
3955,0.23492226208781822,8.28634888091577,0.170852554245686,0.02135656928071075,106.8896292499573,120.66461643601572,7.1
3957,0.2333524258045355,8.209762616941386,0.16971085513057127,0.02121385689132141,106.49356159443347,120.388637858249,7.0
3959,0.2333524258045355,8.209762616941386,0.16971085513057127,0.02121385689132141,106.49356159443347,120.388637858249,7.0
3961,0.23022185014650481,8.14148179154458,0.16743407283382167,0.02092925910422771,107.34616994558392,121.53620761825032,7.0
3963,0.28890998390358663,8.213298113830534,0.20636427421684758,0.02063642742168476,106.48396549589336,121.11519253786784,6.8
3965,0.28936979392736817,8.205700584940368,0.20669270994812014,0.020669270994812014,106.6741076042248,121.34929001054132,6.8
3967,0.28892190853557864,8.213637114082879,0.2063727918111276,0.02063727918111276,106.46772329536073,121.05827967640745,6.8
3969,0.28892190853557864,8.213637114082879,0.2063727918111276,0.02063727918111276,106.46772329536073,121.05827967640745,6.8
3971,0.0,0.0,0.0,50.0,0.0,0.0,0.0
3973,0.0,0.0,0.0,50.0,0.0,0.0,0.0
3975,0.0,0.0,0.0,50.0,0.0,0.0,0.0
3977,0.0,0.0,0.0,45.45454545454546,0.0,0.0,0.0
3979,0.0,0.0,0.0,45.45454545454546,0.0,0.0,0.0
3981,0.0,0.0,0.0,45.45454545454546,0.0,0.0,0.0
3983,0.0,0.0,0.0,41.666666666666664,0.0,0.0,0.0
3985,0.0,0.0,0.0,0.0,0.0,0.0,0.0
3987,0.0,0.0,0.0,0.0,0.0,0.0,0.0
3989,0.0,0.0,0.0,0.0,0.0,0.0,0.0
3991,0.0,0.0,0.0,0.0,0.0,0.0,0.0
3993,0.0,0.0,0.0,0.0,0.0,0.0,0.0
3995,0.0,0.0,0.0,0.0,0.0,0.0,0.0
3997,0.0,0.0,0.0,0.0,0.0,0.0,0.0
3999,0.0,0.0,0.0,0.0,0.0,0.0,0.0
4001,0.0,0.0,0.0,0.0,0.0,0.0,0.0
4003,0.0,0.0,0.0,0.0,0.0,0.0,0.0
4005,0.0,0.0,0.0,0.0,0.0,0.0,0.0
4007,0.0,0.0,0.0,0.0,0.0,0.0,0.0
4009,0.0,0.0,0.0,0.0,0.0,0.0,0.0
4011,0.0,0.0,0.0,0.0,0.0,0.0,0.0
4013,0.0,0.0,0.0,0.0,0.0,0.0,0.0
4015,0.0,0.0,0.0,0.0,0.0,0.0,0.0
4017,0.0,0.0,0.0,0.0,0.0,0.0,0.0
4019,0.0,0.0,0.0,0.0,0.0,0.0,0.0
4021,0.0,0.0,0.0,0.0,0.0,0.0,0.0
4023,0.0,0.0,0.0,0.0,0.0,0.0,0.0
4025,0.0,0.0,0.0,0.0,0.0,0.0,0.0
4027,0.0,0.0,0.0,0.0,0.0,0.0,0.0
4029,0.0,0.0,0.0,0.0,0.0,0.0,0.0
4031,0.0,0.0,0.0,0.0,0.0,0.0,0.0
4033,0.0,0.0,0.0,0.0,0.0,0.0,0.0
4035,0.0,0.0,0.0,0.0,0.0,0.0,0.0
4037,0.0,0.0,0.0,0.0,0.0,0.0,0.0
4039,0.0,0.0,0.0,0.0,0.0,0.0,0.0
4041,0.0,1.0940919037199124,0.0,0.0,28.446389496717725,30.63457330415755,0.0
4043,0.0,1.0183299389002036,0.0,0.0,26.476578411405296,28.513238289205702,0.0
4045,0.0,1.0183299389002036,0.0,0.0,26.476578411405296,28.513238289205702,0.0
4047,0.0,1.0183299389002036,0.0,0.0,26.476578411405296,28.513238289205702,0.0
4049,0.0,0.9652509652509652,0.0,0.0,25.096525096525095,27.027027027027025,0.0
4051,0.0,0.9794319294809012,0.0,0.0,25.46523016650343,27.424094025465234,0.0
4053,0.0,0.9794319294809012,0.0,0.0,25.46523016650343,27.424094025465234,0.0
4055,0.0,0.9794319294809012,0.0,0.0,25.46523016650343,27.424094025465234,0.0
4057,0.0,0.9794319294809012,0.0,0.0,25.46523016650343,27.424094025465234,0.0
4059,0.0,0.9794319294809012,0.0,0.0,25.46523016650343,27.424094025465234,0.0
4061,0.0,0.9794319294809012,0.0,0.0,25.46523016650343,27.424094025465234,0.0
4063,0.0,0.9746588693957114,0.0,0.0,26.31578947368421,27.290448343079923,0.0
4065,0.0,0.9225092250922509,0.0,0.0,24.907749077490774,25.830258302583022,0.0
4067,0.0,0.8857395925597874,0.0,0.0,23.91496899911426,24.80070859167405,0.0
4069,0.0,0.8818342151675486,0.0,0.0,23.80952380952381,24.69135802469136,0.0
4071,0.0,0.8818342151675486,0.0,0.0,23.80952380952381,24.69135802469136,0.0
4073,0.0,0.8818342151675486,0.0,0.0,23.80952380952381,24.69135802469136,0.0
4075,0.0,0.8818342151675486,0.0,0.0,23.80952380952381,24.69135802469136,0.0
4077,0.0,0.8818342151675486,0.0,0.0,23.80952380952381,24.69135802469136,0.0
4079,0.0,0.8818342151675486,0.0,0.0,23.80952380952381,24.69135802469136,0.0
4081,0.0,0.8818342151675486,0.0,0.0,23.80952380952381,24.69135802469136,0.0
4083,0.0,0.8818342151675486,0.0,0.0,23.80952380952381,24.69135802469136,0.0
4085,0.0,156.73289183222957,0.0,2.2075055187637966,229.58057395143487,161.14790286975716,0.0
4087,1.953125,10.7421875,0.0,0.9765625,167.96875,78.125,3.4
4089,1.953125,10.7421875,0.0,0.9765625,167.96875,78.125,3.4
4091,1.7406440382941688,10.443864229765014,0.0,0.8703220191470844,170.58311575282855,77.45865970409051,2.9
4093,1.6877637130801686,10.126582278481012,0.0,0.8438818565400843,169.62025316455694,78.48101265822784,2.8
4095,1.4587892049598834,6.564551422319475,0.0,0.7293946024799417,165.57257476294674,67.83369803063458,1.0
4097,0.0,6.5359477124183005,0.0,0.7262164124909223,164.12490922294845,68.99055918663761,1.0
4099,0.0,6.5359477124183005,0.0,0.7262164124909223,164.12490922294845,68.99055918663761,1.0
4101,0.0,6.5359477124183005,0.0,0.7262164124909223,164.12490922294845,68.99055918663761,1.0
4103,0.0,6.5359477124183005,0.0,0.7262164124909223,164.12490922294845,68.99055918663761,1.0
4105,0.0,6.5359477124183005,0.0,0.7262164124909223,164.12490922294845,68.99055918663761,1.0
4107,0.0,6.392045454545455,0.0,0.7102272727272728,167.61363636363637,77.41477272727273,1.0
4109,0.6729475100942126,2.6917900403768504,0.0,0.6729475100942126,174.29340511440108,92.86675639300135,0.0
4111,0.6724949562878278,2.6899798251513114,0.0,0.6724949562878278,173.50369872225957,92.13180901143241,0.0
4113,0.6724949562878278,2.6899798251513114,0.0,0.6724949562878278,173.50369872225957,92.13180901143241,0.0
4115,0.6724949562878278,2.6899798251513114,0.0,0.6724949562878278,173.50369872225957,92.13180901143241,0.0
4117,0.585480093676815,3.51288056206089,0.0,1.17096018735363,167.44730679156908,97.18969555035129,0.0
4119,1.2701997036200692,11.855197233787313,0.0,0.6350998518100346,62.733752028791194,24.91002752099358,20.4
4121,1.266802730663664,11.753114223379548,0.0,0.633401365331832,62.35484552044479,24.843409106904076,20.4
4123,1.266802730663664,11.753114223379548,0.0,0.633401365331832,62.35484552044479,24.843409106904076,20.4
4125,1.194267515923567,11.080148619957537,0.0,0.5971337579617835,60.44320594479831,23.81900212314225,19.3
4127,1.194267515923567,11.080148619957537,0.0,0.5971337579617835,60.44320594479831,23.81900212314225,19.3
4129,1.1939506500397983,11.077208808702574,0.0,0.5969753250198991,60.42716901034757,23.81268240912709,19.3
4131,1.1915006288475543,11.120672535910506,0.0,0.5957503144237771,60.435559674323166,23.763818097570663,19.3
4133,1.191027592139218,11.18242572619599,0.0,0.595513796069609,60.54390260041024,23.952888241910937,19.4
4135,1.1913429082004103,11.119200476537163,0.0,0.5956714541002052,60.49374544973195,23.760672446885962,19.0
4137,1.1913429082004103,11.119200476537163,0.0,0.5956714541002052,60.49374544973195,23.760672446885962,19.0
4139,1.1913429082004103,11.119200476537163,0.0,0.5956714541002052,60.49374544973195,23.760672446885962,19.0
4141,1.1913429082004103,11.119200476537163,0.0,0.5956714541002052,60.49374544973195,23.760672446885962,19.0
4143,1.1871001780650268,11.14555167183275,0.0,0.5935500890325134,60.41020906153136,23.873903581085536,19.1
4145,1.1871001780650268,11.14555167183275,0.0,0.5935500890325134,60.41020906153136,23.873903581085536,19.1
4147,1.1871001780650268,11.14555167183275,0.0,0.5935500890325134,60.41020906153136,23.873903581085536,19.1
4149,1.1871001780650268,11.14555167183275,0.0,0.5935500890325134,60.41020906153136,23.873903581085536,19.1
4151,1.1871001780650268,11.14555167183275,0.0,0.5935500890325134,60.41020906153136,23.873903581085536,19.1
4153,1.191027592139218,11.18242572619599,0.0,0.595513796069609,60.54390260041024,23.952888241910937,19.4
4155,1.184990125082291,11.323238973008559,0.0,0.6583278472679395,62.21198156682028,26.991441737985518,19.3
4159,1.184990125082291,11.323238973008559,0.0,0.6583278472679395,62.21198156682028,26.991441737985518,19.3
4161,1.184990125082291,11.323238973008559,0.0,0.6583278472679395,62.21198156682028,26.991441737985518,19.3
4163,1.184990125082291,11.323238973008559,0.0,0.6583278472679395,62.21198156682028,26.991441737985518,19.3
4165,2.4826444761160404,62.92430999341026,0.0,0.6129986360780347,83.47508926792638,122.87557660184206,0.7
4167,0.0,0.48007681228996635,0.0,0.0,0.0,0.0,0.0
4169,0.0,0.48007681228996635,0.0,0.0,0.0,0.0,0.0
4171,0.0,0.477326968973747,0.0,0.0,0.0,0.0,0.0
4173,0.0,0.474158368895211,0.0,0.0,0.0,0.0,0.0
4175,0.0,0.47147571900047147,0.0,0.0,0.0,0.0,0.0
4177,0.0,0.47147571900047147,0.0,0.0,0.0,0.0,0.0
4179,0.0,0.47147571900047147,0.0,0.0,0.0,0.0,0.0
4181,0.0,0.47147571900047147,0.0,0.0,0.0,0.0,0.0
4183,0.0,0.47147571900047147,0.0,0.0,0.0,0.0,0.0
4185,0.0,0.47147571900047147,0.0,0.0,0.0,0.0,0.0
4187,0.0,0.47147571900047147,0.0,0.0,0.0,0.0,0.0
4189,0.0,0.47147571900047147,0.0,0.0,0.0,0.0,0.0
4191,0.0,0.47147571900047147,0.0,0.0,0.0,0.0,0.0
4193,0.0,0.47147571900047147,0.0,0.0,0.0,0.0,0.0
4195,0.0,0.4710315591144606,0.0,0.0,0.0,0.0,0.0
4197,0.0,0.477326968973747,0.0,0.0,0.0,0.0,0.0
4199,0.0,0.4880429477794046,0.0,0.0,0.0,0.0,0.0
4201,0.0,1.8281535648994514,0.0,0.0,0.0,0.0,0.0
4203,0.0,1.8281535648994514,0.0,0.0,0.0,0.0,0.0
4205,0.0,1.8281535648994514,0.0,0.0,0.0,0.0,0.0
4207,0.0,1.8281535648994514,0.0,0.0,0.0,0.0,0.0
4209,0.0,1.8281535648994514,0.0,0.0,0.0,0.0,0.0
4211,0.0,1.8315018315018314,0.0,0.0,0.0,0.0,0.0
4213,0.0,1.8315018315018314,0.0,0.0,0.0,0.0,0.0
4215,0.0,1.8315018315018314,0.0,0.0,0.0,0.0,0.0
4217,0.0,1.8315018315018314,0.0,0.0,0.0,0.0,0.0
4219,0.0,1.8315018315018314,0.0,0.0,0.0,0.0,0.0
4221,0.0,1.8181818181818181,0.0,0.0,0.0,0.0,0.0
4223,0.0,1.8181818181818181,0.0,0.0,0.0,0.0,0.0
4225,0.0,1.8181818181818181,0.0,0.0,0.0,0.0,0.0
4227,0.0,1.8181818181818181,0.0,0.0,0.0,0.0,0.0
4229,0.0,1.8181818181818181,0.0,0.0,0.0,0.0,0.0
4231,0.0,1.8181818181818181,0.0,0.0,0.0,0.0,0.0
4233,0.0,1.8181818181818181,0.0,0.0,0.0,0.0,0.0
4235,0.0,1.8181818181818181,0.0,0.0,0.0,0.0,0.0
4237,0.0,1.8181818181818181,0.0,0.0,0.0,0.0,0.0
4239,0.0,1.8181818181818181,0.0,0.0,0.0,0.0,0.0
4241,0.0,1.8181818181818181,0.0,0.0,0.0,0.0,0.0
4243,0.0,1.8181818181818181,0.0,0.0,0.0,0.0,0.0
4245,0.0,1.8181818181818181,0.0,0.0,0.0,0.0,0.0
4247,0.0,1.8181818181818181,0.0,0.0,0.0,0.0,0.0
4249,0.0,1.8181818181818181,0.0,0.0,0.0,0.0,0.0
4251,0.0,1.8181818181818181,0.0,0.0,0.0,0.0,0.0
4253,0.0,1.8018018018018016,0.0,0.0,0.0,0.0,0.0
4255,0.0,1.8018018018018016,0.0,0.0,0.0,0.0,0.0
4257,0.0,1.8018018018018016,0.0,0.0,0.0,0.0,0.0
4259,0.0,1.8018018018018016,0.0,0.0,0.0,0.0,0.0
4261,0.0,1.8518518518518516,0.0,0.0,0.0,0.0,0.0
4263,0.0,1.8518518518518516,0.0,0.0,0.0,0.0,0.0
4265,0.0,1.8518518518518516,0.0,0.0,0.0,0.0,0.0
4267,0.0,1.8518518518518516,0.0,0.0,0.0,0.0,0.0
4269,0.0,1.8518518518518516,0.0,0.0,0.0,0.0,0.0
4271,0.0,1.8518518518518516,0.0,0.0,0.0,0.0,0.0
4273,0.0,1.8518518518518516,0.0,0.0,0.0,0.0,0.0
4275,0.0,1.8518518518518516,0.0,0.0,0.0,0.0,0.0
4277,0.0,1.8518518518518516,0.0,0.0,0.0,0.0,0.0
4279,0.0,1.8518518518518516,0.0,0.0,0.0,0.0,0.0
4281,0.0,1.8993352326685662,0.0,0.0,0.0,0.0,0.0
4283,0.0,1.8993352326685662,0.0,0.0,0.0,0.0,0.0
4285,0.0,1.8993352326685662,0.0,0.0,0.0,0.0,0.0
4287,0.0,1.8993352326685662,0.0,0.0,0.0,0.0,0.0
4289,0.1170548987475126,4.682195949900504,0.0,0.0,0.0,0.0,0.0
4291,0.1170548987475126,4.682195949900504,0.0,0.0,0.0,0.0,0.0
4293,0.11704119850187265,4.681647940074906,0.0,0.0,0.0,0.0,0.0
4295,0.1172607879924953,4.690431519699812,0.0,0.0,0.0,0.0,0.0
4297,0.10826025765941323,4.9799718523330085,0.0,0.0,0.0,0.0,0.0
4299,0.10107135637760259,4.649282393369719,0.0,0.0,0.0,0.0,0.0
4301,0.10107135637760259,4.649282393369719,0.0,0.0,0.0,0.0,0.0
4303,0.10107135637760259,4.649282393369719,0.0,0.0,0.0,0.0,0.0
4305,0.10107135637760259,4.649282393369719,0.0,0.0,0.0,0.0,0.0
4307,0.10107135637760259,4.649282393369719,0.0,0.0,0.0,0.0,0.0
4309,0.10107135637760259,4.649282393369719,0.0,0.0,0.0,0.0,0.0
4311,0.10083694665725522,4.63849954623374,0.0,0.0,0.0,0.0,0.0
4313,0.10083694665725522,4.63849954623374,0.0,0.0,0.0,0.0,0.0
4315,0.11700011700011699,4.6800046800046795,0.0,0.0,0.0,0.0,0.0
4317,0.11700011700011699,4.6800046800046795,0.0,0.0,0.0,0.0,0.0
4319,0.10083694665725522,4.63849954623374,0.0,0.0,0.0,0.0,0.0
4321,0.11700011700011699,4.6800046800046795,0.0,0.0,0.0,0.0,0.0
4323,0.11742602160638797,4.697040864255519,0.0,0.0,0.0,0.0,0.0
4325,0.10079629069650238,4.636629372039109,0.0,0.0,0.0,0.0,0.0
4327,0.11742602160638797,4.697040864255519,0.0,0.0,0.0,0.0,0.0
4329,0.10079629069650238,4.636629372039109,0.0,0.0,0.0,0.0,0.0
4331,0.11742602160638797,4.697040864255519,0.0,0.0,0.0,0.0,0.0
4333,0.10079629069650238,4.636629372039109,0.0,0.0,0.0,0.0,0.0
4335,0.11742602160638797,4.697040864255519,0.0,0.0,0.0,0.0,0.0
4337,0.10079629069650238,4.636629372039109,0.0,0.0,0.0,0.0,0.0
4339,0.10079629069650238,4.636629372039109,0.0,0.0,0.0,0.0,0.0
4341,0.11742602160638797,4.697040864255519,0.0,0.0,0.0,0.0,0.0
4343,0.11742602160638797,4.697040864255519,0.0,0.0,0.0,0.0,0.0
4345,0.11742602160638797,4.697040864255519,0.0,0.0,0.0,0.0,0.0
4347,0.11742602160638797,4.697040864255519,0.0,0.0,0.0,0.0,0.0
4349,0.10079629069650238,4.636629372039109,0.0,0.0,0.0,0.0,0.0
4351,0.11742602160638797,4.697040864255519,0.0,0.0,0.0,0.0,0.0
4353,0.10022048506714773,4.6101423130887955,0.0,0.0,0.0,0.0,0.0
4355,0.11742602160638797,4.697040864255519,0.0,0.0,0.0,0.0,0.0
4357,0.11742602160638797,4.697040864255519,0.0,0.0,0.0,0.0,0.0
4359,1.5026296018031555,5.259203606311044,0.0,0.0,5.259203606311044,0.0,0.0
4361,1.4204545454545456,4.261363636363637,0.0,0.0,4.971590909090909,0.0,0.0
4363,15.979689366786143,31.959378733572287,0.0,0.0,1.4934289127837517,0.0,4.3
4365,15.979689366786143,31.959378733572287,0.0,0.0,1.4934289127837517,0.0,4.3
4367,15.979689366786143,31.959378733572287,0.0,0.0,1.4934289127837517,0.0,4.3
4369,15.979689366786143,31.959378733572287,0.0,0.0,1.4934289127837517,0.0,4.3
4371,15.979689366786143,31.959378733572287,0.0,0.0,1.4934289127837517,0.0,4.3
4373,15.979689366786143,31.959378733572287,0.0,0.0,1.4934289127837517,0.0,4.3
4375,15.979689366786143,31.959378733572287,0.0,0.0,1.4934289127837517,0.0,4.3
4377,15.979689366786143,31.959378733572287,0.0,0.0,1.4934289127837517,0.0,4.3
4379,15.979689366786143,31.959378733572287,0.0,0.0,1.4934289127837517,0.0,4.3
4381,15.979689366786143,31.959378733572287,0.0,0.0,1.4934289127837517,0.0,4.3
4383,15.979689366786143,31.959378733572287,0.0,0.0,1.4934289127837517,0.0,4.3
4385,15.979689366786143,31.959378733572287,0.0,0.0,1.4934289127837517,0.0,4.3
4387,15.979689366786143,31.959378733572287,0.0,0.0,1.4934289127837517,0.0,4.3
4389,15.979689366786143,31.959378733572287,0.0,0.0,1.4934289127837517,0.0,4.3
4391,15.979689366786143,31.959378733572287,0.0,0.0,1.4934289127837517,0.0,4.3
4393,15.979689366786143,31.959378733572287,0.0,0.0,1.4934289127837517,0.0,4.3
4395,15.979689366786143,31.959378733572287,0.0,0.0,1.4934289127837517,0.0,4.3
4397,15.979689366786143,31.959378733572287,0.0,0.0,1.4934289127837517,0.0,4.3
4399,15.979689366786143,31.959378733572287,0.0,0.0,1.4934289127837517,0.0,4.3
4401,15.979689366786143,31.959378733572287,0.0,0.0,1.4934289127837517,0.0,4.3
4403,15.979689366786143,31.959378733572287,0.0,0.0,1.4934289127837517,0.0,4.3
4405,15.979689366786143,31.959378733572287,0.0,0.0,1.4934289127837517,0.0,4.3
4407,15.979689366786143,31.959378733572287,0.0,0.0,1.4934289127837517,0.0,4.3
4409,15.979689366786143,31.959378733572287,0.0,0.0,1.4934289127837517,0.0,4.3
4411,15.979689366786143,31.959378733572287,0.0,0.0,1.4934289127837517,0.0,4.3
4413,15.979689366786143,31.959378733572287,0.0,0.0,1.4934289127837517,0.0,4.3
4415,15.979689366786143,31.959378733572287,0.0,0.0,1.4934289127837517,0.0,4.3
4417,15.979689366786143,31.959378733572287,0.0,0.0,1.4934289127837517,0.0,4.3
4419,15.979689366786143,31.959378733572287,0.0,0.0,1.4934289127837517,0.0,4.3
4421,15.979689366786143,31.959378733572287,0.0,0.0,1.4934289127837517,0.0,4.3
4423,15.979689366786143,31.959378733572287,0.0,0.0,1.4934289127837517,0.0,4.3
4425,15.979689366786143,31.959378733572287,0.0,0.0,1.4934289127837517,0.0,4.3
4427,15.979689366786143,31.959378733572287,0.0,0.0,1.4934289127837517,0.0,4.3
4429,15.979689366786143,31.959378733572287,0.0,0.0,1.4934289127837517,0.0,4.3
4431,15.979689366786143,31.959378733572287,0.0,0.0,1.4934289127837517,0.0,4.3
4433,15.979689366786143,31.959378733572287,0.0,0.0,1.4934289127837517,0.0,4.3
4435,15.979689366786143,31.959378733572287,0.0,0.0,1.4934289127837517,0.0,4.3
4437,15.979689366786143,31.959378733572287,0.0,0.0,1.4934289127837517,0.0,4.3
4439,15.979689366786143,31.959378733572287,0.0,0.0,1.4934289127837517,0.0,4.3
4441,15.979689366786143,31.959378733572287,0.0,0.0,1.4934289127837517,0.0,4.3
4443,15.979689366786143,31.959378733572287,0.0,0.0,1.4934289127837517,0.0,4.3
4445,15.979689366786143,31.959378733572287,0.0,0.0,1.4934289127837517,0.0,4.3
4447,15.979689366786143,31.959378733572287,0.0,0.0,1.4934289127837517,0.0,4.3
4449,15.979689366786143,31.959378733572287,0.0,0.0,1.4934289127837517,0.0,4.3
4451,15.979689366786143,31.959378733572287,0.0,0.0,1.4934289127837517,0.0,4.3
4453,15.979689366786143,31.959378733572287,0.0,0.0,1.4934289127837517,0.0,4.3
4455,15.979689366786143,31.959378733572287,0.0,0.0,1.4934289127837517,0.0,4.3
4457,15.979689366786143,31.959378733572287,0.0,0.0,1.4934289127837517,0.0,4.3
4459,15.979689366786143,31.959378733572287,0.0,0.0,1.4934289127837517,0.0,4.3
4461,15.979689366786143,31.959378733572287,0.0,0.0,1.4934289127837517,0.0,4.3
4463,15.979689366786143,31.959378733572287,0.0,0.0,1.4934289127837517,0.0,4.3
4465,15.979689366786143,31.959378733572287,0.0,0.0,1.4934289127837517,0.0,4.3
4467,15.979689366786143,31.959378733572287,0.0,0.0,1.4934289127837517,0.0,4.3
4469,15.979689366786143,31.959378733572287,0.0,0.0,1.4934289127837517,0.0,4.3
4471,15.979689366786143,31.959378733572287,0.0,0.0,1.4934289127837517,0.0,4.3
4473,15.979689366786143,31.959378733572287,0.0,0.0,1.4934289127837517,0.0,4.3
4475,15.979689366786143,31.959378733572287,0.0,0.0,1.4934289127837517,0.0,4.3
4477,15.979689366786143,31.959378733572287,0.0,0.0,1.4934289127837517,0.0,4.3
4479,15.979689366786143,31.959378733572287,0.0,0.0,1.4934289127837517,0.0,4.3
4481,15.979689366786143,31.959378733572287,0.0,0.0,1.4934289127837517,0.0,4.3
4483,15.979689366786143,31.959378733572287,0.0,0.0,1.4934289127837517,0.0,4.3
4485,15.979689366786143,31.959378733572287,0.0,0.0,1.4934289127837517,0.0,4.3
4487,15.92735933313486,31.824947901161057,0.0,0.0,1.4885382554331645,0.0,4.3
4489,15.92735933313486,31.824947901161057,0.0,0.0,1.4885382554331645,0.0,4.3
4491,15.92735933313486,31.824947901161057,0.0,0.0,1.4885382554331645,0.0,4.3
4493,15.92735933313486,31.824947901161057,0.0,0.0,1.4885382554331645,0.0,4.3
4495,15.92735933313486,31.824947901161057,0.0,0.0,1.4885382554331645,0.0,4.3
4497,15.92735933313486,31.824947901161057,0.0,0.0,1.4885382554331645,0.0,4.3
4499,15.92735933313486,31.824947901161057,0.0,0.0,1.4885382554331645,0.0,4.3
4501,160.12137241032895,376.7875265245871,0.0,0.0,16.370923926971532,11.378663468339637,52.1
4503,0.0,2.420721374969741,0.0,0.0,0.0,0.0,0.0
4505,0.0,2.420721374969741,0.0,0.0,0.0,0.0,0.0
4507,0.0,2.4084778420038533,0.0,0.0,0.0,0.0,0.0
4509,0.0,2.4084778420038533,0.0,0.0,0.0,0.0,0.0
4511,0.0,2.4084778420038533,0.0,0.0,0.0,0.0,0.0
4513,0.0,2.4084778420038533,0.0,0.0,0.0,0.0,0.0
4515,0.0,2.4084778420038533,0.0,0.0,0.0,0.0,0.0
4517,0.0,2.3860653781913626,0.0,0.0,0.0,0.0,0.0
4519,0.0,2.3860653781913626,0.0,0.0,0.0,0.0,0.0
4521,0.0,2.3860653781913626,0.0,0.0,0.0,0.0,0.0
4523,0.0,2.3894862604540026,0.0,0.0,0.0,0.0,0.0
4525,0.0,2.388915432393693,0.0,0.0,0.0,0.0,0.0
4527,0.0,2.388915432393693,0.0,0.0,0.0,0.0,0.0
4529,0.0,2.388915432393693,0.0,0.0,0.0,0.0,0.0
4531,0.0,2.3837902264600714,0.0,0.0,0.0,0.0,0.0
4533,0.0,2.3837902264600714,0.0,0.0,0.0,0.0,0.0
4535,0.0,2.384358607534573,0.0,0.0,0.0,0.0,0.0
4537,0.0,2.384358607534573,0.0,0.0,0.0,0.0,0.0
4539,0.0,2.384358607534573,0.0,0.0,0.0,0.0,0.0
4541,0.0,2.384358607534573,0.0,0.0,0.0,0.0,0.0
4543,0.0,2.384358607534573,0.0,0.0,0.0,0.0,0.0
4545,0.0,2.384358607534573,0.0,0.0,0.0,0.0,0.0
4547,0.0,2.384358607534573,0.0,0.0,0.0,0.0,0.0
4549,0.0,2.384358607534573,0.0,0.0,0.0,0.0,0.0
4551,0.0,2.384358607534573,0.0,0.0,0.0,0.0,0.0
4553,0.0,2.384358607534573,0.0,0.0,0.0,0.0,0.0
4555,0.0,2.384358607534573,0.0,0.0,0.0,0.0,0.0
4557,0.0,2.384358607534573,0.0,0.0,0.0,0.0,0.0
4559,0.0,2.384358607534573,0.0,0.0,0.0,0.0,0.0
4561,0.0,2.384358607534573,0.0,0.0,0.0,0.0,0.0
4563,0.0,2.384358607534573,0.0,0.0,0.0,0.0,0.0
4565,0.0,2.377555872563005,0.0,0.0,0.0,0.0,0.0
4567,0.0,2.377555872563005,0.0,0.0,0.0,0.0,0.0
4569,0.0,2.377555872563005,0.0,0.0,0.0,0.0,0.0
4571,0.0,0.0,0.0,0.0,0.0,0.0,0.0
4573,0.0,0.0,0.0,0.0,0.0,0.0,0.0
4575,0.0,0.0,0.0,0.0,0.0,0.0,0.0
4577,0.0,0.0,0.0,0.0,0.0,0.0,0.0
4579,0.0,0.0,0.0,0.0,0.0,0.0,0.0
4581,0.0,0.0,0.0,0.0,0.0,0.0,0.0
4583,0.0,0.0,0.0,0.0,0.0,0.0,0.0
4585,0.0,0.0,0.0,0.0,0.0,0.0,0.0
4587,0.0,0.0,0.0,0.0,0.0,0.0,0.0
4589,0.0,0.0,0.0,0.0,0.0,0.0,0.0
4591,0.0,0.0,0.0,0.0,0.0,0.0,0.0
4593,0.0,0.0,0.0,0.0,0.0,0.0,0.0
4595,0.0,2.544529262086514,0.0,0.0,0.0,0.0,0.0
4597,0.0,0.0,0.0,0.0,0.0,0.0,0.0
4599,0.0,0.0,0.0,0.0,0.0,0.0,0.0
4601,0.0,0.0,0.0,0.0,0.0,0.0,0.0
4603,0.0,0.0,0.0,0.0,0.0,0.0,0.0
4605,0.0,0.0,0.0,0.0,0.0,0.0,0.0
4607,0.0,0.0,0.0,0.0,0.0,0.0,0.0
4609,0.0,0.0,0.0,0.0,0.0,0.0,0.0
4611,0.0,0.0,0.0,0.0,0.0,0.0,0.0
4613,0.0,0.0,0.0,0.0,0.0,0.0,0.0
4615,0.0,0.0,0.0,0.0,0.0,0.0,0.0
4617,0.0,0.0,0.0,0.0,0.0,0.0,0.0
4619,0.0,0.0,0.0,0.0,0.0,0.0,0.0
4621,0.0,2.1249468763280914,0.0,0.0,0.0,0.0,0.0
4623,0.0,2.13857998289136,0.0,0.0,0.0,0.0,0.0
4625,0.0,2.13857998289136,0.0,0.0,0.0,0.0,0.0
4627,0.0,2.109704641350211,0.0,0.0,0.0,0.0,0.0
4629,0.0,2.109704641350211,0.0,0.0,0.0,0.0,0.0
4631,0.0,2.109704641350211,0.0,0.0,0.0,0.0,0.0
4633,0.0,2.029220779220779,0.0,0.0,0.0,0.0,0.0
4653,0.0,0.4909180166912126,0.0,0.0,0.0,0.0,0.0
4655,0.0,0.4909180166912126,0.0,0.0,0.0,0.0,0.0
4657,0.0,0.4909180166912126,0.0,0.0,0.0,0.0,0.0
4659,0.0,0.4909180166912126,0.0,0.0,0.0,0.0,0.0
4661,0.0,0.4909180166912126,0.0,0.0,0.0,0.0,0.0
4663,0.0,0.4909180166912126,0.0,0.0,0.0,0.0,0.0
4665,0.0,0.4909180166912126,0.0,0.0,0.0,0.0,0.0
4667,0.0,0.48426150121065376,0.0,0.0,0.0,0.0,0.0
4669,0.0,0.48007681228996635,0.0,0.0,0.0,0.0,0.0
4671,0.0,0.48007681228996635,0.0,0.0,0.0,0.0,0.0
4673,0.0,0.49140049140049136,0.0,0.0,0.0,0.0,0.0
4675,0.0,0.48007681228996635,0.0,0.0,0.0,0.0,0.0
4677,0.0,0.49140049140049136,0.0,0.0,0.0,0.0,0.0
4679,0.0,0.49140049140049136,0.0,0.0,0.0,0.0,0.0
4681,0.0,0.49140049140049136,0.0,0.0,0.0,0.0,0.0
4683,0.0,0.49140049140049136,0.0,0.0,0.0,0.0,0.0
4685,0.0,0.4798464491362764,0.0,0.0,0.0,0.0,0.0
4687,0.0,0.4798464491362764,0.0,0.0,0.0,0.0,0.0
4689,0.0,0.4798464491362764,0.0,0.0,0.0,0.0,0.0
4691,0.0,0.4798464491362764,0.0,0.0,0.0,0.0,0.0
4693,0.0,0.0,0.0,0.0,0.0,0.0,0.0
4695,0.0,0.0,0.0,0.0,0.0,0.0,0.0
4697,0.0,0.0,0.0,0.0,0.0,0.0,0.0
4699,0.0,0.0,0.0,0.0,0.0,0.0,0.0
4701,0.0,0.0,0.0,0.0,0.0,0.0,0.0
4703,0.0,0.0,0.0,0.0,0.0,0.0,0.0
4705,0.0,0.0,0.0,0.0,0.0,0.0,0.0
4707,0.0,0.0,0.0,0.0,0.0,0.0,0.0
4709,0.0,0.0,0.0,0.0,0.0,0.0,0.0
4711,0.0,0.0,0.0,0.0,0.0,0.0,0.0
4713,0.0,15.503875968992247,0.0,0.0,65.89147286821705,34.883720930232556,0.0
4715,0.0,15.503875968992247,0.0,0.0,65.89147286821705,34.883720930232556,0.0
4717,0.0,15.503875968992247,0.0,0.0,65.89147286821705,34.883720930232556,0.0
4719,0.0,15.503875968992247,0.0,0.0,65.89147286821705,34.883720930232556,0.0
4721,0.0,15.503875968992247,0.0,0.0,65.89147286821705,34.883720930232556,0.0
4723,0.0,14.652014652014651,0.0,0.0,62.27106227106226,32.967032967032964,0.0
4725,0.0,14.652014652014651,0.0,0.0,62.27106227106226,32.967032967032964,0.0
4727,0.0,13.84083044982699,0.0,0.0,65.74394463667821,41.52249134948097,0.0
4729,0.0,13.84083044982699,0.0,0.0,65.74394463667821,41.52249134948097,0.0
4731,0.0,13.84083044982699,0.0,0.0,65.74394463667821,41.52249134948097,0.0
4733,0.0,13.84083044982699,0.0,0.0,65.74394463667821,41.52249134948097,0.0
4735,0.0,13.84083044982699,0.0,0.0,65.74394463667821,41.52249134948097,0.0
4737,0.0,27.950310559006212,0.0,0.0,71.42857142857143,37.267080745341616,0.0
4739,0.0,27.950310559006212,0.0,0.0,71.42857142857143,37.267080745341616,0.0
4741,0.0,24.52316076294278,0.0,0.0,62.67029972752044,32.69754768392371,0.0
4743,0.0,27.950310559006212,0.0,0.0,71.42857142857143,37.267080745341616,0.0
4745,0.0,25.280898876404496,0.0,0.0,64.60674157303372,33.70786516853933,0.0
4747,0.0,24.59016393442623,0.0,0.0,62.84153005464481,32.78688524590164,0.0
4749,0.0,24.59016393442623,0.0,0.0,62.84153005464481,32.78688524590164,0.0
4751,0.0,24.59016393442623,0.0,0.0,62.84153005464481,32.78688524590164,0.0
4753,0.0,24.59016393442623,0.0,0.0,62.84153005464481,32.78688524590164,0.0
4755,0.0,24.52316076294278,0.0,0.0,62.67029972752044,32.69754768392371,0.0
4757,0.0,24.52316076294278,0.0,0.0,62.67029972752044,32.69754768392371,0.0
4759,0.0,24.52316076294278,0.0,0.0,62.67029972752044,32.69754768392371,0.0
4761,0.0,24.52316076294278,0.0,0.0,62.67029972752044,32.69754768392371,0.0
4763,0.0,24.52316076294278,0.0,0.0,62.67029972752044,32.69754768392371,0.0
4765,0.0,19.464720194647203,0.0,0.0,63.26034063260341,19.464720194647203,0.0
4767,0.0,24.324324324324326,0.0,0.0,62.16216216216216,32.432432432432435,0.0
4769,0.0,19.51219512195122,0.0,0.0,63.41463414634147,19.51219512195122,0.0
4771,0.0,19.51219512195122,0.0,0.0,63.41463414634147,19.51219512195122,0.0
4773,0.0,19.51219512195122,0.0,0.0,63.41463414634147,19.51219512195122,0.0
4775,0.0,19.51219512195122,0.0,0.0,63.41463414634147,19.51219512195122,0.0
4777,0.0,19.51219512195122,0.0,0.0,63.41463414634147,19.51219512195122,0.0
4779,0.0,19.51219512195122,0.0,0.0,63.41463414634147,19.51219512195122,0.0
4781,0.0,19.464720194647203,0.0,0.0,63.26034063260341,19.464720194647203,0.0
4783,0.0,19.464720194647203,0.0,0.0,63.26034063260341,19.464720194647203,0.0
4785,0.0,19.464720194647203,0.0,0.0,63.26034063260341,19.464720194647203,0.0
4787,0.0,19.464720194647203,0.0,0.0,63.26034063260341,19.464720194647203,0.0
4789,0.0,19.464720194647203,0.0,0.0,63.26034063260341,19.464720194647203,0.0
4793,0.0,0.0,0.0,13.123359580052494,83.98950131233596,34.120734908136484,0.0
4795,0.0,0.0,0.0,13.020833333333334,88.54166666666667,39.0625,0.0
4797,0.0,0.0,0.0,13.020833333333334,88.54166666666667,39.0625,0.0
4799,0.0,0.0,0.0,12.690355329949238,88.83248730964466,38.07106598984772,0.0
4801,0.0,0.0,0.0,14.285714285714286,83.33333333333334,35.714285714285715,0.0
4803,0.0,0.0,0.0,14.285714285714286,83.33333333333334,35.714285714285715,0.0
4805,0.0,0.0,0.0,14.285714285714286,83.33333333333334,35.714285714285715,0.0
4807,0.0,0.0,0.0,14.285714285714286,83.33333333333334,35.714285714285715,0.0
4809,0.0,0.0,0.0,15.730337078651685,78.65168539325843,33.70786516853933,0.0
4811,0.0,0.0,0.0,15.730337078651685,78.65168539325843,33.70786516853933,0.0
4813,0.0,2.2222222222222223,0.0,15.555555555555555,77.77777777777777,33.333333333333336,0.0
4815,0.0,2.2222222222222223,0.0,15.555555555555555,77.77777777777777,33.333333333333336,0.0
4817,0.0,2.1978021978021975,0.0,15.384615384615383,76.92307692307692,32.967032967032964,0.0
4819,0.0,2.336448598130841,0.0,14.018691588785048,81.77570093457945,35.046728971962615,0.0
4821,0.0,2.314814814814815,0.0,13.88888888888889,81.01851851851852,34.72222222222222,0.0
4823,0.0,2.314814814814815,0.0,13.88888888888889,81.01851851851852,34.72222222222222,0.0
4825,0.0,2.2988505747126435,0.0,13.793103448275863,82.75862068965517,36.7816091954023,0.0
4827,0.0,2.159827213822894,0.0,15.118790496760258,77.75377969762418,34.557235421166304,0.0
4829,0.0,0.0,0.0,0.0,192.98245614035088,280.7017543859649,0.0
4831,0.0,0.0,0.0,0.0,192.98245614035088,280.7017543859649,0.0
4833,0.0,0.0,0.0,0.0,192.98245614035088,280.7017543859649,0.0
4835,0.0,0.0,0.0,0.0,192.98245614035088,280.7017543859649,0.0
4837,0.0,0.0,0.0,0.0,192.98245614035088,280.7017543859649,0.0
4839,0.0,0.0,0.0,0.0,192.98245614035088,280.7017543859649,0.0
4841,0.0,0.0,0.0,0.0,192.98245614035088,280.7017543859649,0.0
4843,0.0,0.0,0.0,0.0,192.98245614035088,280.7017543859649,0.0
4845,0.0,0.0,0.0,0.0,192.98245614035088,280.7017543859649,0.0
4847,0.0,0.0,0.0,0.0,192.98245614035088,280.7017543859649,0.0
4849,0.0,0.0,0.0,0.0,192.98245614035088,280.7017543859649,0.0
4851,0.0,0.0,0.0,0.0,192.98245614035088,280.7017543859649,0.0
4853,0.0,0.0,0.0,0.0,192.98245614035088,280.7017543859649,0.0
4855,0.0,0.0,0.0,0.0,192.98245614035088,280.7017543859649,0.0
4857,0.0,0.0,0.0,0.0,192.98245614035088,280.7017543859649,0.0
4859,0.0,0.0,0.0,0.0,192.98245614035088,280.7017543859649,0.0
4861,0.0,0.0,0.0,0.0,192.98245614035088,280.7017543859649,0.0
4863,0.0,0.0,0.0,0.0,192.98245614035088,280.7017543859649,0.0
4865,0.0,0.0,0.0,0.0,192.98245614035088,280.7017543859649,0.0
4867,2.059732234809475,9.268795056642636,0.0,3.089598352214212,127.70339855818744,86.50875386199795,0.0
4869,1.5220700152207,8.37138508371385,0.0,2.2831050228310503,105.0228310502283,76.10350076103501,0.0
4871,1.3879250520471893,9.02151283830673,0.0,2.7758501040943786,95.76682859125607,69.39625260235947,0.0
4873,1.3879250520471893,9.02151283830673,0.0,2.7758501040943786,95.76682859125607,69.39625260235947,0.0
4875,1.3879250520471893,9.02151283830673,0.0,2.7758501040943786,95.76682859125607,69.39625260235947,0.0
4877,0.0,7.96869712755158,0.0,0.009531934363099976,182.65092626572172,164.54501694301334,6.5
4879,0.0,7.96869712755158,0.0,0.009531934363099976,182.65092626572172,164.54501694301334,6.5
4881,0.0,7.966381109385273,0.0,0.009529164006441715,182.60260527343937,164.4971936612001,6.5
4883,0.0,7.966722732319069,0.0,0.009529572646314677,182.61043583500498,164.5042478070071,6.5
4885,0.0,7.965090798224051,0.0,0.009527620572038339,182.58255683225673,164.47531393509786,6.5
4887,0.0,7.9738362959507185,0.0,0.009520998562329217,182.5413449362569,164.48001066351839,6.5
4889,0.0,7.973988136609889,0.0,0.009521179864608823,182.54482095421264,164.4831427510497,6.5
4891,0.0,7.973988136609889,0.0,0.009521179864608823,182.54482095421264,164.4831427510497,6.5
4893,0.0,7.973988136609889,0.0,0.009521179864608823,182.54482095421264,164.4831427510497,6.5
4895,0.0,7.973988136609889,0.0,0.009521179864608823,182.54482095421264,164.4831427510497,6.5
4897,0.0,7.973988136609889,0.0,0.009521179864608823,182.54482095421264,164.4831427510497,6.5
4899,0.0,7.970914489932854,0.0,0.009517509838725796,182.52204493216394,164.4673287681011,6.5
4901,0.0,7.970914489932854,0.0,0.009517509838725796,182.52204493216394,164.4673287681011,6.5
4903,0.0,7.970914489932854,0.0,0.009517509838725796,182.52204493216394,164.4673287681011,6.5
4905,0.0,7.970914489932854,0.0,0.009517509838725796,182.52204493216394,164.4673287681011,6.5
4907,0.0,7.967047340908766,0.0,0.00951289234735375,182.49057034546067,164.4446135625306,6.5
4909,0.0,7.965001545448062,0.0,0.009510449606505149,182.45322047599802,164.40238712285125,6.5
4911,0.0,7.964118749851681,0.0,0.00949239421913192,182.38211632929116,164.4462374522414,6.6
4913,0.0,7.963967555612508,0.0,0.009492214011457101,182.37865390913103,164.44311553448284,6.6
4915,0.0,7.963967555612508,0.0,0.009492214011457101,182.37865390913103,164.44311553448284,6.6
4917,0.0,7.963967555612508,0.0,0.009492214011457101,182.37865390913103,164.44311553448284,6.6
4919,0.0,7.963967555612508,0.0,0.009492214011457101,182.37865390913103,164.44311553448284,6.6
4921,0.0,7.987530734938104,0.0,0.00947512542697284,182.45775278450247,164.8766575547544,6.6
4923,0.0,7.987530734938104,0.0,0.00947512542697284,182.45775278450247,164.8766575547544,6.6
4925,0.0,7.987530734938104,0.0,0.00947512542697284,182.45775278450247,164.8766575547544,6.6
4927,0.0,7.982689967662057,0.0,0.009469383117036842,182.38505352568808,164.81461315202623,6.6
4929,0.0,0.44682752457551383,0.0,0.6702412868632708,11.61751563896336,3.5746201966041107,0.0
4931,0.0,0.44682752457551383,0.0,0.6702412868632708,11.61751563896336,3.5746201966041107,0.0
4933,0.0,0.44682752457551383,0.0,0.6702412868632708,11.61751563896336,3.5746201966041107,0.0
4935,0.0,0.44682752457551383,0.0,0.6702412868632708,11.61751563896336,3.5746201966041107,0.0
4937,0.0,0.44682752457551383,0.0,0.6702412868632708,11.61751563896336,3.5746201966041107,0.0
4939,0.0,0.4439511653718091,0.0,0.6659267480577137,11.542730299667037,3.551609322974473,0.0
4941,0.0,0.4439511653718091,0.0,0.6659267480577137,11.542730299667037,3.551609322974473,0.0
4943,0.0,0.4439511653718091,0.0,0.6659267480577137,11.542730299667037,3.551609322974473,0.0
4945,0.0,0.4439511653718091,0.0,0.6659267480577137,11.542730299667037,3.551609322974473,0.0
4947,0.0,0.4439511653718091,0.0,0.6659267480577137,11.542730299667037,3.551609322974473,0.0
4949,0.0,0.4439511653718091,0.0,0.6659267480577137,11.542730299667037,3.551609322974473,0.0
4951,0.0,0.43802014892685065,0.0,0.657030223390276,11.388523872098117,3.504161191414805,0.0
4953,0.0,0.4439511653718091,0.0,0.6659267480577137,11.542730299667037,3.551609322974473,0.0
4955,0.0,0.4439511653718091,0.0,0.6659267480577137,11.542730299667037,3.551609322974473,0.0
4957,0.0,0.43802014892685065,0.0,0.657030223390276,11.388523872098117,3.504161191414805,0.0
4959,0.0,0.44014084507042256,0.0,0.6602112676056339,11.443661971830988,3.5211267605633805,0.0
4961,0.0,0.44014084507042256,0.0,0.6602112676056339,11.443661971830988,3.5211267605633805,0.0
4963,0.0,0.43802014892685065,0.0,0.657030223390276,11.388523872098117,3.504161191414805,0.0
4965,0.0,0.44014084507042256,0.0,0.6602112676056339,11.443661971830988,3.5211267605633805,0.0
4967,0.0,0.44014084507042256,0.0,0.6602112676056339,11.443661971830988,3.5211267605633805,0.0
4969,0.0,0.44014084507042256,0.0,0.6602112676056339,11.443661971830988,3.5211267605633805,0.0
4971,0.0,0.43802014892685065,0.0,0.657030223390276,11.388523872098117,3.504161191414805,0.0
4973,0.0,0.44014084507042256,0.0,0.6602112676056339,11.443661971830988,3.5211267605633805,0.0
4975,0.0,0.4439511653718091,0.0,0.6659267480577137,11.542730299667037,3.551609322974473,0.0
4977,0.0,0.4439511653718091,0.0,0.6659267480577137,11.542730299667037,3.551609322974473,0.0
4979,0.0,0.43802014892685065,0.0,0.657030223390276,11.388523872098117,3.504161191414805,0.0
4981,0.0,0.44014084507042256,0.0,0.6602112676056339,11.443661971830988,3.5211267605633805,0.0
4983,0.0,0.4439511653718091,0.0,0.6659267480577137,11.542730299667037,3.551609322974473,0.0
4985,0.0,0.0,0.0,0.0,242.4242424242424,393.93939393939394,0.0
4987,0.0,0.0,0.0,0.0,242.4242424242424,393.93939393939394,0.0
4989,0.0,0.0,0.0,0.0,242.4242424242424,393.93939393939394,0.0
4991,0.0,0.0,0.0,0.0,242.4242424242424,393.93939393939394,0.0
4993,0.0,0.0,0.0,0.0,242.4242424242424,393.93939393939394,0.0
4995,0.0,0.0,0.0,0.0,242.4242424242424,393.93939393939394,0.0
4997,0.0,0.0,0.0,0.0,242.4242424242424,393.93939393939394,0.0
4999,0.0,0.0,0.0,0.0,242.4242424242424,393.93939393939394,0.0
5001,0.0,0.0,0.0,0.0,242.4242424242424,393.93939393939394,0.0
5003,0.0,0.0,0.0,0.0,242.4242424242424,393.93939393939394,0.0
5005,0.0,0.0,0.0,0.0,242.4242424242424,393.93939393939394,0.0
5007,0.0,0.0,0.0,0.0,242.4242424242424,393.93939393939394,0.0
5009,0.0,0.0,0.0,0.0,242.4242424242424,393.93939393939394,0.0
5011,0.0,0.0,0.0,0.0,242.4242424242424,393.93939393939394,0.0
5013,0.0,0.0,0.0,0.0,242.4242424242424,393.93939393939394,0.0
5015,0.0,0.0,0.0,0.0,242.4242424242424,393.93939393939394,0.0
5017,0.0,0.0,0.0,0.0,242.4242424242424,393.93939393939394,0.0
5019,0.0,0.0,0.0,0.0,242.4242424242424,393.93939393939394,0.0
5021,0.0,0.0,0.0,0.0,242.4242424242424,393.93939393939394,0.0
5023,0.0,0.0,0.0,0.0,242.4242424242424,393.93939393939394,0.0
5025,0.0,0.0,0.0,0.0,242.4242424242424,393.93939393939394,0.0
5027,0.0,0.0,0.0,0.0,242.4242424242424,393.93939393939394,0.0
5029,0.0,0.0,0.0,0.0,242.4242424242424,393.93939393939394,0.0
5031,0.0,0.0,0.0,0.0,242.4242424242424,393.93939393939394,0.0
5033,0.0,0.0,0.0,0.0,242.4242424242424,393.93939393939394,0.0
5035,0.0,0.0,0.0,0.0,242.4242424242424,393.93939393939394,0.0
5037,0.0,0.0,0.0,0.0,242.4242424242424,393.93939393939394,0.0
5039,0.0,0.0,0.0,0.0,242.4242424242424,393.93939393939394,0.0
5041,0.0,0.0,0.0,0.0,242.4242424242424,393.93939393939394,0.0
5043,0.0,0.0,0.0,0.0,242.4242424242424,393.93939393939394,0.0
5045,0.0,0.0,0.0,0.0,242.4242424242424,393.93939393939394,0.0
5047,0.0,0.0,0.0,0.0,242.4242424242424,393.93939393939394,0.0
5049,0.0,0.0,0.0,0.0,242.4242424242424,393.93939393939394,0.0
5051,0.0,0.0,0.0,0.0,242.4242424242424,393.93939393939394,0.0
5053,0.0,0.0,0.0,0.0,242.4242424242424,393.93939393939394,0.0
5055,0.0,0.0,0.0,0.0,242.4242424242424,393.93939393939394,0.0
5057,0.0,0.0,0.0,0.0,242.4242424242424,393.93939393939394,0.0
5059,0.0,0.0,0.0,0.0,242.4242424242424,393.93939393939394,0.0
5061,0.0,0.0,0.0,0.0,242.4242424242424,393.93939393939394,0.0
5063,0.0,0.0,0.0,0.0,242.4242424242424,393.93939393939394,0.0
5065,0.0,0.0,0.0,0.0,242.4242424242424,393.93939393939394,0.0
5067,0.0,0.0,0.0,0.0,242.4242424242424,393.93939393939394,0.0
5069,0.0,0.0,0.0,0.0,242.4242424242424,393.93939393939394,0.0
5071,0.0,0.0,0.0,0.0,242.4242424242424,393.93939393939394,0.0
5073,0.0,0.0,0.0,0.0,242.4242424242424,393.93939393939394,0.0
5075,0.0,0.0,0.0,0.0,242.4242424242424,393.93939393939394,0.0
5077,0.0,0.0,0.0,0.0,242.4242424242424,393.93939393939394,0.0
5079,0.0,0.0,0.0,0.0,242.4242424242424,393.93939393939394,0.0
5081,0.0,0.0,0.0,0.0,242.4242424242424,393.93939393939394,0.0
5083,0.0,0.0,0.0,0.0,242.4242424242424,393.93939393939394,0.0
5085,0.0,0.0,0.0,0.0,242.4242424242424,393.93939393939394,0.0
5087,0.0,0.0,0.0,0.0,242.4242424242424,393.93939393939394,0.0
5089,0.0,0.0,0.0,0.0,242.4242424242424,393.93939393939394,0.0
5091,0.0,0.0,0.0,0.0,242.4242424242424,393.93939393939394,0.0
5093,0.0,0.0,0.0,0.0,242.4242424242424,393.93939393939394,0.0
5095,0.0,0.0,0.0,0.0,242.4242424242424,393.93939393939394,0.0
5097,0.0,0.0,0.0,0.0,242.4242424242424,393.93939393939394,0.0
5099,0.0,0.6587305321601656,0.0,0.0,145.532395426528,61.308991671763984,1.8
5101,0.0,0.6066545335759952,0.0,0.0,145.45709085818285,60.57212189089552,1.8
5103,0.0,0.6506180871828237,0.0,0.0,144.76252439817827,61.34399107723766,2.0
5105,0.0,0.607277993179801,0.0,0.0,145.2795814453216,60.63437193441398,1.8
5107,0.0,0.651132505464862,0.0,0.0,144.7374540719036,61.39249337240128,2.0
5109,0.0,0.6077606358111267,0.0,0.0,145.25479195885927,60.682561944834035,1.8
5111,0.0,0.6081586826347305,0.0,0.0,145.20958083832335,60.72230538922155,1.8
5113,0.0,0.6073631096991217,0.0,0.0,145.29994393571295,60.642870491496915,1.8
5115,0.0,0.6089563425145212,0.0,0.0,145.16582349634626,60.80194866029605,1.8
5117,0.0,0.6089848690682531,0.0,0.0,145.17262378788587,60.804796926968656,1.8
5119,0.0,0.651132505464862,0.0,0.0,144.7374540719036,61.39249337240128,2.0
5121,0.0,0.6948304613674263,0.0,0.0,144.52473596442468,61.423012784880484,1.9
5123,0.0,0.6948948392476606,0.0,0.0,144.49180024089688,61.336051144260175,1.9
5125,0.0,0.6939625260235948,0.0,0.0,144.25167707610456,61.438815637288926,2.0
5127,0.0,0.6940909721900883,0.0,0.0,144.37092221553837,61.35764194160381,1.9
5129,0.0,0.6939625260235948,0.0,0.0,144.25167707610456,61.438815637288926,2.0
5131,0.0,0.6930967563071805,0.0,0.0,144.07171241105257,61.362166158395716,2.0
5133,0.0,0.6939625260235948,0.0,0.0,144.25167707610456,61.438815637288926,2.0
5135,0.0,0.6891482128089682,0.0,0.0,144.0779196912616,61.47202058255996,2.0
5137,0.0,0.6891482128089682,0.0,0.0,144.0779196912616,61.47202058255996,2.0
5139,0.0,0.6891482128089682,0.0,0.0,144.0779196912616,61.47202058255996,2.0
5141,0.0,0.687789444724655,0.0,0.0,143.97725709569443,61.35081846943922,2.0
5143,0.0,0.6720129026477308,0.0,0.0,142.82514224273106,60.83956811970789,2.1
5145,0.0,0.6890215893431327,0.0,0.0,144.05144694533763,61.46072576940744,2.0
5147,0.0,0.6890215893431327,0.0,0.0,144.05144694533763,61.46072576940744,2.0
5149,0.0,0.6890215893431327,0.0,0.0,144.00551217271476,61.46072576940744,2.0
5151,0.0,0.6485084306095978,0.0,0.0,146.1923290717065,62.16416527700574,1.8
5153,0.0,0.6485084306095978,0.0,0.0,146.23865110246433,62.16416527700574,1.8
5155,0.0,0.6485084306095978,0.0,0.0,146.1923290717065,62.16416527700574,1.8
5157,0.0,0.6485084306095978,0.0,0.0,146.1923290717065,62.16416527700574,1.8
5159,0.0,0.687222247674898,0.0,0.0,143.90433866312364,61.34603930911256,2.0
5161,0.0,0.6864046126389969,0.0,0.0,143.68736557909668,61.27305175490779,2.0
5163,0.0,0.6871907641561298,0.0,0.0,143.89774601429357,61.343228880337186,2.0
5165,0.0,0.6822833750284285,0.0,0.0,143.41596543097566,61.26904707755288,2.1
5167,0.0,0.6822833750284285,0.0,0.0,143.41596543097566,61.26904707755288,2.1
5169,0.0,0.670840787119857,0.0,0.0,142.57602862254026,60.509838998211094,2.1
5171,0.0,0.6845251677086661,0.0,0.0,143.43084014055583,61.15091498197417,2.2
5173,0.0,0.6864046126389969,0.0,0.0,143.68736557909668,61.27305175490779,2.0
5175,0.0,0.6822833750284285,0.0,0.0,143.41596543097566,61.26904707755288,2.1
5177,0.0,0.683589299548831,0.0,0.0,143.55375290525453,61.29517385954518,2.2
5179,0.0,0.6750675067506751,0.0,0.0,143.06930693069307,61.251125112511254,2.1
5181,0.0,0.6750067500675007,0.0,0.0,143.10143101431012,61.245612456124555,2.1
5183,0.0,0.6734006734006734,0.0,0.0,142.8956228956229,61.14478114478115,2.1
5185,0.0,0.6747638326585695,0.0,0.0,143.04993252361672,61.22357174988754,2.1
5187,0.0,0.6747638326585695,0.0,0.0,143.04993252361672,61.22357174988754,2.1
5189,0.0,0.6730682939962308,0.0,0.0,142.82509198600016,60.93511621645876,2.1
5191,0.0,17.64705882352941,0.0,0.0,141.17647058823528,82.35294117647058,0.0
5193,0.0,17.64705882352941,0.0,0.0,141.17647058823528,82.35294117647058,0.0
5195,0.0,17.64705882352941,0.0,0.0,141.17647058823528,82.35294117647058,0.0
5197,0.0,17.64705882352941,0.0,0.0,141.17647058823528,82.35294117647058,0.0
5199,0.0,14.285714285714286,0.0,4.761904761904762,152.38095238095238,128.57142857142858,0.0
5201,0.0,16.949152542372882,0.0,5.649717514124294,135.59322033898306,79.09604519774011,0.0
5203,0.0,14.285714285714286,0.0,4.761904761904762,152.38095238095238,128.57142857142858,0.0
5205,0.0,14.285714285714286,0.0,4.761904761904762,152.38095238095238,128.57142857142858,0.0
5207,0.0,14.285714285714286,0.0,4.761904761904762,152.38095238095238,128.57142857142858,0.0
5209,0.0,14.285714285714286,0.0,4.761904761904762,152.38095238095238,128.57142857142858,0.0
5211,0.0,14.285714285714286,0.0,4.761904761904762,152.38095238095238,128.57142857142858,0.0
5213,0.0,14.285714285714286,0.0,4.761904761904762,152.38095238095238,128.57142857142858,0.0
5215,0.0,14.285714285714286,0.0,4.761904761904762,152.38095238095238,128.57142857142858,0.0
5217,0.0,14.285714285714286,0.0,4.761904761904762,152.38095238095238,128.57142857142858,0.0
5219,0.0,14.285714285714286,0.0,4.761904761904762,152.38095238095238,128.57142857142858,0.0
5221,0.0,14.285714285714286,0.0,4.761904761904762,152.38095238095238,128.57142857142858,0.0
5223,0.0,14.285714285714286,0.0,4.761904761904762,152.38095238095238,128.57142857142858,0.0
5225,0.0,14.285714285714286,0.0,4.761904761904762,152.38095238095238,128.57142857142858,0.0
5227,0.0,14.285714285714286,0.0,4.761904761904762,152.38095238095238,128.57142857142858,0.0
5229,0.0,14.285714285714286,0.0,4.761904761904762,152.38095238095238,128.57142857142858,0.0
5231,0.0,14.285714285714286,0.0,4.761904761904762,152.38095238095238,128.57142857142858,0.0
5233,0.0,14.285714285714286,0.0,4.761904761904762,152.38095238095238,128.57142857142858,0.0
5235,0.0,14.285714285714286,0.0,4.761904761904762,152.38095238095238,128.57142857142858,0.0
5237,0.0,14.285714285714286,0.0,4.761904761904762,152.38095238095238,128.57142857142858,0.0
5239,0.0,14.285714285714286,0.0,4.761904761904762,152.38095238095238,128.57142857142858,0.0
5241,0.0,14.285714285714286,0.0,4.761904761904762,152.38095238095238,128.57142857142858,0.0
5243,0.0,14.285714285714286,0.0,4.761904761904762,152.38095238095238,128.57142857142858,0.0
5245,0.0,14.285714285714286,0.0,4.761904761904762,152.38095238095238,128.57142857142858,0.0
5247,0.0,14.285714285714286,0.0,4.761904761904762,152.38095238095238,128.57142857142858,0.0
5249,0.0,14.285714285714286,0.0,4.761904761904762,152.38095238095238,128.57142857142858,0.0
5251,0.0,14.285714285714286,0.0,4.761904761904762,152.38095238095238,128.57142857142858,0.0
5253,0.0,14.285714285714286,0.0,4.761904761904762,152.38095238095238,128.57142857142858,0.0
5255,0.0,14.285714285714286,0.0,4.761904761904762,152.38095238095238,128.57142857142858,0.0
5257,0.0,14.285714285714286,0.0,4.761904761904762,152.38095238095238,128.57142857142858,0.0
5259,0.0,14.285714285714286,0.0,4.761904761904762,152.38095238095238,128.57142857142858,0.0
5261,0.0,14.285714285714286,0.0,4.761904761904762,152.38095238095238,128.57142857142858,0.0
5263,0.0,14.285714285714286,0.0,4.761904761904762,152.38095238095238,128.57142857142858,0.0
5265,0.0,14.285714285714286,0.0,4.761904761904762,152.38095238095238,128.57142857142858,0.0
5267,0.0,14.285714285714286,0.0,4.761904761904762,152.38095238095238,128.57142857142858,0.0
5269,0.0,14.285714285714286,0.0,4.761904761904762,152.38095238095238,128.57142857142858,0.0
5271,0.0,14.285714285714286,0.0,4.761904761904762,152.38095238095238,128.57142857142858,0.0
5273,0.0,14.285714285714286,0.0,4.761904761904762,152.38095238095238,128.57142857142858,0.0
5275,0.0,14.285714285714286,0.0,4.761904761904762,152.38095238095238,128.57142857142858,0.0
5277,0.0,14.285714285714286,0.0,4.761904761904762,152.38095238095238,128.57142857142858,0.0
5279,0.0,14.285714285714286,0.0,4.761904761904762,152.38095238095238,128.57142857142858,0.0
5375,0.33142973689577815,2.447481133999592,0.10197838058331635,1.0197838058331634,0.3824189271874363,0.0,0.0
5377,3.618146395769552,36.87726134149736,0.0,0.13915947676036738,129.13999443362093,54.133036459782915,3.2
5379,3.58719646799117,36.56181015452538,0.0,0.1379690949227373,128.3112582781457,53.66997792494481,3.2
5381,3.588681849551415,36.57694962042788,0.0,0.13802622498274672,128.36438923395445,53.69220151828847,3.2
5383,3.5876914585345663,36.56685525044846,0.0,0.13798813302056023,128.46695184214158,53.67738374499793,3.2
5385,3.5876914585345663,36.56685525044846,0.0,0.13798813302056023,128.46695184214158,53.67738374499793,3.2
5387,3.5802809143486645,36.629027816028646,0.0,0.13770311209033326,129.16551914073258,54.39272927568163,3.2
5389,3.5797879664050667,36.62398457937491,0.0,0.13768415255404104,129.14773509569048,54.38524025884621,3.2
5391,3.5797879664050667,36.62398457937491,0.0,0.13768415255404104,129.14773509569048,54.38524025884621,3.2
5393,3.5797879664050667,36.62398457937491,0.0,0.13768415255404104,129.14773509569048,54.38524025884621,3.2
5395,3.59364201796821,36.76572218382861,0.0,0.138217000691085,129.23289564616448,54.59571527297857,3.2
5397,3.595629926704467,36.37117964320288,0.0,0.13829345871940257,129.4426773613608,53.6578619831282,3.2
5399,3.556285049924771,36.65709205307071,0.0,0.1367801942278758,128.16304199151963,53.34427574887157,3.1
5401,3.5475508254877886,36.56706235502797,0.0,0.1364442625187611,127.84827398007914,53.21326238231683,3.1
5403,3.546099290780142,36.55210038188762,0.0,0.13638843426077468,127.79596290234588,53.19148936170213,3.1
5405,3.3422459893048124,32.219251336898395,0.0,0.0,127.94117647058823,55.3475935828877,3.0
5407,3.3431398769724527,32.361594009093345,0.0,0.0,127.9753944905055,55.362396362663816,3.0
5409,3.3422459893048124,32.219251336898395,0.0,0.0,127.94117647058823,55.3475935828877,3.0
5411,3.3458244111349034,32.25374732334047,0.0,0.0,128.0781584582441,55.406852248394,3.0
5413,3.3382294031245827,32.31406062224596,0.0,0.0,127.78742155160903,55.28107891574309,3.0
5415,3.3633795237454596,32.557513789856046,0.0,0.0,128.7501681689762,55.69756491322481,3.0
5417,3.3620225927918237,32.544378698224854,0.0,0.0,128.83270575578268,55.80957504034427,3.0
5419,3.202562049639712,32.55938083800374,0.0,0.0,129.17000266880171,55.9113957832933,3.0
5421,3.2301480484522207,32.43606998654105,0.0,0.0,128.8021534320323,55.85464333781965,3.0
5423,3.202562049639712,32.55938083800374,0.0,0.0,129.30344275420336,55.9113957832933,3.0
5425,3.1893687707641196,32.55813953488372,0.0,0.0,129.03654485049833,55.946843853820596,3.0
5427,3.1800715516099114,32.46323042268451,0.0,0.0,128.66039485888433,55.78375513449053,3.0
5429,2.651464934376243,15.378496619382208,0.0,0.0,128.8611958106854,55.54819037518229,3.0
5431,2.5853154084798344,15.641158221303,0.0,0.12926577042399173,134.6949327817994,65.27921406411582,2.9
5433,2.6434047052603753,15.596087761036214,0.0,0.13217023526301877,129.39466032249538,57.494052339413166,3.0
5435,2.540650406504065,16.38719512195122,0.0,0.12703252032520326,136.5599593495935,68.59756097560975,2.9
5437,2.5396825396825395,16.38095238095238,0.0,0.12698412698412698,136.5079365079365,68.57142857142857,2.9
5439,2.5396825396825395,16.38095238095238,0.0,0.12698412698412698,136.5079365079365,68.57142857142857,2.9
5441,2.5396825396825395,16.38095238095238,0.0,0.12698412698412698,136.5079365079365,68.57142857142857,2.9
5443,2.5021894157387714,16.139121731515075,0.0,0.12510947078693857,134.49268109595897,67.55911422494682,2.8
5445,2.504696305572949,16.15529117094552,0.0,0.12523481527864747,134.62742642454603,67.62680025046963,2.8
5447,2.504696305572949,16.15529117094552,0.0,0.12523481527864747,134.62742642454603,67.62680025046963,2.8
5449,2.0205907822572886,12.412200519580486,0.0,0.0962186086789185,103.43500432983738,51.95804868661599,2.3
5451,2.0205907822572886,12.412200519580486,0.0,0.0962186086789185,103.43500432983738,51.95804868661599,2.3
5453,2.0205907822572886,12.412200519580486,0.0,0.0962186086789185,103.43500432983738,51.95804868661599,2.3
5455,2.0205907822572886,12.412200519580486,0.0,0.0962186086789185,103.43500432983738,51.95804868661599,2.3
5457,2.0205907822572886,12.412200519580486,0.0,0.0962186086789185,103.43500432983738,51.95804868661599,2.3
5459,2.0205907822572886,12.412200519580486,0.0,0.0962186086789185,103.43500432983738,51.95804868661599,2.3
5461,2.019230769230769,12.692307692307692,0.0,0.09615384615384615,103.5576923076923,52.11538461538461,2.3
5463,0.20245373932056526,0.809814957282261,0.0,0.1619629914564522,0.5263797222334696,0.3644167307770175,0.0
5465,0.20245373932056526,0.809814957282261,0.0,0.1619629914564522,0.5263797222334696,0.3644167307770175,0.0
5467,0.20231447762401877,0.8092579104960751,0.0,0.16185158209921502,0.5260176418224488,0.3641660597232338,0.0
5469,0.20229810648972324,0.809192425958893,0.0,0.1618384851917786,0.5259750768732805,0.36413659168150186,0.0
5471,0.17892928714572,0.71571714858288,0.0,0.143143429716576,0.46521614657887206,0.32207271686229605,0.0
5473,0.17896130856508824,0.715845234260353,0.0,0.14316904685207058,0.4652994022692294,0.3221303554171588,0.0
5475,0.17888447640513755,0.7155379056205502,0.0,0.14310758112411004,0.4650996386533576,0.3219920575292476,0.0
5477,0.17888447640513755,0.7155379056205502,0.0,0.14310758112411004,0.4650996386533576,0.3219920575292476,0.0
5479,2.477291494632535,8.257638315441783,2.477291494632535,4.95458298926507,0.0,0.0,0.0
5481,3.926701570680628,14.397905759162304,3.926701570680628,7.853403141361256,0.0,0.0,0.0
5483,3.6674816625916873,13.447432762836186,3.6674816625916873,7.334963325183375,0.0,0.0,0.0
5485,3.303964757709251,12.114537444933921,3.303964757709251,6.607929515418502,0.0,0.0,0.0
5487,3.303964757709251,12.114537444933921,3.303964757709251,6.607929515418502,0.0,0.0,0.0
5489,5.573263726326456,67.61029482500977,0.0,0.33349794449824594,159.31581614001783,162.41991239265533,31.8
5491,5.59110552570498,67.60621176953362,0.0,0.3334145496980034,159.28880111822113,162.37929752119106,31.8
5493,5.59110552570498,67.60621176953362,0.0,0.3334145496980034,159.28880111822113,162.37929752119106,31.8
5495,5.5912847772142324,67.60837923273724,0.0,0.33342523900818816,159.2939079361619,162.38450342081472,31.8
5497,5.587845155171641,67.74621442714975,0.0,0.3332201239322538,159.4778696981154,162.48966697211844,31.8
5499,5.587487104566746,67.7162427993823,0.0,0.3331987722906775,159.46124321588078,162.45362449779898,31.8
5501,5.58798838826266,67.72231798986216,0.0,0.3332286653551128,159.47554934667957,162.46819909131105,31.8
5503,4.590874725595038,55.48217847936384,0.0,0.33702850168058807,146.25215197252763,139.61177960157767,5.4
5505,4.591083823716956,55.484705496547576,0.0,0.3370438521379511,146.25881324126874,139.61813842482098,5.4
5507,4.591794899827808,55.49329907708567,0.0,0.3370960541540256,146.28146609451446,139.63976275726353,5.4
5509,4.591794899827808,55.49329907708567,0.0,0.3370960541540256,146.28146609451446,139.63976275726353,5.4
5511,4.592161498590524,55.44239338001273,0.0,0.3364553969264345,146.33991088478678,139.70173683731926,5.4
5513,4.5922969685372985,55.499366736826765,0.0,0.3371329123727779,146.29746056911682,139.65503102533964,5.4
5515,4.5279313354669775,55.15347686936282,0.0,0.3364125691009602,146.62132673843468,139.88398312481817,5.3
5517,0.0,3.168735146554001,0.0,0.5281225244256668,20.86083971481384,28.78267758119884,0.0
5519,0.0,3.1637226469812814,0.0,0.5272871078302135,20.827840759293434,28.737147376746638,0.0
5521,4.635099518313187,0.22721076070162682,0.0,4.589657366172862,4.589657366172862,0.0,58.1
5523,1.1428571428571428,22.857142857142858,0.0,1.1428571428571428,80.0,69.71428571428571,3.5
5525,1.1428571428571428,22.857142857142858,0.0,1.1428571428571428,80.0,69.71428571428571,3.5
5527,1.145475372279496,21.764032073310425,0.0,1.145475372279496,79.03780068728523,69.87399770904925,3.5
5529,1.1415525114155252,21.689497716894977,0.0,1.1415525114155252,79.90867579908675,71.91780821917808,3.5
5531,0.0,1.9429509404887526,0.0,0.0837478853658945,132.37190760933285,69.02500711857026,4.4
5533,0.0,1.9421702077787266,0.0,0.08371423309391063,132.31871682823515,69.01401376261992,4.4
5535,0.0,1.9422677650525753,0.0,0.0837184381488179,132.3588507132811,69.03422409751524,4.4
5537,0.0,1.942658092175777,0.0,0.08373526259378349,132.35195605573418,69.0313504823151,4.4
5539,0.0,1.9478860646314984,0.0,0.07983139609145486,131.65793843402733,71.11380763826799,4.5
5541,0.0,1.942658092175777,0.0,0.08373526259378349,132.35195605573418,69.0313504823151,4.4
5543,0.0,1.942885855455992,0.0,0.08374507997655138,132.36747341093712,69.02269491667364,4.4
5545,0.0,1.942885855455992,0.0,0.08374507997655138,132.36747341093712,69.02269491667364,4.4
5547,0.0,0.0,0.0,0.0,0.0,0.0,0.0
5549,0.0,0.0,0.0,0.0,0.0,0.0,0.0
5551,0.0,0.0,0.0,0.0,0.0,0.0,0.0
5553,0.0,0.0,0.0,0.0,0.0,0.0,0.0
5555,0.0,0.0,0.0,0.0,0.0,0.0,0.0
5557,0.0,0.0,0.0,0.0,0.0,0.0,0.0
5559,0.0,0.0,0.0,0.0,0.0,0.0,0.0
5561,0.0,0.0,0.0,0.0,0.0,0.0,0.0
5563,0.0,0.0,0.0,0.0,0.0,0.0,0.0
5565,0.0,0.0,0.0,0.0,0.0,0.0,0.0
5615,18.027796161482463,39.36465916611516,0.05294506949040371,1.5883520847121113,161.5089344804765,101.01919258769027,1.6
5617,18.027796161482463,39.36465916611516,0.05294506949040371,1.5883520847121113,161.5089344804765,101.01919258769027,1.6
5619,18.000847098686997,39.363617111393474,0.05294366793731469,1.5883100381194408,161.50465904277846,101.01651842439644,1.6
5621,18.00063438359061,39.358215267498416,0.05286529921759357,1.585958976527807,161.47705646013955,101.02558680482132,1.6
5623,18.00063438359061,39.358215267498416,0.05286529921759357,1.585958976527807,161.47705646013955,101.02558680482132,1.6
5625,18.00063438359061,39.358215267498416,0.05286529921759357,1.585958976527807,161.47705646013955,101.02558680482132,1.6
5627,18.00063438359061,39.358215267498416,0.05286529921759357,1.585958976527807,161.47705646013955,101.02558680482132,1.6
5629,18.00063438359061,39.358215267498416,0.05286529921759357,1.585958976527807,161.47705646013955,101.02558680482132,1.6
5631,18.00063438359061,39.358215267498416,0.05286529921759357,1.585958976527807,161.47705646013955,101.02558680482132,1.6
5633,18.00063438359061,39.358215267498416,0.05286529921759357,1.585958976527807,161.47705646013955,101.02558680482132,1.6
5635,18.00063438359061,39.358215267498416,0.05286529921759357,1.585958976527807,161.47705646013955,101.02558680482132,1.6
5637,18.00063438359061,39.358215267498416,0.05286529921759357,1.585958976527807,161.47705646013955,101.02558680482132,1.6
5639,1.893388288097962,8.42258832158104,0.0,6.636824209859172,3.348307709478501,0.0,93.6
5641,8.814699171370242,61.510748168608146,0.0,0.38429206196709503,131.04359313077939,80.19694968175814,2.6
5643,8.814699171370242,61.510748168608146,0.0,0.38429206196709503,131.04359313077939,80.19694968175814,2.6
5645,8.814699171370242,61.510748168608146,0.0,0.38429206196709503,131.04359313077939,80.19694968175814,2.6
5647,8.814699171370242,61.510748168608146,0.0,0.38429206196709503,131.04359313077939,80.19694968175814,2.6
5649,8.814699171370242,61.510748168608146,0.0,0.38429206196709503,131.04359313077939,80.19694968175814,2.6
5651,8.812370935984248,61.494501272631226,0.0,0.38419055851702444,131.00898045430534,80.17576718052153,2.6
5653,8.968938634864001,62.684816344485455,0.0,0.3910163982502016,133.0922065544124,81.62467313472959,2.3
5655,8.812370935984248,61.494501272631226,0.0,0.38419055851702444,131.00898045430534,80.17576718052153,2.6
5657,8.968938634864001,62.684816344485455,0.0,0.3910163982502016,133.0922065544124,81.62467313472959,2.3
5659,8.814699171370242,61.510748168608146,0.0,0.38429206196709503,131.04359313077939,80.19694968175814,2.6
5661,8.816816816816816,61.525525525525524,0.0,0.3843843843843844,131.07507507507506,80.21621621621621,2.6
5663,8.812370935984248,61.494501272631226,0.0,0.38419055851702444,131.00898045430534,80.17576718052153,2.6
5665,8.812370935984248,61.494501272631226,0.0,0.38419055851702444,131.00898045430534,80.17576718052153,2.6
5667,8.802014630051564,61.08646120637966,0.0,0.38373905744094017,131.11883918935123,79.64983811008514,2.6
5669,8.802014630051564,61.08646120637966,0.0,0.38373905744094017,131.11883918935123,79.64983811008514,2.6
5671,8.802014630051564,61.08646120637966,0.0,0.38373905744094017,131.11883918935123,79.64983811008514,2.6
5673,8.802014630051564,61.08646120637966,0.0,0.38373905744094017,131.11883918935123,79.64983811008514,2.6
5675,8.802014630051564,61.08646120637966,0.0,0.38373905744094017,131.11883918935123,79.64983811008514,2.6
5677,8.802014630051564,61.08646120637966,0.0,0.38373905744094017,131.11883918935123,79.64983811008514,2.6
5679,8.802014630051564,61.08646120637966,0.0,0.38373905744094017,131.11883918935123,79.64983811008514,2.6
5681,8.802014630051564,61.08646120637966,0.0,0.38373905744094017,131.11883918935123,79.64983811008514,2.6
5683,8.802014630051564,61.08646120637966,0.0,0.38373905744094017,131.11883918935123,79.64983811008514,2.6
5685,8.802014630051564,61.08646120637966,0.0,0.38373905744094017,131.11883918935123,79.64983811008514,2.6
5687,8.802014630051564,61.08646120637966,0.0,0.38373905744094017,131.11883918935123,79.64983811008514,2.6
5689,8.802014630051564,61.08646120637966,0.0,0.38373905744094017,131.11883918935123,79.64983811008514,2.6
5691,8.802014630051564,61.08646120637966,0.0,0.38373905744094017,131.11883918935123,79.64983811008514,2.6
5693,8.802014630051564,61.08646120637966,0.0,0.38373905744094017,131.11883918935123,79.64983811008514,2.6
5695,0.0,0.40914138757379154,0.0,0.0,102.86983458998186,45.21012332690396,6.4
5697,0.0,0.40700040700040696,0.0,0.0,103.23274608988893,45.525902668759805,6.4
5699,0.0,0.39712932232717785,0.0,0.0,103.45218846622983,45.89680310895527,6.4
5701,0.0,0.39670170865093085,0.0,0.0,103.45413844889633,45.84738318551472,6.4
5703,0.0,0.39670170865093085,0.0,0.0,103.45413844889633,45.84738318551472,6.4
5705,0.0,0.39670170865093085,0.0,0.0,103.45413844889633,45.84738318551472,6.4
5707,0.0,0.3962413675987773,0.0,0.0,103.44729989810936,45.79418091248726,6.5
5709,0.0,0.3962413675987773,0.0,0.0,103.44729989810936,45.79418091248726,6.5
5711,0.0,0.39607321696325004,0.0,0.0,103.48827340368348,45.774747503324186,6.4
5713,0.0,0.3942551393973529,0.0,0.0,103.4638130104196,45.564629681779785,6.4
5715,0.0,0.3941441441441441,0.0,0.0,103.43468468468467,45.5518018018018,6.4
5717,0.0,0.39409976354014187,0.0,0.0,103.42303794617723,45.57482265510641,6.4
5719,0.0,0.3921458782667152,0.0,0.0,103.30242850340326,45.432901039186575,6.6
5721,0.0,0.39156458018683227,0.0,0.0,102.95351569055211,44.86211332997707,6.6
5723,0.0,0.39215686274509803,0.0,0.0,102.88515406162465,44.90196078431372,6.6
5725,0.0,0.41301833801420784,0.0,0.0,102.75896249793492,45.07406795528389,6.7
5727,0.0,0.41301833801420784,0.0,0.0,102.75896249793492,45.07406795528389,6.7
5729,0.0,0.4127910176674555,0.0,0.0,102.70240519566293,45.04925972810832,6.7
5731,0.0,0.4127910176674555,0.0,0.0,102.70240519566293,45.04925972810832,6.7
5733,0.0,0.4124618472791267,0.0,0.0,102.67550251601727,45.095828635851184,6.7
5735,0.0,0.4124618472791267,0.0,0.0,102.67550251601727,45.095828635851184,6.7
5737,0.0,0.4124618472791267,0.0,0.0,102.67550251601727,45.095828635851184,6.7
5739,0.0,0.4124618472791267,0.0,0.0,102.67550251601727,45.095828635851184,6.7
5741,0.0,0.4124618472791267,0.0,0.0,102.67550251601727,45.095828635851184,6.7
5743,0.0,0.4124618472791267,0.0,0.0,102.67550251601727,45.095828635851184,6.7
5745,0.0,0.4124618472791267,0.0,0.0,102.67550251601727,45.095828635851184,6.7
5747,0.0,0.41297285391773575,0.0,0.0,102.69258300754363,45.09663564781675,6.6
5749,0.0,0.40873048311943105,0.0,0.0,102.34611297310553,45.396332325131475,6.6
5751,0.0,0.4086525363700757,0.0,0.0,102.35383860949163,45.38767503950307,6.6
5753,0.0,0.40838551592703515,0.0,0.0,102.2597331881296,45.358017968962706,6.6
5755,0.0,0.4048473725405522,0.0,0.0,101.83260910636689,45.34290572454184,6.8
5757,0.0,0.4048473725405522,0.0,0.0,101.83260910636689,45.34290572454184,6.8
5759,11.649580615097857,78.47157502329917,0.0,0.0,0.4349176762969867,0.0,0.6
5761,68.84611467562888,38.64955698136266,0.0,0.05092168245238822,1.578572156024035,0.8656686016905998,2.8
5763,68.84611467562888,38.64955698136266,0.0,0.05092168245238822,1.578572156024035,0.8656686016905998,2.8
5765,1.2680143383159794,3.816235460508669,0.0,0.024384891121461142,0.7803165158867565,0.09753956448584457,0.0
5767,1.2680143383159794,3.816235460508669,0.0,0.024384891121461142,0.7803165158867565,0.09753956448584457,0.0
5769,1.2680143383159794,3.816235460508669,0.0,0.024384891121461142,0.7803165158867565,0.09753956448584457,0.0
5771,1.2680143383159794,3.816235460508669,0.0,0.024384891121461142,0.7803165158867565,0.09753956448584457,0.0
5773,1.2680143383159794,3.816235460508669,0.0,0.024384891121461142,0.7803165158867565,0.09753956448584457,0.0
5775,1.2680143383159794,3.816235460508669,0.0,0.024384891121461142,0.7803165158867565,0.09753956448584457,0.0
5777,1.2571470015835216,3.783528956688868,0.0,0.024175903876606186,0.7736289240513979,0.09670361550642474,0.0
5779,1.2571470015835216,3.783528956688868,0.0,0.024175903876606186,0.7736289240513979,0.09670361550642474,0.0
5781,1.2571470015835216,3.783528956688868,0.0,0.024175903876606186,0.7736289240513979,0.09670361550642474,0.0
5783,1.2571470015835216,3.783528956688868,0.0,0.024175903876606186,0.7736289240513979,0.09670361550642474,0.0
5785,1.2529214755559839,3.7708117485482977,0.0,0.024094643760691998,0.7710286003421439,0.09637857504276799,0.0
5787,1.2529214755559839,3.7708117485482977,0.0,0.024094643760691998,0.7710286003421439,0.09637857504276799,0.0
5789,1.2024094435387835,3.6187899598811466,0.0,0.023123258529591992,0.7399442729469438,0.09249303411836797,0.0
5791,1.2529214755559839,3.7708117485482977,0.0,0.024094643760691998,0.7710286003421439,0.09637857504276799,0.0
5793,1.2024650533593866,3.6189573240527695,0.0,0.023124327949218974,0.7399784943750072,0.0924973117968759,0.0
5795,1.2024094435387835,3.6187899598811466,0.0,0.023123258529591992,0.7399442729469438,0.09249303411836797,0.0
5797,1.2024094435387835,3.6187899598811466,0.0,0.023123258529591992,0.7399442729469438,0.09249303411836797,0.0
5799,1.2024094435387835,3.6187899598811466,0.0,0.023123258529591992,0.7399442729469438,0.09249303411836797,0.0
5801,1.2024094435387835,3.6187899598811466,0.0,0.023123258529591992,0.7399442729469438,0.09249303411836797,0.0
5803,1.2024094435387835,3.6187899598811466,0.0,0.023123258529591992,0.7399442729469438,0.09249303411836797,0.0
5805,1.2024094435387835,3.6187899598811466,0.0,0.023123258529591992,0.7399442729469438,0.09249303411836797,0.0
5807,1.2024094435387835,3.6187899598811466,0.0,0.023123258529591992,0.7399442729469438,0.09249303411836797,0.0
5809,1.2024094435387835,3.6187899598811466,0.0,0.023123258529591992,0.7399442729469438,0.09249303411836797,0.0
5811,1.2024094435387835,3.6187899598811466,0.0,0.023123258529591992,0.7399442729469438,0.09249303411836797,0.0
5813,1.2024650533593866,3.6189573240527695,0.0,0.023124327949218974,0.7399784943750072,0.0924973117968759,0.0
5815,1.2024650533593866,3.6189573240527695,0.0,0.023124327949218974,0.7399784943750072,0.0924973117968759,0.0
5817,1.2024650533593866,3.6189573240527695,0.0,0.023124327949218974,0.7399784943750072,0.0924973117968759,0.0
5819,1.2024650533593866,3.6189573240527695,0.0,0.023124327949218974,0.7399784943750072,0.0924973117968759,0.0
5821,1.2024650533593866,3.6189573240527695,0.0,0.023124327949218974,0.7399784943750072,0.0924973117968759,0.0
5823,1.2024650533593866,3.6189573240527695,0.0,0.023124327949218974,0.7399784943750072,0.0924973117968759,0.0
5825,1.2024650533593866,3.6189573240527695,0.0,0.023124327949218974,0.7399784943750072,0.0924973117968759,0.0
5827,1.2024650533593866,3.6189573240527695,0.0,0.023124327949218974,0.7399784943750072,0.0924973117968759,0.0
5829,1.2024650533593866,3.6189573240527695,0.0,0.023124327949218974,0.7399784943750072,0.0924973117968759,0.0
5831,1.2024650533593866,3.6189573240527695,0.0,0.023124327949218974,0.7399784943750072,0.0924973117968759,0.0
5833,1.2024650533593866,3.6189573240527695,0.0,0.023124327949218974,0.7399784943750072,0.0924973117968759,0.0
5835,1.2024650533593866,3.6189573240527695,0.0,0.023124327949218974,0.7399784943750072,0.0924973117968759,0.0
5837,1.2024650533593866,3.6189573240527695,0.0,0.023124327949218974,0.7399784943750072,0.0924973117968759,0.0
5839,1.2024650533593866,3.6189573240527695,0.0,0.023124327949218974,0.7399784943750072,0.0924973117968759,0.0
5841,1.2024650533593866,3.6189573240527695,0.0,0.023124327949218974,0.7399784943750072,0.0924973117968759,0.0
5843,1.2024650533593866,3.6189573240527695,0.0,0.023124327949218974,0.7399784943750072,0.0924973117968759,0.0
5845,1.2024650533593866,3.6189573240527695,0.0,0.023124327949218974,0.7399784943750072,0.0924973117968759,0.0
5847,1.2024650533593866,3.6189573240527695,0.0,0.023124327949218974,0.7399784943750072,0.0924973117968759,0.0
5849,1.2024650533593866,3.6189573240527695,0.0,0.023124327949218974,0.7399784943750072,0.0924973117968759,0.0
5851,1.2024650533593866,3.6189573240527695,0.0,0.023124327949218974,0.7399784943750072,0.0924973117968759,0.0
5853,1.2001615602100282,3.6120246956321043,0.0,0.023080030004039007,0.7385609601292482,0.09232012001615603,0.0
5855,1.2001615602100282,3.6120246956321043,0.0,0.023080030004039007,0.7385609601292482,0.09232012001615603,0.0
5857,1.2001615602100282,3.6120246956321043,0.0,0.023080030004039007,0.7385609601292482,0.09232012001615603,0.0
5859,1.2001615602100282,3.6120246956321043,0.0,0.023080030004039007,0.7385609601292482,0.09232012001615603,0.0
5861,1.2001615602100282,3.6120246956321043,0.0,0.023080030004039007,0.7385609601292482,0.09232012001615603,0.0
5863,1.2001615602100282,3.6120246956321043,0.0,0.023080030004039007,0.7385609601292482,0.09232012001615603,0.0
5865,1.2000369242130526,3.6116495892181297,0.0,0.023077633157943322,0.7384842610541863,0.09231053263177329,0.0
5867,1.2001615602100282,3.6120246956321043,0.0,0.023080030004039007,0.7385609601292482,0.09232012001615603,0.0
5869,1.2000369242130526,3.6116495892181297,0.0,0.023077633157943322,0.7384842610541863,0.09231053263177329,0.0
5871,1.2000369242130526,3.6116495892181297,0.0,0.023077633157943322,0.7384842610541863,0.09231053263177329,0.0
5873,1.2001615602100282,3.6120246956321043,0.0,0.023080030004039007,0.7385609601292482,0.09232012001615603,0.0
5875,1.2000369242130526,3.6116495892181297,0.0,0.023077633157943322,0.7384842610541863,0.09231053263177329,0.0
5877,0.0,1.1609682475184304,0.0,0.05804841237592152,0.23219364950368607,0.3482904742555291,0.0
5879,0.0,1.1616425625834932,0.0,0.058082128129174654,0.23232851251669862,0.3484927687750479,0.0
5881,0.0,1.1606313834726092,0.0,0.058031569173630455,0.23212627669452182,0.34818941504178275,0.0
5883,0.0,1.1606313834726092,0.0,0.058031569173630455,0.23212627669452182,0.34818941504178275,0.0
5885,0.0,1.1606313834726092,0.0,0.058031569173630455,0.23212627669452182,0.34818941504178275,0.0
5887,0.0,1.1606313834726092,0.0,0.058031569173630455,0.23212627669452182,0.34818941504178275,0.0
5889,0.0,1.1606313834726092,0.0,0.058031569173630455,0.23212627669452182,0.34818941504178275,0.0
5891,0.0,1.1606313834726092,0.0,0.058031569173630455,0.23212627669452182,0.34818941504178275,0.0
5893,0.0,1.155268022181146,0.0,0.0577634011090573,0.2310536044362292,0.3465804066543438,0.0
5965,0.0,2.131287297527707,0.0,0.0,38.36317135549872,24.722932651321397,0.0
5967,0.0,2.131287297527707,0.0,0.0,38.36317135549872,24.722932651321397,0.0
5969,0.0,2.131287297527707,0.0,0.0,38.36317135549872,24.722932651321397,0.0
5971,0.0,2.131287297527707,0.0,0.0,38.36317135549872,24.722932651321397,0.0
5973,0.0,2.108814846056516,0.0,0.0,37.958667229017294,24.46225221425559,0.0
5975,0.0,2.108814846056516,0.0,0.0,37.958667229017294,24.46225221425559,0.0
5977,0.0,2.108814846056516,0.0,0.0,37.958667229017294,24.46225221425559,0.0
5979,0.0,2.0911752404851525,0.0,0.0,37.641154328732746,24.25763278962777,0.0
5981,0.0,2.0911752404851525,0.0,0.0,37.641154328732746,24.25763278962777,0.0
5983,0.0,2.0911752404851525,0.0,0.0,37.641154328732746,24.25763278962777,0.0
5985,0.0,2.0911752404851525,0.0,0.0,37.641154328732746,24.25763278962777,0.0
5987,0.0,2.0746887966804977,0.0,0.0,37.34439834024896,24.066390041493776,0.0
5989,0.0,2.0746887966804977,0.0,0.0,37.34439834024896,24.066390041493776,0.0
5991,0.0,2.0746887966804977,0.0,0.0,37.34439834024896,24.066390041493776,0.0
5993,0.0,2.0669698222405954,0.0,0.0,37.205456800330715,23.976849937990906,0.0
5995,0.0,2.0669698222405954,0.0,0.0,37.205456800330715,23.976849937990906,0.0
5997,0.0,2.079002079002079,0.0,0.0,37.42203742203743,24.116424116424117,0.0
5999,0.0,2.079002079002079,0.0,0.0,37.42203742203743,24.116424116424117,0.0
6001,0.0,2.0746887966804977,0.0,0.0,37.34439834024896,24.066390041493776,0.0
6003,0.0,2.0669698222405954,0.0,0.0,37.205456800330715,23.976849937990906,0.0
6005,0.0,2.0669698222405954,0.0,0.0,37.205456800330715,23.976849937990906,0.0
6007,0.0,1.9387359441644048,0.0,0.0,34.89724699495928,22.489336952307095,0.0
6009,0.0,1.866368047779022,0.0,0.0,33.5946248600224,21.649869354236657,0.0
6011,0.0,1.866368047779022,0.0,0.0,33.5946248600224,21.649869354236657,0.0
6013,0.0,1.869158878504673,0.0,0.0,33.64485981308412,21.682242990654206,0.0
6015,0.0,1.869158878504673,0.0,0.0,33.64485981308412,21.682242990654206,0.0
6017,0.0,1.869158878504673,0.0,0.0,33.64485981308412,21.682242990654206,0.0
6019,0.0,2.0100502512562817,0.0,0.0,30.150753768844222,19.430485762144055,0.0
6021,0.0,2.0100502512562817,0.0,0.0,30.150753768844222,19.430485762144055,0.0
6023,0.0,1.6886187098953058,0.0,0.0,30.395136778115504,19.587977034785546,0.0
6025,0.0,1.6886187098953058,0.0,0.0,30.395136778115504,19.587977034785546,0.0
6027,0.0,1.6886187098953058,0.0,0.0,30.395136778115504,19.587977034785546,0.0
6029,0.0,1.6886187098953058,0.0,0.0,30.395136778115504,19.587977034785546,0.0
6237,0.0,0.0,0.0,0.0,0.0,0.0,0.0
6239,0.0,0.0,0.0,0.0,0.0,0.0,0.0
6249,0.0,0.0,0.0,0.0,0.0,0.0,0.0
6257,0.0,0.0,0.0,0.0,0.0,0.0,0.0
6281,0.0,0.0,0.0,0.0,0.0,0.0,0.0
6285,0.0,0.0,0.0,0.0,0.0,0.0,0.0
6359,0.0,0.0,0.0,0.0,0.0,0.0,0.0
6361,0.0,0.0,0.0,0.0,0.0,0.0,0.0
6363,0.0,0.0,0.0,0.0,0.0,0.0,0.0
6365,0.0,0.0,0.0,0.0,0.0,0.0,0.0
6367,0.0,0.0,0.0,0.0,0.0,0.0,0.0
6369,0.0,0.0,0.0,0.0,0.0,0.0,0.0
6371,0.0,0.0,0.0,0.0,0.0,0.0,0.0
6373,4.166666666666667,33.333333333333336,0.0,0.0,2.7777777777777777,0.0,0.0
6377,1.079913606911447,11.879049676025918,0.0,0.0,0.0,0.0,0.0
6379,0.0,61.81818181818181,0.0,0.0,0.0,0.0,0.0
6383,11.904761904761905,11.904761904761905,0.0,0.0,11.904761904761905,0.0,0.0
6385,6.756756756756757,6.756756756756757,0.0,0.0,6.756756756756757,0.0,0.0
6389,0.0,11.1731843575419,0.0,0.0,326.81564245810057,290.5027932960894,0.0
6391,0.0,11.1731843575419,0.0,0.0,326.81564245810057,290.5027932960894,0.0
6411,0.0,9.398496240601503,0.0,0.0,347.7443609022556,413.5338345864661,3.9
6413,0.0,11.538461538461538,0.0,0.0,344.2307692307692,417.3076923076923,0.0
6419,0.0,9.67741935483871,0.0,0.0,335.48387096774195,293.5483870967742,0.0
6461,0.0,12.1580547112462,0.0,0.0,349.5440729483283,306.99088145896656,0.0
6469,0.0,11.594202898550726,0.0,0.0,347.82608695652175,304.34782608695656,0.0
6471,0.0,11.661807580174926,0.0,0.0,349.8542274052478,306.1224489795918,0.0
6477,3.3557046979865772,6.7114093959731544,0.0,0.0,0.0,0.0,0.0
6479,3.058103975535168,6.116207951070336,0.0,0.0,0.0,0.0,0.0
6485,0.0,22.42152466367713,0.0,0.0,22.42152466367713,0.0,16.9
6501,0.0,53.25443786982248,0.0,0.0,5.9171597633136095,0.0,0.0
6551,0.0,42.5531914893617,0.0,85.1063829787234,21.27659574468085,21.27659574468085,0.0
6639,0.0,7.134363852556481,0.0,0.0,142.68727705112963,168.84661117717005,0.0
6641,0.0,18.987341772151897,0.0,0.0,18.987341772151897,50.63291139240506,11.1
6643,0.0,17.341040462427745,0.0,0.0,17.341040462427745,46.24277456647399,0.0
6645,0.0,25.229357798165136,0.0,0.0,32.11009174311926,73.39449541284404,2.7
6647,0.0,14.516129032258064,0.0,0.0,104.83870967741936,324.19354838709677,13.3
6649,0.0,9.793253536452665,0.0,0.0,18.498367791077257,47.87812840043525,6.5
6651,0.0,9.750812567713975,0.0,0.0,19.50162513542795,53.08775731310942,6.5
6653,0.0,8.051529790660226,0.0,0.0,77.29468599033817,138.48631239935588,10.0
6655,0.0,14.539579967689823,0.0,0.0,74.31340872374798,147.0113085621971,0.0
6657,0.0,26.285714285714285,0.0,0.0,33.142857142857146,76.57142857142857,2.6
6659,0.0,13.422818791946309,0.0,0.0,95.07829977628636,176.7337807606264,5.6
6661,0.0,16.233766233766232,0.0,0.0,38.96103896103896,81.16883116883118,6.9
6663,0.0,9.589041095890412,0.0,0.0,191.78082191780823,297.26027397260276,0.0
6665,0.0,13.303769401330376,0.0,0.0,96.45232815964523,184.03547671840354,5.5
6667,0.0,21.645021645021643,0.0,0.0,60.6060606060606,125.54112554112554,0.0
6669,0.0,9.72972972972973,0.0,0.0,19.45945945945946,52.97297297297297,6.5
6671,0.0,5.747126436781609,0.0,0.0,106.32183908045977,89.08045977011494,2.1
6673,0.0,0.0,0.0,0.0,83.63636363636363,36.36363636363636,0.0
6675,0.0,0.0,0.0,0.0,244.5141065830721,244.5141065830721,0.0
6677,0.0,6.641366223908918,0.0,0.0,253.32068311195445,237.19165085388994,0.0
6679,0.0,23.689320388349515,0.0,0.0,101.35922330097087,177.4757281553398,1.0
6681,0.0,27.225583405358684,0.0,0.0,83.40535868625756,149.95678478824547,1.1
6685,0.0,35.2112676056338,0.0,0.0,70.4225352112676,129.10798122065728,23.6
6687,0.0,34.883720930232556,0.0,0.0,69.76744186046511,130.2325581395349,23.3
6713,0.0,5.012531328320802,0.0,0.0,76.85881370091896,81.03592314118629,2.9
6731,0.0,56.33802816901409,0.0,28.169014084507044,0.0,0.0,0.0
6733,0.0,72.0,0.0,16.0,0.0,0.0,0.0
6737,0.0,66.66666666666666,0.0,7.4074074074074066,0.0,0.0,0.0
6747,0.0,62.5,0.0,0.0,0.0,0.0,0.0
6761,0.0,62.5,0.0,0.0,0.0,0.0,0.0
6763,0.0,11.67222486898523,0.0,0.0,114.81657932348736,97.90376369699857,7.2
6767,0.0,0.0,0.0,0.0,84.0,32.0,0.0
6769,0.0,5.347593582887701,0.0,0.0,219.25133689839572,173.79679144385028,0.0
6771,0.0,0.0,0.0,0.0,200.0,76.19047619047619,0.0
6773,0.0,5.9405940594059405,0.0,0.0,215.84158415841583,205.94059405940595,0.0
6797,0.0,4.400440044004401,0.0,0.0,0.0,0.0,0.0
6813,31.25,37.5,0.0,0.0,0.0,0.0,0.0
6821,0.0,58.8235294117647,0.0,0.0,0.0,0.0,0.0
6823,0.0,0.0,0.0,0.0,163.71681415929203,92.92035398230088,0.0
6829,0.0,0.0,0.0,0.0,181.33333333333334,120.0,0.0
6833,0.0,0.0,0.0,0.0,187.19211822660097,155.17241379310343,0.0
6835,0.0,0.0,0.0,0.0,201.32013201320132,135.31353135313532,0.0
6837,0.0,0.0,0.0,0.0,250.0,275.0,0.0
6839,0.0,22.727272727272727,0.0,0.0,322.72727272727275,804.5454545454545,15.1
6841,0.0,21.73913043478261,0.0,0.0,313.04347826086956,782.6086956521739,14.6
6843,0.0,0.0,0.0,0.0,201.32013201320132,135.31353135313532,0.0
6845,0.0,5.988023952095808,0.0,2.994011976047904,191.61676646706584,122.75449101796407,0.0
6847,0.0,8.287292817679559,0.0,0.0,229.28176795580112,363.2596685082873,0.0
6849,0.0,9.328358208955223,0.0,0.0,249.99999999999997,412.3134328358209,6.0
6851,0.0,21.09704641350211,0.0,0.0,312.23628691983123,763.7130801687764,14.2
6853,0.0,14.084507042253522,0.0,0.0,273.23943661971833,597.1830985915493,0.0
6855,0.0,0.0,0.0,0.0,127.65957446808511,42.5531914893617,0.0
6857,0.0,3.2051282051282053,0.0,0.0,201.92307692307693,137.82051282051282,0.0
6859,0.0,20.833333333333336,0.0,0.0,308.33333333333337,754.1666666666667,14.0
6863,0.0,13.550135501355014,0.0,0.0,273.71273712737127,574.5257452574526,0.0
6865,0.0,0.0,0.0,0.0,243.90243902439025,268.29268292682923,0.0
6867,0.0,4.464285714285714,0.0,0.0,232.14285714285714,316.9642857142857,0.0
6869,0.0,4.484304932735426,0.0,0.0,237.66816143497758,345.2914798206278,0.0
6871,0.0,5.639097744360902,0.0,0.0,187.96992481203006,174.81203007518795,0.0
6873,0.0,4.566210045662101,0.0,0.0,191.78082191780823,139.26940639269407,0.0
6875,0.0,13.404825737265416,0.0,0.0,276.1394101876676,571.0455764075067,0.0
6877,0.0,4.291845493562231,0.0,0.0,231.7596566523605,313.3047210300429,0.0
6881,0.0,4.201680672268908,0.0,0.0,226.89075630252103,306.7226890756303,0.0
6883,0.0,13.333333333333334,0.0,0.0,277.3333333333333,570.6666666666666,0.0
6885,0.0,12.31527093596059,0.0,0.0,280.78817733990144,598.5221674876847,0.0
6887,0.0,13.333333333333334,0.0,0.0,280.0,573.3333333333334,0.0
6891,0.0,3.418803418803419,0.0,0.0,208.54700854700857,208.54700854700857,0.0
6893,0.0,13.793103448275863,0.0,0.0,268.9655172413793,587.3563218390805,3.6
6895,0.0,11.450381679389313,0.0,0.0,274.8091603053435,540.0763358778626,6.1
6897,0.0,9.345794392523365,0.0,0.0,303.7383177570093,628.5046728971963,0.0
6899,0.0,2.857142857142857,0.0,0.0,202.85714285714286,145.71428571428572,0.0
6901,0.0,3.067484662576687,0.0,0.0,205.52147239263803,203.98773006134968,0.0
6903,0.0,3.067484662576687,0.0,0.0,205.52147239263803,203.98773006134968,0.0
6905,0.0,5.482456140350877,0.0,0.0,263.1578947368421,445.17543859649123,0.0
6907,0.0,2.7137042062415198,0.0,0.0,225.23744911804613,225.23744911804613,0.0
6909,0.0,2.7624309392265194,0.0,0.0,201.65745856353593,146.40883977900552,0.0
6911,0.0,18.24817518248175,0.0,0.0,317.51824817518246,744.5255474452554,12.1
6913,0.0,12.224938875305623,0.0,0.0,281.17359413202934,603.9119804400979,0.0
6915,0.0,9.389671361502348,0.0,0.0,295.77464788732397,622.0657276995305,0.0
6917,0.0,12.106537530266344,0.0,0.0,285.7142857142857,615.0121065375303,0.0
6919,0.0,2.557544757033248,0.0,0.0,214.83375959079282,231.45780051150894,0.0
6935,0.0,5.008347245409015,0.0,0.0,200.3338898163606,278.7979966611018,0.0
6937,0.0,24.096385542168672,0.0,0.0,168.67469879518072,120.48192771084337,0.0
6941,0.0,10.95890410958904,0.0,0.0,202.73972602739727,287.67123287671234,0.0
6943,0.0,10.95890410958904,0.0,0.0,202.73972602739727,287.67123287671234,0.0
6945,0.0,10.869565217391305,0.0,0.0,201.08695652173913,285.32608695652175,0.0
6947,0.0,10.869565217391305,0.0,0.0,201.08695652173913,285.32608695652175,0.0
6949,0.0,16.722408026755854,0.0,0.0,160.5351170568562,224.08026755852845,0.0
6975,0.0,53.57142857142857,0.0,0.0,0.0,0.0,0.0
7057,0.0,10.517458981909972,0.0,0.0,139.25115692048803,139.67185527976443,0.0
7059,0.0,10.7421875,0.0,0.0,196.2890625,192.3828125,0.0
7061,0.0,5.133054167229502,0.0,0.0,215.85843576928275,174.79400243144673,29.1
7063,0.0,10.869565217391305,0.0,0.0,140.527950310559,162.26708074534162,14.3
7065,0.0,5.939356048765239,0.0,0.0,183.18224445139106,158.17442950922165,17.5
7067,0.0,7.958219348420791,0.0,0.0,149.21661278288983,140.0149216612783,25.3
7069,0.0,16.198704103671705,0.0,0.0,164.50683945284376,183.9452843772498,24.8
7071,0.0,18.740031897926634,0.0,0.0,170.65390749601275,198.96331738437001,21.1
7073,0.0,9.507042253521128,0.0,0.0,189.61267605633805,181.33802816901408,21.5
7075,0.0,5.375232582179037,0.0,0.0,178.3130039280546,150.91999173041143,25.9
7077,0.0,10.625737898465172,0.0,0.0,210.54702872884693,183.982683982684,26.1
7079,0.0,4.9860240235702955,0.0,0.0,223.31343960111806,179.7990481226864,20.1
7081,0.0,1.2730744748567793,0.0,0.0,133.6728198599618,78.9306174411203,40.2
7083,0.0,24.986985944820404,0.0,0.0,142.11348256116605,206.14263404476836,25.9
7085,0.0,6.318745611982214,0.0,0.0,207.11443950386146,170.37210390826118,27.6
7087,0.0,24.84472049689441,0.0,0.0,141.82194616977227,204.9689440993789,26.0
7089,0.0,6.337709370755998,0.0,0.0,207.78632865550023,169.76007243096424,19.2
7091,0.0,24.653312788906007,0.0,0.0,143.29738058551618,206.47149460708783,25.8
7093,0.0,12.762762762762764,0.0,0.0,194.19419419419418,190.19019019019018,18.4
7095,0.0,10.607915136678907,0.0,0.0,204.20236638106894,185.8425132598939,18.5
7097,0.0,22.202486678507995,0.0,0.0,153.19715808170517,198.93428063943165,22.0
7103,0.0,1.1750881316098707,0.0,0.0,240.05371831458788,171.56286721504114,20.9
7111,0.0,7.305194805194805,0.0,0.0,257.57575757575756,207.6569264069264,16.4
7115,0.0,3.464377165235728,0.0,0.0,257.41828588642863,190.03866044082943,22.0
7119,0.0,0.0,0.0,0.0,0.0,0.0,0.0
7121,0.0,7.123219195201199,0.0,0.0,257.18570357410647,205.0737315671082,17.1
7125,0.0,8.70627768443562,0.0,0.0,257.5225294027799,215.21307469069805,17.5
7127,0.0,4.404054526389374,0.0,0.0,241.1045089129675,184.06151695211466,24.2
7129,0.0,12.163742690058479,0.0,0.0,220.58479532163742,188.30409356725144,18.1
7133,0.0,3.144147049338923,0.0,0.0,270.07416962270236,197.03321509190584,21.5
7193,0.0,6.462035541195477,0.0,0.0,255.25040387722132,316.6397415185784,0.0
7195,0.0,5.873715124816446,0.0,0.0,254.0381791483113,295.1541850220264,0.0
7197,0.0,7.104795737122559,0.0,0.0,252.22024866785083,317.9396092362345,0.0
7215,28.571428571428573,47.61904761904762,19.047619047619047,9.523809523809524,0.0,0.0,0.0
7217,0.0,3.8860103626943006,0.0,0.0,259.0673575129534,348.44559585492226,0.0
7219,0.0,0.0,0.0,200.0,0.0,0.0,0.0
7221,0.7490636704119851,6.741573033707866,0.7490636704119851,0.0,217.97752808988764,284.6441947565543,0.0
7223,0.0,16.949152542372882,0.0,0.0,220.33898305084747,182.20338983050848,0.0
7225,1.8348623853211008,11.009174311926605,1.8348623853211008,0.0,148.62385321100916,121.10091743119266,0.0
7229,5.555555555555555,11.11111111111111,5.555555555555555,0.0,0.0,0.0,0.0
7231,0.0,21.62162162162162,0.0,0.0,104.5045045045045,73.87387387387386,0.0
7233,0.0,45.45454545454546,0.0,0.0,284.0909090909091,431.81818181818187,0.0
7235,0.0,3.6900369003690034,0.0,0.0,84.87084870848707,22.14022140221402,0.0
7237,0.0,5.689900426742533,0.0,0.0,172.11948790896162,42.67425320056899,30.0
7239,0.0,19.627579265223954,0.0,0.0,256.66834423754403,317.56416708605934,0.0
7241,1.1402508551881414,29.646522234891677,0.0,0.0,116.30558722919042,70.69555302166476,0.0
7243,1.931434089811685,11.10574601641719,0.0,0.0,125.54321583775953,46.83727667793336,5.8
7245,0.0,30.195381882770874,0.0,0.0,258.43694493783306,293.07282415630556,0.0
7247,0.0,27.027027027027028,0.0,0.0,240.92664092664094,261.003861003861,0.0
7249,0.0,48.78048780487805,0.0,0.0,167.8622668579627,137.73314203730274,0.0
7251,1.2004801920768309,18.007202881152462,0.0,0.0,158.46338535414165,44.41776710684274,0.0
7255,0.0,12.578616352201257,0.0,0.0,81.76100628930817,12.578616352201257,45.8
7257,0.0,0.0,0.0,0.0,146.11872146118722,82.1917808219178,0.0
7259,0.0,35.62340966921119,0.0,0.0,173.02798982188295,147.5826972010178,0.0
7261,0.0,18.58470335954253,0.0,0.0,135.096497498213,52.18012866333095,2.0
7263,3.9840637450199203,4.9800796812749,0.0,0.0,65.73705179282868,23.904382470119522,0.0
7265,1.0362694300518136,13.471502590673575,0.0,0.0,159.58549222797927,61.139896373057,0.0
7267,2.4787535410764874,27.974504249291787,0.0,0.0,151.55807365439094,114.73087818696885,0.0
7269,4.08997955010225,5.112474437627812,0.0,0.0,55.21472392638037,21.472392638036812,0.0
7271,0.0,24.207492795389047,0.0,0.0,213.8328530259366,198.27089337175792,0.0
7273,3.9800995024875627,4.975124378109453,0.0,0.0,65.67164179104478,23.880597014925375,0.0
7275,0.0,29.876977152899826,0.0,0.0,259.2267135325132,297.01230228471,0.0
7277,0.0,34.883720930232556,0.0,0.0,232.5581395348837,73.64341085271317,10.2
7279,0.0,0.0,0.0,0.0,139.78494623655914,53.763440860215056,0.0
7281,1.1428571428571428,29.714285714285715,0.0,0.0,115.42857142857143,69.71428571428571,0.0
7283,0.0,14.5985401459854,0.0,0.0,0.0,0.0,0.0
7285,0.0,11.976047904191615,0.0,0.0,377.2455089820359,95.80838323353292,9.2
7287,0.0,5.3097345132743365,0.0,0.0,97.34513274336284,17.69911504424779,0.0
7289,0.0,5.3097345132743365,0.0,0.0,97.34513274336284,17.69911504424779,0.0
7291,0.0,17.441860465116278,0.0,0.0,134.68992248062014,73.64341085271317,31.9
7293,0.0,13.266998341625207,0.0,0.0,129.35323383084577,16.58374792703151,0.0
7295,0.7189072609633357,27.318475916606758,0.0,0.0,185.4780733285406,91.30122214234363,4.6
7297,7.142857142857143,2.380952380952381,0.0,0.0,102.38095238095238,28.571428571428573,0.0
7299,0.0,37.151702786377705,0.0,0.0,368.42105263157896,83.59133126934984,38.0
7303,0.0,25.816249050873196,0.0,0.0,259.68109339407744,264.2369020501139,0.0
7305,0.0,13.266998341625207,0.0,0.0,129.35323383084577,16.58374792703151,0.0
7307,0.0,35.483870967741936,0.0,0.0,377.4193548387097,83.87096774193549,39.5
7309,0.0,5.617977528089888,0.0,0.0,129.21348314606743,140.4494382022472,0.0
7311,0.0,20.92050209205021,0.0,0.0,200.83682008368203,102.51046025104603,0.0
7313,0.0,0.0,0.0,0.0,210.9375,23.4375,0.0
7315,0.0,6.191950464396284,0.0,0.0,126.93498452012383,80.4953560371517,0.0
7317,0.0,15.15151515151515,0.0,0.0,231.06060606060606,223.48484848484847,0.0
7319,0.0,29.023746701846964,0.0,0.0,158.31134564643799,108.17941952506597,0.0
7321,3.663003663003663,10.989010989010989,0.0,0.0,150.18315018315016,58.608058608058606,0.0
7323,0.0,0.0,0.0,0.0,119.04761904761905,23.80952380952381,0.0
7325,3.0721966205837172,27.13773681515617,0.0,0.0,168.97081413210444,141.83307731694828,0.0
7327,0.0,29.850746268656717,0.0,0.0,259.87708516242316,296.7515364354697,0.0
7329,0.0,6.622516556291391,0.0,0.0,72.8476821192053,13.245033112582782,0.0
7331,0.0,16.99415825809878,0.0,0.0,138.60860329261817,87.09506107275624,19.8
7333,0.0,10.989010989010989,0.0,0.0,131.86813186813188,10.989010989010989,0.0
7335,0.0,27.77777777777778,0.0,0.0,227.7777777777778,122.22222222222223,0.0
7337,0.0,0.0,0.0,0.0,83.33333333333333,11.904761904761903,0.0
7339,0.0,16.33605600933489,0.0,0.0,140.02333722287048,101.5169194865811,0.0
7341,11.494252873563218,3.8314176245210727,0.0,0.0,126.43678160919539,49.808429118773944,0.0
7343,0.0,0.0,0.0,0.0,88.49557522123894,0.0,0.0
7345,0.0,16.886543535620053,0.0,0.0,139.31398416886543,87.0712401055409,19.7
7347,3.4843205574912894,10.452961672473869,0.0,0.0,156.79442508710804,66.2020905923345,0.0
7349,1.1655011655011656,17.482517482517483,0.0,0.0,168.997668997669,53.613053613053616,0.0
7351,1.6025641025641026,25.641025641025642,0.0,0.0,116.98717948717949,66.50641025641026,3.5
7353,0.0,48.640915593705294,0.0,0.0,167.38197424892704,137.33905579399143,0.0
7355,0.0,24.822695035460995,0.0,0.0,159.5744680851064,28.368794326241137,0.0
7357,0.0,0.0,0.0,0.0,116.7883211678832,43.7956204379562,0.0
7359,0.0,36.93644758283541,0.0,0.0,224.87778381314504,235.74144486692015,0.0
7361,0.0,33.43023255813954,0.0,0.0,218.0232558139535,84.30232558139535,3.6
7363,0.0,15.625,0.0,0.0,64.73214285714286,40.17857142857143,23.9
7365,0.0,60.78147612156296,0.0,0.0,131.6931982633864,136.03473227206948,12.2
7367,0.0,0.0,0.0,0.0,87.3015873015873,7.936507936507937,0.0
7369,0.0,0.0,0.0,0.0,90.9090909090909,15.810276679841897,0.0
7371,0.0,5.88235294117647,0.0,0.0,123.52941176470587,47.05882352941176,0.0
7375,0.0,60.78147612156296,0.0,0.0,131.6931982633864,136.03473227206948,12.2
7381,0.0,2.8985507246376816,0.0,0.0,104.34782608695653,98.55072463768117,0.0
7383,0.0,7.352941176470589,0.0,0.0,203.4313725490196,416.6666666666667,29.3
7385,0.0,4.6082949308755765,0.0,0.0,115.2073732718894,96.7741935483871,8.2
7387,0.0,9.345794392523365,0.0,0.0,171.33956386292834,288.16199376947037,0.0
7391,0.0,8.547008547008547,0.0,0.0,182.9059829059829,283.7606837606838,0.0
7393,0.0,0.0,0.0,0.0,146.15384615384616,153.84615384615384,0.0
7395,0.0,5.736137667304015,0.0,0.0,202.67686424474186,378.585086042065,6.6
7403,0.0,11.160714285714285,0.0,0.0,122.76785714285714,125.0,7.1
7405,0.0,8.210180623973727,0.0,0.0,185.55008210180625,287.35632183908046,0.0
7409,0.0,8.620689655172413,0.0,431.03448275862064,34.48275862068965,0.0,0.0
7411,0.9881422924901185,8.152173913043478,0.0,0.0,0.49407114624505927,0.0,0.0
7421,12.422360248447205,31.055900621118013,0.0,0.0,6.211180124223603,0.0,0.0
7423,0.0,10.416666666666666,0.0,0.0,10.416666666666666,0.0,0.0
7427,9.070294784580499,24.94331065759637,0.0,120.18140589569161,13.605442176870747,0.0,0.0
7435,25.423728813559322,16.949152542372882,0.0,0.0,8.474576271186441,0.0,0.0
7437,25.0,16.666666666666668,0.0,0.0,8.333333333333334,0.0,0.0
7439,22.727272727272727,15.15151515151515,0.0,0.0,7.575757575757575,0.0,0.0
7447,0.0,171.875,15.625,15.625,250.0,609.375,0.0
7449,0.0,0.0,0.0,0.0,83.33333333333333,0.0,0.0
7451,0.0,17.341040462427745,0.0,0.0,0.0,0.0,0.0
7453,76.19047619047619,76.19047619047619,0.0,0.0,9.523809523809524,0.0,0.0
7459,76.19047619047619,76.19047619047619,0.0,0.0,9.523809523809524,0.0,0.0
7461,76.19047619047619,76.19047619047619,0.0,0.0,9.523809523809524,0.0,0.0
7465,12.5,25.0,0.0,0.0,25.0,0.0,0.0
7469,12.345679012345679,24.691358024691358,0.0,0.0,24.691358024691358,0.0,0.0
7471,74.07407407407408,74.07407407407408,0.0,0.0,9.25925925925926,0.0,0.0
7473,0.0,0.0,0.0,0.0,1000.0,0.0,0.0
7481,0.0,0.0,0.0,0.0,100.0,0.0,0.0
7483,71.42857142857143,71.42857142857143,0.0,0.0,8.928571428571429,0.0,0.0
7485,72.07207207207207,72.07207207207207,0.0,0.0,9.00900900900901,0.0,0.0
7495,70.79646017699115,70.79646017699115,0.0,0.0,8.849557522123893,0.0,0.0
7505,46.51162790697674,37.2093023255814,0.0,0.0,4.651162790697675,0.0,0.0
7523,16.666666666666668,0.0,0.0,0.0,0.0,0.0,0.0
7525,0.0,0.0,0.0,0.0,7.042253521126761,0.0,0.0
7529,0.0,0.0,0.0,0.0,6.289308176100628,0.0,0.0
7569,0.0,0.0,0.0,0.0,0.0,0.0,0.0
7641,0.0,0.0,0.0,0.0,0.0,0.0,0.0
7679,0.0,0.0,0.0,0.0,0.0,0.0,0.0
8237,0.0,0.0,0.0,0.0,0.0,0.0,0.0
8653,0.0,0.0,0.0,0.0,0.0,0.0,0.0
8751,0.0,0.0,0.0,0.0,0.0,0.0,0.0
8757,0.0,0.0,0.0,0.0,0.0,0.0,0.0
8825,0.0,0.0,0.0,0.0,0.0,0.0,0.0
8893,0.0,0.0,0.0,0.0,0.0,0.0,0.0
9137,0.0,0.0,0.0,0.0,0.0,0.0,0.0
9219,0.0,0.0,0.0,0.0,0.0,0.0,0.0
9351,0.0,0.0,0.0,0.0,0.0,0.0,0.0
9353,0.0,0.0,0.0,0.0,0.0,0.0,0.0
9355,0.0,0.0,0.0,0.0,0.0,0.0,0.0
9441,0.0,0.0,0.0,0.0,0.0,0.0,0.0
9443,0.0,0.0,0.0,0.0,0.0,0.0,0.0
9601,0.0,0.0,0.0,0.0,0.0,0.0,0.0
10351,0.0,0.0,0.0,0.0,0.0,0.0,0.0
10459,0.0,0.0,0.0,0.0,0.0,0.0,0.0
10709,0.0,0.0,0.0,0.0,0.0,0.0,0.0
10713,0.0,0.0,0.0,0.0,0.0,0.0,0.0
11081,0.0,0.0,0.0,0.0,0.0,0.0,0.0
11421,0.0,0.0,0.0,0.0,0.0,0.0,0.0
11819,0.0,0.0,0.0,0.0,0.0,0.0,0.0
12093,0.0,0.0,0.0,0.0,0.0,0.0,0.0
12097,0.0,0.0,0.0,0.0,0.0,0.0,0.0
12641,0.0,0.0,0.0,0.0,0.0,0.0,0.0
12839,0.0,0.0,0.0,0.0,0.0,0.0,0.0
13243,0.0,0.0,0.0,0.0,0.0,0.0,0.0
13621,0.0,0.0,0.0,0.0,0.0,0.0,0.0
13625,0.0,0.0,0.0,0.0,0.0,0.0,0.0
13685,0.0,0.0,0.0,0.0,0.0,0.0,0.0
13693,0.0,0.0,0.0,0.0,0.0,0.0,0.0
13735,0.0,0.0,0.0,0.0,0.0,0.0,0.0
13739,0.0,0.0,0.0,0.0,0.0,0.0,0.0
13997,0.0,0.0,0.0,0.0,0.0,0.0,0.0
14183,10.0,0.0,0.0,0.0,10.0,0.0,0.0
14187,12.195121951219512,0.0,0.0,0.0,12.195121951219512,0.0,0.0
14189,0.0,0.0,0.0,0.0,0.0,0.0,0.0
14191,12.987012987012987,0.0,0.0,0.0,0.0,0.0,0.0
14193,43.47826086956522,43.47826086956522,0.0,0.0,43.47826086956522,0.0,0.0
14195,0.0,0.0,0.0,0.0,0.0,0.0,0.0
14197,0.0,250.0,0.0,0.0,0.0,0.0,0.0
14205,20.408163265306122,0.0,0.0,0.0,20.408163265306122,0.0,0.0
14207,41.666666666666664,0.0,0.0,0.0,41.666666666666664,0.0,0.0
14209,0.0,0.0,0.0,0.0,0.0,0.0,0.0
14211,0.0,0.0,0.0,0.0,0.0,0.0,0.0
14213,0.0,0.0,0.0,0.0,0.0,0.0,0.0
14215,9.732360097323602,163.01703163017032,0.0,2.4330900243309004,265.20681265206815,187.34793187347933,0.0
14217,1.563721657544957,203.28381548084442,0.0,3.127443315089914,293.19781078967947,477.7169663799844,0.0
14219,0.0,82.44274809160305,0.0,1.5267175572519083,216.793893129771,236.64122137404578,22.8
14223,3.0769230769230766,227.69230769230768,0.0,3.0769230769230766,227.69230769230768,187.69230769230768,0.0
14225,0.0,208.33333333333334,0.0,0.0,166.66666666666666,125.0,0.0
14227,26.315789473684212,421.0526315789474,0.0,0.0,105.26315789473685,52.631578947368425,0.0
14229,5.277044854881266,237.46701846965698,0.0,2.638522427440633,229.5514511873351,211.08179419525067,0.0
14231,0.0,430.7692307692308,0.0,0.0,230.76923076923077,123.07692307692307,0.0
14233,0.0,117.6470588235294,0.0,0.0,235.2941176470588,88.23529411764706,0.0
14235,16.129032258064516,274.19354838709677,0.0,0.0,145.16129032258064,64.51612903225806,0.0
14237,2.4271844660194177,252.42718446601944,0.0,2.4271844660194177,235.4368932038835,201.45631067961168,0.0
14239,0.0,265.625,0.0,7.8125,210.9375,54.6875,18.2
14241,0.0,235.29411764705884,0.0,0.0,372.54901960784315,274.5098039215686,0.0
14243,0.0,235.29411764705884,0.0,0.0,372.54901960784315,274.5098039215686,0.0
14247,2.384737678855326,255.9618441971383,0.0,3.179650238473768,321.939586645469,525.4372019077902,22.9
14251,0.0,351.35135135135135,0.0,0.0,270.27027027027026,189.1891891891892,0.0
14255,0.0,0.0,0.0,0.0,333.3333333333333,0.0,0.0
14259,29.41176470588235,323.52941176470586,0.0,0.0,147.05882352941177,88.23529411764706,0.0
14261,2.5974025974025974,244.15584415584416,0.0,2.5974025974025974,236.36363636363635,225.97402597402598,0.0
14267,0.0,258.06451612903226,0.0,0.0,129.03225806451613,32.25806451612903,0.0
14271,0.0,44.11764705882353,0.0,0.0,249.99999999999997,0.0,0.0
14275,2.8089887640449436,236.89138576779024,0.0,3.745318352059925,315.54307116104866,519.6629213483146,0.0
14283,2.3980815347721824,59.95203836930456,0.0,2.3980815347721824,237.41007194244605,206.23501199040768,0.0
14293,27.77777777777778,305.5555555555556,0.0,0.0,138.88888888888889,111.11111111111111,0.0
14339,0.0,39.75535168195719,0.0,0.0,308.86850152905197,373.0886850152905,0.0
14401,11.363636363636365,284.0909090909091,0.0,0.0,204.54545454545456,204.54545454545456,0.0
14407,8.849557522123893,274.3362831858407,0.0,44.24778761061947,345.13274336283183,371.6814159292035,0.0
14409,11.363636363636365,284.0909090909091,0.0,0.0,204.54545454545456,204.54545454545456,0.0
14411,9.433962264150944,301.8867924528302,0.0,18.867924528301888,311.3207547169811,311.3207547169811,0.0
14417,10.989010989010989,274.72527472527474,0.0,0.0,186.81318681318683,131.86813186813188,0.0
14419,0.0,22.93577981651376,0.0,0.0,68.80733944954129,64.22018348623853,0.0
14427,0.0,185.7142857142857,0.0,0.0,314.2857142857143,364.2857142857143,0.0
14429,0.0,77.92207792207792,0.0,0.0,181.8181818181818,77.92207792207792,0.0
14431,9.174311926605505,293.57798165137615,0.0,18.34862385321101,311.92660550458714,302.7522935779817,0.0
14441,0.0,137.9310344827586,0.0,0.0,379.31034482758616,224.13793103448273,0.0
14445,9.433962264150944,301.8867924528302,0.0,18.867924528301888,320.7547169811321,311.3207547169811,0.0
14459,0.0,9.615384615384615,0.0,0.0,63.46153846153846,38.46153846153846,17.0
14465,34.09090909090909,45.45454545454546,0.0,0.0,170.45454545454547,34.09090909090909,0.0
14469,0.0,75.94936708860759,0.0,0.0,177.21518987341773,75.94936708860759,0.0
14473,2.828854314002829,21.216407355021218,0.0,0.0,113.15417256011317,91.93776520509195,11.5
14475,1.6103059581320451,20.933977455716587,0.0,0.0,104.66988727858293,148.14814814814815,13.7
14477,3.5502958579881656,24.85207100591716,0.0,2.366863905325444,136.09467455621302,114.79289940828403,9.3
14479,0.0,10.02004008016032,0.0,0.0,66.13226452905812,40.08016032064128,17.7
14481,0.0,10.351966873706004,0.0,0.0,68.32298136645963,41.40786749482402,18.2
14483,0.0,9.784735812133071,0.0,0.0,64.57925636007828,39.138943248532286,17.3
14485,0.0,11.037527593818984,0.0,0.0,72.8476821192053,44.150110375275936,19.3
14487,0.0,11.60092807424594,0.0,0.0,76.56612529002321,46.40371229698376,20.2
14489,0.0,11.389521640091116,0.0,0.0,75.17084282460137,45.558086560364465,19.8
14491,0.0,11.210762331838565,0.0,0.0,73.99103139013452,44.84304932735426,19.6
14493,8.064516129032258,40.32258064516129,0.0,0.0,189.51612903225808,181.4516129032258,0.0
14523,0.0,0.0,0.0,0.0,153.84615384615384,76.92307692307692,0.0
14525,0.0,49.079754601226995,0.0,0.0,331.2883435582822,288.34355828220856,0.0
14531,4.310344827586206,30.17241379310345,0.0,4.310344827586206,400.8620689655172,310.34482758620686,0.0
14535,0.0,49.382716049382715,0.0,0.0,339.5061728395062,271.6049382716049,0.0
14541,0.0,16.528925619834713,0.0,2.7548209366391188,396.6942148760331,110.19283746556474,0.0
14543,0.0,16.528925619834713,0.0,2.7548209366391188,396.6942148760331,110.19283746556474,0.0
14547,0.0,48.78048780487805,0.0,0.0,329.2682926829268,286.5853658536585,0.0
14551,0.0,19.607843137254903,0.0,0.0,274.5098039215686,423.52941176470586,0.0
14553,0.0,19.607843137254903,0.0,0.0,270.5882352941176,411.7647058823529,0.0
14555,0.0,44.0251572327044,0.0,0.0,427.67295597484275,264.1509433962264,0.0
14569,6.600660066006601,39.603960396039604,3.3003300330033003,0.0,382.8382838283828,320.13201320132015,0.0
14571,0.0,44.0251572327044,0.0,0.0,427.67295597484275,264.1509433962264,0.0
14573,0.0,16.483516483516485,0.0,2.7472527472527473,398.35164835164835,109.8901098901099,0.0
14603,7.042253521126761,28.169014084507044,0.0,7.042253521126761,373.23943661971833,197.1830985915493,0.0
14607,5.138746145940391,41.62384378211716,0.0,1.027749229188078,348.40698869475847,188.59198355601234,0.0
14609,6.451612903225807,41.935483870967744,0.0,3.2258064516129035,412.90322580645164,232.25806451612902,0.0
14611,12.269938650306749,67.48466257668711,0.0,0.0,417.1779141104294,239.2638036809816,0.0
14633,0.0,81.9672131147541,0.0,0.0,262.2950819672131,114.75409836065575,0.0
14637,4.329004329004329,225.1082251082251,0.0,0.0,303.030303030303,307.35930735930737,0.0
14639,1.5151515151515151,130.30303030303028,0.0,1.5151515151515151,203.03030303030303,118.18181818181817,9.9
14641,0.0,174.8878923766816,0.0,0.0,291.47982062780267,278.0269058295964,0.0
14653,0.0,103.20284697508896,0.0,3.558718861209964,224.19928825622773,64.05693950177935,8.7
14661,0.0,166.66666666666666,0.0,0.0,0.0,0.0,0.0
14663,0.0,43.47826086956522,0.0,2.717391304347826,222.82608695652175,67.93478260869566,6.2
14687,0.0,26.785714285714285,0.0,0.0,267.85714285714283,160.71428571428572,0.0
14713,0.0,0.0,0.0,0.0,250.00000000000003,68.18181818181819,0.0
14721,16.949152542372882,33.898305084745765,0.0,0.0,16.949152542372882,0.0,0.0
14729,0.0,15.15151515151515,0.0,0.0,53.03030303030303,56.81818181818181,0.0
14761,18.867924528301888,0.0,0.0,0.0,37.735849056603776,0.0,0.0
14763,0.0,2.801120448179272,0.0,0.0,0.0,0.0,0.0
14767,0.0,22.471910112359552,0.0,0.0,11.235955056179776,0.0,0.0
14771,34.88372093023256,360.4651162790698,0.0,0.0,186.046511627907,104.65116279069768,0.0
14781,0.0,38.095238095238095,0.0,3.1746031746031744,225.3968253968254,120.63492063492063,0.0
14787,0.0,33.333333333333336,0.0,0.0,116.66666666666667,0.0,0.0
14789,0.0,35.573122529644266,0.0,3.952569169960474,252.96442687747034,146.24505928853756,0.0
14791,0.0,35.714285714285715,0.0,0.0,267.85714285714283,160.71428571428572,0.0
14795,0.0,33.333333333333336,0.0,0.0,116.66666666666667,0.0,0.0
14801,7.434944237918216,29.739776951672862,0.0,0.0,334.5724907063197,282.52788104089217,0.0
14803,0.0,10.869565217391305,0.0,0.0,76.08695652173913,32.608695652173914,0.0
14805,0.0,22.0125786163522,0.0,1.572327044025157,259.4339622641509,61.32075471698113,4.3
14809,0.0,39.325842696629216,0.0,5.617977528089888,185.3932584269663,89.88764044943821,12.6
14811,1.1661807580174925,7.580174927113703,0.0,2.332361516034985,104.3731778425656,60.05830903790087,40.0
14823,0.0,67.96116504854369,0.0,0.0,339.80582524271847,233.0097087378641,0.0
14835,0.0,75.0,0.0,0.0,175.0,50.0,0.0
14913,0.0,0.0,0.0,0.0,0.0,0.0,0.0
14937,0.0,0.0,0.0,0.0,0.0,0.0,0.0
14939,10.638297872340425,69.14893617021276,0.0,0.0,398.93617021276594,0.0,9.4
14941,0.0,102.0408163265306,0.0,0.0,316.3265306122449,142.85714285714286,0.0
14943,0.0,48.95104895104895,0.0,0.0,426.5734265734266,0.0,12.8
14947,0.0,78.94736842105263,0.0,0.0,342.10526315789474,140.35087719298244,0.0
14949,4.545454545454546,72.72727272727273,0.0,0.0,336.3636363636364,77.27272727272727,0.0
14951,10.638297872340425,53.191489361702125,0.0,0.0,329.78723404255317,0.0,0.0
14953,6.289308176100628,56.60377358490566,0.0,0.0,402.5157232704402,0.0,11.6
14955,3.952569169960474,59.28853754940712,0.0,0.0,324.1106719367589,71.14624505928853,0.0
14961,5.128205128205128,56.41025641025641,0.0,0.0,361.53846153846155,35.8974358974359,4.4
14965,3.558718861209964,49.822064056939496,0.0,0.0,366.5480427046263,3.558718861209964,6.6
14975,6.289308176100628,56.60377358490566,0.0,0.0,402.5157232704402,0.0,11.6
14977,4.201680672268908,63.02521008403362,0.0,0.0,327.7310924369748,63.02521008403362,0.0
14983,0.0,27.77777777777778,0.0,0.0,370.3703703703704,120.37037037037037,0.0
14985,0.0,31.25,0.0,0.0,270.8333333333333,156.25,0.0
14987,0.0,28.037383177570096,0.0,0.0,355.14018691588785,121.49532710280374,0.0
15015,6.622516556291391,6.622516556291391,0.0,0.0,403.97350993377484,0.0,0.0
15041,0.0,5.0761421319796955,0.0,0.0,226.73434856175973,177.66497461928935,2.3
15049,0.0,22.471910112359552,0.0,0.0,269.6629213483146,112.35955056179776,0.0
15055,0.0,5.703422053231939,0.0,0.0,235.74144486692015,214.82889733840304,2.6
15059,10.416666666666666,52.083333333333336,0.0,0.0,364.5833333333333,375.0,0.0
15061,1.1990407673860912,49.16067146282974,0.0,1.1990407673860912,274.5803357314149,123.50119904076739,2.6
15079,6.944444444444445,20.833333333333332,0.0,0.0,289.35185185185185,291.6666666666667,0.0
15093,20.408163265306122,306.1224489795918,0.0,0.0,204.0816326530612,204.0816326530612,0.0
15111,5.46448087431694,21.85792349726776,0.0,0.0,300.5464480874317,341.53005464480873,0.0
15119,2.201027146001467,24.21129860601614,0.0,0.7336757153338225,217.16801173881146,174.61482024944974,0.0
15121,2.195389681668496,31.833150384193193,0.0,1.097694840834248,239.2974753018661,225.02744237102084,0.0
15129,0.0,230.30303030303028,0.0,6.0606060606060606,248.48484848484847,242.4242424242424,0.0
15131,0.0,163.9344262295082,0.0,0.0,311.4754098360656,180.32786885245903,0.0
15133,4.032258064516129,165.32258064516128,0.0,4.032258064516129,322.5806451612903,209.67741935483872,0.0
15135,0.0,239.5209580838323,0.0,5.988023952095808,275.44910179640715,251.49700598802394,0.0
15139,0.0,194.07894736842107,0.0,9.868421052631579,276.3157894736842,292.7631578947368,0.0
15155,86.95652173913044,521.7391304347826,0.0,0.0,217.3913043478261,86.95652173913044,0.0
15157,83.33333333333333,416.6666666666667,0.0,0.0,250.0,83.33333333333333,0.0
15183,0.0,262.5,0.0,12.5,337.5,375.0,0.0
15211,1.8957345971563981,190.20537124802527,0.0,1.263823064770932,296.36650868878354,509.63665086887835,3.6
15217,0.0,42.25352112676057,0.0,0.0,274.6478873239437,49.29577464788733,0.0
15219,4.048582995951417,283.4008097165992,0.0,0.0,331.9838056680162,591.0931174089069,0.0
15221,0.0,115.85365853658536,0.0,0.0,329.2682926829268,243.90243902439025,0.0
15223,4.11522633744856,271.60493827160496,0.0,0.0,308.641975308642,518.5185185185185,0.0
15231,10.75268817204301,64.51612903225806,0.0,0.0,304.6594982078853,458.7813620071684,0.0
15245,0.0,53.57142857142857,0.0,0.0,303.57142857142856,223.21428571428572,0.0
15249,0.0,75.47169811320755,0.0,0.0,264.1509433962264,264.1509433962264,0.0
15251,4.166666666666667,70.83333333333334,0.0,0.0,304.1666666666667,504.1666666666667,0.0
15261,4.048582995951417,64.77732793522267,0.0,0.0,303.6437246963563,493.92712550607285,0.0
15263,0.0,58.64661654135338,1.5037593984962405,3.007518796992481,302.25563909774434,389.4736842105263,0.0
15271,0.0,62.18274111675127,0.0,0.0,327.4111675126903,407.3604060913705,0.0
15273,0.0,30.15075376884422,0.0,0.0,271.356783919598,301.5075376884422,0.0
15275,0.0,67.79661016949153,0.0,0.0,237.28813559322035,237.28813559322035,0.0
15281,0.0,49.90403071017274,1.9193857965451055,3.838771593090211,289.82725527831093,287.90786948176583,0.0
15285,1.5812776723592663,44.275774826059454,0.3162555344718533,0.6325110689437066,288.4250474383302,246.3630613535737,1.6
15311,0.0,220.38567493112947,0.0,8.264462809917356,258.95316804407713,245.17906336088154,0.0
15313,0.0,218.8295165394402,0.0,7.633587786259541,256.9974554707379,231.55216284987276,0.0
15315,0.0,300.0,0.0,0.0,250.0,212.5,0.0
15317,0.0,217.17171717171715,0.0,7.575757575757575,257.57575757575756,229.7979797979798,0.0
15319,0.0,228.23529411764707,0.0,9.411764705882353,258.8235294117647,235.29411764705884,0.0
15323,0.0,232.43243243243242,0.0,7.207207207207206,255.85585585585582,207.20720720720718,0.0
15325,0.0,187.5,0.0,0.0,250.0,291.6666666666667,0.0
15327,1.7035775127768313,124.36115843270869,3.4071550255536627,1.7035775127768313,221.46507666098807,260.64735945485523,0.0
15329,1.697792869269949,125.63667232597624,3.395585738539898,1.697792869269949,222.41086587436334,263.15789473684214,0.0
15333,1.773049645390071,129.43262411347519,3.546099290780142,1.773049645390071,221.6312056737589,264.1843971631206,0.0
15335,1.773049645390071,129.43262411347519,3.546099290780142,1.773049645390071,221.6312056737589,264.1843971631206,0.0
15337,1.76678445229682,128.97526501766785,3.53356890459364,1.76678445229682,220.8480565371025,263.25088339222617,0.0
15339,1.773049645390071,127.65957446808513,3.546099290780142,1.773049645390071,219.85815602836882,262.4113475177305,0.0
15341,1.9569471624266144,131.11545988258317,0.0,0.0,227.00587084148728,268.1017612524462,0.0
15343,1.941747572815534,133.98058252427185,0.0,0.0,227.18446601941747,264.0776699029126,0.0
15347,1.9267822736030829,134.8747591522158,0.0,0.0,227.36030828516377,265.8959537572254,0.0
15351,0.0,22.471910112359552,0.0,0.0,202.24719101123597,123.59550561797754,0.0
15353,0.0,22.22222222222222,0.0,0.0,205.55555555555557,133.33333333333334,0.0
15363,1.7533606078316772,184.10286382232613,0.0,0.0,265.92635885447106,229.10578609000584,2.2
15367,23.269689737470166,168.854415274463,0.0,0.0,209.4272076372315,557.2792362768497,6.3
15369,0.0,193.5483870967742,0.0,0.0,145.16129032258064,0.0,0.0
15375,10.498687664041995,152.23097112860893,0.0,0.0,212.5984251968504,89.23884514435696,22.9
15381,0.0,120.0,0.0,0.0,284.44444444444446,355.55555555555554,0.0
15385,0.0,118.18181818181819,0.0,0.0,286.3636363636364,350.0,0.0
15391,0.0,261.2244897959184,0.0,0.0,151.0204081632653,16.3265306122449,23.5
15393,0.0,184.21052631578948,0.0,0.0,105.26315789473685,0.0,26.2
15395,1.9011406844106462,166.03295310519644,0.0,0.0,276.93282636248415,243.34600760456271,2.4
15397,1.9157088122605364,166.0280970625798,0.0,0.0,275.2234993614304,240.10217113665388,2.4
15399,0.0,188.1188118811881,0.0,0.0,99.009900990099,0.0,63.4
15401,0.0,198.15668202764977,0.0,0.0,105.99078341013825,0.0,58.8
15403,0.0,166.75191815856778,0.0,0.0,249.10485933503836,201.53452685421993,10.0
15405,0.0,325.96685082872926,0.0,0.0,204.41988950276243,88.39779005524862,15.8
15407,0.0,180.37974683544303,0.0,0.0,142.40506329113924,18.987341772151897,48.2
15417,0.0,167.25798276735935,0.0,0.0,264.0648758236188,212.87379624936645,4.1
15419,0.0,166.26360338573156,0.0,0.0,276.9044740024184,254.53446191051995,4.8
15443,10.362694300518134,290.1554404145078,0.0,0.0,222.7979274611399,51.81347150259067,0.0
15445,3.2921810699588474,262.5514403292181,0.0,3.2921810699588474,318.5185185185185,517.6954732510287,24.0
15459,0.0,0.0,0.0,0.0,0.0,0.0,0.0
15465,10.75268817204301,231.18279569892474,5.376344086021505,10.75268817204301,204.30107526881721,139.78494623655914,0.0
15485,46.875,359.375,0.0,46.875,343.75,218.75,0.0
15495,0.0,129.87012987012986,0.0,0.0,272.72727272727275,246.75324675324677,0.0
15541,0.0,197.67441860465118,0.0,0.0,220.93023255813955,162.79069767441862,0.0
15563,0.0,0.0,0.0,0.0,0.0,0.0,0.0
15581,0.0,47.05882352941176,0.0,0.0,223.52941176470586,164.70588235294116,0.0
15663,0.0,113.20754716981132,0.0,0.0,396.22641509433964,433.9622641509434,0.0
15673,0.0,111.11111111111111,0.0,0.0,388.8888888888889,425.9259259259259,0.0
15685,0.0,242.00913242009133,0.0,4.566210045662101,251.1415525114155,255.70776255707761,0.0
15707,0.0,0.0,0.0,0.0,105.26315789473685,105.26315789473685,0.0
15785,0.0,235.2941176470588,0.0,0.0,117.6470588235294,0.0,0.0
15853,5.524861878453039,160.22099447513813,0.0,0.0,220.99447513812154,220.99447513812154,0.0
15855,5.347593582887701,187.1657754010695,0.0,0.0,245.98930481283423,240.64171122994654,0.0
15915,10.794896957801768,210.00981354268893,0.0,0.0,295.387634936212,188.4200196270854,1.2
15993,15.037593984962406,285.7142857142857,0.0,2.506265664160401,240.6015037593985,320.8020050125313,0.0
16145,0.0,66.66666666666667,0.0,0.0,205.55555555555557,188.88888888888889,0.0
16279,1.9011406844106462,192.01520912547528,0.0,0.0,281.36882129277564,140.68441064638782,3.8
16379,0.0,195.1219512195122,0.0,0.0,243.90243902439025,73.17073170731707,0.0
16403,0.0,161.29032258064515,0.0,0.0,193.5483870967742,161.29032258064515,0.0
16409,0.0,205.88235294117646,0.0,0.0,205.88235294117646,176.47058823529412,0.0
16517,8.547008547008547,188.03418803418802,0.0,0.0,230.76923076923075,94.01709401709401,0.0
16553,0.0,0.0,0.0,0.0,130.43478260869566,43.47826086956522,0.0
16599,34.48275862068966,126.4367816091954,0.0,0.0,275.86206896551727,126.4367816091954,0.0
16601,0.0,0.0,0.0,0.0,136.36363636363637,45.45454545454546,0.0
16645,0.0,201.1070110701107,0.0,0.0,249.07749077490774,105.1660516605166,0.0
16647,0.0,45.45454545454546,0.0,0.0,0.0,0.0,0.0
16733,7.874015748031496,267.7165354330709,0.0,0.0,307.0866141732283,157.48031496062993,0.0
16735,3.7383177570093458,267.2897196261682,0.0,0.0,259.8130841121495,302.803738317757,0.0
16739,0.0,833.3333333333334,0.0,0.0,166.66666666666666,0.0,0.0
16761,0.0,99.99999999999999,0.0,0.0,357.1428571428571,114.28571428571428,0.0
16763,0.0,38.96103896103896,0.0,0.0,337.6623376623377,103.8961038961039,0.0
16767,0.0,14.285714285714285,0.0,0.0,357.1428571428571,114.28571428571428,0.0
16781,0.0,0.0,0.0,0.0,142.85714285714286,0.0,0.0
16783,0.0,20.0,0.0,0.0,340.0,100.0,0.0
16795,0.0,197.1830985915493,0.0,0.0,239.43661971830988,309.85915492957747,0.0
16797,18.404907975460123,214.72392638036808,0.0,24.539877300613497,251.53374233128832,263.8036809815951,0.0
16799,0.0,197.1830985915493,0.0,0.0,239.43661971830988,309.85915492957747,0.0
16803,15.873015873015873,216.93121693121694,0.0,26.455026455026456,248.67724867724868,253.96825396825398,0.0
16805,18.29268292682927,219.5121951219512,0.0,24.390243902439025,250.0,262.1951219512195,0.0
16819,12.244897959183673,248.9795918367347,0.0,16.3265306122449,261.2244897959184,273.46938775510205,0.0
16829,12.195121951219512,213.41463414634146,0.0,24.390243902439025,250.0,262.1951219512195,0.0
16831,10.135135135135135,67.56756756756756,0.0,16.89189189189189,260.13513513513516,260.13513513513516,0.0
16833,0.0,42.25352112676057,0.0,0.0,239.43661971830988,309.85915492957747,0.0
16835,8.174386920980927,65.39509536784742,0.0,13.623978201634877,256.1307901907357,269.7547683923706,0.0
16839,18.072289156626503,42.16867469879518,0.0,24.096385542168672,259.0361445783132,265.0602409638554,0.0
16841,0.0,41.66666666666667,0.0,0.0,236.11111111111114,305.5555555555556,0.0
16843,0.0,35.714285714285715,0.0,0.0,214.28571428571428,142.85714285714286,0.0
16845,0.0,35.714285714285715,0.0,0.0,214.28571428571428,142.85714285714286,0.0
16863,18.18181818181818,36.36363636363636,0.0,24.242424242424242,260.60606060606057,266.66666666666663,0.0
16865,0.0,45.45454545454545,0.0,0.0,257.57575757575756,333.3333333333333,0.0
16867,10.899182561307903,49.04632152588556,0.0,13.623978201634877,258.8555858310627,269.7547683923706,0.0
16869,0.0,88.60759493670886,0.0,0.0,265.82278481012656,240.50632911392404,0.0
16871,0.0,14.925373134328357,0.0,0.0,253.73134328358208,328.35820895522386,0.0
16873,0.0,15.15151515151515,0.0,0.0,257.57575757575756,333.3333333333333,0.0
16895,0.0,109.7560975609756,0.0,0.0,182.92682926829266,24.390243902439025,0.0
16919,0.0,235.2941176470588,0.0,0.0,223.52941176470586,105.88235294117646,0.0
16921,0.0,877.5510204081633,0.0,20.408163265306122,142.85714285714286,183.6734693877551,0.0
16923,0.0,0.0,0.0,0.0,0.0,0.0,0.0
16925,11.560693641618498,202.3121387283237,0.0,5.780346820809249,306.3583815028902,219.65317919075147,0.0
16927,19.011406844106464,178.70722433460077,0.0,0.0,228.13688212927755,159.69581749049428,0.0
16929,0.0,233.7078651685393,0.0,2.247191011235955,312.35955056179773,141.57303370786516,0.0
16931,0.0,230.76923076923077,0.0,0.0,317.3076923076923,221.15384615384616,0.0
16933,1.4074595355383532,249.12033779028852,0.0,2.1111893033075297,274.45460942997886,152.70935960591132,0.0
16935,11.428571428571429,188.57142857142858,0.0,5.714285714285714,314.2857142857143,245.71428571428572,0.0
16937,18.726591760299623,176.02996254681648,0.0,0.0,235.95505617977526,172.28464419475654,0.0
16939,7.751937984496124,233.59173126614988,0.0,2.0671834625322996,291.47286821705427,441.86046511627904,40.9
16941,1.0660980810234542,185.50106609808103,0.0,23.454157782515992,262.2601279317697,109.80810234541579,11.9
16943,0.0,238.5321100917431,0.0,0.0,311.92660550458714,211.0091743119266,0.0
16945,0.0,164.83516483516485,0.0,120.87912087912088,197.8021978021978,16.483516483516485,13.7
16947,1.8903591682419658,241.96597353497162,0.0,0.0,328.92249527410206,223.06238185255197,0.0
16951,0.0,205.98006644518273,0.0,3.3222591362126246,305.6478405315615,136.21262458471762,0.0
16953,0.0,251.02880658436214,0.0,0.0,304.5267489711934,131.6872427983539,0.0
16955,0.0,186.01190476190476,0.0,0.0,241.07142857142856,58.035714285714285,12.3
16961,0.0,0.0,0.0,0.0,0.0,0.0,0.0
16963,5.382775119617225,251.19617224880383,0.0,2.3923444976076556,305.0239234449761,490.4306220095694,17.5
16967,1.9569471624266144,270.0587084148728,0.0,0.0,270.0587084148728,191.78082191780823,0.0
16971,0.0,309.5238095238095,0.0,0.0,226.19047619047618,154.76190476190476,0.0
16973,0.0,176.13636363636365,0.0,125.00000000000001,204.54545454545456,17.045454545454547,15.1
16977,0.0,290.4564315352697,0.0,0.0,315.3526970954357,136.92946058091286,0.0
16979,0.0,178.7709497206704,0.0,122.9050279329609,206.70391061452514,22.3463687150838,15.0
16981,0.0,309.5238095238095,0.0,0.0,226.19047619047618,154.76190476190476,0.0
16985,1.937984496124031,267.4418604651163,0.0,0.0,267.4418604651163,189.92248062015503,0.0
16987,3.115264797507788,233.6448598130841,0.0,0.0,327.10280373831773,264.79750778816197,0.0
16989,3.0864197530864197,231.48148148148147,0.0,0.0,327.1604938271605,265.4320987654321,0.0
16993,0.0,200.0,0.0,0.0,362.5,225.0,0.0
16995,0.0,278.42227378190256,0.0,0.0,248.2598607888631,76.56612529002321,0.0
17013,2.268784198585346,219.271319898572,0.0,1.067663152275457,309.3553983718137,593.4872547711196,96.0
17015,2.268784198585346,219.271319898572,0.0,1.067663152275457,309.3553983718137,593.4872547711196,96.0
17637,0.0,24.63054187192118,0.0,14.778325123152708,0.0,0.0,0.0
17641,0.0,20.408163265306122,0.0,10.204081632653061,0.0,0.0,0.0
17643,0.0,21.27659574468085,0.0,8.51063829787234,0.0,0.0,0.0
17645,0.0,21.459227467811157,0.0,8.583690987124463,0.0,0.0,0.0
17649,0.0,34.48275862068965,0.0,9.852216748768472,0.0,0.0,0.0
17651,0.0,56.81818181818182,0.0,11.363636363636365,0.0,0.0,0.0
17653,0.0,42.5531914893617,0.0,10.638297872340425,0.0,0.0,0.0
17655,0.0,31.914893617021278,0.0,10.638297872340425,0.0,0.0,0.0
17657,0.0,29.702970297029704,0.0,9.900990099009901,0.0,0.0,0.0
17659,0.0,28.037383177570096,0.0,18.69158878504673,0.0,0.0,0.0
17661,0.0,33.81642512077295,0.0,9.66183574879227,0.0,0.0,0.0
17665,0.0,30.769230769230766,0.0,46.15384615384615,0.0,0.0,0.0
17667,0.0,33.81642512077295,0.0,9.66183574879227,0.0,0.0,0.0
17669,0.0,26.31578947368421,0.0,8.771929824561402,0.0,0.0,0.0
17677,0.0,33.65384615384615,0.0,9.615384615384615,0.0,0.0,0.0
17681,0.0,42.857142857142854,0.0,42.857142857142854,0.0,0.0,0.0
17687,0.0,42.857142857142854,0.0,42.857142857142854,0.0,0.0,0.0
17689,0.0,42.857142857142854,0.0,42.857142857142854,0.0,0.0,0.0
17697,0.0,43.01075268817204,0.0,28.673835125448026,0.0,0.0,0.0
17705,0.0,48.38709677419355,0.0,16.129032258064516,0.0,0.0,0.0
17709,0.0,43.47826086956521,0.0,43.47826086956521,0.0,0.0,0.0
17715,0.0,43.47826086956521,0.0,43.47826086956521,0.0,0.0,0.0
17717,0.0,80.0,0.0,40.0,0.0,0.0,0.0
17719,0.0,78.43137254901961,0.0,39.21568627450981,0.0,0.0,0.0
17771,0.0,14.084507042253522,0.0,14.084507042253522,14.084507042253522,0.0,0.0
17781,0.0,14.084507042253522,0.0,14.084507042253522,14.084507042253522,0.0,0.0
17997,36.26062322946176,60.05665722379604,0.0,0.0,201.69971671388103,96.3172804532578,0.0
17999,9.950248756218905,4.975124378109452,0.0,0.0,0.0,0.0,0.0
18001,0.0,20.23121387283237,0.0,0.0,309.2485549132948,83.81502890173411,0.0
18003,0.0,9.708737864077671,0.0,0.0,199.02912621359224,67.96116504854369,0.0
18005,0.0,119.56521739130434,0.0,10.869565217391305,402.17391304347825,347.82608695652175,0.0
18011,65.11627906976744,130.2325581395349,0.0,0.0,116.27906976744187,55.81395348837209,0.0
18015,99.35897435897436,131.4102564102564,0.0,0.0,160.25641025641025,52.88461538461539,0.0
18021,36.14457831325301,36.14457831325301,0.0,0.0,36.14457831325301,0.0,0.0
18031,0.0,48.850574712643684,0.0,0.0,60.344827586206904,5.74712643678161,15.6
18035,0.0,24.0,0.0,0.0,168.0,32.0,0.0
18043,161.6161616161616,252.5252525252525,0.0,0.0,252.5252525252525,191.91919191919192,0.0
18049,29.931972789115648,44.89795918367347,0.0,0.0,133.33333333333334,23.12925170068027,0.0
18051,0.0,5.6818181818181825,0.0,2.8409090909090913,62.50000000000001,0.0,22.8
18053,0.0,5.617977528089888,0.0,0.0,235.95505617977528,89.88764044943821,0.0
18061,14.5985401459854,167.8832116788321,0.0,0.0,299.2700729927007,138.6861313868613,0.0
18151,0.0,0.0,0.0,7.633587786259541,0.0,0.0,0.0
18153,0.0,0.0,0.0,7.751937984496124,0.0,0.0,0.0
18159,0.0,0.0,0.0,7.633587786259541,0.0,0.0,0.0
18315,2.3640661938534278,24.822695035460995,0.0,1.1820330969267139,216.31205673758865,265.95744680851067,0.0
18323,2.4937655860349124,23.69077306733167,0.0,1.2468827930174562,210.72319201995012,279.3017456359102,0.0
18333,1.733102253032929,19.06412478336222,0.0,0.8665511265164645,207.97227036395148,250.43327556325826,8.5
18343,0.0,23.52941176470588,0.0,0.0,152.94117647058823,11.76470588235294,0.0
18349,2.002002002002002,22.02202202202202,0.0,1.001001001001001,224.22422422422423,290.2902902902903,0.0
18351,1.974333662388944,21.717670286278384,0.0,0.987166831194472,225.0740375123396,286.2783810463969,0.0
18353,1.0604453870625663,25.450689289501593,0.0,1.0604453870625663,234.35843054082716,257.6882290562036,0.0
18357,1.0615711252653928,25.477707006369428,0.0,1.0615711252653928,234.6072186836518,257.96178343949043,0.0
18359,0.9861932938856016,25.641025641025642,0.0,0.9861932938856016,232.74161735700196,243.5897435897436,0.0
18363,0.8361204013377926,31.772575250836123,0.0,1.6722408026755853,240.80267558528428,271.7391304347826,0.0
18367,1.0111223458038423,27.30030333670374,0.0,1.0111223458038423,235.59150657229526,255.8139534883721,0.0
18371,0.9082652134423251,26.33969118982743,0.0,0.9082652134423251,222.52497729336966,229.79109900090828,0.0
18373,0.9551098376313276,26.743075453677175,0.0,0.9551098376313276,226.36103151862466,244.50811843361987,0.0
18377,0.8576329331046313,28.301886792452834,0.0,1.7152658662092626,218.69639794168097,222.98456260720414,0.0
18381,0.8841732979664014,24.75685234305924,0.0,0.8841732979664014,220.15915119363396,226.34836427939877,2.8
18383,0.9596928982725528,26.871401151631478,0.0,0.9596928982725528,230.32629558541265,245.6813819577735,0.0
18389,1.0030090270812437,28.084252758274825,0.0,1.0030090270812437,235.70712136409227,256.7703109327984,0.0
18393,0.5861664712778429,23.446658851113718,0.0,1.1723329425556859,223.32942555685815,210.43376318874562,7.1
18403,0.9661835748792271,27.05314009661836,0.0,0.9661835748792271,234.7826086956522,263.768115942029,0.0
18413,1.0593220338983051,23.305084745762713,0.0,1.0593220338983051,245.76271186440678,273.3050847457627,0.0
18417,1.0351966873706004,22.77432712215321,0.0,1.0351966873706004,241.20082815734992,267.08074534161494,0.0
18419,0.0,0.0,0.0,0.0,321.4285714285714,202.38095238095238,0.0
18421,0.0,35.08771929824561,0.0,17.543859649122805,263.1578947368421,157.89473684210526,0.0
18423,0.0,28.776978417266186,0.0,0.0,215.82733812949638,136.69064748201438,0.0
18645,49.18032786885246,65.57377049180327,0.0,16.39344262295082,8.19672131147541,0.0,0.0
18647,5.735354362965998,10.24170421958214,0.0,0.40966816878328555,3.6870135190495703,2.867677181482999,0.0
18649,5.782734407269723,9.087154068566708,0.0,0.4130524576621231,0.4130524576621231,0.0,0.0
18651,17.05426356589147,21.705426356589147,0.0,1.5503875968992247,1.5503875968992247,0.0,0.0
18653,16.768292682926827,21.341463414634145,0.0,1.524390243902439,1.524390243902439,0.0,0.0
18655,0.0,0.0,0.0,0.0,2.506265664160401,0.0,0.0
18657,17.77059773828756,22.617124394184167,0.0,1.6155088852988693,1.6155088852988693,0.0,0.0
18659,36.809815950920246,29.447852760736197,0.0,2.4539877300613497,2.4539877300613497,0.0,0.0
18661,36.85503685503686,29.484029484029485,0.0,2.4570024570024573,2.4570024570024573,0.0,0.0
18663,36.809815950920246,29.447852760736197,0.0,2.4539877300613497,2.4539877300613497,0.0,0.0
18665,17.79935275080906,22.653721682847898,0.0,1.6181229773462784,1.6181229773462784,0.0,0.0
18667,16.442451420029894,20.92675635276532,0.0,1.4947683109118086,1.4947683109118086,0.0,0.0
18669,16.442451420029894,20.92675635276532,0.0,1.4947683109118086,1.4947683109118086,0.0,0.0
18671,17.027863777089784,17.027863777089784,0.0,0.0,1.547987616099071,0.0,0.0
18673,18.67572156196944,18.67572156196944,0.0,0.0,1.697792869269949,0.0,0.0
18675,18.61252115059222,18.61252115059222,0.0,0.0,1.6920473773265652,0.0,0.0
18677,16.835016835016837,18.51851851851852,0.0,0.0,1.6835016835016836,0.0,0.0
18679,16.920473773265652,18.61252115059222,0.0,0.0,1.6920473773265652,0.0,0.0
18681,16.920473773265652,18.61252115059222,0.0,0.0,1.6920473773265652,0.0,0.0
18683,0.0,0.0,0.0,0.0,2.380952380952381,0.0,0.0
18689,16.977928692699493,18.67572156196944,0.0,0.0,1.697792869269949,0.0,0.0
18705,16.31321370309951,17.94453507340946,0.0,0.0,1.6313213703099512,0.0,0.0
18707,16.31321370309951,17.94453507340946,0.0,0.0,1.6313213703099512,0.0,0.0
18709,16.31321370309951,17.94453507340946,0.0,0.0,1.6313213703099512,0.0,0.0
18711,16.31321370309951,17.94453507340946,0.0,0.0,1.6313213703099512,0.0,0.0
18717,0.0,0.7993605115907275,0.0,0.0,0.0,0.0,0.0
18721,0.0,0.8012820512820513,0.0,0.0,0.0,0.0,0.0
18735,0.0,0.7974481658692185,0.0,0.0,0.0,0.0,0.0
18753,0.0,0.7898894154818326,0.0,0.0,0.0,0.0,0.0
18769,0.0,0.764525993883792,0.0,0.0,0.0,0.0,0.0
18771,0.0,0.7662835249042146,0.0,0.0,0.0,0.0,0.0
18783,0.0,0.7627765064836003,0.0,0.0,0.0,0.0,0.0
18873,0.0,25.641025641025642,0.0,0.0,0.0,0.0,0.0
19009,0.0,23.809523809523807,0.0,0.0,0.0,0.0,0.0
19157,0.0,16.528925619834713,0.0,0.0,0.0,0.0,0.0
19195,0.0,0.0,0.0,0.0,0.0,0.0,0.0
19197,0.0,0.0,0.0,0.0,0.0,0.0,0.0
19199,0.0,0.0,0.0,0.0,0.0,0.0,0.0
19205,0.0,0.0,0.0,0.0,0.0,0.0,0.0
19207,0.0,0.0,0.0,0.0,0.0,0.0,0.0
19215,0.0,0.0,0.0,0.0,0.0,0.0,0.0
19219,0.0,0.0,0.0,0.0,0.0,0.0,0.0
19231,0.0,0.0,0.0,0.0,0.0,0.0,0.0
19239,0.0,0.0,0.0,0.0,0.0,0.0,0.0
19245,0.0,0.0,0.0,0.0,0.0,0.0,0.0
19247,0.0,0.0,0.0,0.0,0.0,0.0,0.0
19259,0.0,0.0,0.0,0.0,0.0,0.0,0.0
19261,0.0,0.0,0.0,0.0,0.0,0.0,0.0
19281,0.0,0.0,0.0,0.0,0.0,0.0,0.0
19283,0.0,0.0,0.0,0.0,0.0,0.0,0.0
19285,0.0,0.0,0.0,0.0,0.0,0.0,0.0
19287,0.0,0.0,0.0,0.0,0.0,0.0,0.0
19289,0.0,0.0,0.0,0.0,0.0,0.0,0.0
19291,0.0,0.0,0.0,0.0,0.0,0.0,0.0
19293,0.0,0.0,0.0,0.0,0.0,0.0,0.0
19295,0.0,0.0,0.0,0.0,0.0,0.0,0.0
19297,0.0,0.0,0.0,0.0,0.0,0.0,0.0
19299,0.0,0.0,0.0,0.0,0.0,0.0,0.0
19301,0.0,0.0,0.0,0.0,0.0,0.0,0.0
19303,0.0,0.0,0.0,0.0,0.0,0.0,0.0
19305,0.0,0.0,0.0,0.0,0.0,0.0,0.0
19307,0.0,0.0,0.0,0.0,0.0,0.0,0.0
19309,0.0,0.0,0.0,0.0,0.0,0.0,0.0
19311,0.0,0.0,0.0,0.0,0.0,0.0,0.0
19313,0.0,0.0,0.0,0.0,0.0,0.0,0.0
19315,0.0,0.0,0.0,0.0,0.0,0.0,0.0
19317,0.0,0.0,0.0,0.0,0.0,0.0,0.0
19319,0.0,0.0,0.0,0.0,0.0,0.0,0.0
19321,0.0,0.0,0.0,0.0,0.0,0.0,0.0
19323,0.0,0.0,0.0,0.0,0.0,0.0,0.0
19325,0.0,0.0,0.0,0.0,0.0,0.0,0.0
19327,0.0,0.0,0.0,0.0,0.0,0.0,0.0
19329,0.0,0.0,0.0,0.0,0.0,0.0,0.0
19331,0.0,0.0,0.0,0.0,0.0,0.0,0.0
19333,0.0,0.0,0.0,0.0,0.0,0.0,0.0
19335,0.0,0.0,0.0,0.0,0.0,0.0,0.0
19337,0.0,0.0,0.0,0.0,0.0,0.0,0.0
19339,0.0,0.0,0.0,0.0,0.0,0.0,0.0
19341,0.0,0.0,0.0,0.0,0.0,0.0,0.0
19343,0.0,0.0,0.0,0.0,0.0,0.0,0.0
19345,0.0,0.0,0.0,0.0,0.0,0.0,0.0
19347,0.0,0.0,0.0,0.0,0.0,0.0,0.0
19349,0.0,0.0,0.0,0.0,0.0,0.0,0.0
19351,0.0,0.0,0.0,0.0,0.0,0.0,0.0
19353,0.0,0.0,0.0,0.0,0.0,0.0,0.0
19355,0.0,0.0,0.0,0.0,0.0,0.0,0.0
19357,0.0,0.0,0.0,0.0,0.0,0.0,0.0
19359,0.0,0.0,0.0,0.0,0.0,0.0,0.0
19361,0.0,0.0,0.0,0.0,0.0,0.0,0.0
19363,0.0,0.0,0.0,0.0,0.0,0.0,0.0
19365,0.0,0.0,0.0,0.0,0.0,0.0,0.0
19367,0.0,0.0,0.0,0.0,0.0,0.0,0.0
19369,0.0,0.0,0.0,0.0,0.0,0.0,0.0
19373,0.0,0.0,0.0,0.0,0.0,0.0,0.0
19377,0.0,0.0,0.0,0.0,0.0,0.0,0.0
19379,0.0,0.0,0.0,0.0,0.0,0.0,0.0
19381,0.0,0.0,0.0,0.0,0.0,0.0,0.0
19383,0.0,0.0,0.0,0.0,0.0,0.0,0.0
19385,0.0,0.0,0.0,0.0,0.0,0.0,0.0
19387,0.0,0.0,0.0,0.0,0.0,0.0,0.0
19389,0.0,0.0,0.0,0.0,0.0,0.0,0.0
19393,0.0,0.0,0.0,0.0,0.0,0.0,0.0
19395,0.0,0.0,0.0,0.0,0.0,0.0,0.0
19397,0.0,0.0,0.0,0.0,0.0,0.0,0.0
19399,0.0,0.0,0.0,0.0,0.0,0.0,0.0
19401,0.0,0.0,0.0,0.0,0.0,0.0,0.0
19405,0.0,0.0,0.0,0.0,0.0,0.0,0.0
19407,0.0,0.0,0.0,0.0,0.0,0.0,0.0
19409,0.0,0.0,0.0,0.0,0.0,0.0,0.0
19411,0.0,0.0,0.0,0.0,0.0,0.0,0.0
19413,0.0,0.0,0.0,0.0,0.0,0.0,0.0
19415,0.0,0.0,0.0,0.0,0.0,0.0,0.0
19417,0.0,0.0,0.0,0.0,0.0,0.0,0.0
19419,0.0,0.0,0.0,0.0,0.0,0.0,0.0
19421,0.0,0.0,0.0,0.0,0.0,0.0,0.0
19423,0.0,0.0,0.0,0.0,0.0,0.0,0.0
19425,0.0,0.0,0.0,0.0,0.0,0.0,0.0
19427,0.0,0.0,0.0,0.0,0.0,0.0,0.0
19429,0.0,0.0,0.0,0.0,0.0,0.0,0.0
19431,0.0,0.0,0.0,0.0,0.0,0.0,0.0
19435,0.0,1.5822784810126582,0.0,0.0,0.0,0.0,0.0
19437,0.0,0.0,0.0,0.0,0.0,0.0,0.0
19439,0.0,0.0,0.0,0.0,0.0,0.0,0.0
19441,0.0,0.0,0.0,0.0,0.0,0.0,0.0
19443,0.0,10.434782608695652,0.0,0.0,0.0,0.0,0.0
19445,0.0,10.434782608695652,0.0,0.0,0.0,0.0,0.0
19447,0.0,10.434782608695652,0.0,0.0,0.0,0.0,0.0
19449,0.0,10.434782608695652,0.0,0.0,0.0,0.0,0.0
19451,0.0,10.434782608695652,0.0,0.0,0.0,0.0,0.0
19453,0.0,10.434782608695652,0.0,0.0,0.0,0.0,0.0
19455,0.0,10.434782608695652,0.0,0.0,0.0,0.0,0.0
19459,0.0,10.434782608695652,0.0,0.0,0.0,0.0,0.0
19461,0.0,11.583011583011583,0.0,0.0,0.0,0.0,0.0
19463,0.0,10.434782608695652,0.0,0.0,0.0,0.0,0.0
19465,0.0,10.434782608695652,0.0,0.0,0.0,0.0,0.0
19473,0.0,10.434782608695652,0.0,0.0,0.0,0.0,0.0
19475,0.0,7.633587786259541,0.0,0.0,0.0,0.0,0.0
19477,0.0,10.434782608695652,0.0,0.0,0.0,0.0,0.0
19481,0.0,10.238907849829353,0.0,0.0,0.0,0.0,0.0
19483,0.0,10.238907849829353,0.0,0.0,0.0,0.0,0.0
19485,0.0,10.238907849829353,0.0,0.0,0.0,0.0,0.0
19487,0.0,10.238907849829353,0.0,0.0,0.0,0.0,0.0
19489,0.0,10.238907849829353,0.0,0.0,0.0,0.0,0.0
19495,0.0,10.238907849829353,0.0,0.0,0.0,0.0,0.0
19501,0.0,10.238907849829353,0.0,0.0,0.0,0.0,0.0
19503,0.0,10.238907849829353,0.0,0.0,0.0,0.0,0.0
19505,0.0,11.421319796954315,0.0,0.0,0.0,0.0,0.0
19507,0.0,10.238907849829353,0.0,0.0,0.0,0.0,0.0
19509,0.0,10.238907849829353,0.0,0.0,0.0,0.0,0.0
19511,0.0,10.238907849829353,0.0,0.0,0.0,0.0,0.0
19517,0.0,10.238907849829353,0.0,0.0,0.0,0.0,0.0
19519,0.0,10.238907849829353,0.0,0.0,0.0,0.0,0.0
19521,0.0,10.238907849829353,0.0,0.0,0.0,0.0,0.0
19523,0.0,10.238907849829353,0.0,0.0,0.0,0.0,0.0
19525,0.0,10.238907849829353,0.0,0.0,0.0,0.0,0.0
19533,0.0,0.0,0.0,0.0,0.0,0.0,0.0
19535,0.0,0.0,0.0,0.0,0.0,0.0,0.0
19537,0.0,0.0,0.0,0.0,0.0,0.0,0.0
19539,0.0,0.0,0.0,0.0,0.0,0.0,0.0
19541,0.0,0.0,0.0,0.0,0.0,0.0,0.0
19543,0.0,0.0,0.0,0.0,0.0,0.0,0.0
19545,0.0,0.0,0.0,0.0,0.0,0.0,0.0
19547,0.0,0.0,0.0,0.0,0.0,0.0,0.0
19549,0.0,0.0,0.0,0.0,0.0,0.0,0.0
19551,0.0,0.0,0.0,0.0,0.0,0.0,0.0
19553,0.0,0.0,0.0,0.0,0.0,0.0,0.0
19555,0.0,0.0,0.0,0.0,0.0,0.0,0.0
19557,0.0,0.0,0.0,0.0,0.0,0.0,0.0
19559,0.0,0.0,0.0,0.0,0.0,0.0,0.0
19561,0.0,0.0,0.0,0.0,0.0,0.0,0.0
19563,0.0,0.0,0.0,0.0,0.0,0.0,0.0
19565,0.0,0.0,0.0,0.0,0.0,0.0,0.0
19567,0.0,0.0,0.0,0.0,0.0,0.0,0.0
19569,0.0,0.0,0.0,0.0,0.0,0.0,0.0
19573,0.0,0.0,0.0,0.0,0.0,0.0,0.0
19575,0.0,0.0,0.0,0.0,0.0,0.0,0.0
19579,0.0,0.0,0.0,0.0,0.0,0.0,0.0
19581,0.0,0.0,0.0,0.0,0.0,0.0,0.0
19583,0.0,0.0,0.0,0.0,0.0,0.0,0.0
19585,0.0,0.0,0.0,0.0,0.0,0.0,0.0
19587,0.0,0.0,0.0,0.0,0.0,0.0,0.0
19589,0.0,0.0,0.0,0.0,0.0,0.0,0.0
19591,0.0,0.0,0.0,0.0,0.0,0.0,0.0
19593,0.0,0.0,0.0,0.0,0.0,0.0,0.0
19595,0.0,0.0,0.0,0.0,0.0,0.0,0.0
19597,0.0,0.0,0.0,0.0,0.0,0.0,0.0
19599,0.0,0.0,0.0,0.0,0.0,0.0,0.0
19601,0.0,0.0,0.0,0.0,0.0,0.0,0.0
19603,0.0,0.0,0.0,0.0,0.0,0.0,0.0
19605,0.0,0.0,0.0,0.0,0.0,0.0,0.0
19607,0.0,0.0,0.0,0.0,0.0,0.0,0.0
19609,0.0,0.0,0.0,0.0,0.0,0.0,0.0
19611,0.0,0.0,0.0,0.0,0.0,0.0,0.0
19613,0.0,0.0,0.0,0.0,0.0,0.0,0.0
19615,0.0,0.0,0.0,0.0,0.0,0.0,0.0
19617,0.0,0.0,0.0,0.0,0.0,0.0,0.0
19619,0.0,0.0,0.0,0.0,0.0,0.0,0.0
19623,0.0,0.0,0.0,0.0,0.0,0.0,0.0
19625,0.0,0.0,0.0,0.0,0.0,0.0,0.0
19627,0.0,0.0,0.0,0.0,0.0,0.0,0.0
19629,0.0,0.0,0.0,0.0,0.0,0.0,0.0
19631,0.0,0.0,0.0,0.0,0.0,0.0,0.0
19633,0.0,0.0,0.0,0.0,0.0,0.0,0.0
19635,0.0,0.0,0.0,0.0,0.0,0.0,0.0
19637,0.0,0.0,0.0,0.0,0.0,0.0,0.0
19639,0.0,0.0,0.0,0.0,0.0,0.0,0.0
19643,0.0,0.0,0.0,0.0,0.0,0.0,0.0
19645,0.0,0.0,0.0,0.0,0.0,0.0,0.0
19647,0.0,0.0,0.0,0.0,0.0,0.0,0.0
19649,0.0,0.0,0.0,0.0,0.0,0.0,0.0
19651,0.0,0.0,0.0,0.0,0.0,0.0,0.0
19653,0.0,0.0,0.0,0.0,0.0,0.0,0.0
19655,0.0,0.0,0.0,0.0,0.0,0.0,0.0
19657,0.0,0.0,0.0,0.0,0.0,0.0,0.0
19659,0.0,0.0,0.0,0.0,0.0,0.0,0.0
19661,0.0,0.0,0.0,0.0,0.0,0.0,0.0
19663,0.0,0.0,0.0,0.0,0.0,0.0,0.0
19665,0.0,0.0,0.0,0.0,0.0,0.0,0.0
19667,0.0,0.0,0.0,0.0,0.0,0.0,0.0
19669,0.0,0.0,0.0,0.0,0.0,0.0,0.0
19671,0.0,0.0,0.0,0.0,0.0,0.0,0.0
19673,0.0,0.0,0.0,0.0,0.0,0.0,0.0
19675,0.0,0.0,0.0,0.0,0.0,0.0,0.0
19677,0.0,0.0,0.0,0.0,0.0,0.0,0.0
19679,0.0,0.0,0.0,0.0,0.0,0.0,0.0
19681,0.0,0.0,0.0,0.0,0.0,0.0,0.0
19687,0.0,0.0,0.0,24.390243902439025,0.0,0.0,0.0
19689,0.0,0.0,0.0,24.390243902439025,0.0,0.0,0.0
19691,0.0,0.0,0.0,24.390243902439025,0.0,0.0,0.0
19693,0.0,0.0,0.0,24.390243902439025,0.0,0.0,0.0
19695,0.0,51.660516605166045,0.0,0.0,136.53136531365314,81.18081180811808,0.0
19697,0.0,69.90291262135922,0.0,0.0,153.39805825242718,95.14563106796116,0.0
19699,0.0,2.2595222724338284,0.0,0.0,129.11555842479018,51.64622336991608,0.0
19701,0.0,1.7421602787456447,0.0,0.0,256.0975609756098,170.7317073170732,0.0
19703,0.0,669.8943661971831,0.0,0.0,881.161971830986,12.323943661971832,0.0
19705,0.0,14.02103154732098,0.0,0.0,176.26439659489233,113.16975463194791,0.0
19707,0.0,231.35004530353368,0.0,0.0,400.48323769254,46.209604349139234,0.0
19709,0.0,0.0,0.0,24.390243902439025,0.0,0.0,0.0
19715,0.0,49.528301886792455,0.0,2.358490566037736,129.7169811320755,87.26415094339623,5.8
19717,0.0,0.0,0.0,24.390243902439025,0.0,0.0,0.0
19719,0.0,0.0,0.0,24.390243902439025,0.0,0.0,0.0
19721,0.0,2.484472049689441,0.0,0.0,189.23395445134577,65.42443064182194,0.0
19725,0.0,17.543859649122805,0.0,0.0,187.13450292397658,122.80701754385964,0.0
19731,0.0,0.0,0.0,24.390243902439025,0.0,0.0,0.0
19745,0.0,0.0,0.0,24.390243902439025,0.0,0.0,0.0
19749,0.0,13.494318181818183,0.0,0.0,282.67045454545456,151.2784090909091,0.0
19755,0.0,4.065040650406504,0.0,0.0,150.40650406504065,56.91056910569106,0.0
19757,0.0,0.0,0.0,0.0,144.73684210526315,72.36842105263158,0.0
19759,0.0,25.57544757033248,0.0,0.0,92.07161125319693,97.18670076726342,0.0
19761,0.0,3.3444816053511706,0.0,0.0,70.23411371237458,86.95652173913044,0.0
19763,0.0,3.3557046979865772,0.0,0.0,77.18120805369128,93.95973154362416,0.0
19765,0.0,3.53356890459364,0.0,0.0,74.20494699646643,91.87279151943464,0.0
19767,0.0,3.257328990228013,0.0,0.0,74.9185667752443,91.20521172638436,0.0
19771,0.0,3.144654088050314,0.0,0.0,78.61635220125785,100.62893081761005,0.0
19773,0.0,3.03951367781155,0.0,0.0,79.0273556231003,97.2644376899696,0.0
19775,0.0,2.9850746268656714,0.0,0.0,77.61194029850746,95.52238805970148,0.0
19781,0.0,2.8818443804034586,0.0,0.0,74.92795389048992,92.21902017291067,0.0
19783,0.0,2.8818443804034586,0.0,0.0,74.92795389048992,92.21902017291067,0.0
19785,0.0,2.6954177897574123,0.0,0.0,72.77628032345014,86.2533692722372,0.0
19789,0.0,2.9850746268656714,0.0,0.0,77.61194029850746,95.52238805970148,0.0
19799,0.0,33.16326530612245,0.0,0.0,68.87755102040816,81.63265306122449,0.0
19807,0.0,32.25806451612903,0.0,0.0,71.96029776674938,86.848635235732,0.0
19809,0.0,32.33830845771144,0.0,0.0,72.13930348258707,87.06467661691542,0.0
19811,0.0,34.31372549019608,0.0,0.0,71.07843137254902,85.78431372549021,0.0
19813,0.0,38.834951456310684,0.0,0.0,70.38834951456312,84.95145631067962,0.0
19817,0.0,38.834951456310684,0.0,0.0,70.38834951456312,84.95145631067962,0.0
19821,0.0,28.673835125448026,0.0,0.0,71.68458781362007,86.02150537634408,0.0
19825,0.0,0.0,0.0,0.0,90.90909090909092,0.0,0.0
19827,0.0,9.746588693957115,0.0,0.0,79.92202729044834,89.66861598440546,0.0
19829,0.0,28.169014084507044,0.0,0.0,73.94366197183099,84.50704225352113,0.0
19841,0.0,12.704174228675136,0.0,0.0,87.11433756805808,88.92921960072594,0.0
19901,5.0761421319796955,10.152284263959391,0.0,0.0,10.152284263959391,0.0,0.0
19905,0.0,0.0,0.0,0.0,8.130081300813009,0.0,0.0
19937,6.655574043261232,33.277870216306155,0.0,0.831946755407654,137.2712146422629,115.6405990016639,0.0
19973,0.0,0.0,0.0,0.0,81.08108108108108,0.0,0.0
19983,0.0,80.0,0.0,200.0,40.0,40.0,0.0
19985,0.0,23.305084745762713,0.0,0.0,103.81355932203391,21.186440677966104,0.0
19989,0.0,16.89189189189189,0.0,0.0,74.32432432432432,72.63513513513514,0.0
19993,0.0,41.719342604298355,0.0,0.0,70.79646017699115,15.170670037926675,0.0
19997,0.0,15.748031496062993,0.0,0.0,141.73228346456693,27.559055118110237,0.0
19999,0.0,44.929396662387674,0.0,0.0,62.90115532734274,20.539152759948653,0.0
20001,0.0,36.8421052631579,0.0,0.0,102.63157894736842,42.10526315789474,0.0
20003,0.0,0.0,0.0,0.0,6.0606060606060606,0.0,0.0
20005,25.641025641025642,0.0,0.0,0.0,25.641025641025642,0.0,0.0
20007,0.0,17.857142857142854,0.0,0.0,103.57142857142856,32.14285714285714,0.0
20015,0.0,0.0,0.0,0.0,140.68441064638782,11.406844106463877,0.0
20017,0.0,7.142857142857142,0.0,21.428571428571427,85.71428571428571,149.99999999999997,0.0
20019,0.0,6.5359477124183005,0.0,19.607843137254903,98.03921568627452,169.9346405228758,0.0
20021,0.0,8.474576271186441,0.0,0.0,118.64406779661017,224.5762711864407,0.0
20025,12.5,37.5,0.0,0.0,150.0,325.0,0.0
20027,10.526315789473685,52.63157894736842,0.0,10.526315789473685,126.3157894736842,273.6842105263158,0.0
20029,0.0,0.0,0.0,0.0,253.73134328358208,29.850746268656714,0.0
20033,0.0,0.0,0.0,0.0,165.49295774647888,56.924882629107984,4.4
20037,0.0,0.0,0.0,0.0,87.22741433021807,17.653167185877468,0.0
20093,0.0,0.0,0.0,0.0,96.3855421686747,40.16064257028113,0.0
20113,0.0,0.0,0.0,0.0,90.90909090909092,0.0,0.0
20125,0.0,0.0,0.0,0.0,111.11111111111111,0.0,0.0
20127,0.0,0.0,0.0,32.25806451612903,64.51612903225806,0.0,0.0
20129,0.0,151.16279069767444,0.0,0.0,209.30232558139537,139.53488372093025,0.0
20131,0.0,26.315789473684212,0.0,0.0,26.315789473684212,0.0,0.0
20137,21.73913043478261,0.0,0.0,0.0,43.47826086956522,0.0,0.0
20143,0.0,2.0829458806025665,0.0,0.0,200.11158638646083,168.86739817742233,0.5
20145,0.0,1.9692653936772513,0.0,0.0,218.97527868621864,161.9017477230369,0.6
20149,0.0,2.1904948171327985,0.0,0.0,209.34871895169175,176.4521807158224,0.7
20151,0.0,0.0,0.0,0.0,360.0,15.0,0.0
20153,0.0,2.2457627118644066,0.0,0.0,232.58474576271186,174.78813559322032,0.7
20155,0.0,1.9860268822924425,0.0,0.0,219.52690002482535,162.9960634110012,0.6
20157,0.0,0.0,0.0,0.0,207.23684210526315,128.28947368421052,0.0
20159,0.0,2.96943231441048,0.0,0.0,228.00582241630275,215.6622998544396,0.8
20161,0.0,0.0,0.0,0.0,320.0,35.0,0.0
20163,0.0,2.0841293549619646,0.0,0.0,216.29789155580255,166.55667095071033,0.6
20165,0.0,2.7803026252472867,0.0,0.0,232.04833449179276,206.65133935732237,0.7
20167,0.0,0.0,0.0,0.0,320.1970443349754,34.48275862068965,0.0
20169,0.0,2.5410654324348854,0.0,0.0,223.97676740176058,188.5379798529812,0.7
20171,0.0,2.334287601849813,0.0,0.0,230.03743668795423,181.2376128606034,0.8
20173,0.0,2.9587515228868138,0.0,0.0,228.05592620525616,215.698787492023,0.8
20295,0.0,0.0,0.0,0.0,76.92307692307692,0.0,0.0
20427,0.0,4.1459369817578775,0.0,0.0,194.85903814262025,204.80928689883913,4.6
20429,0.0,10.135135135135135,0.0,0.0,256.7567567567568,351.35135135135135,0.0
20431,0.0,0.0,0.0,0.0,116.43835616438356,106.16438356164385,18.5
20433,0.0,0.0,0.0,0.0,279.0697674418605,116.27906976744187,0.0
20435,0.0,7.640878701050621,0.0,0.0,191.97707736389685,198.1852913085005,0.5
20437,0.0,3.9215686274509807,0.0,0.0,147.3389355742297,124.36974789915966,4.7
20439,0.0,6.289308176100628,0.0,0.0,94.33962264150944,125.78616352201257,0.0
20441,0.0,8.064516129032258,0.0,0.0,32.25806451612903,8.064516129032258,0.0
20443,0.0,8.19672131147541,0.0,0.0,250.0,385.24590163934425,0.0
20445,0.0,1.9665683382497543,0.0,0.0,98.32841691248773,75.71288102261555,12.1
20447,0.0,0.0,0.0,0.0,213.50364963503648,136.86131386861314,6.5
20449,0.0,6.9252077562326875,0.0,0.0,249.30747922437675,254.8476454293629,4.1
20451,0.0,4.054054054054054,0.0,0.0,117.56756756756756,112.16216216216216,0.0
20457,0.0,5.434782608695652,0.0,0.0,233.69565217391306,309.7826086956522,0.0
20459,0.0,10.146561443066517,0.0,0.0,211.95039458850056,223.22435174746334,0.0
20463,0.0,6.849315068493151,0.0,0.0,246.57534246575344,178.08219178082192,0.0
20465,0.0,0.0,0.0,0.0,164.9269311064718,152.4008350730689,0.0
20467,0.0,3.337041156840934,0.0,0.0,51.16796440489433,41.15684093437152,33.0
20469,0.0,3.3288948069241013,0.0,0.0,124.50066577896139,140.47936085219706,19.5
20475,0.0,2.8169014084507045,0.0,0.0,160.56338028169014,109.85915492957747,0.0
20477,0.0,2.0060180541624875,0.0,0.0,144.4332998996991,105.3159478435306,2.0
20479,0.0,3.584229390681003,0.0,0.0,186.37992831541217,114.6953405017921,0.0
20481,0.0,3.430531732418525,0.0,0.0,161.2349914236707,125.21440823327616,0.0
20483,0.0,17.475728155339805,0.0,0.0,110.67961165048544,271.84466019417476,21.4
20485,0.0,14.869888475836431,0.0,0.0,163.56877323420073,349.4423791821561,17.0
20489,0.0,0.0,0.0,0.0,130.568356374808,92.16589861751152,0.0
20491,0.0,6.514657980456026,0.0,0.0,237.78501628664495,166.12377850162866,0.0
20493,0.0,8.869179600886918,0.0,0.0,246.11973392461198,257.2062084257206,0.0
20641,0.0,0.0,0.0,0.0,0.0,0.0,0.0
20651,0.0,2.8490028490028494,0.0,0.0,65.52706552706553,22.792022792022795,6.4
20655,0.0,0.0,0.0,0.0,46.15384615384615,30.769230769230766,0.0
20657,0.0,0.0,0.0,0.0,160.22099447513813,198.8950276243094,0.0
20663,0.0,0.0,0.0,0.0,167.56756756756758,205.40540540540542,0.0
20665,0.0,17.699115044247787,0.0,0.0,141.5929203539823,203.53982300884954,0.0
20679,0.0,0.0,0.0,0.0,0.0,0.0,0.0
20687,0.0,0.0,0.0,0.0,162.16216216216216,200.0,0.0
20689,0.0,1.278772378516624,0.0,0.0,245.5242966751918,153.4526854219949,3.9
20691,0.0,0.0,0.0,0.0,0.0,0.0,0.0
20693,0.0,0.0,0.0,0.0,131.22171945701356,108.5972850678733,0.0
20697,0.0,0.0,0.0,0.0,172.77486910994764,204.18848167539267,0.0
20701,0.0,0.0,0.0,0.0,106.55737704918033,87.43169398907104,5.6
20703,0.0,0.0,0.0,0.0,0.0,0.0,0.0
20709,0.0,4.739336492890995,0.0,0.0,156.39810426540285,113.74407582938389,0.0
20735,0.5798911588901775,60.576322597912394,0.04460701222232135,1.293603354447319,172.62913730038363,159.2024266214649,0.0
20737,0.5798911588901775,60.576322597912394,0.04460701222232135,1.293603354447319,172.62913730038363,159.2024266214649,0.0
20739,0.5798911588901775,60.576322597912394,0.04460701222232135,1.293603354447319,172.62913730038363,159.2024266214649,0.0
20741,0.5798911588901775,60.576322597912394,0.04460701222232135,1.293603354447319,172.62913730038363,159.2024266214649,0.0
20743,0.5798911588901775,60.576322597912394,0.04460701222232135,1.293603354447319,172.62913730038363,159.2024266214649,0.0
20745,0.5798911588901775,60.576322597912394,0.04460701222232135,1.293603354447319,172.62913730038363,159.2024266214649,0.0
20747,0.5798911588901775,60.576322597912394,0.04460701222232135,1.293603354447319,172.62913730038363,159.2024266214649,0.0
20749,0.5798911588901775,60.576322597912394,0.04460701222232135,1.293603354447319,172.62913730038363,159.2024266214649,0.0
20751,0.5798911588901775,60.576322597912394,0.04460701222232135,1.293603354447319,172.62913730038363,159.2024266214649,0.0
20753,0.5798911588901775,60.576322597912394,0.04460701222232135,1.293603354447319,172.62913730038363,159.2024266214649,0.0
20755,0.5798911588901775,60.576322597912394,0.04460701222232135,1.293603354447319,172.62913730038363,159.2024266214649,0.0
20757,0.5798911588901775,60.576322597912394,0.04460701222232135,1.293603354447319,172.62913730038363,159.2024266214649,0.0
20759,0.5798911588901775,60.576322597912394,0.04460701222232135,1.293603354447319,172.62913730038363,159.2024266214649,0.0
20761,0.5798911588901775,60.576322597912394,0.04460701222232135,1.293603354447319,172.62913730038363,159.2024266214649,0.0
20763,0.5798911588901775,60.576322597912394,0.04460701222232135,1.293603354447319,172.62913730038363,159.2024266214649,0.0
20765,0.5798911588901775,60.576322597912394,0.04460701222232135,1.293603354447319,172.62913730038363,159.2024266214649,0.0
20767,0.5794259226243538,60.52772330183633,0.044571224817257976,1.2925655197004813,172.71349616687468,159.16384382242825,0.0
20769,0.5794259226243538,60.52772330183633,0.044571224817257976,1.2925655197004813,172.71349616687468,159.16384382242825,0.0
20771,0.5794259226243538,60.52772330183633,0.044571224817257976,1.2925655197004813,172.71349616687468,159.16384382242825,0.0
20773,0.5794259226243538,60.52772330183633,0.044571224817257976,1.2925655197004813,172.71349616687468,159.16384382242825,0.0
20775,0.5794259226243538,60.52772330183633,0.044571224817257976,1.2925655197004813,172.71349616687468,159.16384382242825,0.0
20777,0.5794259226243538,60.52772330183633,0.044571224817257976,1.2925655197004813,172.71349616687468,159.16384382242825,0.0
20779,0.5794259226243538,60.52772330183633,0.044571224817257976,1.2925655197004813,172.71349616687468,159.16384382242825,0.0
20781,0.5794259226243538,60.52772330183633,0.044571224817257976,1.2925655197004813,172.71349616687468,159.16384382242825,0.0
20783,0.5794259226243538,60.52772330183633,0.044571224817257976,1.2925655197004813,172.71349616687468,159.16384382242825,0.0
20785,0.5794259226243538,60.52772330183633,0.044571224817257976,1.2925655197004813,172.71349616687468,159.16384382242825,0.0
20787,0.5794259226243538,60.52772330183633,0.044571224817257976,1.2925655197004813,172.71349616687468,159.16384382242825,0.0
20789,0.5794259226243538,60.52772330183633,0.044571224817257976,1.2925655197004813,172.71349616687468,159.16384382242825,0.0
20791,0.5794259226243538,60.52772330183633,0.044571224817257976,1.2925655197004813,172.71349616687468,159.16384382242825,0.0
20793,0.5794259226243538,60.52772330183633,0.044571224817257976,1.2925655197004813,172.71349616687468,159.16384382242825,0.0
20795,0.5794259226243538,60.52772330183633,0.044571224817257976,1.2925655197004813,172.71349616687468,159.16384382242825,0.0
20797,0.5794259226243538,60.52772330183633,0.044571224817257976,1.2925655197004813,172.71349616687468,159.16384382242825,0.0
20799,0.5794259226243538,60.52772330183633,0.044571224817257976,1.2925655197004813,172.71349616687468,159.16384382242825,0.0
20801,0.5794259226243538,60.52772330183633,0.044571224817257976,1.2925655197004813,172.71349616687468,159.16384382242825,0.0
20803,0.5794259226243538,60.52772330183633,0.044571224817257976,1.2925655197004813,172.71349616687468,159.16384382242825,0.0
20805,0.5794259226243538,60.52772330183633,0.044571224817257976,1.2925655197004813,172.71349616687468,159.16384382242825,0.0
20807,0.5794259226243538,60.52772330183633,0.044571224817257976,1.2925655197004813,172.71349616687468,159.16384382242825,0.0
20809,0.5794259226243538,60.52772330183633,0.044571224817257976,1.2925655197004813,172.71349616687468,159.16384382242825,0.0
20811,0.5794259226243538,60.52772330183633,0.044571224817257976,1.2925655197004813,172.71349616687468,159.16384382242825,0.0
20813,0.5794259226243538,60.52772330183633,0.044571224817257976,1.2925655197004813,172.71349616687468,159.16384382242825,0.0
20815,0.5794259226243538,60.52772330183633,0.044571224817257976,1.2925655197004813,172.71349616687468,159.16384382242825,0.0
20817,0.5794259226243538,60.52772330183633,0.044571224817257976,1.2925655197004813,172.71349616687468,159.16384382242825,0.0
20819,0.5794259226243538,60.52772330183633,0.044571224817257976,1.2925655197004813,172.71349616687468,159.16384382242825,0.0
20821,0.5794259226243538,60.52772330183633,0.044571224817257976,1.2925655197004813,172.71349616687468,159.16384382242825,0.0
20823,0.5794259226243538,60.52772330183633,0.044571224817257976,1.2925655197004813,172.71349616687468,159.16384382242825,0.0
20825,0.5794259226243538,60.52772330183633,0.044571224817257976,1.2925655197004813,172.71349616687468,159.16384382242825,0.0
20827,0.5794259226243538,60.52772330183633,0.044571224817257976,1.2925655197004813,172.71349616687468,159.16384382242825,0.0
20829,0.5794259226243538,60.52772330183633,0.044571224817257976,1.2925655197004813,172.71349616687468,159.16384382242825,0.0
20831,0.5794259226243538,60.52772330183633,0.044571224817257976,1.2925655197004813,172.71349616687468,159.16384382242825,0.0
20833,0.5794259226243538,60.52772330183633,0.044571224817257976,1.2925655197004813,172.71349616687468,159.16384382242825,0.0
20835,0.5794259226243538,60.52772330183633,0.044571224817257976,1.2925655197004813,172.71349616687468,159.16384382242825,0.0
20837,0.5794259226243538,60.52772330183633,0.044571224817257976,1.2925655197004813,172.71349616687468,159.16384382242825,0.0
20839,0.5794259226243538,60.52772330183633,0.044571224817257976,1.2925655197004813,172.71349616687468,159.16384382242825,0.0
20841,0.5676360143218933,59.689110121386776,0.04366430879399179,1.2662649550257619,175.09387826390707,166.4046808139027,0.0
20843,0.5794259226243538,60.52772330183633,0.044571224817257976,1.2925655197004813,172.71349616687468,159.16384382242825,0.0
20845,0.5794259226243538,60.52772330183633,0.044571224817257976,1.2925655197004813,172.71349616687468,159.16384382242825,0.0
20875,0.315955766192733,10.42654028436019,0.0,0.0,15.165876777251185,15.797788309636651,0.0
20877,0.315955766192733,10.42654028436019,0.0,0.0,15.165876777251185,15.797788309636651,0.0
20879,0.315955766192733,10.42654028436019,0.0,0.0,15.165876777251185,15.797788309636651,0.0
