,factor_1,factor_2,factor_3
1,0.3331032018817138,0.3018748656740703,-0.40181064618251505
3,0.3331032018817138,0.3018748656740703,-0.40181064618251505
5,0.3509280929072362,0.20638024970169447,-0.36285892864171854
7,0.3331032018817138,0.3018748656740703,-0.40181064618251505
9,0.3331032018817138,0.3018748656740703,-0.40181064618251505
11,0.3331032018817138,0.3018748656740703,-0.40181064618251505
13,0.3509280929072362,0.20638024970169447,-0.36285892864171854
15,0.3331032018817138,0.3018748656740703,-0.40181064618251505
17,0.3331032018817138,0.3018748656740703,-0.40181064618251505
19,0.3509280929072362,0.20638024970169447,-0.36285892864171854
21,0.31037974798448803,0.25276424169522316,-0.3891473522412409
23,0.2941142727318332,0.2569305352723166,-0.3851076783015874
25,0.2941142727318332,0.2569305352723166,-0.3851076783015874
27,0.35055290778944337,0.20598208089938044,-0.36291376946945847
29,0.31037974798448803,0.25276424169522316,-0.3891473522412409
31,0.35055290778944337,0.20598208089938044,-0.36291376946945847
33,0.31037974798448803,0.25276424169522316,-0.3891473522412409
35,0.31037974798448803,0.25276424169522316,-0.3891473522412409
37,0.31037974798448803,0.25276424169522316,-0.3891473522412409
39,-1.1287060019167041,-0.6860220010261845,-0.47142198820520825
41,-1.1287060019167041,-0.6860220010261845,-0.47142198820520825
43,-1.1287060019167041,-0.6860220010261845,-0.47142198820520825
45,-1.1287060019167041,-0.6860220010261845,-0.47142198820520825
47,-1.1287060019167041,-0.6860220010261845,-0.47142198820520825
49,-1.1287060019167041,-0.6860220010261845,-0.47142198820520825
51,-1.1287060019167041,-0.6860220010261845,-0.47142198820520825
53,-1.1287060019167041,-0.6860220010261845,-0.47142198820520825
55,-1.1287060019167041,-0.6860220010261845,-0.47142198820520825
57,-1.1287060019167041,-0.6860220010261845,-0.47142198820520825
59,-1.1287060019167041,-0.6860220010261845,-0.47142198820520825
61,-1.1287060019167041,-0.6860220010261845,-0.47142198820520825
63,-1.1287060019167041,-0.6860220010261845,-0.47142198820520825
65,-1.1287060019167041,-0.6860220010261845,-0.47142198820520825
67,-1.1287060019167041,-0.6860220010261845,-0.47142198820520825
69,-1.1287060019167041,-0.6860220010261845,-0.47142198820520825
71,-1.1287060019167041,-0.6860220010261845,-0.47142198820520825
73,-1.1287060019167041,-0.6860220010261845,-0.47142198820520825
75,-1.1287060019167041,-0.6860220010261845,-0.47142198820520825
77,-1.1287060019167041,-0.6860220010261845,-0.47142198820520825
79,-1.1287060019167041,-0.6860220010261845,-0.47142198820520825
81,-1.1287060019167041,-0.6860220010261845,-0.47142198820520825
83,-1.1287060019167041,-0.6860220010261845,-0.47142198820520825
85,-1.1287060019167041,-0.6860220010261845,-0.47142198820520825
87,-1.1287060019167041,-0.6860220010261845,-0.47142198820520825
89,-1.1287060019167041,-0.6860220010261845,-0.47142198820520825
91,-1.1287060019167041,-0.6860220010261845,-0.47142198820520825
93,-1.1287060019167041,-0.6860220010261845,-0.47142198820520825
95,-1.1287060019167041,-0.6860220010261845,-0.47142198820520825
97,-1.1287060019167041,-0.6860220010261845,-0.47142198820520825
99,-1.1287060019167041,-0.6860220010261845,-0.47142198820520825
101,-1.1287060019167041,-0.6860220010261845,-0.47142198820520825
103,-1.1287060019167041,-0.6860220010261845,-0.47142198820520825
105,-1.1287060019167041,-0.6860220010261845,-0.47142198820520825
107,-1.1287060019167041,-0.6860220010261845,-0.47142198820520825
109,-1.1287060019167041,-0.6860220010261845,-0.47142198820520825
111,-1.1287060019167041,-0.6860220010261845,-0.47142198820520825
113,-1.1287060019167041,-0.6860220010261845,-0.47142198820520825
115,-1.1287060019167041,-0.6860220010261845,-0.47142198820520825
117,-1.1287060019167041,-0.6860220010261845,-0.47142198820520825
119,-1.1287060019167041,-0.6860220010261845,-0.47142198820520825
189,-1.1287060019167041,-0.6860220010261845,-0.47142198820520825
191,-1.1287060019167041,-0.6860220010261845,-0.47142198820520825
193,-1.1287060019167041,-0.6860220010261845,-0.47142198820520825
195,-1.1287060019167041,-0.6860220010261845,-0.47142198820520825
197,-1.1287060019167041,-0.6860220010261845,-0.47142198820520825
199,-1.1287060019167041,-0.6860220010261845,-0.47142198820520825
201,-1.1287060019167041,-0.6860220010261845,-0.47142198820520825
203,-1.1287060019167041,-0.6860220010261845,-0.47142198820520825
205,-1.3511129284733057,2.0918309510042175,3.146850146357467
207,-1.3801024155798305,2.4322464938033805,3.688532479311841
209,-1.3794291156333696,2.3813737850281274,3.647748425394973
211,-1.374771201176474,2.3267854764079767,3.560383304923196
213,-1.3645339870739475,2.2067344905712085,3.368821552070521
215,-1.363602902929153,2.195810098446424,3.351432105701503
217,-1.2991944351306266,1.3021494101716393,2.7852298308428534
219,-1.3010272569361587,1.3235230825486184,2.8202401969683213
221,-1.2991944351306266,1.3021494101716393,2.7852298308428534
223,-1.3019676532087892,1.3344896270185016,2.8382035460011896
225,-1.3019676532087892,1.3344896270185016,2.8382035460011896
227,-1.3019676532087892,1.3344896270185016,2.8382035460011896
229,-1.3146847103388748,1.712265356619982,4.194764238831675
231,-1.3146847103388748,1.712265356619982,4.194764238831675
233,-1.3146847103388748,1.712265356619982,4.194764238831675
235,-1.1287060019167041,-0.6860220010261845,-0.47142198820520825
237,-1.1287060019167041,-0.6860220010261845,-0.47142198820520825
239,-1.1287060019167041,-0.6860220010261845,-0.47142198820520825
241,-1.1287060019167041,-0.6860220010261845,-0.47142198820520825
243,-1.1287060019167041,-0.6860220010261845,-0.47142198820520825
245,-1.1287060019167041,-0.6860220010261845,-0.47142198820520825
247,-1.1331212394016947,-0.3524186910480704,-0.2039761275748964
249,-1.1331212394016947,-0.3524186910480704,-0.2039761275748964
251,-1.1331212394016947,-0.3524186910480704,-0.2039761275748964
253,-1.1327761326620045,-0.3784940156592189,-0.2248804094667664
255,-1.1327761326620045,-0.3784940156592189,-0.2248804094667664
257,-1.1327761326620045,-0.3784940156592189,-0.2248804094667664
259,-1.1327761326620045,-0.3784940156592189,-0.2248804094667664
261,-1.1327792782683952,-0.3782563422141678,-0.22468986945364466
263,-1.133045035669966,-0.3581764373128987,-0.20859204522028504
265,-1.133045035669966,-0.3581764373128987,-0.20859204522028504
267,-1.133045035669966,-0.3581764373128987,-0.20859204522028504
269,-1.133045035669966,-0.3581764373128987,-0.20859204522028504
271,-1.1330251080341704,-0.3596821151578722,-0.20979912948784624
273,-1.1330251080341704,-0.3596821151578722,-0.20979912948784624
275,-1.1329841197473345,-0.36277907839149753,-0.2122819285866071
277,-1.1315448485019135,-0.47152649074720243,-0.2994634535262098
279,-1.1315448485019135,-0.47152649074720243,-0.2994634535262098
321,-1.1315562500319356,-0.47066502221532364,-0.2987728243087437
323,-1.1315562500319356,-0.47066502221532364,-0.2987728243087437
325,-1.1315634259742078,-0.47012282757634,-0.29833815322630847
327,-1.1315634259742078,-0.47012282757634,-0.29833815322630847
329,-1.1315634259742078,-0.47012282757634,-0.29833815322630847
331,-1.1315634259742078,-0.47012282757634,-0.29833815322630847
333,-1.1315706407657038,-0.4695776975958849,-0.2979011289150457
335,-1.1315634259742078,-0.47012282757634,-0.29833815322630847
337,-1.1315720884154665,-0.46946831712562387,-0.29781343987500886
339,-1.1315720884154665,-0.46946831712562387,-0.29781343987500886
341,-1.1287060019167041,-0.6860220010261845,-0.47142198820520825
343,-1.1287060019167041,-0.6860220010261845,-0.47142198820520825
345,-1.1287060019167041,-0.6860220010261845,-0.47142198820520825
347,-1.1287060019167041,-0.6860220010261845,-0.47142198820520825
349,-1.1287060019167041,-0.6860220010261845,-0.47142198820520825
351,-1.1287060019167041,-0.6860220010261845,-0.47142198820520825
353,-1.1287060019167041,-0.6860220010261845,-0.47142198820520825
355,-1.1287060019167041,-0.6860220010261845,-0.47142198820520825
357,-1.1287060019167041,-0.6860220010261845,-0.47142198820520825
359,-1.1287060019167041,-0.6860220010261845,-0.47142198820520825
361,-1.1287060019167041,-0.6860220010261845,-0.47142198820520825
363,-1.1287060019167041,-0.6860220010261845,-0.47142198820520825
365,-1.1287060019167041,-0.6860220010261845,-0.47142198820520825
367,-1.1287060019167041,-0.6860220010261845,-0.47142198820520825
369,-1.1287060019167041,-0.6860220010261845,-0.47142198820520825
371,-1.1287060019167041,-0.6860220010261845,-0.47142198820520825
373,-1.1287060019167041,-0.6860220010261845,-0.47142198820520825
375,-1.1287060019167041,-0.6860220010261845,-0.47142198820520825
377,-1.1287060019167041,-0.6860220010261845,-0.47142198820520825
379,-1.1287060019167041,-0.6860220010261845,-0.47142198820520825
381,-1.1287060019167041,-0.6860220010261845,-0.47142198820520825
383,-1.1287060019167041,-0.6860220010261845,-0.47142198820520825
385,-1.1287060019167041,-0.6860220010261845,-0.47142198820520825
387,-1.1287060019167041,-0.6860220010261845,-0.47142198820520825
389,-1.1287060019167041,-0.6860220010261845,-0.47142198820520825
391,-1.1287060019167041,-0.6860220010261845,-0.47142198820520825
393,-1.1287060019167041,-0.6860220010261845,-0.47142198820520825
395,-1.1287060019167041,-0.6860220010261845,-0.47142198820520825
397,-1.1287060019167041,-0.6860220010261845,-0.47142198820520825
399,-1.1287060019167041,-0.6860220010261845,-0.47142198820520825
401,-1.1287060019167041,-0.6860220010261845,-0.47142198820520825
403,-1.1287060019167041,-0.6860220010261845,-0.47142198820520825
405,-1.1287060019167041,-0.6860220010261845,-0.47142198820520825
407,-1.1287060019167041,-0.6860220010261845,-0.47142198820520825
409,-1.1287060019167041,-0.6860220010261845,-0.47142198820520825
411,-1.1287060019167041,-0.6860220010261845,-0.47142198820520825
413,-1.1287060019167041,-0.6860220010261845,-0.47142198820520825
415,-1.1287060019167041,-0.6860220010261845,-0.47142198820520825
417,-1.1287060019167041,-0.6860220010261845,-0.47142198820520825
419,-1.1287060019167041,-0.6860220010261845,-0.47142198820520825
421,-1.1287060019167041,-0.6860220010261845,-0.47142198820520825
423,-1.1287060019167041,-0.6860220010261845,-0.47142198820520825
425,-1.1287060019167041,-0.6860220010261845,-0.47142198820520825
427,-1.1287060019167041,-0.6860220010261845,-0.47142198820520825
429,-1.1287060019167041,-0.6860220010261845,-0.47142198820520825
431,-1.1287060019167041,-0.6860220010261845,-0.47142198820520825
433,-1.1287060019167041,-0.6860220010261845,-0.47142198820520825
435,-1.1287060019167041,-0.6860220010261845,-0.47142198820520825
437,-1.1287060019167041,-0.6860220010261845,-0.47142198820520825
439,-1.1287060019167041,-0.6860220010261845,-0.47142198820520825
441,-1.1287060019167041,-0.6860220010261845,-0.47142198820520825
443,-1.1287060019167041,-0.6860220010261845,-0.47142198820520825
445,-1.1287060019167041,-0.6860220010261845,-0.47142198820520825
447,-1.1287060019167041,-0.6860220010261845,-0.47142198820520825
449,-1.1287060019167041,-0.6860220010261845,-0.47142198820520825
451,-1.1287060019167041,-0.6860220010261845,-0.47142198820520825
453,-1.1287060019167041,-0.6860220010261845,-0.47142198820520825
455,-1.1287060019167041,-0.6860220010261845,-0.47142198820520825
457,-1.1287060019167041,-0.6860220010261845,-0.47142198820520825
459,-1.1287060019167041,-0.6860220010261845,-0.47142198820520825
461,-1.1287060019167041,-0.6860220010261845,-0.47142198820520825
463,-1.1287060019167041,-0.6860220010261845,-0.47142198820520825
465,-1.1287060019167041,-0.6860220010261845,-0.47142198820520825
477,-1.1400152940241794,-0.00026501327628726794,2.789212699012383
479,-1.1400152940241794,-0.00026501327628726794,2.789212699012383
481,-1.1383837433032278,-0.09432384173843178,2.244436044593487
483,-1.137961184362405,-0.1187593967093859,2.1044886583761735
485,-1.1357683597888977,-0.28151150401315506,1.9269133328328811
487,-1.1357683597888977,-0.28151150401315506,1.9269133328328811
489,-1.135807372545369,-0.2792769713265206,1.940161836167016
491,-1.126999017476453,-0.9448122718493142,1.4066099920925401
493,-1.1287060019167041,-0.6860220010261845,-0.47142198820520825
495,-1.1287060019167041,-0.6860220010261845,-0.47142198820520825
497,-1.1287060019167041,-0.6860220010261845,-0.47142198820520825
499,-1.1287060019167041,-0.6860220010261845,-0.47142198820520825
501,-1.1287060019167041,-0.6860220010261845,-0.47142198820520825
503,-1.1287060019167041,-0.6860220010261845,-0.47142198820520825
505,-1.1287060019167041,-0.6860220010261845,-0.47142198820520825
507,-1.1287060019167041,-0.6860220010261845,-0.47142198820520825
509,-1.1287060019167041,-0.6860220010261845,-0.47142198820520825
511,-1.1287060019167041,-0.6860220010261845,-0.47142198820520825
513,-1.1287060019167041,-0.6860220010261845,-0.47142198820520825
515,-1.1287060019167041,-0.6860220010261845,-0.47142198820520825
517,-1.1287060019167041,-0.6860220010261845,-0.47142198820520825
519,-1.1287060019167041,-0.6860220010261845,-0.47142198820520825
521,-1.1287060019167041,-0.6860220010261845,-0.47142198820520825
523,-1.1287060019167041,-0.6860220010261845,-0.47142198820520825
525,-1.1287060019167041,-0.6860220010261845,-0.47142198820520825
527,-1.1287060019167041,-0.6860220010261845,-0.47142198820520825
529,-1.1287060019167041,-0.6860220010261845,-0.47142198820520825
531,-1.1287060019167041,-0.6860220010261845,-0.47142198820520825
533,-1.1287060019167041,-0.6860220010261845,-0.47142198820520825
535,0.8574339470527929,-0.534788758406403,1.462442926080939
537,0.8490385076073055,-0.5328990073592068,1.4482718080679546
539,0.8523301317447483,-0.5336814048625771,1.4420905209773607
541,0.8523301317447483,-0.5336814048625771,1.4420905209773607
543,0.8523301317447483,-0.5336814048625771,1.4420905209773607
545,0.8523301317447483,-0.5336814048625771,1.4420905209773607
547,0.8512085896834318,-0.532844216936998,1.4410024183300743
549,0.7724065343976019,-0.5298015968050394,1.258440300522184
551,0.7724065343976019,-0.5298015968050394,1.258440300522184
553,0.7736303494237335,-0.5472512215415969,1.246065373415456
555,0.7736303494237335,-0.5472512215415969,1.246065373415456
557,0.7736303494237335,-0.5472512215415969,1.246065373415456
559,0.7736303494237335,-0.5472512215415969,1.246065373415456
561,0.7736303494237335,-0.5472512215415969,1.246065373415456
563,0.7736303494237335,-0.5472512215415969,1.246065373415456
565,0.7735310507171311,-0.547258276994313,1.245898109390602
567,0.7724403049816736,-0.5473357606741605,1.2440610117336333
569,0.7724403049816736,-0.5473357606741605,1.2440610117336333
571,0.7727375014747259,-0.54731465169294,1.244561528790082
573,0.774374215766363,-0.5486466553178589,1.2372597196379675
575,0.774374215766363,-0.5486466553178589,1.2372597196379675
577,0.774374215766363,-0.5486466553178589,1.2372597196379675
579,0.774374215766363,-0.5486466553178589,1.2372597196379675
581,0.7753702373515909,-0.5495115565888765,1.2346299961379599
583,0.7753702373515909,-0.5495115565888765,1.2346299961379599
585,0.7753702373515909,-0.5495115565888765,1.2346299961379599
587,0.7753702373515909,-0.5495115565888765,1.2346299961379599
589,0.7752767848223017,-0.5493009450772347,1.2338021952927214
591,0.7752767848223017,-0.5493009450772347,1.2338021952927214
593,0.7752767848223017,-0.5493009450772347,1.2338021952927214
595,0.7752767848223017,-0.5493009450772347,1.2338021952927214
597,0.7762141205577743,-0.5494842398232301,1.2325699599900979
599,0.7762141205577743,-0.5494842398232301,1.2325699599900979
601,0.7957721662768149,-0.5492960376859788,1.2015631301213419
603,0.8198800241128331,-0.5308677792960801,1.1703973707982624
605,0.8200519996357526,-0.5310230945196417,1.1712053560434486
607,0.8200519996357526,-0.5310230945196417,1.1712053560434486
609,0.8198800241128331,-0.5308677792960801,1.1703973707982624
611,0.8198800241128331,-0.5308677792960801,1.1703973707982624
613,0.8198800241128331,-0.5308677792960801,1.1703973707982624
615,0.819067844995355,-0.5309326818407583,1.169051081610945
617,0.8194864401693918,-0.5290038513761078,1.1709946708454926
619,0.8203134801248338,-0.529273743747378,1.1707965059613032
621,0.8203134801248338,-0.529273743747378,1.1707965059613032
623,0.8203134801248338,-0.529273743747378,1.1707965059613032
625,0.8218704767223195,-0.529653593358381,1.1697372352954925
627,0.800407389544589,-0.5008567060717342,1.1561803540963473
629,0.800407389544589,-0.5008567060717342,1.1561803540963473
631,0.800407389544589,-0.5008567060717342,1.1561803540963473
633,0.800407389544589,-0.5008567060717342,1.1561803540963473
635,0.7990099273310967,-0.49884080465037445,1.1556292721699633
637,0.7990099273310967,-0.49884080465037445,1.1556292721699633
639,0.7990099273310967,-0.49884080465037445,1.1556292721699633
641,0.7990099273310967,-0.49884080465037445,1.1556292721699633
643,0.7988580626650946,-0.49885368402341645,1.1553786243178126
645,0.7988580626650946,-0.49885368402341645,1.1553786243178126
647,0.7988580626650946,-0.49885368402341645,1.1553786243178126
649,0.800591679251967,-0.501413094231407,1.1691768498283828
651,0.8032176722090062,-0.5064846376083888,1.1675410491209008
653,0.8032176722090062,-0.5064846376083888,1.1675410491209008
655,0.8032176722090062,-0.5064846376083888,1.1675410491209008
657,0.803296087867907,-0.5064781018262368,1.1676708149940864
659,0.8028258121084875,-0.506517298194888,1.1668926159413926
661,0.8028258121084875,-0.506517298194888,1.1668926159413926
663,0.8028258121084875,-0.506517298194888,1.1668926159413926
665,-1.1287060019167041,-0.6860220010261845,-0.47142198820520825
667,-1.1287060019167041,-0.6860220010261845,-0.47142198820520825
669,-1.1287060019167041,-0.6860220010261845,-0.47142198820520825
671,-1.1287060019167041,-0.6860220010261845,-0.47142198820520825
673,-1.1287060019167041,-0.6860220010261845,-0.47142198820520825
675,-1.1287060019167041,-0.6860220010261845,-0.47142198820520825
677,-1.1287060019167041,-0.6860220010261845,-0.47142198820520825
679,-1.1287060019167041,-0.6860220010261845,-0.47142198820520825
681,-1.1287060019167041,-0.6860220010261845,-0.47142198820520825
683,-1.1287060019167041,-0.6860220010261845,-0.47142198820520825
685,-1.1287060019167041,-0.6860220010261845,-0.47142198820520825
687,-1.1287060019167041,-0.6860220010261845,-0.47142198820520825
689,-1.1287060019167041,-0.6860220010261845,-0.47142198820520825
691,-1.1287060019167041,-0.6860220010261845,-0.47142198820520825
693,-1.1287060019167041,-0.6860220010261845,-0.47142198820520825
695,-1.1287060019167041,-0.6860220010261845,-0.47142198820520825
697,-1.1287060019167041,-0.6860220010261845,-0.47142198820520825
699,-1.1287060019167041,-0.6860220010261845,-0.47142198820520825
701,-1.1287060019167041,-0.6860220010261845,-0.47142198820520825
703,-1.1287060019167041,-0.6860220010261845,-0.47142198820520825
705,-1.1287060019167041,-0.6860220010261845,-0.47142198820520825
707,-1.1287060019167041,-0.6860220010261845,-0.47142198820520825
709,-1.1287060019167041,-0.6860220010261845,-0.47142198820520825
711,-1.1287060019167041,-0.6860220010261845,-0.47142198820520825
713,-1.1287060019167041,-0.6860220010261845,-0.47142198820520825
715,-1.1287060019167041,-0.6860220010261845,-0.47142198820520825
717,-1.1287060019167041,-0.6860220010261845,-0.47142198820520825
719,-1.1287060019167041,-0.6860220010261845,-0.47142198820520825
721,-1.1287060019167041,-0.6860220010261845,-0.47142198820520825
723,-1.1287060019167041,-0.6860220010261845,-0.47142198820520825
725,-1.1287060019167041,-0.6860220010261845,-0.47142198820520825
727,-1.1287060019167041,-0.6860220010261845,-0.47142198820520825
729,-1.1287060019167041,-0.6860220010261845,-0.47142198820520825
731,-1.1287060019167041,-0.6860220010261845,-0.47142198820520825
733,-1.1287060019167041,-0.6860220010261845,-0.47142198820520825
735,-1.1287060019167041,-0.6860220010261845,-0.47142198820520825
737,-1.1287060019167041,-0.6860220010261845,-0.47142198820520825
739,-1.1287060019167041,-0.6860220010261845,-0.47142198820520825
741,-1.1287060019167041,-0.6860220010261845,-0.47142198820520825
743,-1.1287060019167041,-0.6860220010261845,-0.47142198820520825
745,-1.1287060019167041,-0.6860220010261845,-0.47142198820520825
747,-1.1287060019167041,-0.6860220010261845,-0.47142198820520825
749,-1.1287060019167041,-0.6860220010261845,-0.47142198820520825
751,-1.1287060019167041,-0.6860220010261845,-0.47142198820520825
753,-1.1287060019167041,-0.6860220010261845,-0.47142198820520825
755,-1.1287060019167041,-0.6860220010261845,-0.47142198820520825
757,-1.1287060019167041,-0.6860220010261845,-0.47142198820520825
759,-1.1287060019167041,-0.6860220010261845,-0.47142198820520825
761,-1.1287060019167041,-0.6860220010261845,-0.47142198820520825
763,-1.1287060019167041,-0.6860220010261845,-0.47142198820520825
765,-1.1287060019167041,-0.6860220010261845,-0.47142198820520825
767,-1.1287060019167041,-0.6860220010261845,-0.47142198820520825
769,-1.1287060019167041,-0.6860220010261845,-0.47142198820520825
771,-1.1287060019167041,-0.6860220010261845,-0.47142198820520825
773,-1.1287060019167041,-0.6860220010261845,-0.47142198820520825
775,-1.1287060019167041,-0.6860220010261845,-0.47142198820520825
777,-1.1287060019167041,-0.6860220010261845,-0.47142198820520825
779,-1.1287060019167041,-0.6860220010261845,-0.47142198820520825
781,-1.1287060019167041,-0.6860220010261845,-0.47142198820520825
783,-1.1287060019167041,-0.6860220010261845,-0.47142198820520825
785,-1.1287060019167041,-0.6860220010261845,-0.47142198820520825
787,-1.1287060019167041,-0.6860220010261845,-0.47142198820520825
789,-1.1287060019167041,-0.6860220010261845,-0.47142198820520825
791,-1.1287060019167041,-0.6860220010261845,-0.47142198820520825
793,-1.1287060019167041,-0.6860220010261845,-0.47142198820520825
795,-1.1287060019167041,-0.6860220010261845,-0.47142198820520825
797,-1.1287060019167041,-0.6860220010261845,-0.47142198820520825
799,-1.1287060019167041,-0.6860220010261845,-0.47142198820520825
801,-1.1287060019167041,-0.6860220010261845,-0.47142198820520825
803,-1.1287060019167041,-0.6860220010261845,-0.47142198820520825
805,-1.1287060019167041,-0.6860220010261845,-0.47142198820520825
807,-1.1287060019167041,-0.6860220010261845,-0.47142198820520825
809,-1.1287060019167041,-0.6860220010261845,-0.47142198820520825
811,-1.1287060019167041,-0.6860220010261845,-0.47142198820520825
813,-1.1287060019167041,-0.6860220010261845,-0.47142198820520825
815,-1.1287060019167041,-0.6860220010261845,-0.47142198820520825
817,-1.1287060019167041,-0.6860220010261845,-0.47142198820520825
819,-1.1287060019167041,-0.6860220010261845,-0.47142198820520825
821,-1.1287060019167041,-0.6860220010261845,-0.47142198820520825
823,-1.1287060019167041,-0.6860220010261845,-0.47142198820520825
825,-1.1287060019167041,-0.6860220010261845,-0.47142198820520825
827,-1.1287060019167041,-0.6860220010261845,-0.47142198820520825
829,-1.1287060019167041,-0.6860220010261845,-0.47142198820520825
831,-1.1287060019167041,-0.6860220010261845,-0.47142198820520825
833,-1.1287060019167041,-0.6860220010261845,-0.47142198820520825
835,-1.1287060019167041,-0.6860220010261845,-0.47142198820520825
837,-1.1287060019167041,-0.6860220010261845,-0.47142198820520825
839,-1.1287060019167041,-0.6860220010261845,-0.47142198820520825
841,-1.1287060019167041,-0.6860220010261845,-0.47142198820520825
843,-1.1287060019167041,-0.6860220010261845,-0.47142198820520825
845,-1.1287060019167041,-0.6860220010261845,-0.47142198820520825
847,-1.1287060019167041,-0.6860220010261845,-0.47142198820520825
849,-1.1287060019167041,-0.6860220010261845,-0.47142198820520825
851,-1.1287060019167041,-0.6860220010261845,-0.47142198820520825
853,-1.1287060019167041,-0.6860220010261845,-0.47142198820520825
855,-1.1287060019167041,-0.6860220010261845,-0.47142198820520825
857,-1.1287060019167041,-0.6860220010261845,-0.47142198820520825
859,-1.1287060019167041,-0.6860220010261845,-0.47142198820520825
861,-1.1287060019167041,-0.6860220010261845,-0.47142198820520825
863,-1.1287060019167041,-0.6860220010261845,-0.47142198820520825
865,-1.1287060019167041,-0.6860220010261845,-0.47142198820520825
867,-1.1287060019167041,-0.6860220010261845,-0.47142198820520825
869,-1.1287060019167041,-0.6860220010261845,-0.47142198820520825
871,-1.1287060019167041,-0.6860220010261845,-0.47142198820520825
873,-1.1287060019167041,-0.6860220010261845,-0.47142198820520825
875,-1.1287060019167041,-0.6860220010261845,-0.47142198820520825
877,-1.1287060019167041,-0.6860220010261845,-0.47142198820520825
879,-1.1287060019167041,-0.6860220010261845,-0.47142198820520825
881,-1.1287060019167041,-0.6860220010261845,-0.47142198820520825
883,-1.1287060019167041,-0.6860220010261845,-0.47142198820520825
885,-1.1287060019167041,-0.6860220010261845,-0.47142198820520825
887,-1.1287060019167041,-0.6860220010261845,-0.47142198820520825
889,-1.1287060019167041,-0.6860220010261845,-0.47142198820520825
891,-1.1287060019167041,-0.6860220010261845,-0.47142198820520825
893,-1.1287060019167041,-0.6860220010261845,-0.47142198820520825
895,-1.1287060019167041,-0.6860220010261845,-0.47142198820520825
897,-1.1287060019167041,-0.6860220010261845,-0.47142198820520825
899,-1.1287060019167041,-0.6860220010261845,-0.47142198820520825
901,-1.1287060019167041,-0.6860220010261845,-0.47142198820520825
903,-1.1287060019167041,-0.6860220010261845,-0.47142198820520825
905,-1.1287060019167041,-0.6860220010261845,-0.47142198820520825
907,-1.1287060019167041,-0.6860220010261845,-0.47142198820520825
909,-1.1287060019167041,-0.6860220010261845,-0.47142198820520825
911,-1.1287060019167041,-0.6860220010261845,-0.47142198820520825
913,-1.1287060019167041,-0.6860220010261845,-0.47142198820520825
915,-1.1287060019167041,-0.6860220010261845,-0.47142198820520825
917,-1.1287060019167041,-0.6860220010261845,-0.47142198820520825
919,-1.1287060019167041,-0.6860220010261845,-0.47142198820520825
921,-1.1287060019167041,-0.6860220010261845,-0.47142198820520825
923,-1.1287060019167041,-0.6860220010261845,-0.47142198820520825
925,-1.1287060019167041,-0.6860220010261845,-0.47142198820520825
927,-1.1287060019167041,-0.6860220010261845,-0.47142198820520825
929,-1.1287060019167041,-0.6860220010261845,-0.47142198820520825
931,-1.1287060019167041,-0.6860220010261845,-0.47142198820520825
933,-1.1287060019167041,-0.6860220010261845,-0.47142198820520825
935,-1.1287060019167041,-0.6860220010261845,-0.47142198820520825
937,-1.1287060019167041,-0.6860220010261845,-0.47142198820520825
939,-1.1287060019167041,-0.6860220010261845,-0.47142198820520825
941,-1.1287060019167041,-0.6860220010261845,-0.47142198820520825
943,-1.1287060019167041,-0.6860220010261845,-0.47142198820520825
945,-1.1287060019167041,-0.6860220010261845,-0.47142198820520825
947,-1.1287060019167041,-0.6860220010261845,-0.47142198820520825
949,-1.1287060019167041,-0.6860220010261845,-0.47142198820520825
955,1.3187793132747752,0.14839171853142727,-0.17668576397871158
957,1.318057692307682,0.14688935458522748,-0.15936660442717523
959,1.3180436552671244,0.14688539575530501,-0.15937216062579349
961,1.3174035236696489,0.1436834778413107,-0.13823207858439088
963,1.3173833721164134,0.1458533126359006,-0.13963825334590477
965,1.3173833721164134,0.1458533126359006,-0.13963825334590477
967,1.3174035236696489,0.1436834778413107,-0.13823207858439088
969,1.3174035236696489,0.1436834778413107,-0.13823207858439088
971,1.3174175397452388,0.14368733828131927,-0.1382258618898375
973,1.3197620669228676,0.14293456673500396,-0.13655936332549348
975,1.319755724723469,0.1451366891182804,-0.13797770196037515
977,1.319741651507804,0.14513281306537118,-0.13798395035721578
979,1.319741651507804,0.14513281306537118,-0.13798395035721578
981,1.3362311681249557,0.18213173699840662,-0.09870977819005895
983,1.3364894306534194,0.18280549264025692,-0.113108961927763
985,1.3364690818495208,0.18499656655954588,-0.11452890083444715
987,1.3364690818495208,0.18499656655954588,-0.11452890083444715
989,1.3364894306534194,0.18280549264025692,-0.113108961927763
991,1.3364690818495208,0.18499656655954588,-0.11452890083444715
993,1.3364894306534194,0.18280549264025692,-0.113108961927763
995,1.3364690818495208,0.18499656655954588,-0.11452890083444715
997,1.3364690818495208,0.18499656655954588,-0.11452890083444715
999,1.336723368222937,0.18506724330080515,-0.11442384521856423
1001,1.336723368222937,0.18506724330080515,-0.11442384521856423
1003,1.3367437170268355,0.18287616938151596,-0.11300390631188008
1005,0.6917349121308243,0.18835556989276092,0.6680002440046865
1007,0.6974529053182386,0.19419887106471,0.6752165951160158
1009,0.6974529053182386,0.19419887106471,0.6752165951160158
1011,0.5496085114890311,0.0008595254092744629,0.9471541357792526
1013,0.5496085114890311,0.0008595254092744629,0.9471541357792526
1015,0.5496085114890311,0.0008595254092744629,0.9471541357792526
1017,0.5496085114890311,0.0008595254092744629,0.9471541357792526
1019,0.5496085114890311,0.0008595254092744629,0.9471541357792526
1021,0.5496085114890311,0.0008595254092744629,0.9471541357792526
1023,0.5496085114890311,0.0008595254092744629,0.9471541357792526
1025,0.5380299971275639,-0.027950874953194354,1.0645557408543058
1027,0.5380299971275639,-0.027950874953194354,1.0645557408543058
1029,0.5380299971275639,-0.027950874953194354,1.0645557408543058
1031,0.5388062229408819,-0.02730100548398862,1.065888941725192
1033,0.5388062229408819,-0.02730100548398862,1.065888941725192
1035,0.5382239134521911,-0.027788574062663912,1.0648887457486265
1037,0.5382239134521911,-0.027788574062663912,1.0648887457486265
1039,0.5382239134521911,-0.027788574062663912,1.0648887457486265
1041,0.5382239134521911,-0.027788574062663912,1.0648887457486265
1043,0.5382239134521911,-0.027788574062663912,1.0648887457486265
1045,0.5407533540933649,-0.025668525010239855,1.0692357885020973
1047,0.5403631745027233,-0.02599591732463349,1.0685648302493018
1049,0.5399733723171259,-0.026322860521817797,1.0678946681159789
1051,0.5399733723171259,-0.026322860521817797,1.0678946681159789
1053,0.5399733723171259,-0.026322860521817797,1.0678946681159789
1055,0.5399733723171259,-0.026322860521817797,1.0678946681159789
1057,0.5399733723171259,-0.026322860521817797,1.0678946681159789
1059,0.5399733723171259,-0.026322860521817797,1.0678946681159789
1061,0.5399733723171259,-0.026322860521817797,1.0678946681159789
1063,0.5399733723171259,-0.026322860521817797,1.0678946681159789
1065,0.5399733723171259,-0.026322860521817797,1.0678946681159789
1067,0.5399733723171259,-0.026322860521817797,1.0678946681159789
1069,0.5399733723171259,-0.026322860521817797,1.0678946681159789
1071,0.5399733723171259,-0.026322860521817797,1.0678946681159789
1073,0.5342671618349494,-0.031093752302631755,1.0581011770276414
1075,0.5344592753572963,-0.03093358943192614,1.0584303861520132
1077,0.534363207146608,-0.031013684424344327,1.0582657575038892
1079,0.534363207146608,-0.031013684424344327,1.0582657575038892
1081,0.534363207146608,-0.031013684424344327,1.0582657575038892
1083,0.534363207146608,-0.031013684424344327,1.0582657575038892
1085,0.5342671618349494,-0.031093752302631755,1.0581011770276414
1087,0.534363207146608,-0.031013684424344327,1.0582657575038892
1089,0.534363207146608,-0.031013684424344327,1.0582657575038892
1091,0.534363207146608,-0.031013684424344327,1.0582657575038892
1093,0.5342671618349494,-0.031093752302631755,1.0581011770276414
1095,0.5346514805192351,-0.030773318044476344,1.058759788063837
1097,0.5346514805192351,-0.030773318044476344,1.058759788063837
1099,0.5346514805192351,-0.030773318044476344,1.058759788063837
1101,0.5346514805192351,-0.030773318044476344,1.058759788063837
1103,0.5246826516062332,-0.03904355271114793,1.0417223493517411
1105,0.5222518189903295,-0.04104712118888578,1.0375824757247225
1107,0.5222518189903295,-0.04104712118888578,1.0375824757247225
1109,0.5223450418073942,-0.040970378399789904,1.0377411350169297
1111,0.5222518189903295,-0.04104712118888578,1.0375824757247225
1113,0.5222518189903295,-0.04104712118888578,1.0375824757247225
1115,0.5222518189903295,-0.04104712118888578,1.0375824757247225
1117,0.5222518189903295,-0.04104712118888578,1.0375824757247225
1119,0.5222518189903295,-0.04104712118888578,1.0375824757247225
1121,0.5222518189903295,-0.04104712118888578,1.0375824757247225
1123,0.5222518189903295,-0.04104712118888578,1.0375824757247225
1125,0.5223450418073942,-0.040970378399789904,1.0377411350169297
1127,0.5223450418073942,-0.040970378399789904,1.0377411350169297
1129,0.5223450418073942,-0.040970378399789904,1.0377411350169297
1131,0.5223450418073942,-0.040970378399789904,1.0377411350169297
1133,0.5223450418073942,-0.040970378399789904,1.0377411350169297
1135,0.5223450418073942,-0.040970378399789904,1.0377411350169297
1137,0.5223450418073942,-0.040970378399789904,1.0377411350169297
1139,0.5223450418073942,-0.040970378399789904,1.0377411350169297
1141,0.5223450418073942,-0.040970378399789904,1.0377411350169297
1143,0.5223450418073942,-0.040970378399789904,1.0377411350169297
1145,0.514684634145751,-0.04267240146718821,1.0615563536903951
1147,-1.0253726062508957,3.0461604948789773,-0.5833513494982516
1149,-1.0253726062508957,3.0461604948789773,-0.5833513494982516
1151,-1.0253726062508957,3.0461604948789773,-0.5833513494982516
1153,-1.0253726062508957,3.0461604948789773,-0.5833513494982516
1179,-1.025409149363275,3.045071534590286,-0.5822426414528199
1181,-0.995877770807738,2.9325740415727974,-0.6040476121871884
1183,-0.995877770807738,2.9325740415727974,-0.6040476121871884
1185,-0.9959232516927272,2.932771134665587,-0.6041414882220421
1187,-0.9959232516927272,2.932771134665587,-0.6041414882220421
1189,-0.9959232516927272,2.932771134665587,-0.6041414882220421
1191,-0.9959046541396576,2.932781366791495,-0.6041526616830213
1193,-0.9952397335192074,2.932737723472955,-0.6057610722531215
1195,-0.9952397335192074,2.932737723472955,-0.6057610722531215
1197,-0.9952397335192074,2.932737723472955,-0.6057610722531215
1199,-0.23370389540112918,2.4781216476499623,-0.5508866408143456
1201,-0.23370389540112918,2.4781216476499623,-0.5508866408143456
1203,-0.23370389540112918,2.4781216476499623,-0.5508866408143456
1205,-0.23370389540112918,2.4781216476499623,-0.5508866408143456
1207,-0.23410008423873932,2.475722649607346,-0.5501408329381501
1209,-0.23410008423873932,2.475722649607346,-0.5501408329381501
1211,-0.23410008423873932,2.475722649607346,-0.5501408329381501
1213,-0.23410008423873932,2.475722649607346,-0.5501408329381501
1215,-0.2341035799487177,2.4755704902494817,-0.5500430373652955
1217,-0.23409847785858734,2.4755496813251296,-0.550028739780827
1256,-1.1893910305393471,0.6203742253035089,-0.6733553405012633
1258,-1.1893910305393471,0.6203742253035089,-0.6733553405012633
1260,-1.1895610852649992,0.6304502901812531,-0.6743812412298683
1262,-1.1895610852649992,0.6304502901812531,-0.6743812412298683
1264,-1.1895610852649992,0.6304502901812531,-0.6743812412298683
1266,-1.1899175130011512,0.6526655734070036,-0.6766168964687128
1268,-1.1899175130011512,0.6526655734070036,-0.6766168964687128
1270,-1.1899175130011512,0.6526655734070036,-0.6766168964687128
1272,1.1805274949808193,1.6267200516355205,0.1899854655815911
1274,1.1805274949808193,1.6267200516355205,0.1899854655815911
1276,1.1805274949808193,1.6267200516355205,0.1899854655815911
1278,1.1805274949808193,1.6267200516355205,0.1899854655815911
1280,1.1805274949808193,1.6267200516355205,0.1899854655815911
1282,1.1805274949808193,1.6267200516355205,0.1899854655815911
1284,1.1805274949808193,1.6267200516355205,0.1899854655815911
1286,1.1805274949808193,1.6267200516355205,0.1899854655815911
1288,1.1806587497010237,1.626928809141331,0.1901320313062175
1290,1.1806587497010237,1.626928809141331,0.1901320313062175
1292,1.1806587497010237,1.626928809141331,0.1901320313062175
1294,1.1806587497010237,1.626928809141331,0.1901320313062175
1296,1.1804473057551506,1.6265925137564532,0.18989593104979627
1298,1.1806587497010237,1.626928809141331,0.1901320313062175
1300,1.1804473057551506,1.6265925137564532,0.18989593104979627
1302,-1.1733749527085615,-0.16013145755744743,-0.5997442680437368
1304,-1.1417087885198933,0.09705896882476543,3.3593415805915106
1306,-1.1417087885198933,0.09705896882476543,3.3593415805915106
1308,-1.1417087885198933,0.09705896882476543,3.3593415805915106
1310,-1.1417087885198933,0.09705896882476543,3.3593415805915106
1312,-1.1417087885198933,0.09705896882476543,3.3593415805915106
1314,-1.1417087885198933,0.09705896882476543,3.3593415805915106
1316,-1.1417087885198933,0.09705896882476543,3.3593415805915106
1318,-1.1417087885198933,0.09705896882476543,3.3593415805915106
1320,-1.1417087885198933,0.09705896882476543,3.3593415805915106
1322,-1.1417087885198933,0.09705896882476543,3.3593415805915106
1324,-1.1417087885198933,0.09705896882476543,3.3593415805915106
1326,-1.1417087885198933,0.09705896882476543,3.3593415805915106
1328,-1.1417087885198933,0.09705896882476543,3.3593415805915106
1330,-1.1417087885198933,0.09705896882476543,3.3593415805915106
1332,-1.1417087885198933,0.09705896882476543,3.3593415805915106
1334,-1.1417087885198933,0.09705896882476543,3.3593415805915106
1336,-1.1417087885198933,0.09705896882476543,3.3593415805915106
1338,-1.1417087885198933,0.09705896882476543,3.3593415805915106
1340,-1.1417087885198933,0.09705896882476543,3.3593415805915106
1342,-1.1403408991025734,0.018465555355010994,2.8985515419757153
1344,-1.1417087885198933,0.09705896882476543,3.3593415805915106
1346,-1.1403408991025734,0.018465555355010994,2.8985515419757153
1348,-1.1403408991025734,0.018465555355010994,2.8985515419757153
1350,-1.1403408991025734,0.018465555355010994,2.8985515419757153
1352,-1.1403408991025734,0.018465555355010994,2.8985515419757153
1354,-1.1287060019167041,-0.6860220010261845,-0.47142198820520825
1356,-1.1287060019167041,-0.6860220010261845,-0.47142198820520825
1358,-1.1287060019167041,-0.6860220010261845,-0.47142198820520825
1360,-1.1287060019167041,-0.6860220010261845,-0.47142198820520825
1362,-1.1287060019167041,-0.6860220010261845,-0.47142198820520825
1364,-1.1287060019167041,-0.6860220010261845,-0.47142198820520825
1366,-1.1287060019167041,-0.6860220010261845,-0.47142198820520825
1368,-1.1287060019167041,-0.6860220010261845,-0.47142198820520825
1370,-1.1287060019167041,-0.6860220010261845,-0.47142198820520825
1372,-1.1287060019167041,-0.6860220010261845,-0.47142198820520825
1374,-1.1287060019167041,-0.6860220010261845,-0.47142198820520825
1376,-1.1287060019167041,-0.6860220010261845,-0.47142198820520825
1378,-1.1287060019167041,-0.6860220010261845,-0.47142198820520825
1380,-1.1287060019167041,-0.6860220010261845,-0.47142198820520825
1382,-1.1287060019167041,-0.6860220010261845,-0.47142198820520825
1384,-1.1287060019167041,-0.6860220010261845,-0.47142198820520825
1386,-1.1287060019167041,-0.6860220010261845,-0.47142198820520825
1388,-1.1287060019167041,-0.6860220010261845,-0.47142198820520825
1390,-1.1287060019167041,-0.6860220010261845,-0.47142198820520825
1392,-1.1287060019167041,-0.6860220010261845,-0.47142198820520825
1394,-1.1287060019167041,-0.6860220010261845,-0.47142198820520825
1396,-1.1287060019167041,-0.6860220010261845,-0.47142198820520825
1398,-1.1287060019167041,-0.6860220010261845,-0.47142198820520825
1400,-1.1287060019167041,-0.6860220010261845,-0.47142198820520825
1402,-1.1287060019167041,-0.6860220010261845,-0.47142198820520825
1404,-1.1287060019167041,-0.6860220010261845,-0.47142198820520825
1406,-1.1318881959242673,-0.4455840953587605,-0.27866573943299855
1434,-1.1259629315233364,-1.1018898397992702,2.5465164308435786
1436,-1.1259629315233364,-1.1018898397992702,2.5465164308435786
1438,-1.1259629315233364,-1.1018898397992702,2.5465164308435786
1440,-1.1259629315233364,-1.1018898397992702,2.5465164308435786
1442,-1.1259629315233364,-1.1018898397992702,2.5465164308435786
1444,-1.1259629315233364,-1.1018898397992702,2.5465164308435786
1446,-1.1259629315233364,-1.1018898397992702,2.5465164308435786
1448,-1.1259629315233364,-1.1018898397992702,2.5465164308435786
1450,-1.1259629315233364,-1.1018898397992702,2.5465164308435786
1452,-1.1259629315233364,-1.1018898397992702,2.5465164308435786
1454,-1.1259629315233364,-1.1018898397992702,2.5465164308435786
1456,-1.1259629315233364,-1.1018898397992702,2.5465164308435786
1458,-1.1259629315233364,-1.1018898397992702,2.5465164308435786
1460,-1.1259629315233364,-1.1018898397992702,2.5465164308435786
1462,-1.1259629315233364,-1.1018898397992702,2.5465164308435786
1464,-1.1259629315233364,-1.1018898397992702,2.5465164308435786
1466,-0.3773756617864753,0.6440223984122142,-0.4072808594865462
1468,-0.3747716714353023,0.648759251434953,-0.4071989562261559
1470,-0.3762212399585918,0.6461223025673095,-0.4072444907356313
1472,-0.37708749033099753,0.64454657373146,-0.40727177219179234
1474,0.9453835524682062,0.048123687191584164,0.7220445303426576
1476,0.9453835524682062,0.048123687191584164,0.7220445303426576
1478,0.9453835524682062,0.048123687191584164,0.7220445303426576
1480,0.9453835524682062,0.048123687191584164,0.7220445303426576
1482,0.9453835524682062,0.048123687191584164,0.7220445303426576
1484,0.9453835524682062,0.048123687191584164,0.7220445303426576
1486,0.9453835524682062,0.048123687191584164,0.7220445303426576
1488,0.9453835524682062,0.048123687191584164,0.7220445303426576
1490,0.9453835524682062,0.048123687191584164,0.7220445303426576
1492,0.9454385523828504,0.04816364952886926,0.7221367080680507
1494,0.9453835524682062,0.048123687191584164,0.7220445303426576
1496,0.9453835524682062,0.048123687191584164,0.7220445303426576
1498,0.9453835524682062,0.048123687191584164,0.7220445303426576
1500,0.9453835524682062,0.048123687191584164,0.7220445303426576
1502,0.9453835524682062,0.048123687191584164,0.7220445303426576
1504,0.9453835524682062,0.048123687191584164,0.7220445303426576
1506,0.9453835524682062,0.048123687191584164,0.7220445303426576
1508,0.946540081749874,0.048964496814884864,0.7239838289445241
1510,0.946540081749874,0.048964496814884864,0.7239838289445241
1512,0.946540081749874,0.048964496814884864,0.7239838289445241
1514,0.946540081749874,0.048964496814884864,0.7239838289445241
1516,0.9464849358955025,0.048924381890645324,0.723891311238599
1518,0.9464849358955025,0.048924381890645324,0.723891311238599
1520,0.946540081749874,0.048964496814884864,0.7239838289445241
1522,0.946540081749874,0.048964496814884864,0.7239838289445241
1524,0.946540081749874,0.048964496814884864,0.7239838289445241
1526,0.946540081749874,0.048964496814884864,0.7239838289445241
1528,0.946540081749874,0.048964496814884864,0.7239838289445241
1530,0.9484167933581863,0.054627959681078045,0.5540977127837866
1532,0.946540081749874,0.048964496814884864,0.7239838289445241
1534,0.946540081749874,0.048964496814884864,0.7239838289445241
1536,0.9484167933581863,0.054627959681078045,0.5540977127837866
1538,0.9484167933581863,0.054627959681078045,0.5540977127837866
1540,0.795049226254419,0.5606692344124554,0.2671941185855113
1542,0.7934980140891006,0.5551656127456748,0.26140613443497773
1544,0.7934980140891006,0.5551656127456748,0.26140613443497773
1546,0.7946641340442214,0.5528518420669385,0.25978093106665423
1548,0.7947999187607573,0.5407285790871212,0.2591199962282957
1550,0.7954640219634265,0.5387306376064415,0.25767056474253336
1552,0.7954640219634265,0.5387306376064415,0.25767056474253336
1554,0.8053191020421714,0.537096330389925,0.10612077142266385
1556,0.8053191020421714,0.537096330389925,0.10612077142266385
1558,0.8053191020421714,0.537096330389925,0.10612077142266385
1560,0.8058968217061451,0.5365770161145937,0.10609892316542546
1562,0.8058823395046956,0.5376712517827215,0.10697615906579451
1564,0.8055721231199997,0.5375431376441742,0.06340019369424255
1566,0.8066035273609936,0.5358518113572722,0.0628150594709576
1568,0.7886156672862247,0.5227337711847518,0.07203870716570523
1570,0.805361761386397,0.539625153493235,0.06594829581624463
1572,0.7898907802706964,0.5247405846416312,0.07413067453515387
1574,0.8093884250317295,0.5327562961788999,0.06205874235540507
1576,0.7901948955874415,0.5211546750718564,0.07172972068285613
1578,0.7903893214214321,0.5254625917403207,0.07476942476150858
1580,0.794559326245695,0.5053682153165038,0.06303947835851638
1582,0.7919498738748049,0.5198809810663126,0.07174112009358602
1584,0.7983248280296844,0.5152698442809904,0.07066772398361593
1586,0.7932342143231291,0.508968164653335,0.06458238762657716
1588,0.797536555652084,0.5157028352960243,0.07077149636766661
1590,0.7944026230940756,0.5055564050242908,0.06280326660171225
1592,0.7876662377750061,0.44940833879677244,0.06635660106426106
1594,0.7947539239591176,0.5055852645351112,0.06310444962631394
1596,0.7876662377750061,0.44940833879677244,0.06635660106426106
1598,0.7833359496307716,0.47804286364743503,0.1084600181207844
1600,0.7874752861236859,0.4806286605167307,0.12381447906297802
1602,0.7925596423524135,0.49414513217779527,0.12768134396805847
1604,-0.8918881727772656,0.8908946738937732,-0.5866726051167773
1606,-0.8918881727772656,0.8908946738937732,-0.5866726051167773
1608,-0.5492503013548032,0.4198534223476055,-0.5273862751505204
1610,-0.5261823126272844,0.6710746640584604,-0.5401090341810109
1612,-0.5274138807761829,0.7056297807972937,-0.5618126612927006
1614,-0.5274138807761829,0.7056297807972937,-0.5618126612927006
1616,-0.5273062775118816,0.7070499971242161,-0.5608588491311526
1618,-0.5273062775118816,0.7070499971242161,-0.5608588491311526
1620,-0.5273062775118816,0.7070499971242161,-0.5608588491311526
1622,-0.5273062775118816,0.7070499971242161,-0.5608588491311526
1624,-0.5273740782896735,0.717561357258315,-0.5500220729464351
1626,-0.8918881727772656,0.8908946738937732,-0.5866726051167773
1628,-0.8918881727772656,0.8908946738937732,-0.5866726051167773
1630,-0.8918881727772656,0.8908946738937732,-0.5866726051167773
1632,-0.8918881727772656,0.8908946738937732,-0.5866726051167773
1634,-0.8918881727772656,0.8908946738937732,-0.5866726051167773
1636,-0.8918881727772656,0.8908946738937732,-0.5866726051167773
1638,-0.5351685851688601,0.7051364977994639,-0.5431072888122638
1640,-0.8918881727772656,0.8908946738937732,-0.5866726051167773
1642,-0.8918881727772656,0.8908946738937732,-0.5866726051167773
1644,-0.8918881727772656,0.8908946738937732,-0.5866726051167773
1646,-0.893281757500269,0.7243659599507993,0.45082904851020467
1648,-0.8918881727772656,0.8908946738937732,-0.5866726051167773
1650,-0.5351685851688601,0.7051364977994639,-0.5431072888122638
1652,-0.893281757500269,0.7243659599507993,0.45082904851020467
1654,-0.893281757500269,0.7243659599507993,0.45082904851020467
1656,1.2114782730804103,0.811257022963954,-0.20848411757966456
1658,1.2069935498593554,0.8053710319590551,-0.20423883434428092
1660,1.207005585059857,0.8053606802183524,-0.2042509924959184
1662,1.2047854822216288,0.8041475202809715,-0.19646416785447446
1664,1.2069935498593554,0.8053710319590551,-0.20423883434428092
1666,1.2069935498593554,0.8053710319590551,-0.20423883434428092
1668,1.2069935498593554,0.8053710319590551,-0.20423883434428092
1670,1.2068912904598046,0.8051487494213594,-0.20438243385028282
1672,1.2069487949643127,0.8052195723811604,-0.2043448783678161
1674,1.2067963178174868,0.8036324972207994,-0.20418381374116873
1676,1.206749152406386,0.8049112463096336,-0.20452711055505454
1678,1.2066535582987858,0.8034069378967673,-0.20432167019100958
1680,1.206642582545858,0.8033754524693117,-0.20433764807582472
1682,1.2223290918010328,0.7901819424097238,-0.19637876141296468
1684,1.2223290918010328,0.7901819424097238,-0.19637876141296468
1686,1.2223290918010328,0.7901819424097238,-0.19637876141296468
1688,1.2241475251147174,0.7933143191241601,-0.19702587628322157
1690,1.224149382678747,0.7931143044147037,-0.19689625552265935
1692,1.2241475251147174,0.7933143191241601,-0.19702587628322157
1694,1.2241475251147174,0.7933143191241601,-0.19702587628322157
1696,1.2241475251147174,0.7933143191241601,-0.19702587628322157
1749,0.8981429526892508,0.06834015922460196,0.03125248018586801
1751,0.5980927075502858,0.6140350162182195,0.027089284554785313
1753,0.599713083433261,0.6151937761460899,0.028410506369167306
1755,0.5996949026808512,0.6151812831240856,0.028396085319342866
1757,0.5996949026808512,0.6151812831240856,0.028396085319342866
1759,0.5996949026808512,0.6151812831240856,0.028396085319342866
1761,0.5993798974017992,0.6149648591357525,0.02814627071114459
1763,0.5993798974017992,0.6149648591357525,0.02814627071114459
1765,0.5079791768967051,1.091094475661031,0.4544560821259085
1767,0.5079791768967051,1.091094475661031,0.4544560821259085
1769,0.5993798974017992,0.6149648591357525,0.02814627071114459
1771,0.5988036078169662,0.6140484897310483,0.02808742526391096
1773,0.5988338435085766,0.6140692490368356,0.028111383314663008
1775,0.5988036078169662,0.6140484897310483,0.02808742526391096
1777,0.5988036078169662,0.6140484897310483,0.02808742526391096
1779,0.5988036078169662,0.6140484897310483,0.02808742526391096
1781,0.5988036078169662,0.6140484897310483,0.02808742526391096
1783,0.5988036078169662,0.6140484897310483,0.02808742526391096
1785,0.5988036078169662,0.6140484897310483,0.02808742526391096
1787,0.5988036078169662,0.6140484897310483,0.02808742526391096
1789,0.5988036078169662,0.6140484897310483,0.02808742526391096
1791,0.5988036078169662,0.6140484897310483,0.02808742526391096
1793,0.5988036078169662,0.6140484897310483,0.02808742526391096
1795,0.5988036078169662,0.6140484897310483,0.02808742526391096
1797,0.5988036078169662,0.6140484897310483,0.02808742526391096
1799,0.5988036078169662,0.6140484897310483,0.02808742526391096
1801,0.5988036078169662,0.6140484897310483,0.02808742526391096
1803,0.5988036078169662,0.6140484897310483,0.02808742526391096
1805,0.5988036078169662,0.6140484897310483,0.02808742526391096
1807,0.5971640759585544,0.609598924884699,0.054928076021129764
1809,0.5920227244991544,0.6055971394533035,0.052649563394372795
1811,0.4777545827477384,0.7035968736225853,-0.05447239802791941
1813,0.4777545827477384,0.7035968736225853,-0.05447239802791941
1815,0.4777545827477384,0.7035968736225853,-0.05447239802791941
1817,0.47758287797599686,0.7033547217079659,-0.05066861223817497
1819,0.47758287797599686,0.7033547217079659,-0.05066861223817497
1821,0.47758287797599686,0.7033547217079659,-0.05066861223817497
1823,0.49715731362490573,0.6619132987476892,-0.10067441562422808
1825,0.49715731362490573,0.6619132987476892,-0.10067441562422808
1827,0.5132495091018446,1.2256816794980703,-0.23191372278733408
1829,0.6254826499850094,1.1737172377698701,-0.21207290222181518
1831,0.6255990336660986,1.1749125534870573,-0.2111635816808438
1833,0.627613298596695,1.170721415534063,-0.2081541140350985
1835,0.6317727119429625,1.1481099962733028,-0.21813532326010493
1837,0.6277397019807895,1.174660981680343,-0.20511554077039532
1839,0.6699880751345496,0.9727939254432826,-0.16111676051265125
1841,0.6669692125282681,1.0178433312606092,-0.15871479628544463
1843,0.6669692125282681,1.0178433312606092,-0.15871479628544463
1845,0.6774420274631631,0.9688370594616796,-0.1602932665816306
1847,0.6739026935472379,1.0140978063811021,-0.1580125921065682
1849,0.6739026935472379,1.0140978063811021,-0.1580125921065682
1851,0.6777308947463375,1.0039814783466248,-0.15517300246693766
1853,0.6841907239058035,0.9452756377112206,-0.23023842778538914
1855,0.6836735755062683,0.9445305421892566,-0.23039242213847919
1857,0.6837452662755663,0.9336617415343299,-0.15151791440482684
1859,0.6965533079151317,0.857789081951021,-0.12163643998008042
1861,0.6836304197922284,0.9334989616264248,-0.15157124468339978
1863,0.7145315247259709,0.9291568359340142,-0.0930401165021269
1865,0.7143514326628111,0.9289807316019493,-0.09299198682532052
1867,0.7188177604781438,0.9244358728587941,-0.09357192837214073
1869,0.6760771690221166,0.9872979752064382,-0.1639317114758997
1871,0.6871756715943894,0.9684689334741661,-0.16326425226195002
1873,0.6878158104205605,0.9676932671351927,-0.16362799174060472
1875,0.6841615176090801,0.9627810888696726,-0.1651792292419133
1877,0.6838306359954748,0.962303015351562,-0.16532748420392493
1879,0.6838388466431726,0.9616826411908523,-0.16582483089192587
1881,0.6876382532562486,0.9599884091093366,-0.16382834750239123
1883,0.6876382532562486,0.9599884091093366,-0.16382834750239123
1885,0.6856584690617065,0.9836123259201285,-0.17254595578985174
1887,0.6873168489203934,0.9835389154217682,-0.17379542047259103
1889,0.6862732059650111,0.9816898825282011,-0.1737535769809878
1891,0.6862732059650111,0.9816898825282011,-0.1737535769809878
1893,0.6811457157250905,0.9258335388891996,0.27375282080426316
1895,0.6811457157250905,0.9258335388891996,0.27375282080426316
1897,-1.146334148022583,-0.3600102463130001,0.5343543125813625
1899,-1.1422246755917755,-0.7212895356278397,0.28229891468850576
1901,-1.1422246755917755,-0.7212895356278397,0.28229891468850576
1903,-1.1459421695196084,-0.36725942605074197,0.5119899251782847
1905,-1.14601081751852,-0.21005913309151625,0.5255205437100966
1907,-1.14601081751852,-0.21005913309151625,0.5255205437100966
1909,-1.1457858846416058,-0.2149615909019739,0.5126411831627271
1911,-1.1373250115569402,-0.41562485054522796,0.027180411445795007
1913,-1.1285074993173345,-0.7161163242306364,-0.2530285330586482
1915,-1.1285074993173345,-0.7161163242306364,-0.2530285330586482
1917,-1.1285074993173345,-0.7161163242306364,-0.2530285330586482
1919,-1.1285074993173345,-0.7161163242306364,-0.2530285330586482
1921,-1.1285074993173345,-0.7161163242306364,-0.2530285330586482
1923,-1.1285074993173345,-0.7161163242306364,-0.2530285330586482
1925,-1.1319080604196001,-0.6503346678649721,-0.08415412908423138
1927,-1.1319080604196001,-0.6503346678649721,-0.08415412908423138
1929,-1.1319080604196001,-0.6503346678649721,-0.08415412908423138
1931,-1.1319080604196001,-0.6503346678649721,-0.08415412908423138
1933,-1.1319080604196001,-0.6503346678649721,-0.08415412908423138
1935,-1.131937266652445,-0.6500091608322378,-0.08062182782971211
1937,-1.131937266652445,-0.6500091608322378,-0.08062182782971211
1939,-1.131937266652445,-0.6500091608322378,-0.08062182782971211
1941,-1.131937266652445,-0.6500091608322378,-0.08062182782971211
1943,-1.131937266652445,-0.6500091608322378,-0.08062182782971211
1945,-1.131937266652445,-0.6500091608322378,-0.08062182782971211
1947,-1.131937266652445,-0.6500091608322378,-0.08062182782971211
1949,-1.131937266652445,-0.6500091608322378,-0.08062182782971211
1951,-1.131937266652445,-0.6500091608322378,-0.08062182782971211
1953,-1.131937266652445,-0.6500091608322378,-0.08062182782971211
1955,-1.131937266652445,-0.6500091608322378,-0.08062182782971211
1957,-1.131937266652445,-0.6500091608322378,-0.08062182782971211
1959,-1.131937266652445,-0.6500091608322378,-0.08062182782971211
1961,-1.131937266652445,-0.6500091608322378,-0.08062182782971211
1963,-1.131937266652445,-0.6500091608322378,-0.08062182782971211
1965,-1.131937266652445,-0.6500091608322378,-0.08062182782971211
1967,-1.131937266652445,-0.6500091608322378,-0.08062182782971211
1969,-1.131937266652445,-0.6500091608322378,-0.08062182782971211
1971,-1.131937266652445,-0.6500091608322378,-0.08062182782971211
1973,-1.131937266652445,-0.6500091608322378,-0.08062182782971211
1975,-1.131937266652445,-0.6500091608322378,-0.08062182782971211
1977,-1.131937266652445,-0.6500091608322378,-0.08062182782971211
1979,-1.131937266652445,-0.6500091608322378,-0.08062182782971211
1981,-1.131937266652445,-0.6500091608322378,-0.08062182782971211
1983,-1.131937266652445,-0.6500091608322378,-0.08062182782971211
1985,-1.131937266652445,-0.6500091608322378,-0.08062182782971211
1987,-1.131937266652445,-0.6500091608322378,-0.08062182782971211
1989,-1.131937266652445,-0.6500091608322378,-0.08062182782971211
1991,-1.131937266652445,-0.6500091608322378,-0.08062182782971211
1993,-1.131937266652445,-0.6500091608322378,-0.08062182782971211
1995,-1.131937266652445,-0.6500091608322378,-0.08062182782971211
1997,-1.131937266652445,-0.6500091608322378,-0.08062182782971211
1999,-1.131937266652445,-0.6500091608322378,-0.08062182782971211
2001,-1.131937266652445,-0.6500091608322378,-0.08062182782971211
2003,-1.131937266652445,-0.6500091608322378,-0.08062182782971211
2005,-1.131937266652445,-0.6500091608322378,-0.08062182782971211
2007,-1.131937266652445,-0.6500091608322378,-0.08062182782971211
2009,-1.131937266652445,-0.6500091608322378,-0.08062182782971211
2011,-1.131937266652445,-0.6500091608322378,-0.08062182782971211
2013,-1.131937266652445,-0.6500091608322378,-0.08062182782971211
2015,-1.131937266652445,-0.6500091608322378,-0.08062182782971211
2017,-1.131937266652445,-0.6500091608322378,-0.08062182782971211
2019,-1.131937266652445,-0.6500091608322378,-0.08062182782971211
2021,-1.131937266652445,-0.6500091608322378,-0.08062182782971211
2023,-1.131937266652445,-0.6500091608322378,-0.08062182782971211
2025,-1.131937266652445,-0.6500091608322378,-0.08062182782971211
2027,-1.131937266652445,-0.6500091608322378,-0.08062182782971211
2029,-1.131937266652445,-0.6500091608322378,-0.08062182782971211
2031,-1.131937266652445,-0.6500091608322378,-0.08062182782971211
2033,-1.131937266652445,-0.6500091608322378,-0.08062182782971211
2035,-1.131937266652445,-0.6500091608322378,-0.08062182782971211
2037,-1.131937266652445,-0.6500091608322378,-0.08062182782971211
2039,-1.131937266652445,-0.6500091608322378,-0.08062182782971211
2041,-1.131937266652445,-0.6500091608322378,-0.08062182782971211
2043,-1.131937266652445,-0.6500091608322378,-0.08062182782971211
2045,-1.131937266652445,-0.6500091608322378,-0.08062182782971211
2047,-1.131937266652445,-0.6500091608322378,-0.08062182782971211
2049,-1.131937266652445,-0.6500091608322378,-0.08062182782971211
2051,-1.132645732893341,-0.5966060286487437,-0.037588934181699084
2053,-1.132645732893341,-0.5966060286487437,-0.037588934181699084
2055,-1.132645732893341,-0.5966060286487437,-0.037588934181699084
2057,-1.132645732893341,-0.5966060286487437,-0.037588934181699084
2059,-1.132645732893341,-0.5966060286487437,-0.037588934181699084
2061,-1.132645732893341,-0.5966060286487437,-0.037588934181699084
2063,-1.132645732893341,-0.5966060286487437,-0.037588934181699084
2065,-1.132645732893341,-0.5966060286487437,-0.037588934181699084
2067,-1.132645732893341,-0.5966060286487437,-0.037588934181699084
2069,-1.132645732893341,-0.5966060286487437,-0.037588934181699084
2071,-1.132645732893341,-0.5966060286487437,-0.037588934181699084
2073,-1.132645732893341,-0.5966060286487437,-0.037588934181699084
2075,-1.132645732893341,-0.5966060286487437,-0.037588934181699084
2077,-1.132645732893341,-0.5966060286487437,-0.037588934181699084
2079,-1.1325880530307921,-0.5977824479434838,-0.04406484671549594
2081,-1.1325736236469335,-0.5980772694071793,-0.045684390632939074
2083,0.7405076169088353,0.39720762577440427,-0.10407566714887878
2085,0.7455902333286113,0.37384969055246875,-0.11190914496220121
2087,0.7436298464515337,0.3742985743789383,-0.11211600292822692
2089,0.7452504092708213,0.35846743389457975,-0.10125364369273736
2091,0.7442312418492836,0.3565851847321851,-0.10207238733465832
2093,0.7473439602423065,0.3568543323105251,-0.10578352721324842
2095,0.7466689320698308,0.35446834700407653,-0.10228373174104248
2097,0.748864646104073,0.34553131580921226,-0.061444804626447524
2099,0.748864646104073,0.34553131580921226,-0.061444804626447524
2101,0.882706630620558,-0.27934075530626373,0.4217560296557894
2103,0.882706630620558,-0.27934075530626373,0.4217560296557894
2105,0.882706630620558,-0.27934075530626373,0.4217560296557894
2107,0.882706630620558,-0.27934075530626373,0.4217560296557894
2109,0.882706630620558,-0.27934075530626373,0.4217560296557894
2111,0.882706630620558,-0.27934075530626373,0.4217560296557894
2113,-1.1287060019167041,-0.6860220010261845,-0.47142198820520825
2115,-1.1287060019167041,-0.6860220010261845,-0.47142198820520825
2117,-1.1287060019167041,-0.6860220010261845,-0.47142198820520825
2163,0.21162045647596173,0.0856997784858297,0.39135383647080363
2165,0.21162045647596173,0.0856997784858297,0.39135383647080363
2167,0.21728104707261545,0.05146002642084336,0.3601550590321202
2169,0.2172398282465378,0.05144445800671798,0.3601199872540192
2171,0.25159508320131624,0.03213477380196306,0.36080384074487654
2173,0.25758209479987454,0.1127709663512569,0.31345319662083415
2175,0.25758209479987454,0.1127709663512569,0.31345319662083415
2177,0.25758209479987454,0.1127709663512569,0.31345319662083415
2179,0.25758209479987454,0.1127709663512569,0.31345319662083415
2181,0.26220418231044834,0.11047624926022222,0.3130915166975908
2183,-0.22462505148095988,0.050022602970490056,1.0735250751330605
2185,-0.11755364296865543,0.9992681306631872,0.5449903681984226
2187,-0.12009884400249705,0.9935928317346473,0.5366500381083125
2189,-0.07667533062714334,0.9593949311285106,0.5176872900762713
2191,-0.07687278185560195,0.9590874603115874,0.5173889551749474
2193,1.1347859657877821,1.200575374466138,0.06625432988639125
2195,1.1347765376914742,1.2005978738758643,0.06627389104998836
2197,1.1346819604016842,1.2016359270682164,0.0660176262825455
2199,1.134771187479842,1.200555420207753,0.0662440811463181
2201,1.1347474558309132,1.2005223888269825,0.06622487299436902
2203,1.1348128541872187,1.2002898764083643,0.06608871014359159
2205,1.134777042830297,1.2002375867502313,0.06605288672149234
2207,1.13796650044365,1.2186418759106503,0.038965807465011194
2209,1.1373575187336185,1.2341299043609928,0.0328151450325646
2211,1.137345148147686,1.2341440459291444,0.03282584328517907
2213,1.1373277848820627,1.2342198859079214,0.03287358041034406
2215,1.1373709247669639,1.2341165679463006,0.03281493755192964
2217,1.137378852283421,1.2340958705582097,0.03279995191720642
2219,1.1406602000420178,1.2076167598391543,-0.00030943131287819843
2221,1.1407625530740695,1.2066392094187408,-0.00011678475899440187
2223,1.141348692202222,1.2022075914401182,-0.004083549093953152
2225,1.141370957134871,1.2021524588776469,-0.004113557927319395
2227,1.141370957134871,1.2021524588776469,-0.004113557927319395
2229,1.141370957134871,1.2021524588776469,-0.004113557927319395
2231,1.1413222323731862,1.2019839995140935,-0.004229201375661328
2233,1.1413222323731862,1.2019839995140935,-0.004229201375661328
2235,1.1410848935388052,1.2021727876503674,-0.004380625552797651
2237,1.1411614230132314,1.2019374956060564,-0.004455165885480243
2239,1.141210436803274,1.201917327278998,-0.004470401229509881
2241,1.1412752293931139,1.20191628929824,-0.004431066841509405
2243,1.1412963188114,1.2019530636072588,-0.004398225280479246
2245,1.1412604568522438,1.201279183244957,-0.004600813189260355
2247,1.1412550724579118,1.2012802436079189,-0.0045857920180228445
2249,1.1412604568522438,1.201279183244957,-0.004600813189260355
2251,1.1365722222353485,1.197783566026913,-0.029302592119467168
2253,1.1365624038055286,1.197994897034307,-0.029015542410904174
2255,1.1365696957136024,1.1977699849457153,-0.02932775683988689
2257,1.1364008272466868,1.1989907468173107,-0.02911246645362122
2259,1.136896276395724,1.1987767846880806,-0.029432949215360566
2261,1.1372718204462362,1.1946198515663842,-0.02848679589247996
2263,1.1372738104348115,1.195423513466688,-0.0291822859055703
2265,1.137376651202056,1.194750761591151,-0.028851132793178535
2267,1.137273316366959,1.195073251178926,-0.028962138623854012
2269,1.0402757194271688,0.9320596816319361,-0.12206901324291744
2271,1.0393600200156365,0.9333682652480229,-0.12261044936417971
2273,1.0389004675119817,0.9293366567109086,-0.11845926524024633
2275,1.0388964631617832,0.9297678283575426,-0.11873868867326008
2277,1.0395751686073837,0.9330009245065944,-0.12278015344709663
2279,1.0395751686073837,0.9330009245065944,-0.12278015344709663
2281,1.0395866597162489,0.9329699221176819,-0.12279060607241629
2283,1.0388964631617832,0.9297678283575426,-0.11873868867326008
2285,1.0389004675119817,0.9293366567109086,-0.11845926524024633
2287,1.0388964631617832,0.9297678283575426,-0.11873868867326008
2289,1.03862549043208,0.9286206960143714,-0.11927453449942656
2291,1.03862549043208,0.9286206960143714,-0.11927453449942656
2293,1.0386294947822787,0.9281895243677378,-0.11899511106641299
2295,1.0386294947822787,0.9281895243677378,-0.11899511106641299
2297,1.0386294947822787,0.9281895243677378,-0.11899511106641299
2299,1.03862549043208,0.9286206960143714,-0.11927453449942656
2301,1.03862549043208,0.9286206960143714,-0.11927453449942656
2303,1.03864599149399,0.9285814914045182,-0.11929685854573356
2305,1.0724085238951004,1.9106533376548926,-0.3647164818577162
2307,1.0724085238951004,1.9106533376548926,-0.3647164818577162
2309,1.0705644451343506,1.9234181355135695,-0.3673761703156803
2311,1.0704671926779004,1.9236113778328918,-0.36713886312106164
2313,0.6147953963089714,1.4393943283411212,-0.46303568201415
2315,0.6147953963089714,1.4393943283411212,-0.46303568201415
2317,-1.2865233810355607,1.4933725526606758,0.9335593587622344
2319,-1.283274328531365,1.450650790678081,0.9064304942249025
2321,-1.2826481675934922,1.4424146959714172,0.9011999219888734
2395,1.0526773112043304,-0.8249602247413791,0.17945902296959193
2397,1.0526773112043304,-0.8249602247413791,0.17945902296959193
2399,1.0526773112043304,-0.8249602247413791,0.17945902296959193
2437,1.0608135175375162,-0.804822664417221,0.2027513969960499
2439,1.0608135175375162,-0.804822664417221,0.2027513969960499
2441,1.0608135175375162,-0.804822664417221,0.2027513969960499
2443,1.0608135175375162,-0.804822664417221,0.2027513969960499
2445,1.0608135175375162,-0.804822664417221,0.2027513969960499
2447,1.0608135175375162,-0.804822664417221,0.2027513969960499
2449,1.0608135175375162,-0.804822664417221,0.2027513969960499
2451,1.0608135175375162,-0.804822664417221,0.2027513969960499
2453,1.0608135175375162,-0.804822664417221,0.2027513969960499
2455,1.0608135175375162,-0.804822664417221,0.2027513969960499
2457,1.1266741425506546,-0.7963608582146409,0.2741308626288992
2459,1.0608135175375162,-0.804822664417221,0.2027513969960499
2461,1.1266741425506546,-0.7963608582146409,0.2741308626288992
2463,1.1266741425506546,-0.7963608582146409,0.2741308626288992
2465,1.1266741425506546,-0.7963608582146409,0.2741308626288992
2467,1.201470755141437,-0.17194097055306268,-0.5051896868007312
2469,1.1883334787579416,-0.27860700628346513,-0.5484323105645978
2471,1.1883334787579416,-0.27860700628346513,-0.5484323105645978
2473,1.1933057282391273,-0.29168354962379855,-0.5609225471323803
2475,1.1933057282391273,-0.29168354962379855,-0.5609225471323803
2477,1.1933057282391273,-0.29168354962379855,-0.5609225471323803
2479,1.1919616054503366,-0.2968061249063453,-0.56584214184419
2481,0.6671714004833951,1.5573872104034496,-0.6885553139632185
2483,0.666511923849909,1.5552262785145095,-0.6613315201782813
2485,0.666511923849909,1.5552262785145095,-0.6613315201782813
2487,0.666511923849909,1.5552262785145095,-0.6613315201782813
2489,0.6668363203832669,1.5557888669666016,-0.6613047303436448
2491,0.6698233855928224,1.5532201464652076,-0.6610910516226172
2493,0.6613992855691704,1.5445840772368444,-0.6611165639270048
2495,0.6613992855691704,1.5445840772368444,-0.6611165639270048
2497,0.7009273116965344,1.553489565916448,-0.7537284383595092
2499,0.7009273116965344,1.553489565916448,-0.7537284383595092
2501,0.697835135130103,1.5575381134598807,-0.7549251250497142
2503,0.6945996066815144,1.5513732748209963,-0.7547279172123258
2505,0.6945996066815144,1.5513732748209963,-0.7547279172123258
2507,0.6945996066815144,1.5513732748209963,-0.7547279172123258
2509,0.6945996066815144,1.5513732748209963,-0.7547279172123258
2511,0.691217004043727,1.5505907776887837,-0.762904458865533
2513,0.6943421123081154,1.5505621660900981,-0.7623125618743033
2515,0.6943421123081154,1.5505621660900981,-0.7623125618743033
2517,0.6943421123081154,1.5505621660900981,-0.7623125618743033
2519,0.685271078238432,1.6376165676654781,-0.9349017134496251
2521,0.6852726306393985,1.6374494116357154,-0.934793386958192
2523,0.9058282821662071,-0.8660153973121842,1.2073921050942353
2525,0.672411444814321,1.551272754999565,-0.7740393176718737
2527,0.672411444814321,1.551272754999565,-0.7740393176718737
2529,0.7268130200241769,0.22967390057709833,-0.3989929862723611
2531,0.7268130200241769,0.22967390057709833,-0.3989929862723611
2533,0.7540576365895532,0.2050768790401159,-0.400199172803925
2539,0.8118105217124704,0.700899690427645,0.5158050808479063
2541,0.5956683030512937,-0.115855418455675,-0.2673779871118643
2543,0.5935762994164105,-0.12042886652497423,-0.2669388177368335
2545,0.5934179142697806,-0.12056359665431317,-0.2670400770797468
2547,0.7576907400506223,-0.5833970680506508,-0.22474059920361944
2549,0.9636371965350278,-1.134608995764938,0.7285250939770034
2551,0.9636371965350278,-1.134608995764938,0.7285250939770034
2553,0.9636371965350278,-1.134608995764938,0.7285250939770034
2555,0.9636371965350278,-1.134608995764938,0.7285250939770034
2557,0.9781938188145345,-1.1376920952220095,0.6955072216348984
2559,0.9781938188145345,-1.1376920952220095,0.6955072216348984
2561,0.17365381339138408,0.926857488122021,-0.3465952299746762
2563,0.17378209571001915,0.9353117715383605,-0.3517564221327304
2565,0.1735349278558749,0.9396585843207358,-0.35489105896553963
2567,0.1735349278558749,0.9396585843207358,-0.35489105896553963
2569,0.1733577455507819,0.9328062858338245,-0.353469493214465
2571,0.1733577455507819,0.9328062858338245,-0.353469493214465
2573,0.17378209571001915,0.9353117715383605,-0.3517564221327304
2575,0.1733577455507819,0.9328062858338245,-0.353469493214465
2577,0.1714391886097951,0.9424047787919362,-0.35672838571177296
2579,0.1733577455507819,0.9328062858338245,-0.353469493214465
2581,0.1714391886097951,0.9424047787919362,-0.35672838571177296
2583,0.1714391886097951,0.9424047787919362,-0.35672838571177296
2585,0.17131736523348362,0.9422178933551978,-0.3567971407251401
2587,0.1702747478164328,0.943786813824542,-0.359392977425062
2589,0.17054676521663972,0.9410358826753199,-0.35723174875003905
2591,0.17054676521663972,0.9410358826753199,-0.35723174875003905
2593,0.1698700959487161,0.9431662647231658,-0.35962089734747493
2595,0.9978017644238026,2.5990522403153826,-0.6009111513421047
2597,0.8343926154222839,0.8451648857167622,0.6830858662388506
2599,0.8212616280984615,0.8322309131837872,0.7051608695637988
2601,0.8212616280984615,0.8322309131837872,0.7051608695637988
2603,-0.8672405314214642,1.2147780543734148,1.2039262350055155
2605,0.7015544073092891,0.6845362493765326,0.5729640544393698
2607,0.7068296494281938,0.7064826482884877,0.509654713754155
2609,0.7014024982476018,0.6840934949980977,0.5746941695734631
2611,0.707264052041987,0.7054069077804125,0.5085616813977724
2613,0.7074363764284038,0.7049526809373868,0.5080337598773117
2615,0.7073015450470944,0.7052878381975851,0.508399987906515
2617,0.707450862702291,0.7049787333501981,0.508063052858639
2619,0.7073031248122688,0.7052905420852585,0.5084054607639924
2667,1.1182946388456303,0.3915095324736865,1.0885137842364276
2685,1.1034004059067917,0.3715676634398848,1.0609970797878923
2687,1.1071956642205947,0.3759001569181558,1.0686168123710964
2689,1.1034004059067917,0.3715676634398848,1.0609970797878923
2691,1.103474478474666,0.37165211499751777,1.0611455803295895
2693,1.103474478474666,0.37165211499751777,1.0611455803295895
2695,1.1034004059067917,0.3715676634398848,1.0609970797878923
2697,1.103474478474666,0.37165211499751777,1.0611455803295895
2699,1.103474478474666,0.37165211499751777,1.0611455803295895
2701,1.1047358102785874,0.37309083361250944,1.063675609220673
2703,0.42655969629437296,1.0523542835300657,-0.06376610625697099
2705,0.42192232945904184,1.0445843122557261,-0.07586265405159241
2707,0.42192232945904184,1.0445843122557261,-0.07586265405159241
2709,0.4219079683109477,1.0445630016711431,-0.07587713738714727
2711,0.4219079683109477,1.0445630016711431,-0.07587713738714727
2713,0.4225578228149351,1.0366533763279389,-0.07772708893358407
2715,0.4225578228149351,1.0366533763279389,-0.07772708893358407
2717,0.4225578228149351,1.0366533763279389,-0.07772708893358407
2719,0.4225578228149351,1.0366533763279389,-0.07772708893358407
2721,0.42221304199368587,1.0361427501301723,-0.07807484360304268
2723,0.46444711308496545,1.0080934017064034,-0.0893810010701813
2725,0.46444711308496545,1.0080934017064034,-0.0893810010701813
2727,0.46429572688668175,1.0078707930955197,-0.08952912118350344
2729,0.46429572688668175,1.0078707930955197,-0.08952912118350344
2731,0.46369126386175474,1.0035915885243363,-0.08916911210307413
2733,0.46369126386175474,1.0035915885243363,-0.08916911210307413
2735,0.46369126386175474,1.0035915885243363,-0.08916911210307413
2737,0.46369126386175474,1.0035915885243363,-0.08916911210307413
2739,0.46369126386175474,1.0035915885243363,-0.08916911210307413
2741,0.46369126386175474,1.0035915885243363,-0.08916911210307413
2743,0.4636361697064623,1.0035107031144337,-0.08922305886309015
2745,0.4636361697064623,1.0035107031144337,-0.08922305886309015
2747,0.463154436506196,1.002803525167555,-0.08969456504705205
2749,0.4636361697064623,1.0035107031144337,-0.08922305886309015
2751,0.4636361697064623,1.0035107031144337,-0.08922305886309015
2753,0.46209476549958634,0.9999700601475315,-0.08992466717871692
2755,0.45569310067419466,1.003301815370661,-0.0938482108866753
2757,0.45569310067419466,1.003301815370661,-0.0938482108866753
2759,0.4416560889211069,1.0441325954491398,-0.003896374347445044
2761,0.44166888296667073,1.04415163364184,-0.0038827291292130145
2763,0.4416050306076449,1.043994962693697,-0.004097523108464973
2765,0.44372280275680326,1.0410927259766856,-0.0038708049737734467
2767,0.44372280275680326,1.0410927259766856,-0.0038708049737734467
2769,0.4434434536621257,1.0406775331559825,-0.004167472747342665
2771,0.4434307608840887,1.0406586689998005,-0.004180949644546825
2773,0.4434307608840887,1.0406586689998005,-0.004180949644546825
2775,0.4434307608840887,1.0406586689998005,-0.004180949644546825
2777,0.44357087697109315,1.0382136574784482,-0.005897347275444869
2779,0.39916267882315754,0.9932705845435656,-0.06847958080530075
2781,0.39916267882315754,0.9932705845435656,-0.06847958080530075
2783,0.39916267882315754,0.9932705845435656,-0.06847958080530075
2785,0.3988054719503127,0.9927484166373777,-0.06883316368699895
2787,0.39916267882315754,0.9932705845435656,-0.06847958080530075
2789,0.39889474195270275,0.9928789054955673,-0.06874481650500576
2791,0.39889474195270275,0.9928789054955673,-0.06874481650500576
2793,0.3988054719503127,0.9927484166373777,-0.06883316368699895
2795,0.3988054719503127,0.9927484166373777,-0.06883316368699895
2797,1.1170800836075396,0.08686966242439678,0.26693321970223416
2799,1.1102223675207223,0.07817826782497608,0.2828677642943956
2801,1.1102223675207223,0.07817826782497608,0.2828677642943956
2803,1.1099176498997894,0.0779232985471357,0.2825835274928392
2805,1.1098668852422582,0.07788082906108193,0.28253618241348943
2807,1.1094609900111436,0.07754133399130513,0.28215770650637506
2809,1.1109342412934788,0.07877421391748075,0.283532094527574
2811,1.1106544318360243,0.07853992207091857,0.28327092189477054
2813,1.1106544318360243,0.07853992207091857,0.28327092189477054
2815,1.1106544318360243,0.07853992207091857,0.28327092189477054
2817,1.1106544318360243,0.07853992207091857,0.28327092189477054
2819,1.110146167265378,0.07811450100602019,0.2827966783493037
2821,1.1099938084600216,0.07798701637409641,0.2826545599560689
2823,1.1101676159824578,0.08103836886772536,0.26066839722757623
2825,1.110146167265378,0.07811450100602019,0.2827966783493037
2827,1.1101676159824578,0.08103836886772536,0.26066839722757623
2829,1.1170800836075396,0.08686966242439678,0.26693321970223416
2831,1.1166739814879827,0.0726837472637138,0.25557247476973977
2833,1.1170800836075396,0.08686966242439678,0.26693321970223416
2835,1.1170800836075396,0.08686966242439678,0.26693321970223416
2837,1.1170800836075396,0.08686966242439678,0.26693321970223416
2839,1.1176099166579665,0.08702012897745962,0.2672680316188682
2841,1.1176099166579665,0.08702012897745962,0.2672680316188682
2843,1.1176099166579665,0.08702012897745962,0.2672680316188682
2845,1.1176099166579665,0.08702012897745962,0.2672680316188682
2847,1.1176099166579665,0.08702012897745962,0.2672680316188682
2849,1.117832275498764,0.07366226123710341,0.25662382250742877
2851,1.117832275498764,0.07366226123710341,0.25662382250742877
2853,1.1182488135922997,0.07371457046240831,0.2567608876124229
2855,1.117832275498764,0.07366226123710341,0.25662382250742877
2857,1.1166739814879827,0.0726837472637138,0.25557247476973977
2859,1.1167253930379775,0.07272715600106969,0.2556191157456973
2861,1.1171369135191147,0.07307469604248013,0.2559925298097363
2863,1.117265596903282,0.07318340090398254,0.25610932618419074
2865,1.117265596903282,0.07318340090398254,0.25610932618419074
2867,1.1171883821130182,0.07311817234799421,0.25603924238411
2869,1.117162647022904,0.07309643325557023,0.25601588510121304
2871,1.117162647022904,0.07309643325557023,0.25601588510121304
2873,1.1171369135191147,0.07307469604248013,0.2559925298097363
2875,1.117162647022904,0.07309643325557023,0.25601588510121304
2877,1.117162647022904,0.07309643325557023,0.25601588510121304
2879,1.117162647022904,0.07309643325557023,0.25601588510121304
2881,1.1171369135191147,0.07307469604248013,0.2559925298097363
2883,-0.17865842603176618,0.6912228173017285,-0.4733838330700861
2885,-0.17865842603176618,0.6912228173017285,-0.4733838330700861
2887,-0.17865842603176618,0.6912228173017285,-0.4733838330700861
2889,-0.17865842603176618,0.6912228173017285,-0.4733838330700861
2891,-0.17865842603176618,0.6912228173017285,-0.4733838330700861
2893,0.1160076179900577,0.3648664805241487,-0.4620186932454325
2895,0.09270302967738496,0.3530407873745956,-0.451667247357218
2897,0.06848520599963243,0.3173073833686636,-0.45054608237074634
2899,0.5195387339890617,0.19614741802105104,-0.46084257167801784
2901,0.5195387339890617,0.19614741802105104,-0.46084257167801784
2903,0.5195387339890617,0.19614741802105104,-0.46084257167801784
2905,0.592779203735587,0.17798317856869683,-0.515244178438005
2907,0.5195387339890617,0.19614741802105104,-0.46084257167801784
2909,0.5190371102490817,0.1957155320332145,-0.46113139855430585
2911,0.5924939818483645,0.1777528382371595,-0.5153969916214131
2913,0.5927416631406546,0.17795285693389573,-0.5152642949930957
2915,0.5924939818483645,0.1777528382371595,-0.5153969916214131
2917,0.6027041983142444,0.17329936464420767,-0.5138932878280744
2919,0.6046865593494265,0.17000112679023247,-0.5149853099127142
2921,0.5924939818483645,0.1777528382371595,-0.5153969916214131
2923,0.6017983747800618,0.17342902186561812,-0.513956288371773
2925,0.6027041983142444,0.17329936464420767,-0.5138932878280744
2927,0.6046159961614915,0.17150158357611786,-0.5138657016459127
2929,0.6046086001526191,0.1714956474609274,-0.5138696392738696
2931,0.6046086001526191,0.1714956474609274,-0.5138696392738696
2933,0.6046086001526191,0.1714956474609274,-0.5138696392738696
2935,0.6046159961614915,0.17150158357611786,-0.5138657016459127
2937,0.6046086001526191,0.1714956474609274,-0.5138696392738696
2939,0.6046865593494265,0.17000112679023247,-0.5149853099127142
2941,0.6046865593494265,0.17000112679023247,-0.5149853099127142
2943,0.6046865593494265,0.17000112679023247,-0.5149853099127142
2945,0.6046865593494265,0.17000112679023247,-0.5149853099127142
2947,0.601746491917969,0.18175070038430136,-0.5261612352678785
2949,0.6046865593494265,0.17000112679023247,-0.5149853099127142
2951,0.601746491917969,0.18175070038430136,-0.5261612352678785
2953,-1.1287060019167041,-0.6860220010261845,-0.47142198820520825
2955,-1.1287060019167041,-0.6860220010261845,-0.47142198820520825
2957,-1.1287060019167041,-0.6860220010261845,-0.47142198820520825
2959,-1.1287060019167041,-0.6860220010261845,-0.47142198820520825
2961,-1.1287060019167041,-0.6860220010261845,-0.47142198820520825
2963,-1.1287060019167041,-0.6860220010261845,-0.47142198820520825
2965,-1.1287060019167041,-0.6860220010261845,-0.47142198820520825
2967,-1.1287060019167041,-0.6860220010261845,-0.47142198820520825
2969,-1.1287060019167041,-0.6860220010261845,-0.47142198820520825
2971,-1.1287060019167041,-0.6860220010261845,-0.47142198820520825
3001,-0.5023742501100296,0.5021771557190875,-0.24265493422282203
3003,-0.5023742501100296,0.5021771557190875,-0.24265493422282203
3005,-0.5023742501100296,0.5021771557190875,-0.24265493422282203
3007,-0.5023742501100296,0.5021771557190875,-0.24265493422282203
3009,-0.50058062808923,0.48890121021640887,-0.24015098317811792
3011,-0.5023742501100296,0.5021771557190875,-0.24265493422282203
3013,-0.5023742501100296,0.5021771557190875,-0.24265493422282203
3015,-0.5023742501100296,0.5021771557190875,-0.24265493422282203
3017,-0.5023742501100296,0.5021771557190875,-0.24265493422282203
3019,-0.5023742501100296,0.5021771557190875,-0.24265493422282203
3021,-0.5023742501100296,0.5021771557190875,-0.24265493422282203
3023,-0.5023742501100296,0.5021771557190875,-0.24265493422282203
3025,-0.5023742501100296,0.5021771557190875,-0.24265493422282203
3027,-0.5023742501100296,0.5021771557190875,-0.24265493422282203
3029,-0.5023742501100296,0.5021771557190875,-0.24265493422282203
3031,-0.5023742501100296,0.5021771557190875,-0.24265493422282203
3033,-0.5023742501100296,0.5021771557190875,-0.24265493422282203
3035,0.8485845396548156,0.009453240107801996,-0.35442840470759
3037,0.8502087258496344,0.0075659580287554635,-0.35486359421619235
3039,0.857067394430851,-0.023242100369992934,-0.3530218150805077
3041,0.857067394430851,-0.023242100369992934,-0.3530218150805077
3043,0.8571431429506482,-0.02328226096172895,-0.3530336280713722
3045,0.8560774384780844,-0.024990154674039197,-0.353978123987783
3047,0.85603592086391,-0.02503225254875409,-0.3540087737803124
3049,0.8559965004009282,-0.025245993709590197,-0.35413155183991063
3051,0.8561169592222292,-0.025120054287504738,-0.3540192429460017
3053,0.8562648102326743,-0.02525629403954366,-0.3540455307353255
3055,0.8573515707372759,-0.020562932672547007,-0.3578901346674496
3057,0.858007922564047,-0.020842248205505978,-0.36088142699994563
3059,0.858007922564047,-0.020842248205505978,-0.36088142699994563
3061,0.8581598721373861,-0.02068494297207735,-0.3605611789919497
3063,0.8581857229759319,-0.020659971246245117,-0.3605491052014676
3065,0.8582323235392966,-0.023580965020629837,-0.35876441005815807
3067,0.858201617942403,-0.023443250659730186,-0.3586124429686401
3069,0.8581499431827695,-0.023493160728503003,-0.3586365741075476
3071,0.8561095357564055,-0.022453854551885363,-0.35855835778904677
3073,0.8561536684740194,-0.02246358516687259,-0.35853898281124463
3075,0.8561024458210944,-0.022403074391057168,-0.35852744233837275
3077,0.8584717975462913,-0.02083465366387385,-0.35902444394421495
3079,0.8582975157186175,-0.02078503387033492,-0.35903542138936523
3081,0.8586558369063699,-0.020871704549970622,-0.358890813306503
3083,0.8586705370958225,-0.02080023324840789,-0.3588500325722116
3085,0.8583574045490107,-0.02055770605869122,-0.3588204490423543
3087,0.8593955773797004,-0.029496604868209986,-0.36038231547392147
3089,0.8575804513739609,-0.0066456345313633865,-0.37022032659340315
3091,0.8575804513739609,-0.0066456345313633865,-0.37022032659340315
3093,0.8575772638403756,-0.007171757258844611,-0.3704452206128533
3095,0.8582017421880724,-0.007791637003252607,-0.37052928000242463
3097,0.8582073890481541,-0.0077324561120501,-0.3704966471172943
3099,0.806868272393822,0.11329755210233705,-0.5502987286738477
3101,0.8068755034518447,0.11251894208077694,-0.5497941456686763
3103,0.8068755034518447,0.11251894208077694,-0.5497941456686763
3105,0.8068755034518447,0.11251894208077694,-0.5497941456686763
3107,0.8068755034518447,0.11251894208077694,-0.5497941456686763
3109,0.8068755034518447,0.11251894208077694,-0.5497941456686763
3111,0.8371016775517537,0.09308190970261385,-0.552122777912807
3113,0.8371016775517537,0.09308190970261385,-0.552122777912807
3115,0.8369979696521364,0.09299737482141046,-0.5521411272224255
3117,0.8369979696521364,0.09299737482141046,-0.5521411272224255
3119,0.8385335909646394,0.094233269762031,-0.5552611006556641
3121,0.8422424760882321,0.09357208432186323,-0.5524951181620428
3123,0.8418619913732505,0.0926442034420444,-0.5526918326319612
3125,0.8418619913732505,0.0926442034420444,-0.5526918326319612
3127,0.8258052001545425,0.0530660360220267,-0.5584545892840983
3129,0.8348038766247625,0.04839357874906736,-0.5613928368717284
3131,0.8465641513702106,0.12129332896182031,-0.4887047215587434
3133,0.8465641513702106,0.12129332896182031,-0.4887047215587434
3135,0.8448299383107108,0.11741832363167762,-0.48917608835876425
3137,0.8448299383107108,0.11741832363167762,-0.48917608835876425
3139,0.8362600381729338,0.10069576362702509,-0.5364224591279168
3141,0.8357683795373824,0.10117811771469858,-0.5362908131797288
3143,0.8357683795373824,0.10117811771469858,-0.5362908131797288
3145,0.8296063812869502,0.15581176987154272,-0.5516397547194878
3147,0.8243201458695698,0.21284546590579928,-0.5615355779506918
3149,0.8243201458695698,0.21284546590579928,-0.5615355779506918
3151,0.8243201458695698,0.21284546590579928,-0.5615355779506918
3153,0.8244063979030255,0.2119617828216921,-0.5616865004695013
3155,0.8244063979030255,0.2119617828216921,-0.5616865004695013
3157,0.8244760905385597,0.2120277565328887,-0.5616677427574018
3159,0.8245109412806879,0.21206074943663986,-0.5616583623717465
3161,0.8240172569644484,0.20763804549159007,-0.5702304288614409
3163,0.8240172569644484,0.20763804549159007,-0.5702304288614409
3165,0.8272421991453285,0.20164285729575643,-0.5666320938676386
3167,0.8291388032568454,0.20665995433941045,-0.5699575890904128
3169,0.8274124027984274,0.20180221633368267,-0.566586607932728
3171,0.8311212068266446,0.20340379919365714,-0.56902730087623
3173,0.8312663543861887,0.2030657955277617,-0.5691757423736937
3175,0.8323792089893033,0.19710679706460554,-0.565026282402744
3177,0.45956278417642504,0.2267946212763911,-0.08321328629321104
3179,0.45956278417642504,0.2267946212763911,-0.08321328629321104
3181,0.45956278417642504,0.2267946212763911,-0.08321328629321104
3183,0.4303316310514458,0.4561524840256892,-0.13280458563045883
3185,0.4308758978107562,0.4622768852699141,-0.12815004138359107
3187,0.4308758978107562,0.4622768852699141,-0.12815004138359107
3189,0.4308758978107562,0.4622768852699141,-0.12815004138359107
3191,0.4308758978107562,0.4622768852699141,-0.12815004138359107
3193,0.4308758978107562,0.4622768852699141,-0.12815004138359107
3195,0.4308758978107562,0.4622768852699141,-0.12815004138359107
3197,0.4308758978107562,0.4622768852699141,-0.12815004138359107
3199,0.41877642512190466,0.5514674420209901,-0.2017743962379519
3201,0.44129550685376373,0.5342673343747733,-0.1995470918953712
3203,0.43249972478394766,0.5361216139703598,-0.20413212473502174
3205,0.4281822798977843,0.5525684199279143,-0.19388867940520968
3207,0.4281822798977843,0.5525684199279143,-0.19388867940520968
3209,0.4237909460028922,0.5647311962513671,-0.2557789053703796
3211,0.4237909460028922,0.5647311962513671,-0.2557789053703796
3213,0.43222142502089994,0.5673238898802094,-0.24814674415048305
3215,0.43222142502089994,0.5673238898802094,-0.24814674415048305
3217,0.43222142502089994,0.5673238898802094,-0.24814674415048305
3219,0.43313823171899296,0.5685826712135909,-0.2475231782406955
3221,0.43222142502089994,0.5673238898802094,-0.24814674415048305
3223,0.4331912167676298,0.5686501395691627,-0.24749870128423715
3225,0.4328734151529981,0.5682455012338762,-0.24764548841801615
3227,0.4328734151529981,0.5682455012338762,-0.24764548841801615
3229,-1.011413345385074,2.390584228524909,-0.12535043737724727
3231,0.10071199585317482,1.6270266202274117,-0.16483234581760695
3233,-0.5242032502597858,2.276773669685293,-0.6123155752756282
3235,-0.5242032502597858,2.276773669685293,-0.6123155752756282
3237,0.027959174213437993,-0.13243725990102329,-0.3505249321969679
3239,-1.0389102403356547,2.256090441428292,1.3540858248465288
3241,-1.0389184296886207,2.2559815004524513,1.3540038563765102
3243,-1.0389184296886207,2.2559815004524513,1.3540038563765102
3245,-1.0389184296886207,2.2559815004524513,1.3540038563765102
3247,-1.0389184296886207,2.2559815004524513,1.3540038563765102
3249,-1.0389184296886207,2.2559815004524513,1.3540038563765102
3251,-1.0389184296886207,2.2559815004524513,1.3540038563765102
3253,-1.038803247312835,2.260443675166416,1.353708775549673
3255,-1.038803247312835,2.260443675166416,1.353708775549673
3257,-1.038803247312835,2.260443675166416,1.353708775549673
3259,-1.038803247312835,2.260443675166416,1.353708775549673
3261,-1.03882170887425,2.2572680051435476,1.3549718390793215
3263,-1.038803247312835,2.260443675166416,1.353708775549673
3265,-1.0388627153468044,2.256722608787996,1.354561475446116
3267,-1.0388627153468044,2.256722608787996,1.354561475446116
3269,-1.0389069642149629,2.2561340222137964,1.3541186155479237
3271,-1.0389069642149629,2.2561340222137964,1.3541186155479237
3273,-1.0389069642149629,2.2561340222137964,1.3541186155479237
3275,-1.0389069642149629,2.2561340222137964,1.3541186155479237
3277,-1.0389069642149629,2.2561340222137964,1.3541186155479237
3279,-1.0389069642149629,2.2561340222137964,1.3541186155479237
3281,-1.0389069642149629,2.2561340222137964,1.3541186155479237
3283,-1.0389069642149629,2.2561340222137964,1.3541186155479237
3285,-1.0389069642149629,2.2561340222137964,1.3541186155479237
3287,-1.0389200673965935,2.2559597141406487,1.3539874641023202
3289,-1.0389200673965935,2.2559597141406487,1.3539874641023202
3291,-1.0389200673965935,2.2559597141406487,1.3539874641023202
3293,-1.0389200673965935,2.2559597141406487,1.3539874641023202
3295,-1.0389151541100643,2.256025074959319,1.354036642344625
3297,-1.0389151541100643,2.256025074959319,1.354036642344625
3299,-1.0389151541100643,2.256025074959319,1.354036642344625
3301,-1.038921705050366,2.2559379284565533,1.35397107230134
3303,-1.0390264022963378,2.2545449487166604,1.3529229801190121
3305,-1.0390264022963378,2.2545449487166604,1.3529229801190121
3307,-1.0390247681049876,2.2545666942996805,1.3529393416889157
3309,-1.0390247681049876,2.2545666942996805,1.3529393416889157
3311,-1.0390247681049876,2.2545666942996805,1.3529393416889157
3313,-1.0390247681049876,2.2545666942996805,1.3529393416889157
3315,-1.0390247681049876,2.2545666942996805,1.3529393416889157
3317,-1.0390247681049876,2.2545666942996805,1.3529393416889157
3319,-1.0390247681049876,2.2545666942996805,1.3529393416889157
3321,-1.1259318742439302,-0.013036883805578232,-0.250299540772724
3323,-1.1648603925925096,1.5602031837110413,-0.0638777746161655
3325,0.5591481280504427,1.1144964159244581,-0.559569514622289
3327,0.5595368488390678,1.1209226473146385,-0.5550548044405786
3329,0.5595368488390678,1.1209226473146385,-0.5550548044405786
3331,0.5578431717057577,1.0940904294926648,-0.5738110727695376
3333,0.4866771739989358,1.2950410357280138,-0.5455534281887717
3335,0.4864155543544725,1.294582126950494,-0.5455555447188869
3337,0.4864155543544725,1.294582126950494,-0.5455555447188869
3339,0.4862848133443901,1.294352799852259,-0.5455566026762093
3341,0.4862848133443901,1.294352799852259,-0.5455566026762093
3343,0.4861541181667111,1.2941235575357013,-0.545557660428546
3345,0.4861541181667111,1.2941235575357013,-0.545557660428546
3347,0.5048826009579337,1.1028109978865916,-0.5330530009372518
3349,0.4993204371834089,1.0932363519168684,-0.5331003945489092
3351,0.4974812186194277,1.080226889290884,-0.5408347573690736
3353,0.47455729136031327,1.284398328865035,-0.5462597016929664
3355,0.6042321639046949,1.2436405090241613,-0.5254846586045204
3357,0.6042321639046949,1.2436405090241613,-0.5254846586045204
3359,0.6042321639046949,1.2436405090241613,-0.5254846586045204
3361,0.6042321639046949,1.2436405090241613,-0.5254846586045204
3363,0.6042321639046949,1.2436405090241613,-0.5254846586045204
3365,0.5874909738284392,1.2304802446995884,-0.5406914059877913
3367,0.5874909738284392,1.2304802446995884,-0.5406914059877913
3369,0.5874909738284392,1.2304802446995884,-0.5406914059877913
3371,0.5874909738284392,1.2304802446995884,-0.5406914059877913
3373,0.582249569571276,1.2206784406178866,-0.5411666473354012
3375,0.5923854259566074,1.2417269607372388,-0.5383884699881363
3377,-0.8942137964849819,1.3040718028264968,-0.04010947751331413
3379,-0.9503711333931583,0.9959181119269452,-0.5803660021373788
3381,-0.9459320547673425,0.9876287351510203,-0.5918868768883919
3383,-0.9474695061597986,1.0027503492360204,-0.5958808745625509
3385,-0.9464845463648356,1.0069450488870864,-0.6009344119018893
3387,-0.9522830078871974,1.1220254619192822,-0.6146830693560025
3389,-1.127937104370628,0.005336585896727517,-0.462035818029171
3391,-1.1279735271183544,0.002965355890802401,-0.46204836886645767
3393,-1.1279735271183544,0.002965355890802401,-0.46204836886645767
3395,-1.1279735271183544,0.002965355890802401,-0.46204836886645767
3397,-1.1279735271183544,0.002965355890802401,-0.46204836886645767
3399,-1.1279735271183544,0.002965355890802401,-0.46204836886645767
3401,-1.1279735271183544,0.002965355890802401,-0.46204836886645767
3403,-1.1279735271183544,0.002965355890802401,-0.46204836886645767
3405,-1.1279493001597694,0.004544268720252697,-0.46203999686559905
3407,-1.1279493001597694,0.004544268720252697,-0.46203999686559905
3409,-1.1279493001597694,0.004544268720252697,-0.46203999686559905
3411,-1.1279493001597694,0.004544268720252697,-0.46203999686559905
3413,-1.1279493001597694,0.004544268720252697,-0.46203999686559905
3415,-1.1279493001597694,0.004544268720252697,-0.46203999686559905
3417,-1.1279493001597694,0.004544268720252697,-0.46203999686559905
3419,-1.1279493001597694,0.004544268720252697,-0.46203999686559905
3421,-1.1280740922343886,-0.003661135865273686,-0.46208415171128386
3423,-1.127937104370628,0.005336585896727517,-0.462035818029171
3425,-1.1280740922343886,-0.003661135865273686,-0.46208415171128386
3427,-1.127937104370628,0.005336585896727517,-0.462035818029171
3429,-1.1279493001597694,0.004544268720252697,-0.46203999686559905
3431,-1.1279493001597694,0.004544268720252697,-0.46203999686559905
3433,-1.127937104370628,0.005336585896727517,-0.462035818029171
3435,-1.1285977527811935,0.03425941889803705,-0.43106998788313167
3437,-1.127937104370628,0.005336585896727517,-0.462035818029171
3439,-1.1280740922343886,-0.003661135865273686,-0.46208415171128386
3441,-1.127937104370628,0.005336585896727517,-0.462035818029171
3443,-1.127937104370628,0.005336585896727517,-0.462035818029171
3445,-1.127937104370628,0.005336585896727517,-0.462035818029171
3447,-1.1280740922343886,-0.003661135865273686,-0.46208415171128386
3449,-1.1280740922343886,-0.003661135865273686,-0.46208415171128386
3451,-1.1280740922343886,-0.003661135865273686,-0.46208415171128386
3453,-1.1280740922343886,-0.003661135865273686,-0.46208415171128386
3455,-1.1280740922343886,-0.003661135865273686,-0.46208415171128386
3457,-1.1280740922343886,-0.003661135865273686,-0.46208415171128386
3459,-1.1280740922343886,-0.003661135865273686,-0.46208415171128386
3461,-1.1285977527811935,0.03425941889803705,-0.43106998788313167
3463,-1.1285977527811935,0.03425941889803705,-0.43106998788313167
3465,-1.1280740922343886,-0.003661135865273686,-0.46208415171128386
3467,-1.1280740922343886,-0.003661135865273686,-0.46208415171128386
3469,-1.1280798891783996,-0.0040467577814568695,-0.46208626623054605
3471,-1.1285977527811935,0.03425941889803705,-0.43106998788313167
3473,-1.1286912166852145,0.02756080625552291,-0.4312825446558179
3475,-1.1286912166852145,0.02756080625552291,-0.4312825446558179
3477,-1.1285977527811935,0.03425941889803705,-0.43106998788313167
3479,-1.1286912166852145,0.02756080625552291,-0.4312825446558179
3481,-1.1286912166852145,0.02756080625552291,-0.4312825446558179
3483,-1.1286912166852145,0.02756080625552291,-0.4312825446558179
3485,-1.130070139362583,0.04184546157467832,-0.3848715799263379
3487,-1.1286912166852145,0.02756080625552291,-0.4312825446558179
3489,-1.1300584728165217,0.04291247355260177,-0.3847989241555132
3491,-1.130064316043968,0.042378549000930105,-0.3848352660929826
3493,-1.130070139362583,0.04184546157467832,-0.3848715799263379
3495,-0.1003165823698218,0.8914390011835308,-0.14420273543827664
3497,-0.1003165823698218,0.8914390011835308,-0.14420273543827664
3499,-0.1003165823698218,0.8914390011835308,-0.14420273543827664
3501,-0.1044334312661542,0.8772387963854809,-0.14114991089517687
3503,-0.10614835168703829,0.8743963447602662,-0.1418246397580428
3505,-0.11660476828133781,0.8570810382142181,-0.14590354096833044
3507,-0.10614835168703829,0.8743963447602662,-0.1418246397580428
3509,-0.11600659878410517,0.8580708254257923,-0.14567181511913782
3511,-0.11600659878410517,0.8580708254257923,-0.14567181511913782
3513,-0.10614835168703829,0.8743963447602662,-0.1418246397580428
3515,-0.1171056346606719,0.8562523288319067,-0.1460974234015115
3517,-0.12328499279852945,0.846033624325636,-0.1484783148993666
3519,-0.11675896098157831,0.8568259115017621,-0.14596324251650203
3521,-0.1171056346606719,0.8562523288319067,-0.1460974234015115
3523,-0.11675896098157831,0.8568259115017621,-0.14596324251650203
3525,-0.12655688263451667,0.8406270127425322,-0.14973072320943204
3527,-0.12864604955372713,0.8371762712508704,-0.1505274564416303
3529,-0.12328499279852945,0.846033624325636,-0.1484783148993666
3531,-0.1292962338242784,0.8361025798715804,-0.15077494611401074
3533,-0.12920342811510552,0.8362558290151741,-0.15073963358245324
3535,-0.12663172192781383,0.8405033782773268,-0.1497593038731805
3537,-0.12655688263451667,0.8406270127425322,-0.14973072320943204
3539,-0.12877618809331334,0.8369613559893273,-0.15057701080112385
3541,-0.12663172192781383,0.8405033782773268,-0.1497593038731805
3543,-0.12663172192781383,0.8405033782773268,-0.1497593038731805
3545,-0.12860885776330916,0.8372376918861789,-0.15051329286232662
3547,-0.12663172192781383,0.8405033782773268,-0.1497593038731805
3549,-0.12663172192781383,0.8405033782773268,-0.1497593038731805
3551,-0.12663172192781383,0.8405033782773268,-0.1497593038731805
3553,-0.12860885776330916,0.8372376918861789,-0.15051329286232662
3555,-0.12864604955372713,0.8371762712508704,-0.1505274564416303
3557,-0.12864604955372713,0.8371762712508704,-0.1505274564416303
3559,-0.12864604955372713,0.8371762712508704,-0.1505274564416303
3561,-0.13241793089511747,0.8309491025019821,-0.15196013338867423
3563,-0.1311100173149401,0.8331079618458321,-0.15146418695308647
3565,-0.13123919547427987,0.8328947181150561,-0.15151320946049474
3567,-0.13241793089511747,0.8309491025019821,-0.15196013338867423
3569,-0.13241793089511747,0.8309491025019821,-0.15196013338867423
3571,-0.13241793089511747,0.8309491025019821,-0.15196013338867423
3573,-0.13241793089511747,0.8309491025019821,-0.15196013338867423
3575,-0.12376950569450937,0.8295647069321797,-0.1523412420780934
3577,-0.12376950569450937,0.8295647069321797,-0.1523412420780934
3579,0.7764842298831642,0.03949806494769372,1.284059719855329
3581,0.7764842298831642,0.03949806494769372,1.284059719855329
3583,0.7764842298831642,0.03949806494769372,1.284059719855329
3585,0.7764842298831642,0.03949806494769372,1.284059719855329
3587,0.7764842298831642,0.03949806494769372,1.284059719855329
3589,0.7764842298831642,0.03949806494769372,1.284059719855329
3591,0.7764842298831642,0.03949806494769372,1.284059719855329
3593,0.7764842298831642,0.03949806494769372,1.284059719855329
3595,0.7764842298831642,0.03949806494769372,1.284059719855329
3597,0.7764842298831642,0.03949806494769372,1.284059719855329
3599,0.7764842298831642,0.03949806494769372,1.284059719855329
3601,0.7764842298831642,0.03949806494769372,1.284059719855329
3603,0.7764842298831642,0.03949806494769372,1.284059719855329
3605,0.7764842298831642,0.03949806494769372,1.284059719855329
3607,0.7764842298831642,0.03949806494769372,1.284059719855329
3613,0.701429945977072,-1.208051968607722,-0.6066588438263602
3615,0.7195891206537136,-0.9982832439190918,-0.4454146704874795
3617,0.7337861104814929,-1.0071207982143162,-0.45803488733235287
3619,0.7519728308342606,-1.015889417920577,-0.5065754028716479
3621,0.9080391410158064,-0.8251455854762688,-0.4647005333548476
3623,0.9080391410158064,-0.8251455854762688,-0.4647005333548476
3625,0.9080391410158064,-0.8251455854762688,-0.4647005333548476
3627,0.9923832211870116,-0.6796620090072297,-0.30912892489187244
3629,0.9923832211870116,-0.6796620090072297,-0.30912892489187244
3631,0.27430643115869097,0.8998151761658341,-0.37296591553633973
3633,0.2743751019514858,0.8998520616681193,-0.3730389003232073
3635,0.26559190096514546,0.8681361180590206,-0.4153956967811844
3637,0.26559190096514546,0.8681361180590206,-0.4153956967811844
3639,0.26559190096514546,0.8681361180590206,-0.4153956967811844
3641,0.26559190096514546,0.8681361180590206,-0.4153956967811844
3643,0.26556943280968537,0.8681039568860696,-0.41541170480274076
3645,0.26556943280968537,0.8681039568860696,-0.41541170480274076
3647,0.2813323290314344,0.8604203185541751,-0.4279851488834828
3649,0.31843874061883354,0.8639583817364489,-0.38987325501736675
3651,0.3127277808889191,0.8542470908420241,-0.3954098255575742
3653,0.3125154200038619,0.8553219005642417,-0.398072307383959
3655,0.3157981427480044,0.8633784660441596,-0.3914689154788964
3657,0.31440047007594124,0.853155155612234,-0.3953871557102569
3659,-1.1571424066889602,-0.05602549948323515,3.4238304276632348
3661,-1.1571424066889602,-0.05602549948323515,3.4238304276632348
3663,-1.1556294147009012,-0.0755312369128062,3.316372056233739
3665,-1.1570711031292324,-0.05692138652273243,3.4149117595939495
3667,-1.1558102153431076,-0.073223527657022,3.339167606131523
3669,-1.1558102153431076,-0.073223527657022,3.339167606131523
3671,-1.1558102153431076,-0.073223527657022,3.339167606131523
3673,-1.1558102153431076,-0.073223527657022,3.339167606131523
3675,-1.1558102153431076,-0.073223527657022,3.339167606131523
3677,-1.1558102153431076,-0.073223527657022,3.339167606131523
3679,-1.1558102153431076,-0.073223527657022,3.339167606131523
3681,-1.1556294147009012,-0.0755312369128062,3.316372056233739
3683,-1.1558102153431076,-0.073223527657022,3.339167606131523
3685,-1.1556294147009012,-0.0755312369128062,3.316372056233739
3687,-1.1558102153431076,-0.073223527657022,3.339167606131523
3689,-1.1556294147009012,-0.0755312369128062,3.316372056233739
3691,-1.1558102153431076,-0.073223527657022,3.339167606131523
3693,-1.1556294147009012,-0.0755312369128062,3.316372056233739
3695,-1.1557535791886242,-0.06428092600730524,3.3219414650928676
3697,-1.1566827424743718,-0.08410473121511425,3.2944583408854418
3699,-1.1576656369450278,-0.34287682346613757,3.434789398772474
3701,-1.156491058278581,-0.07433907010993934,3.258136955109589
3703,-1.1576656369450278,-0.34287682346613757,3.434789398772474
3705,-1.156491058278581,-0.07433907010993934,3.258136955109589
3707,-1.156491058278581,-0.07433907010993934,3.258136955109589
3709,-1.156803973463099,-0.09561509721397692,3.3228073104620104
3711,-1.1569536386101704,-0.09374831808386735,3.3414504456743446
3713,-1.1564761462275153,-0.09971458051874144,3.281944107793475
3715,-1.1564761462275153,-0.09971458051874144,3.281944107793475
3717,-1.1564049103261418,-0.100607326842732,3.273059627890723
3719,-1.156584084360619,-0.09836320295402647,3.2954026155839893
3721,-1.1564049103261418,-0.100607326842732,3.273059627890723
3723,-1.1561600061625672,-0.10368193415612377,3.242501423056524
3725,-1.156125567782518,-0.1041149650129241,3.238202578469928
3727,-1.156125567782518,-0.1041149650129241,3.238202578469928
3729,-1.156125567782518,-0.1041149650129241,3.238202578469928
3731,-1.156125567782518,-0.1041149650129241,3.238202578469928
3733,-1.1559891450009696,-0.10583202792430098,3.2211690028940465
3735,-1.1558881989078897,-0.10710430503643319,3.2085605330565796
3737,-1.1558881989078897,-0.10710430503643319,3.2085605330565796
3739,-1.1548491258273046,-0.10737231431139582,3.0652103815311516
3741,-1.1548491258273046,-0.10737231431139582,3.0652103815311516
3743,-1.1548491258273046,-0.10737231431139582,3.0652103815311516
3745,-1.1548491258273046,-0.10737231431139582,3.0652103815311516
3747,-1.1548201770771769,-0.1077439774641742,3.061580342061802
3749,0.9797863684189597,-0.7203919985528555,-0.31231962714243483
3751,0.9797863684189597,-0.7203919985528555,-0.31231962714243483
3753,0.9797863684189597,-0.7203919985528555,-0.31231962714243483
3755,0.96791814648472,-0.6254476771229172,-0.3968944845772836
3757,0.9759456149597886,-0.5998850709239644,-0.37122369029085445
3759,0.9575161165062483,-0.6037781327619091,-0.3850981508967534
3761,0.9523367340846511,-0.5774931028113063,-0.341075391133106
3763,0.9523367340846511,-0.5774931028113063,-0.341075391133106
3765,0.9439735438700775,-0.5591341328324732,-0.32268339947719554
3767,0.9439735438700775,-0.5591341328324732,-0.32268339947719554
3769,0.9462431698775056,-0.5495085360081062,-0.31317552892861983
3771,0.9462431698775056,-0.5495085360081062,-0.31317552892861983
3773,0.9467848392673004,-0.5503416942665835,-0.31372152719433655
3775,0.9467848392673004,-0.5503416942665835,-0.31372152719433655
3777,0.949252514610892,-0.4566729622029918,-0.39132339653854337
3779,0.9439508592187105,-0.45399888139960204,-0.38798193613006404
3781,0.9438889999359282,-0.45463748666032316,-0.3890195054282471
3783,0.9445500696895759,-0.4252432209151955,-0.4038749140189352
3785,0.9445500696895759,-0.4252432209151955,-0.4038749140189352
3787,0.943909564164937,-0.42585906807223767,-0.40335126501401947
3789,0.943909564164937,-0.42585906807223767,-0.40335126501401947
3791,0.943909564164937,-0.42585906807223767,-0.40335126501401947
3793,0.9429907145878836,-0.4260783202500207,-0.4036196533811305
3795,0.9428071828239502,-0.42612210294974573,-0.40367325265310655
3797,0.9427108975733058,-0.426514351390196,-0.399887068506007
3799,0.9427108975733058,-0.426514351390196,-0.399887068506007
3801,0.9427108975733058,-0.426514351390196,-0.399887068506007
3803,0.9362754968933092,-0.4184003426239588,-0.3940176085435244
3805,0.9358118595239069,-0.39713840154067415,-0.43319099922935744
3807,0.9391075954273925,-0.4232501154189034,-0.42927997744432517
3837,0.9320607270643063,-0.22843938892949764,-0.4324477138930587
3839,0.9329486716243071,-0.22919618596397523,-0.4328848551307646
3841,0.9329486716243071,-0.22919618596397523,-0.4328848551307646
3843,0.9338845611713718,-0.23413521731632791,-0.43403066930453826
3845,0.9338845611713718,-0.23413521731632791,-0.43403066930453826
3847,0.9099477623132369,-0.2438753017372148,-0.4273597487575321
3849,0.9115408807452402,-0.24524198922183,-0.4274991809877304
3851,-1.2036422145703751,0.581138566647044,0.45233754132974474
3853,-1.203352333462076,0.5770998030050976,0.4490907563565514
3855,-1.203602890579521,0.5805908309448853,0.451897013296437
3857,-1.203406978472822,0.5778613333065148,0.4497026937904775
3859,-1.203360134280055,0.5772085202388554,0.44917811006679637
3861,-1.1615985888968197,-0.03378900664017111,-0.053301924003552235
3863,-1.1616821907258472,-0.02525612644611089,-0.046365107344547324
3865,-1.1615969554888799,-0.03381595411270883,-0.05331934552453028
3867,-1.1616854534212757,-0.025202097965987484,-0.046330143963026794
3869,-1.1659987233744846,0.027521279950804736,-0.028848396147139653
3871,-1.1715561055185373,0.09651443224861904,-0.01607148999606741
3873,-1.1659269701246757,0.02637096421639049,-0.02957282530466954
3875,-1.1715640323147343,0.09663771430076969,-0.015997576345575155
3877,-1.1715561055185373,0.09651443224861904,-0.01607148999606741
3879,-1.1617916639026995,-0.05879345291094969,-0.10763101638747109
3881,-1.1715561055185373,0.09651443224861904,-0.01607148999606741
3883,-1.1618399918311966,-0.058005871719517633,-0.10717353810281864
3885,-1.1619584319735876,-0.06221734205500682,-0.07803066361532991
3887,-1.1619584319735876,-0.06221734205500682,-0.07803066361532991
3889,-1.1619584319735876,-0.06221734205500682,-0.07803066361532991
3891,-1.1619584319735876,-0.06221734205500682,-0.07803066361532991
3893,-1.1619516192099784,-0.06232695469491081,-0.07810023011285964
3895,-1.1619516192099784,-0.06232695469491081,-0.07810023011285964
3897,-1.1619402710823814,-0.06250954732252485,-0.07821611155057813
3899,-1.161931198405735,-0.06265553590115515,-0.07830876029817248
3901,-1.1619402710823814,-0.06250954732252485,-0.07821611155057813
3903,-1.1619402710823814,-0.06250954732252485,-0.07821611155057813
3905,0.9296294419759142,-0.3631259298304638,-0.34738563640815795
3907,0.9327778891337927,-0.3001907490873445,-0.3710022425506974
3909,0.9343058940805578,-0.30851768880392366,-0.37226095859206415
3911,0.9328566752013274,-0.30021442448817154,-0.37101666066857963
3913,0.9383861206819892,-0.29567246036314604,-0.3770645697208289
3915,0.9328669787921114,-0.3002090085209829,-0.371012094726048
3917,0.9381966821405014,-0.2929021939666825,-0.37222201305436853
3919,0.9330618285462772,-0.29310014492649566,-0.37386190147126125
3921,0.9287624495494674,-0.29173757373227577,-0.38071052338191236
3923,0.929369216493814,-0.29490974254083785,-0.38076779761525853
3925,0.9294255820832203,-0.29488127390175206,-0.3807434969952227
3927,0.9287624495494674,-0.29173757373227577,-0.38071052338191236
3929,0.9284467709567907,-0.2917078378945235,-0.3807650083145073
3931,0.9261534570372126,-0.2888756900240316,-0.37612007053920227
3933,0.9261534570372126,-0.2888756900240316,-0.37612007053920227
3935,0.9251934949283689,-0.290796378997008,-0.37783998218675563
3937,0.9215150769856617,-0.29205752235761345,-0.3731608240013498
3939,0.9269044453524938,-0.2919322484346888,-0.37541029112693214
3941,0.9243610497930534,-0.28904799483291593,-0.37658127935018804
3943,0.924379407200581,-0.28903878459218335,-0.37657339426246017
3945,0.9253782047432171,-0.2919667944459949,-0.3755278934667435
3947,0.9227651801905769,-0.28957367172781256,-0.37364033463110796
3949,0.9242910943249828,-0.29276003995794175,-0.37630813652037903
3951,0.9238905263918866,-0.2918635162700484,-0.37540695260371665
3953,0.9210766186085197,-0.29022877242862316,-0.3719659772776835
3955,0.9218806880424476,-0.2906798816737071,-0.37228222620731716
3957,0.9208296083454257,-0.2948685483285756,-0.37289672855694495
3959,0.9208296083454257,-0.2948685483285756,-0.37289672855694495
3961,0.924895239299056,-0.29914280293117484,-0.37526203421747084
3963,0.9202549270558843,-0.2742849324754033,-0.3628925847641274
3965,0.9210514446206775,-0.27449173880669187,-0.36301713756571197
3967,0.9200910793042765,-0.274190695978121,-0.36288680264288253
3969,0.9200910793042765,-0.274190695978121,-0.36288680264288253
3971,-1.1263816848743842,-1.0384040278783297,2.085802105287727
3973,-1.1263816848743842,-1.0384040278783297,2.085802105287727
3975,-1.1263816848743842,-1.0384040278783297,2.085802105287727
3977,-1.1264368699393863,-1.0300376025140834,2.0250872478672632
3979,-1.1264368699393863,-1.0300376025140834,2.0250872478672632
3981,-1.1264368699393863,-1.0300376025140834,2.0250872478672632
3983,-1.1264871513923531,-1.0224145975681522,1.9697673665251618
3985,-1.1287060019167041,-0.6860220010261845,-0.47142198820520825
3987,-1.1287060019167041,-0.6860220010261845,-0.47142198820520825
3989,-1.1287060019167041,-0.6860220010261845,-0.47142198820520825
3991,-1.1287060019167041,-0.6860220010261845,-0.47142198820520825
3993,-1.1287060019167041,-0.6860220010261845,-0.47142198820520825
3995,-1.1287060019167041,-0.6860220010261845,-0.47142198820520825
3997,-1.1287060019167041,-0.6860220010261845,-0.47142198820520825
3999,-1.1287060019167041,-0.6860220010261845,-0.47142198820520825
4001,-1.1287060019167041,-0.6860220010261845,-0.47142198820520825
4003,-1.1287060019167041,-0.6860220010261845,-0.47142198820520825
4005,-1.1287060019167041,-0.6860220010261845,-0.47142198820520825
4007,-1.1287060019167041,-0.6860220010261845,-0.47142198820520825
4009,-1.1287060019167041,-0.6860220010261845,-0.47142198820520825
4011,-1.1287060019167041,-0.6860220010261845,-0.47142198820520825
4013,-1.1287060019167041,-0.6860220010261845,-0.47142198820520825
4015,-1.1287060019167041,-0.6860220010261845,-0.47142198820520825
4017,-1.1287060019167041,-0.6860220010261845,-0.47142198820520825
4019,-1.1287060019167041,-0.6860220010261845,-0.47142198820520825
4021,-1.1287060019167041,-0.6860220010261845,-0.47142198820520825
4023,-1.1287060019167041,-0.6860220010261845,-0.47142198820520825
4025,-1.1287060019167041,-0.6860220010261845,-0.47142198820520825
4027,-1.1287060019167041,-0.6860220010261845,-0.47142198820520825
4029,-1.1287060019167041,-0.6860220010261845,-0.47142198820520825
4031,-1.1287060019167041,-0.6860220010261845,-0.47142198820520825
4033,-1.1287060019167041,-0.6860220010261845,-0.47142198820520825
4035,-1.1287060019167041,-0.6860220010261845,-0.47142198820520825
4037,-1.1287060019167041,-0.6860220010261845,-0.47142198820520825
4039,-1.1287060019167041,-0.6860220010261845,-0.47142198820520825
4041,0.3614002074561157,-0.886326204492835,-0.47027351295851716
4043,0.3313659591983097,-0.8874979000266776,-0.47427095783757994
4045,0.3313659591983097,-0.8874979000266776,-0.47427095783757994
4047,0.3313659591983097,-0.8874979000266776,-0.47427095783757994
4049,0.3090072855713799,-0.8881894826869036,-0.47710305113003304
4051,0.31509490089743036,-0.8880164853947683,-0.4763441254101552
4053,0.31509490089743036,-0.8880164853947683,-0.4763441254101552
4055,0.31509490089743036,-0.8880164853947683,-0.4763441254101552
4057,0.31509490089743036,-0.8880164853947683,-0.4763441254101552
4059,0.31509490089743036,-0.8880164853947683,-0.4763441254101552
4061,0.31509490089743036,-0.8880164853947683,-0.4763441254101552
4063,0.31759847841123406,-0.8844402379593569,-0.4791888545694574
4065,0.2946562242732278,-0.8850254085849795,-0.4819833785496883
4067,0.2777156334501887,-0.885353383813378,-0.48396365674076897
4069,0.27587672003166974,-0.8853836655783067,-0.4841743665227159
4071,0.27587672003166974,-0.8853836655783067,-0.4841743665227159
4073,0.27587672003166974,-0.8853836655783067,-0.4841743665227159
4075,0.27587672003166974,-0.8853836655783067,-0.4841743665227159
4077,0.27587672003166974,-0.8853836655783067,-0.4841743665227159
4079,0.27587672003166974,-0.8853836655783067,-0.4841743665227159
4081,0.27587672003166974,-0.8853836655783067,-0.4841743665227159
4083,0.27587672003166974,-0.8853836655783067,-0.4841743665227159
4085,1.1121916126890368,-0.12424466844294084,0.9896294942357413
4087,0.8032431394469346,0.2682583751132787,-0.0883702032002656
4089,0.8032431394469346,0.2682583751132787,-0.0883702032002656
4091,0.8064466867864656,0.21072241723578952,-0.10926656719810898
4093,0.8108277899655465,0.18742507213900014,-0.11788627478132324
4095,0.7696570700902691,-0.006872387194183454,-0.1650029597055934
4097,0.8183835506693337,-0.5375132262998294,-0.03750690065635258
4099,0.8183835506693337,-0.5375132262998294,-0.03750690065635258
4101,0.8183835506693337,-0.5375132262998294,-0.03750690065635258
4103,0.8183835506693337,-0.5375132262998294,-0.03750690065635258
4105,0.8183835506693337,-0.5375132262998294,-0.03750690065635258
4107,0.856237038947338,-0.5623624242554118,-0.04513571639606127
4109,0.8942119490500213,-0.5458935032827893,-0.19805683635432397
4111,0.8912285787834138,-0.5449784896593599,-0.19820347385284487
4113,0.8912285787834138,-0.5449784896593599,-0.19820347385284487
4115,0.8912285787834138,-0.5449784896593599,-0.19820347385284487
4117,0.9053765271565486,-0.5675644652590233,0.020403453050195065
4119,0.34639223287058896,0.4965469409679623,-0.259830279367315
4121,0.3449476354065257,0.4938594687120125,-0.26141969015310784
4123,0.3449476354065257,0.4938594687120125,-0.26141969015310784
4125,0.3304267787691376,0.46252551446015944,-0.27586457323619795
4127,0.3304267787691376,0.46252551446015944,-0.27586457323619795
4129,0.33032314750136244,0.4624200919689147,-0.2759426630852662
4131,0.3297739707706877,0.4630823839197898,-0.2756887059695235
4133,0.3323380259486602,0.4634157425244995,-0.2751359709823327
4135,0.3298754929684271,0.4611378816793917,-0.2745084740244826
4137,0.3298754929684271,0.4611378816793917,-0.2745084740244826
4139,0.3298754929684271,0.4611378816793917,-0.2745084740244826
4141,0.3298754929684271,0.4611378816793917,-0.2745084740244826
4143,0.3312006161160784,0.46022263204732083,-0.2748937736835344
4145,0.3312006161160784,0.46022263204732083,-0.2748937736835344
4147,0.3312006161160784,0.46022263204732083,-0.2748937736835344
4149,0.3312006161160784,0.46022263204732083,-0.2748937736835344
4151,0.3312006161160784,0.46022263204732083,-0.2748937736835344
4153,0.3323380259486602,0.4634157425244995,-0.2751359709823327
4155,0.37138791539921584,0.4394180656131044,-0.24546853898539023
4159,0.37138791539921584,0.4394180656131044,-0.24546853898539023
4161,0.37138791539921584,0.4394180656131044,-0.24546853898539023
4163,0.37138791539921584,0.4394180656131044,-0.24546853898539023
4165,0.8430475603085148,0.4842827650863894,0.2149143011038243
4167,-1.1299020717837711,-0.595650221937283,-0.3989719929197619
4169,-1.1299020717837711,-0.595650221937283,-0.3989719929197619
4171,-1.1298963990315665,-0.5960788396319191,-0.39931561069810717
4173,-1.129889849302606,-0.5965737192999135,-0.39971234992327825
4175,-1.129884293053813,-0.5969935343143357,-0.4000489106961461
4177,-1.129884293053813,-0.5969935343143357,-0.4000489106961461
4179,-1.129884293053813,-0.5969935343143357,-0.4000489106961461
4181,-1.129884293053813,-0.5969935343143357,-0.4000489106961461
4183,-1.129884293053813,-0.5969935343143357,-0.4000489106961461
4185,-1.129884293053813,-0.5969935343143357,-0.4000489106961461
4187,-1.129884293053813,-0.5969935343143357,-0.4000489106961461
4189,-1.129884293053813,-0.5969935343143357,-0.4000489106961461
4191,-1.129884293053813,-0.5969935343143357,-0.4000489106961461
4193,-1.129884293053813,-0.5969935343143357,-0.4000489106961461
4195,-1.1298833721417672,-0.5970631159184279,-0.40010469345199406
4197,-1.1298963990315665,-0.5960788396319191,-0.39931561069810717
4199,-1.129918446118887,-0.5944130218066407,-0.39798014408668714
4201,-1.1318773410330585,-0.4464042613518615,-0.2793232568895822
4203,-1.1318773410330585,-0.4464042613518615,-0.2793232568895822
4205,-1.1318773410330585,-0.4464042613518615,-0.2793232568895822
4207,-1.1318773410330585,-0.4464042613518615,-0.2793232568895822
4209,-1.1318773410330585,-0.4464042613518615,-0.2793232568895822
4211,-1.1318809503619338,-0.44613155029981366,-0.27910462763790234
4213,-1.1318809503619338,-0.44613155029981366,-0.27910462763790234
4215,-1.1318809503619338,-0.44613155029981366,-0.27910462763790234
4217,-1.1318809503619338,-0.44613155029981366,-0.27910462763790234
4219,-1.1318809503619338,-0.44613155029981366,-0.27910462763790234
4221,-1.1318665664274432,-0.4472183611843438,-0.27997591117635007
4223,-1.1318665664274432,-0.4472183611843438,-0.27997591117635007
4225,-1.1318665664274432,-0.4472183611843438,-0.27997591117635007
4227,-1.1318665664274432,-0.4472183611843438,-0.27997591117635007
4229,-1.1318665664274432,-0.4472183611843438,-0.27997591117635007
4231,-1.1318665664274432,-0.4472183611843438,-0.27997591117635007
4233,-1.1318665664274432,-0.4472183611843438,-0.27997591117635007
4235,-1.1318665664274432,-0.4472183611843438,-0.27997591117635007
4237,-1.1318665664274432,-0.4472183611843438,-0.27997591117635007
4239,-1.1318665664274432,-0.4472183611843438,-0.27997591117635007
4241,-1.1318665664274432,-0.4472183611843438,-0.27997591117635007
4243,-1.1318665664274432,-0.4472183611843438,-0.27997591117635007
4245,-1.1318665664274432,-0.4472183611843438,-0.27997591117635007
4247,-1.1318665664274432,-0.4472183611843438,-0.27997591117635007
4249,-1.1318665664274432,-0.4472183611843438,-0.27997591117635007
4251,-1.1318665664274432,-0.4472183611843438,-0.27997591117635007
4253,-1.1318487845802105,-0.4485619090941918,-0.2810530177766142
4255,-1.1318487845802105,-0.4485619090941918,-0.2810530177766142
4257,-1.1318487845802105,-0.4485619090941918,-0.2810530177766142
4259,-1.1318487845802105,-0.4485619090941918,-0.2810530177766142
4261,-1.1319027956805507,-0.44448097756777605,-0.2777813828389174
4263,-1.1319027956805507,-0.44448097756777605,-0.2777813828389174
4265,-1.1319027956805507,-0.44448097756777605,-0.2777813828389174
4267,-1.1319027956805507,-0.44448097756777605,-0.2777813828389174
4269,-1.1319027956805507,-0.44448097756777605,-0.2777813828389174
4271,-1.1319027956805507,-0.44448097756777605,-0.2777813828389174
4273,-1.1319027956805507,-0.44448097756777605,-0.2777813828389174
4275,-1.1319027956805507,-0.44448097756777605,-0.2777813828389174
4277,-1.1319027956805507,-0.44448097756777605,-0.2777813828389174
4279,-1.1319027956805507,-0.44448097756777605,-0.2777813828389174
4281,-1.131953167816789,-0.44067499625038054,-0.2747301722587812
4283,-1.131953167816789,-0.44067499625038054,-0.2747301722587812
4285,-1.131953167816789,-0.44067499625038054,-0.2747301722587812
4287,-1.131953167816789,-0.44067499625038054,-0.2747301722587812
4289,-1.1394991371781356,-0.22091704549473634,-0.16618296317096948
4291,-1.1394991371781356,-0.22091704549473634,-0.16618296317096948
4293,-1.1394982343127085,-0.2209464410287232,-0.16619903604331993
4295,-1.1395127012554622,-0.22047555376272981,-0.16594162197532447
4297,-1.1392626902640062,-0.21376240286243972,-0.1556180427349824
4299,-1.1387661984839599,-0.2306762954253461,-0.16520174338393626
4301,-1.1387661984839599,-0.2306762954253461,-0.16520174338393626
4303,-1.1387661984839599,-0.2306762954253461,-0.16520174338393626
4305,-1.1387661984839599,-0.2306762954253461,-0.16520174338393626
4307,-1.1387661984839599,-0.2306762954253461,-0.16520174338393626
4309,-1.1387661984839599,-0.2306762954253461,-0.16520174338393626
4311,-1.1387498042214836,-0.2312410420664372,-0.16552441244530844
4313,-1.1387498042214836,-0.2312410420664372,-0.16552441244530844
4315,-1.1394955267691416,-0.221034599742686,-0.16624724227235593
4317,-1.1394955267691416,-0.221034599742686,-0.16624724227235593
4319,-1.1387498042214836,-0.2312410420664372,-0.16552441244530844
4321,-1.1394955267691416,-0.221034599742686,-0.16624724227235593
4323,-1.1395235810799085,-0.22012160418193685,-0.16574821337152873
4325,-1.1387469594418824,-0.23133907995701317,-0.16558044411805625
4327,-1.1395235810799085,-0.22012160418193685,-0.16574821337152873
4329,-1.1387469594418824,-0.23133907995701317,-0.16558044411805625
4331,-1.1395235810799085,-0.22012160418193685,-0.16574821337152873
4333,-1.1387469594418824,-0.23133907995701317,-0.16558044411805625
4335,-1.1395235810799085,-0.22012160418193685,-0.16574821337152873
4337,-1.1387469594418824,-0.23133907995701317,-0.16558044411805625
4339,-1.1387469594418824,-0.23133907995701317,-0.16558044411805625
4341,-1.1395235810799085,-0.22012160418193685,-0.16574821337152873
4343,-1.1395235810799085,-0.22012160418193685,-0.16574821337152873
4345,-1.1395235810799085,-0.22012160418193685,-0.16574821337152873
4347,-1.1395235810799085,-0.22012160418193685,-0.16574821337152873
4349,-1.1387469594418824,-0.23133907995701317,-0.16558044411805625
4351,-1.1395235810799085,-0.22012160418193685,-0.16574821337152873
4353,-1.1387066257264693,-0.23273039712920335,-0.1663761837784728
4355,-1.1395235810799085,-0.22012160418193685,-0.16574821337152873
4357,-1.1395235810799085,-0.22012160418193685,-0.16574821337152873
4359,-0.9505007844318399,0.45617669012972073,-0.39402359647186763
4361,-0.9541958544545631,0.3919369153828724,-0.4180002500133141
4363,-1.1677505598227829,2.0896212177191678,-0.43959323225068975
4365,-1.1677505598227829,2.0896212177191678,-0.43959323225068975
4367,-1.1677505598227829,2.0896212177191678,-0.43959323225068975
4369,-1.1677505598227829,2.0896212177191678,-0.43959323225068975
4371,-1.1677505598227829,2.0896212177191678,-0.43959323225068975
4373,-1.1677505598227829,2.0896212177191678,-0.43959323225068975
4375,-1.1677505598227829,2.0896212177191678,-0.43959323225068975
4377,-1.1677505598227829,2.0896212177191678,-0.43959323225068975
4379,-1.1677505598227829,2.0896212177191678,-0.43959323225068975
4381,-1.1677505598227829,2.0896212177191678,-0.43959323225068975
4383,-1.1677505598227829,2.0896212177191678,-0.43959323225068975
4385,-1.1677505598227829,2.0896212177191678,-0.43959323225068975
4387,-1.1677505598227829,2.0896212177191678,-0.43959323225068975
4389,-1.1677505598227829,2.0896212177191678,-0.43959323225068975
4391,-1.1677505598227829,2.0896212177191678,-0.43959323225068975
4393,-1.1677505598227829,2.0896212177191678,-0.43959323225068975
4395,-1.1677505598227829,2.0896212177191678,-0.43959323225068975
4397,-1.1677505598227829,2.0896212177191678,-0.43959323225068975
4399,-1.1677505598227829,2.0896212177191678,-0.43959323225068975
4401,-1.1677505598227829,2.0896212177191678,-0.43959323225068975
4403,-1.1677505598227829,2.0896212177191678,-0.43959323225068975
4405,-1.1677505598227829,2.0896212177191678,-0.43959323225068975
4407,-1.1677505598227829,2.0896212177191678,-0.43959323225068975
4409,-1.1677505598227829,2.0896212177191678,-0.43959323225068975
4411,-1.1677505598227829,2.0896212177191678,-0.43959323225068975
4413,-1.1677505598227829,2.0896212177191678,-0.43959323225068975
4415,-1.1677505598227829,2.0896212177191678,-0.43959323225068975
4417,-1.1677505598227829,2.0896212177191678,-0.43959323225068975
4419,-1.1677505598227829,2.0896212177191678,-0.43959323225068975
4421,-1.1677505598227829,2.0896212177191678,-0.43959323225068975
4423,-1.1677505598227829,2.0896212177191678,-0.43959323225068975
4425,-1.1677505598227829,2.0896212177191678,-0.43959323225068975
4427,-1.1677505598227829,2.0896212177191678,-0.43959323225068975
4429,-1.1677505598227829,2.0896212177191678,-0.43959323225068975
4431,-1.1677505598227829,2.0896212177191678,-0.43959323225068975
4433,-1.1677505598227829,2.0896212177191678,-0.43959323225068975
4435,-1.1677505598227829,2.0896212177191678,-0.43959323225068975
4437,-1.1677505598227829,2.0896212177191678,-0.43959323225068975
4439,-1.1677505598227829,2.0896212177191678,-0.43959323225068975
4441,-1.1677505598227829,2.0896212177191678,-0.43959323225068975
4443,-1.1677505598227829,2.0896212177191678,-0.43959323225068975
4445,-1.1677505598227829,2.0896212177191678,-0.43959323225068975
4447,-1.1677505598227829,2.0896212177191678,-0.43959323225068975
4449,-1.1677505598227829,2.0896212177191678,-0.43959323225068975
4451,-1.1677505598227829,2.0896212177191678,-0.43959323225068975
4453,-1.1677505598227829,2.0896212177191678,-0.43959323225068975
4455,-1.1677505598227829,2.0896212177191678,-0.43959323225068975
4457,-1.1677505598227829,2.0896212177191678,-0.43959323225068975
4459,-1.1677505598227829,2.0896212177191678,-0.43959323225068975
4461,-1.1677505598227829,2.0896212177191678,-0.43959323225068975
4463,-1.1677505598227829,2.0896212177191678,-0.43959323225068975
4465,-1.1677505598227829,2.0896212177191678,-0.43959323225068975
4467,-1.1677505598227829,2.0896212177191678,-0.43959323225068975
4469,-1.1677505598227829,2.0896212177191678,-0.43959323225068975
4471,-1.1677505598227829,2.0896212177191678,-0.43959323225068975
4473,-1.1677505598227829,2.0896212177191678,-0.43959323225068975
4475,-1.1677505598227829,2.0896212177191678,-0.43959323225068975
4477,-1.1677505598227829,2.0896212177191678,-0.43959323225068975
4479,-1.1677505598227829,2.0896212177191678,-0.43959323225068975
4481,-1.1677505598227829,2.0896212177191678,-0.43959323225068975
4483,-1.1677505598227829,2.0896212177191678,-0.43959323225068975
4485,-1.1677505598227829,2.0896212177191678,-0.43959323225068975
4487,-1.1678304019956847,2.086679357460668,-0.43976844373393015
4489,-1.1678304019956847,2.086679357460668,-0.43976844373393015
4491,-1.1678304019956847,2.086679357460668,-0.43976844373393015
4493,-1.1678304019956847,2.086679357460668,-0.43976844373393015
4495,-1.1678304019956847,2.086679357460668,-0.43976844373393015
4497,-1.1678304019956847,2.086679357460668,-0.43976844373393015
4499,-1.1678304019956847,2.086679357460668,-0.43976844373393015
4501,-0.2680879380972136,3.953687695708263,-0.571674009971133
4503,-1.1324576235153152,-0.40255969863891783,-0.244173585234669
4505,-1.1324576235153152,-0.40255969863891783,-0.244173585234669
4507,-1.1324466856190185,-0.4033861362702396,-0.24483613059005122
4509,-1.1324466856190185,-0.4033861362702396,-0.24483613059005122
4511,-1.1324466856190185,-0.4033861362702396,-0.24483613059005122
4513,-1.1324466856190185,-0.4033861362702396,-0.24483613059005122
4515,-1.1324466856190185,-0.4033861362702396,-0.24483613059005122
4517,-1.1324265610182278,-0.4049066962533978,-0.2460551456932361
4519,-1.1324265610182278,-0.4049066962533978,-0.2460551456932361
4521,-1.1324265610182278,-0.4049066962533978,-0.2460551456932361
4523,-1.1324296412958992,-0.40467395886830326,-0.24586856286148437
4525,-1.1324291275192333,-0.40471277843278974,-0.24589968405100132
4527,-1.1324291275192333,-0.40471277843278974,-0.24589968405100132
4529,-1.1324291275192333,-0.40471277843278974,-0.24589968405100132
4531,-1.1324245106713597,-0.40506161487421244,-0.24617934213443488
4533,-1.1324245106713597,-0.40506161487421244,-0.24617934213443488
4535,-1.1324250230205715,-0.4050229031642539,-0.24614830741062763
4537,-1.1324250230205715,-0.4050229031642539,-0.24614830741062763
4539,-1.1324250230205715,-0.4050229031642539,-0.24614830741062763
4541,-1.1324250230205715,-0.4050229031642539,-0.24614830741062763
4543,-1.1324250230205715,-0.4050229031642539,-0.24614830741062763
4545,-1.1324250230205715,-0.4050229031642539,-0.24614830741062763
4547,-1.1324250230205715,-0.4050229031642539,-0.24614830741062763
4549,-1.1324250230205715,-0.4050229031642539,-0.24614830741062763
4551,-1.1324250230205715,-0.4050229031642539,-0.24614830741062763
4553,-1.1324250230205715,-0.4050229031642539,-0.24614830741062763
4555,-1.1324250230205715,-0.4050229031642539,-0.24614830741062763
4557,-1.1324250230205715,-0.4050229031642539,-0.24614830741062763
4559,-1.1324250230205715,-0.4050229031642539,-0.24614830741062763
4561,-1.1324250230205715,-0.4050229031642539,-0.24614830741062763
4563,-1.1324250230205715,-0.4050229031642539,-0.24614830741062763
4565,-1.1324188852537194,-0.4054866560981901,-0.24652009269820335
4567,-1.1324188852537194,-0.4054866560981901,-0.24652009269820335
4569,-1.1324188852537194,-0.4054866560981901,-0.24652009269820335
4571,-1.1287060019167041,-0.6860220010261845,-0.47142198820520825
4573,-1.1287060019167041,-0.6860220010261845,-0.47142198820520825
4575,-1.1287060019167041,-0.6860220010261845,-0.47142198820520825
4577,-1.1287060019167041,-0.6860220010261845,-0.47142198820520825
4579,-1.1287060019167041,-0.6860220010261845,-0.47142198820520825
4581,-1.1287060019167041,-0.6860220010261845,-0.47142198820520825
4583,-1.1287060019167041,-0.6860220010261845,-0.47142198820520825
4585,-1.1287060019167041,-0.6860220010261845,-0.47142198820520825
4587,-1.1287060019167041,-0.6860220010261845,-0.47142198820520825
4589,-1.1287060019167041,-0.6860220010261845,-0.47142198820520825
4591,-1.1287060019167041,-0.6860220010261845,-0.47142198820520825
4593,-1.1287060019167041,-0.6860220010261845,-0.47142198820520825
4595,-1.1325660795374635,-0.39436505721844745,-0.23760403732641142
4597,-1.1287060019167041,-0.6860220010261845,-0.47142198820520825
4599,-1.1287060019167041,-0.6860220010261845,-0.47142198820520825
4601,-1.1287060019167041,-0.6860220010261845,-0.47142198820520825
4603,-1.1287060019167041,-0.6860220010261845,-0.47142198820520825
4605,-1.1287060019167041,-0.6860220010261845,-0.47142198820520825
4607,-1.1287060019167041,-0.6860220010261845,-0.47142198820520825
4609,-1.1287060019167041,-0.6860220010261845,-0.47142198820520825
4611,-1.1287060019167041,-0.6860220010261845,-0.47142198820520825
4613,-1.1287060019167041,-0.6860220010261845,-0.47142198820520825
4615,-1.1287060019167041,-0.6860220010261845,-0.47142198820520825
4617,-1.1287060019167041,-0.6860220010261845,-0.47142198820520825
4619,-1.1287060019167041,-0.6860220010261845,-0.47142198820520825
4621,-1.1321817570296617,-0.42340341837967427,-0.26088375086572735
4623,-1.1321950362609206,-0.42240007586030914,-0.26007938293659577
4625,-1.1321950362609206,-0.42240007586030914,-0.26007938293659577
4627,-1.1321668416711388,-0.42453038221563705,-0.2617872245543672
4629,-1.1321668416711388,-0.42453038221563705,-0.2617872245543672
4631,-1.1321668416711388,-0.42453038221563705,-0.2617872245543672
4633,-1.1320868513024234,-0.4305742364501152,-0.2666325116031382
4653,-1.1299243342835177,-0.5939681281361804,-0.39762347804943154
4655,-1.1299243342835177,-0.5939681281361804,-0.39762347804943154
4657,-1.1299243342835177,-0.5939681281361804,-0.39762347804943154
4659,-1.1299243342835177,-0.5939681281361804,-0.39762347804943154
4661,-1.1299243342835177,-0.5939681281361804,-0.39762347804943154
4663,-1.1299243342835177,-0.5939681281361804,-0.39762347804943154
4665,-1.1299243342835177,-0.5939681281361804,-0.39762347804943154
4667,-1.1299106843398659,-0.5949994806735682,-0.3984503012814705
4669,-1.1299020717837711,-0.595650221937283,-0.3989719929197619
4671,-1.1299020717837711,-0.595650221937283,-0.3989719929197619
4673,-1.129925321282935,-0.5938935531504228,-0.3975636921580728
4675,-1.1299020717837711,-0.595650221937283,-0.3989719929197619
4677,-1.129925321282935,-0.5938935531504228,-0.3975636921580728
4679,-1.129925321282935,-0.5938935531504228,-0.3975636921580728
4681,-1.129925321282935,-0.5938935531504228,-0.3975636921580728
4683,-1.129925321282935,-0.5938935531504228,-0.3975636921580728
4685,-1.1299015969638542,-0.5956860980360112,-0.39900075436730553
4687,-1.1299015969638542,-0.5956860980360112,-0.39900075436730553
4689,-1.1299015969638542,-0.5956860980360112,-0.39900075436730553
4691,-1.1299015969638542,-0.5956860980360112,-0.39900075436730553
4693,-1.1287060019167041,-0.6860220010261845,-0.47142198820520825
4695,-1.1287060019167041,-0.6860220010261845,-0.47142198820520825
4697,-1.1287060019167041,-0.6860220010261845,-0.47142198820520825
4699,-1.1287060019167041,-0.6860220010261845,-0.47142198820520825
4701,-1.1287060019167041,-0.6860220010261845,-0.47142198820520825
4703,-1.1287060019167041,-0.6860220010261845,-0.47142198820520825
4705,-1.1287060019167041,-0.6860220010261845,-0.47142198820520825
4707,-1.1287060019167041,-0.6860220010261845,-0.47142198820520825
4709,-1.1287060019167041,-0.6860220010261845,-0.47142198820520825
4711,-1.1287060019167041,-0.6860220010261845,-0.47142198820520825
4713,0.49671452768562674,-0.3542701884988611,-0.14342776596311196
4715,0.49671452768562674,-0.3542701884988611,-0.14342776596311196
4717,0.49671452768562674,-0.3542701884988611,-0.14342776596311196
4719,0.49671452768562674,-0.3542701884988611,-0.14342776596311196
4721,0.49671452768562674,-0.3542701884988611,-0.14342776596311196
4723,0.47292408075392955,-0.3607835611747642,-0.15093340627026927
4725,0.47292408075392955,-0.3607835611747642,-0.15093340627026927
4727,0.5493158087964,-0.4138192164372521,-0.15770422618527255
4729,0.5493158087964,-0.4138192164372521,-0.15770422618527255
4731,0.5493158087964,-0.4138192164372521,-0.15770422618527255
4733,0.5493158087964,-0.4138192164372521,-0.15770422618527255
4735,0.5493158087964,-0.4138192164372521,-0.15770422618527255
4737,0.524853140997037,-0.2299846166965622,-0.04328685410829782
4739,0.524853140997037,-0.2299846166965622,-0.04328685410829782
4741,0.46975291305497696,-0.24581489051976896,-0.06127178499427295
4743,0.524853140997037,-0.2299846166965622,-0.04328685410829782
4745,0.48255559678980436,-0.242138479189991,-0.057097645793371225
4747,0.4709004257869745,-0.2454854174864132,-0.06089777532222499
4749,0.4709004257869745,-0.2454854174864132,-0.06089777532222499
4751,0.4709004257869745,-0.2454854174864132,-0.06089777532222499
4753,0.4709004257869745,-0.2454854174864132,-0.06089777532222499
4755,0.46975291305497696,-0.24581489051976896,-0.06127178499427295
4757,0.46975291305497696,-0.24581489051976896,-0.06127178499427295
4759,0.46975291305497696,-0.24581489051976896,-0.06127178499427295
4761,0.46975291305497696,-0.24581489051976896,-0.06127178499427295
4763,0.46975291305497696,-0.24581489051976896,-0.06127178499427295
4765,0.3171787072705301,-0.19342033448047294,-0.11799733473605971
4767,0.4663295178328548,-0.24679775877592858,-0.06238743128751772
4769,0.31818887836525256,-0.19312198901779704,-0.11766922378573606
4771,0.31818887836525256,-0.19312198901779704,-0.11766922378573606
4773,0.31818887836525256,-0.19312198901779704,-0.11766922378573606
4775,0.31818887836525256,-0.19312198901779704,-0.11766922378573606
4777,0.31818887836525256,-0.19312198901779704,-0.11766922378573606
4779,0.31818887836525256,-0.19312198901779704,-0.11766922378573606
4781,0.3171787072705301,-0.19342033448047294,-0.11799733473605971
4783,0.3171787072705301,-0.19342033448047294,-0.11799733473605971
4785,0.3171787072705301,-0.19342033448047294,-0.11799733473605971
4787,0.3171787072705301,-0.19342033448047294,-0.11799733473605971
4789,0.3171787072705301,-0.19342033448047294,-0.11799733473605971
4793,0.5301191640659838,-1.2093914426735453,1.0429335985346966
4795,0.5773965466221481,-1.2305437675898732,1.0385029684187999
4797,0.5773965466221481,-1.2305437675898732,1.0385029684187999
4799,0.5700299254564499,-1.2229373325334496,1.0219918339364176
4801,0.5429348014721769,-1.2263646265893406,1.0962816836033793
4803,0.5429348014721769,-1.2263646265893406,1.0962816836033793
4805,0.5429348014721769,-1.2263646265893406,1.0962816836033793
4807,0.5429348014721769,-1.2263646265893406,1.0962816836033793
4809,0.5184477747802058,-1.2286356818995687,1.1573668208750238
4811,0.5184477747802058,-1.2286356818995687,1.1573668208750238
4813,0.5101338880641741,-0.9568871802401312,1.3671932674059906
4815,0.5101338880641741,-0.9568871802401312,1.3671932674059906
4817,0.5054661710300051,-0.9565999512093389,1.3594866166055881
4819,0.5312368468049805,-0.9451705839125079,1.3082263839988895
4821,0.527302827754366,-0.9449550147051672,1.3017571200235956
4823,0.527302827754366,-0.9449550147051672,1.3017571200235956
4825,0.5472913413207208,-0.9548949435135445,1.296885447095236
4827,0.5209837643654338,-0.9662190149099346,1.347284324841034
4829,1.2763312789371621,-1.3169343330161698,-0.674324583214667
4831,1.2763312789371621,-1.3169343330161698,-0.674324583214667
4833,1.2763312789371621,-1.3169343330161698,-0.674324583214667
4835,1.2763312789371621,-1.3169343330161698,-0.674324583214667
4837,1.2763312789371621,-1.3169343330161698,-0.674324583214667
4839,1.2763312789371621,-1.3169343330161698,-0.674324583214667
4841,1.2763312789371621,-1.3169343330161698,-0.674324583214667
4843,1.2763312789371621,-1.3169343330161698,-0.674324583214667
4845,1.2763312789371621,-1.3169343330161698,-0.674324583214667
4847,1.2763312789371621,-1.3169343330161698,-0.674324583214667
4849,1.2763312789371621,-1.3169343330161698,-0.674324583214667
4851,1.2763312789371621,-1.3169343330161698,-0.674324583214667
4853,1.2763312789371621,-1.3169343330161698,-0.674324583214667
4855,1.2763312789371621,-1.3169343330161698,-0.674324583214667
4857,1.2763312789371621,-1.3169343330161698,-0.674324583214667
4859,1.2763312789371621,-1.3169343330161698,-0.674324583214667
4861,1.2763312789371621,-1.3169343330161698,-0.674324583214667
4863,1.2763312789371621,-1.3169343330161698,-0.674324583214667
4865,1.2763312789371621,-1.3169343330161698,-0.674324583214667
4867,0.8013138134933037,-0.053993807775431765,0.5061300584709186
4869,0.7476224302485179,-0.16170071407523276,0.38386375387905464
4871,0.710614975622543,-0.18116393395116354,0.498724171644255
4873,0.710614975622543,-0.18116393395116354,0.498724171644255
4875,0.710614975622543,-0.18116393395116354,0.498724171644255
4877,1.0957064611338279,-0.43788282707833664,-0.450538187742646
4879,1.0957064611338279,-0.43788282707833664,-0.450538187742646
4881,1.0955848945784297,-0.4379091250586607,-0.45057777689096506
4883,1.0956033070784204,-0.4379048625614561,-0.45057220956655175
4885,1.0955307456938241,-0.43792594284761793,-0.4506016247878123
4887,1.095508482344899,-0.4377289163025078,-0.4504088587264465
4889,1.095516658554545,-0.43772702309072287,-0.4504063862863816
4891,1.095516658554545,-0.43772702309072287,-0.4504063862863816
4893,1.095516658554545,-0.43772702309072287,-0.4504063862863816
4895,1.095516658554545,-0.43772702309072287,-0.4504063862863816
4897,1.095516658554545,-0.43772702309072287,-0.4504063862863816
4899,1.095472597658189,-0.4377984516115031,-0.450466127484231
4901,1.095472597658189,-0.4377984516115031,-0.450466127484231
4903,1.095472597658189,-0.4377984516115031,-0.450466127484231
4905,1.095472597658189,-0.4377984516115031,-0.450466127484231
4907,1.0954099604950793,-0.43788639791160344,-0.45054074762124807
4909,1.0953061732634082,-0.4379067381204674,-0.45057778118513475
4911,1.095323535913756,-0.4362420746229087,-0.4517247424598627
4913,1.0953153844358439,-0.43624396161825074,-0.45172720665163296
4915,1.0953153844358439,-0.43624396161825074,-0.45172720665163296
4917,1.0953153844358439,-0.43624396161825074,-0.45172720665163296
4919,1.0953153844358439,-0.43624396161825074,-0.45172720665163296
4921,1.0961715145138913,-0.4361314760424212,-0.4512038284586665
4923,1.0961715145138913,-0.4361314760424212,-0.4512038284586665
4925,1.0961715145138913,-0.4361314760424212,-0.4512038284586665
4927,1.09600777415499,-0.43621799927068267,-0.451290272233275
4929,-0.34180540727235825,-0.7053479799523885,-0.2037089480695063
4931,-0.34180540727235825,-0.7053479799523885,-0.2037089480695063
4933,-0.34180540727235825,-0.7053479799523885,-0.2037089480695063
4935,-0.34180540727235825,-0.7053479799523885,-0.2037089480695063
4937,-0.34180540727235825,-0.7053479799523885,-0.2037089480695063
4939,-0.34410540066256845,-0.7051344339265117,-0.20548947001284903
4941,-0.34410540066256845,-0.7051344339265117,-0.20548947001284903
4943,-0.34410540066256845,-0.7051344339265117,-0.20548947001284903
4945,-0.34410540066256845,-0.7051344339265117,-0.20548947001284903
4947,-0.34410540066256845,-0.7051344339265117,-0.20548947001284903
4949,-0.34410540066256845,-0.7051344339265117,-0.20548947001284903
4951,-0.3488870954206079,-0.7046897487059222,-0.20917144293858173
4953,-0.34410540066256845,-0.7051344339265117,-0.20548947001284903
4955,-0.34410540066256845,-0.7051344339265117,-0.20548947001284903
4957,-0.3488870954206079,-0.7046897487059222,-0.20917144293858173
4959,-0.34717124610331185,-0.7048494281634489,-0.20785328096010106
4961,-0.34717124610331185,-0.7048494281634489,-0.20785328096010106
4963,-0.3488870954206079,-0.7046897487059222,-0.20917144293858173
4965,-0.34717124610331185,-0.7048494281634489,-0.20785328096010106
4967,-0.34717124610331185,-0.7048494281634489,-0.20785328096010106
4969,-0.34717124610331185,-0.7048494281634489,-0.20785328096010106
4971,-0.3488870954206079,-0.7046897487059222,-0.20917144293858173
4973,-0.34717124610331185,-0.7048494281634489,-0.20785328096010106
4975,-0.34410540066256845,-0.7051344339265117,-0.20548947001284903
4977,-0.34410540066256845,-0.7051344339265117,-0.20548947001284903
4979,-0.3488870954206079,-0.7046897487059222,-0.20917144293858173
4981,-0.34717124610331185,-0.7048494281634489,-0.20785328096010106
4983,-0.34410540066256845,-0.7051344339265117,-0.20548947001284903
4985,1.4093260221619957,-1.3635806400557764,-0.6801710909745939
4987,1.4093260221619957,-1.3635806400557764,-0.6801710909745939
4989,1.4093260221619957,-1.3635806400557764,-0.6801710909745939
4991,1.4093260221619957,-1.3635806400557764,-0.6801710909745939
4993,1.4093260221619957,-1.3635806400557764,-0.6801710909745939
4995,1.4093260221619957,-1.3635806400557764,-0.6801710909745939
4997,1.4093260221619957,-1.3635806400557764,-0.6801710909745939
4999,1.4093260221619957,-1.3635806400557764,-0.6801710909745939
5001,1.4093260221619957,-1.3635806400557764,-0.6801710909745939
5003,1.4093260221619957,-1.3635806400557764,-0.6801710909745939
5005,1.4093260221619957,-1.3635806400557764,-0.6801710909745939
5007,1.4093260221619957,-1.3635806400557764,-0.6801710909745939
5009,1.4093260221619957,-1.3635806400557764,-0.6801710909745939
5011,1.4093260221619957,-1.3635806400557764,-0.6801710909745939
5013,1.4093260221619957,-1.3635806400557764,-0.6801710909745939
5015,1.4093260221619957,-1.3635806400557764,-0.6801710909745939
5017,1.4093260221619957,-1.3635806400557764,-0.6801710909745939
5019,1.4093260221619957,-1.3635806400557764,-0.6801710909745939
5021,1.4093260221619957,-1.3635806400557764,-0.6801710909745939
5023,1.4093260221619957,-1.3635806400557764,-0.6801710909745939
5025,1.4093260221619957,-1.3635806400557764,-0.6801710909745939
5027,1.4093260221619957,-1.3635806400557764,-0.6801710909745939
5029,1.4093260221619957,-1.3635806400557764,-0.6801710909745939
5031,1.4093260221619957,-1.3635806400557764,-0.6801710909745939
5033,1.4093260221619957,-1.3635806400557764,-0.6801710909745939
5035,1.4093260221619957,-1.3635806400557764,-0.6801710909745939
5037,1.4093260221619957,-1.3635806400557764,-0.6801710909745939
5039,1.4093260221619957,-1.3635806400557764,-0.6801710909745939
5041,1.4093260221619957,-1.3635806400557764,-0.6801710909745939
5043,1.4093260221619957,-1.3635806400557764,-0.6801710909745939
5045,1.4093260221619957,-1.3635806400557764,-0.6801710909745939
5047,1.4093260221619957,-1.3635806400557764,-0.6801710909745939
5049,1.4093260221619957,-1.3635806400557764,-0.6801710909745939
5051,1.4093260221619957,-1.3635806400557764,-0.6801710909745939
5053,1.4093260221619957,-1.3635806400557764,-0.6801710909745939
5055,1.4093260221619957,-1.3635806400557764,-0.6801710909745939
5057,1.4093260221619957,-1.3635806400557764,-0.6801710909745939
5059,1.4093260221619957,-1.3635806400557764,-0.6801710909745939
5061,1.4093260221619957,-1.3635806400557764,-0.6801710909745939
5063,1.4093260221619957,-1.3635806400557764,-0.6801710909745939
5065,1.4093260221619957,-1.3635806400557764,-0.6801710909745939
5067,1.4093260221619957,-1.3635806400557764,-0.6801710909745939
5069,1.4093260221619957,-1.3635806400557764,-0.6801710909745939
5071,1.4093260221619957,-1.3635806400557764,-0.6801710909745939
5073,1.4093260221619957,-1.3635806400557764,-0.6801710909745939
5075,1.4093260221619957,-1.3635806400557764,-0.6801710909745939
5077,1.4093260221619957,-1.3635806400557764,-0.6801710909745939
5079,1.4093260221619957,-1.3635806400557764,-0.6801710909745939
5081,1.4093260221619957,-1.3635806400557764,-0.6801710909745939
5083,1.4093260221619957,-1.3635806400557764,-0.6801710909745939
5085,1.4093260221619957,-1.3635806400557764,-0.6801710909745939
5087,1.4093260221619957,-1.3635806400557764,-0.6801710909745939
5089,1.4093260221619957,-1.3635806400557764,-0.6801710909745939
5091,1.4093260221619957,-1.3635806400557764,-0.6801710909745939
5093,1.4093260221619957,-1.3635806400557764,-0.6801710909745939
5095,1.4093260221619957,-1.3635806400557764,-0.6801710909745939
5097,1.4093260221619957,-1.3635806400557764,-0.6801710909745939
5099,0.7713303251277163,-0.7803500039379457,-0.696589526908042
5101,0.7676802609563048,-0.7853113376662924,-0.702810866265368
5103,0.7707744070316948,-0.772855962328988,-0.7031079965993362
5105,0.7678402821108793,-0.7855507071834196,-0.7026218377516541
5107,0.7709927126767594,-0.7729610014454926,-0.7030143745144076
5109,0.7680601420565223,-0.7856589102950188,-0.702530376526102
5111,0.7682201426785347,-0.7857650191999442,-0.7024428998594863
5113,0.7679002107276224,-0.7855528787823655,-0.7026177559381006
5115,0.7685804297856149,-0.785945397927423,-0.7022904980157203
5117,0.768600460768449,-0.7859461173139584,-0.7022891281110619
5119,0.7709927126767594,-0.7729610014454926,-0.7030143745144076
5121,0.7709240820691798,-0.7717402933164459,-0.6951178965322148
5123,0.7704640677045198,-0.771467999739997,-0.6951373849426998
5125,0.7707268868666184,-0.7675449328376812,-0.6980217521327806
5127,0.7704688007184137,-0.7717315995314782,-0.6951552140342314
5129,0.7707268868666184,-0.7675449328376812,-0.6980217521327806
5131,0.7701931426204002,-0.7675346450531191,-0.6980654273590613
5133,0.7707268868666184,-0.7675449328376812,-0.6980217521327806
5135,0.7707505017853962,-0.7684298243695435,-0.6984460754337135
5137,0.7707505017853962,-0.7684298243695435,-0.6984460754337135
5139,0.7707505017853962,-0.7684298243695435,-0.6984460754337135
5141,0.7700649423908602,-0.7682860864318206,-0.6986047012768766
5143,0.7665060662078976,-0.7651547877173219,-0.7028772485429254
5145,0.770671933586712,-0.7684282434910726,-0.6984524517696576
5147,0.770671933586712,-0.7684282434910726,-0.6984524517696576
5149,0.7706323307068826,-0.7684599351748983,-0.6984298785431775
5151,0.7761312366046126,-0.784123531491926,-0.6976350861597905
5153,0.7761705800665888,-0.784092047403826,-0.6976575115208131
5155,0.7761312366046126,-0.784123531491926,-0.6976350861597905
5157,0.7761312366046126,-0.784123531491926,-0.6976350861597905
5159,0.7699793315785548,-0.7683981590727894,-0.6986332970361793
5161,0.7694307963076612,-0.7684193476722256,-0.698651893792017
5163,0.7699597434674313,-0.7683977582288836,-0.6986348811767338
5165,0.7691426887385974,-0.764753962335672,-0.7018261975945911
5167,0.7691426887385974,-0.764753962335672,-0.7018261975945911
5169,0.7646362730367554,-0.7643923495151318,-0.7030467962697726
5171,0.7685240070862441,-0.7597827290672429,-0.7044089670754863
5173,0.7694307963076612,-0.7684193476722256,-0.698651893792017
5175,0.7691426887385974,-0.764753962335672,-0.7018261975945911
5177,0.7693498326313114,-0.7603016431767582,-0.7045013669895913
5179,0.7687661811212488,-0.7659260937668352,-0.7024579937753926
5181,0.7687667516531117,-0.765893965361509,-0.7024832943524103
5183,0.7680890546347533,-0.7659252646570504,-0.7026082770047084
5185,0.768612856547703,-0.7658904550578565,-0.7024954509704867
5187,0.768612856547703,-0.7658904550578565,-0.7024954509704867
5189,0.7669820806512478,-0.7653263297509365,-0.7027134056891563
5191,0.8515453155197585,-0.4237022676164843,-0.1488272382156094
5193,0.8515453155197585,-0.4237022676164843,-0.1488272382156094
5195,0.8515453155197585,-0.4237022676164843,-0.1488272382156094
5197,0.8515453155197585,-0.4237022676164843,-0.1488272382156094
5199,0.9992484749175604,-0.7094422215213138,0.9615403874125205
5201,0.8354328603537755,-0.5981179651975216,1.0779746238120187
5203,0.9992484749175604,-0.7094422215213138,0.9615403874125205
5205,0.9992484749175604,-0.7094422215213138,0.9615403874125205
5207,0.9992484749175604,-0.7094422215213138,0.9615403874125205
5209,0.9992484749175604,-0.7094422215213138,0.9615403874125205
5211,0.9992484749175604,-0.7094422215213138,0.9615403874125205
5213,0.9992484749175604,-0.7094422215213138,0.9615403874125205
5215,0.9992484749175604,-0.7094422215213138,0.9615403874125205
5217,0.9992484749175604,-0.7094422215213138,0.9615403874125205
5219,0.9992484749175604,-0.7094422215213138,0.9615403874125205
5221,0.9992484749175604,-0.7094422215213138,0.9615403874125205
5223,0.9992484749175604,-0.7094422215213138,0.9615403874125205
5225,0.9992484749175604,-0.7094422215213138,0.9615403874125205
5227,0.9992484749175604,-0.7094422215213138,0.9615403874125205
5229,0.9992484749175604,-0.7094422215213138,0.9615403874125205
5231,0.9992484749175604,-0.7094422215213138,0.9615403874125205
5233,0.9992484749175604,-0.7094422215213138,0.9615403874125205
5235,0.9992484749175604,-0.7094422215213138,0.9615403874125205
5237,0.9992484749175604,-0.7094422215213138,0.9615403874125205
5239,0.9992484749175604,-0.7094422215213138,0.9615403874125205
5241,0.9992484749175604,-0.7094422215213138,0.9615403874125205
5243,0.9992484749175604,-0.7094422215213138,0.9615403874125205
5245,0.9992484749175604,-0.7094422215213138,0.9615403874125205
5247,0.9992484749175604,-0.7094422215213138,0.9615403874125205
5249,0.9992484749175604,-0.7094422215213138,0.9615403874125205
5251,0.9992484749175604,-0.7094422215213138,0.9615403874125205
5253,0.9992484749175604,-0.7094422215213138,0.9615403874125205
5255,0.9992484749175604,-0.7094422215213138,0.9615403874125205
5257,0.9992484749175604,-0.7094422215213138,0.9615403874125205
5259,0.9992484749175604,-0.7094422215213138,0.9615403874125205
5261,0.9992484749175604,-0.7094422215213138,0.9615403874125205
5263,0.9992484749175604,-0.7094422215213138,0.9615403874125205
5265,0.9992484749175604,-0.7094422215213138,0.9615403874125205
5267,0.9992484749175604,-0.7094422215213138,0.9615403874125205
5269,0.9992484749175604,-0.7094422215213138,0.9615403874125205
5271,0.9992484749175604,-0.7094422215213138,0.9615403874125205
5273,0.9992484749175604,-0.7094422215213138,0.9615403874125205
5275,0.9992484749175604,-0.7094422215213138,0.9615403874125205
5277,0.9992484749175604,-0.7094422215213138,0.9615403874125205
5279,0.9992484749175604,-0.7094422215213138,0.9615403874125205
5375,-1.1065812664076429,-0.26620940039290986,0.1952555331022771
5377,0.6327158247932895,0.8906132994138511,-0.2825129451721224
5379,0.6296644016469761,0.8859429392658954,-0.2835822696151795
5381,0.62982432496867,0.8861781468520027,-0.28353816080626204
5383,0.6298510397669934,0.886128030915997,-0.28364357072753926
5385,0.6298510397669934,0.886128030915997,-0.28364357072753926
5387,0.6346230805631676,0.8834571599549069,-0.28325642417538704
5389,0.6345698768967636,0.8833789621749473,-0.28327108260954287
5391,0.6345698768967636,0.8833789621749473,-0.28327108260954287
5393,0.6345698768967636,0.8833789621749473,-0.28327108260954287
5395,0.6356648657972628,0.8852551764042698,-0.2826329672248232
5397,0.6306095804241831,0.8867350064292686,-0.28522657090817255
5399,0.6280283074956059,0.8805455254651904,-0.28083363004044476
5401,0.6270783024366993,0.8791506111161375,-0.28109452424839276
5403,0.6269201939792549,0.8789185135270482,-0.2811379154999475
5405,0.6417460579659647,0.824102271439453,-0.3771446068182998
5407,0.6418372984130756,0.8251806655475299,-0.3763947603657685
5409,0.6417460579659647,0.824102271439453,-0.3771446068182998
5411,0.64216019271141,0.8247132368480884,-0.3771137905087841
5413,0.6412684305983182,0.8243415474738872,-0.37643715242973774
5415,0.6441731743380906,0.8286287549892342,-0.37622113717656097
5417,0.6448803394349568,0.8280152676174503,-0.37623409243943606
5419,0.6476059522030494,0.8062517325231827,-0.3709723139382945
5421,0.6466297657913238,0.8091475163522065,-0.37241408516591906
5423,0.6477340646651055,0.8063542528363297,-0.3710453366990987
5425,0.6478266186904055,0.8041756747043303,-0.3704387347886001
5427,0.6466953915202301,0.8025237551450229,-0.37052658845462455
5429,0.6544908724410456,0.559864102400096,-0.4835085338353019
5431,0.7101058302239941,0.5103545667544275,-0.39496753520775774
5433,0.6656203958779944,0.543954293844315,-0.39927508620896374
5435,0.7274244798605749,0.5046525321262242,-0.3858431118298109
5437,0.7272755541084311,0.5044531264828146,-0.3858829460498025
5439,0.7272755541084311,0.5044531264828146,-0.3858829460498025
5441,0.7272755541084311,0.5044531264828146,-0.3858829460498025
5443,0.7214942162415084,0.49319436319386073,-0.3851717289478843
5445,0.7218856811263442,0.49371667024090005,-0.385067706284815
5447,0.7218856811263442,0.49371667024090005,-0.385067706284815
5449,0.6172546586504881,0.36058438527144016,-0.40336994188497377
5451,0.6172546586504881,0.36058438527144016,-0.40336994188497377
5453,0.6172546586504881,0.36058438527144016,-0.40336994188497377
5455,0.6172546586504881,0.36058438527144016,-0.40336994188497377
5457,0.6172546586504881,0.36058438527144016,-0.40336994188497377
5459,0.6172546586504881,0.36058438527144016,-0.40336994188497377
5461,0.6182791512703979,0.3645990306891889,-0.3995178713993417
5463,-0.9904991097564615,-0.4765037343444374,-0.31109672239909486
5465,-0.9904991097564615,-0.4765037343444374,-0.31109672239909486
5467,-0.9905790276411107,-0.4766197818588895,-0.31118816627877727
5469,-0.990588423604052,-0.4766334258227744,-0.31119891733401767
5471,-1.0042392355483574,-0.49651022334602557,-0.3268156950985046
5473,-1.00422019625452,-0.4964824210689266,-0.32679391481618375
5475,-1.004265880692319,-0.496549132515358,-0.32684617621466067
5477,-1.004265880692319,-0.496549132515358,-0.32684617621466067
5479,-1.2065672403777061,0.368322088318035,1.4956748730850369
5481,-1.2280494677008866,0.6461073723491736,1.9582231217517068
5483,-1.2247626177888953,0.6064142026910487,1.8900515919125982
5485,-1.2198285960299506,0.5466555909185636,1.7870754479423274
5487,-1.2198285960299506,0.5466555909185636,1.7870754479423274
5489,0.9733849928910326,1.2935358442283607,-0.28114604401828563
5491,0.973152593653905,1.295145595265251,-0.28157974538657565
5493,0.973152593653905,1.295145595265251,-0.28157974538657565
5495,0.9731650007288073,1.2951646942319863,-0.2815738671911728
5497,0.9735273163642932,1.2953187689211685,-0.28129072428709434
5499,0.9734501194437973,1.295222836362422,-0.28137332684737076
5501,0.9734848382727893,1.2952762776581905,-0.28135688346864296
5503,0.9268852751199029,0.9567633749447274,-0.14859572635396964
5505,0.9269029459305681,0.956789751234997,-0.14858716509923364
5507,0.9269630326424397,0.9568794407284275,-0.1485580522922809
5509,0.9269630326424397,0.9568794407284275,-0.1485580522922809
5511,0.9271482487169687,0.9567021696440957,-0.1490604794084768
5513,0.9270054523347209,0.956942760364957,-0.14853749784929712
5515,0.9283961620638095,0.9465827856857533,-0.1471083136712146
5517,0.3036295053822432,-0.7830640284744624,-0.047879706479122285
5519,0.3029703132811201,-0.7831294004318348,-0.04839681004319646
5521,-1.0040281163489428,0.9371974690087399,-0.03852293078267544
5523,0.6902890085409614,0.18954219728273955,0.1878891446927386
5525,0.6902890085409614,0.18954219728273955,0.1878891446927386
5527,0.6895764426820531,0.17767715268379447,0.18076353340854479
5529,0.6998308652083118,0.17126266713159774,0.17932641183423134
5531,0.7931870498762611,-0.6005778841845635,-0.5852264552704549
5533,0.79308935674022,-0.6006439364275087,-0.5852720501622583
5535,0.7932162478275695,-0.6006657750919433,-0.5852760236663931
5537,0.7931966843846665,-0.6006333415992637,-0.5852389855844361
5539,0.8015856849244998,-0.6039739037085673,-0.5875870763979582
5541,0.7931966843846665,-0.6006333415992637,-0.5852389855844361
5543,0.7931727358035914,-0.6005792975939591,-0.5852308657846325
5545,0.7931727358035914,-0.6005792975939591,-0.5852308657846325
5547,-1.1287060019167041,-0.6860220010261845,-0.47142198820520825
5549,-1.1287060019167041,-0.6860220010261845,-0.47142198820520825
5551,-1.1287060019167041,-0.6860220010261845,-0.47142198820520825
5553,-1.1287060019167041,-0.6860220010261845,-0.47142198820520825
5555,-1.1287060019167041,-0.6860220010261845,-0.47142198820520825
5557,-1.1287060019167041,-0.6860220010261845,-0.47142198820520825
5559,-1.1287060019167041,-0.6860220010261845,-0.47142198820520825
5561,-1.1287060019167041,-0.6860220010261845,-0.47142198820520825
5563,-1.1287060019167041,-0.6860220010261845,-0.47142198820520825
5565,-1.1287060019167041,-0.6860220010261845,-0.47142198820520825
5615,0.7812141744879928,1.4893367716657488,0.12963906769788505
5617,0.7812141744879928,1.4893367716657488,0.12963906769788505
5619,0.7812731855756432,1.4885069855845006,0.12982624988536193
5621,0.7812805049015126,1.4885173989791969,0.12919266645734992
5623,0.7812805049015126,1.4885173989791969,0.12919266645734992
5625,0.7812805049015126,1.4885173989791969,0.12919266645734992
5627,0.7812805049015126,1.4885173989791969,0.12919266645734992
5629,0.7812805049015126,1.4885173989791969,0.12919266645734992
5631,0.7812805049015126,1.4885173989791969,0.12919266645734992
5633,0.7812805049015126,1.4885173989791969,0.12919266645734992
5635,0.7812805049015126,1.4885173989791969,0.12919266645734992
5637,0.7812805049015126,1.4885173989791969,0.12919266645734992
5639,-1.0089687023895457,1.02763943337805,0.6130672988938334
5641,0.7157505200481652,1.3303559860659147,-0.1464362249128028
5643,0.7157505200481652,1.3303559860659147,-0.1464362249128028
5645,0.7157505200481652,1.3303559860659147,-0.1464362249128028
5647,0.7157505200481652,1.3303559860659147,-0.1464362249128028
5649,0.7157505200481652,1.3303559860659147,-0.1464362249128028
5651,0.7156494863329996,1.3301913626529966,-0.14648742034693113
5653,0.7223527697020775,1.3295964234146995,-0.13505986780239776
5655,0.7156494863329996,1.3301913626529966,-0.14648742034693113
5657,0.7223527697020775,1.3295964234146995,-0.13505986780239776
5659,0.7157505200481652,1.3303559860659147,-0.1464362249128028
5661,0.7158423920605723,1.3305056837248628,-0.14638966459306438
5663,0.7156494863329996,1.3301913626529966,-0.14648742034693113
5665,0.7156494863329996,1.3301913626529966,-0.14648742034693113
5667,0.7138133439265688,1.3295114150103557,-0.1480175546530168
5669,0.7138133439265688,1.3295114150103557,-0.1480175546530168
5671,0.7138133439265688,1.3295114150103557,-0.1480175546530168
5673,0.7138133439265688,1.3295114150103557,-0.1480175546530168
5675,0.7138133439265688,1.3295114150103557,-0.1480175546530168
5677,0.7138133439265688,1.3295114150103557,-0.1480175546530168
5679,0.7138133439265688,1.3295114150103557,-0.1480175546530168
5681,0.7138133439265688,1.3295114150103557,-0.1480175546530168
5683,0.7138133439265688,1.3295114150103557,-0.1480175546530168
5685,0.7138133439265688,1.3295114150103557,-0.1480175546530168
5687,0.7138133439265688,1.3295114150103557,-0.1480175546530168
5689,0.7138133439265688,1.3295114150103557,-0.1480175546530168
5691,0.7138133439265688,1.3295114150103557,-0.1480175546530168
5693,0.7138133439265688,1.3295114150103557,-0.1480175546530168
5695,0.6350496003804502,-0.6604742572025225,-0.7959303734068168
5697,0.6375987742221022,-0.6618738008175488,-0.7962516051942781
5699,0.6403414845536148,-0.6649161302968661,-0.7974595402469046
5701,0.6400183302113579,-0.6647683694210867,-0.7975496817611899
5703,0.6400183302113579,-0.6647683694210867,-0.7975496817611899
5705,0.6400183302113579,-0.6647683694210867,-0.7975496817611899
5707,0.6396426159603138,-0.6628147865310327,-0.7988090252304623
5709,0.6396426159603138,-0.6628147865310327,-0.7988090252304623
5711,0.6395801680329923,-0.6645208721481276,-0.7977035930416236
5713,0.6381610034114533,-0.663920392042075,-0.7980654000564793
5715,0.6380410761935617,-0.663910083727935,-0.7980686622882331
5717,0.6381802910081255,-0.6640300747919347,-0.7980514743280684
5719,0.6370619760026754,-0.6602606580503871,-0.8006428191023415
5721,0.6328149334672258,-0.6581530010915638,-0.8008594920753365
5723,0.6330002566531319,-0.6582990325509686,-0.8007074166206278
5725,0.6339452374123192,-0.6540050244451199,-0.798895778935703
5727,0.6339452374123192,-0.6540050244451199,-0.798895778935703
5729,0.6337108107553561,-0.6539860966220301,-0.7989031220445779
5731,0.6337108107553561,-0.6539860966220301,-0.7989031220445779
5733,0.6339920092092839,-0.6542732653022483,-0.7988967721484677
5735,0.6339920092092839,-0.6542732653022483,-0.7988967721484677
5737,0.6339920092092839,-0.6542732653022483,-0.7988967721484677
5739,0.6339920092092839,-0.6542732653022483,-0.7988967721484677
5741,0.6339920092092839,-0.6542732653022483,-0.7988967721484677
5743,0.6339920092092839,-0.6542732653022483,-0.7988967721484677
5745,0.6339920092092839,-0.6542732653022483,-0.7988967721484677
5747,0.6340332294925682,-0.6559327145180126,-0.7977033417659876
5749,0.6356302188136654,-0.6582910231382815,-0.7978222156023758
5751,0.6355819606117101,-0.6582579876595709,-0.7978434750647277
5753,0.6352706426321268,-0.6582615398371031,-0.7978331430632544
5755,0.6346266978976869,-0.6557003394688654,-0.8002733988610315
5757,0.6346266978976869,-0.6557003394688654,-0.8002733988610315
5759,-1.223420995105413,1.9043237634045742,-0.0913678526031728
5761,-1.0407885393963539,2.7847169882010565,-0.5291277885902305
5763,-1.0407885393963539,2.7847169882010565,-0.5291277885902305
5765,-1.0731920813214135,0.19119684146697,-0.3202918793803996
5767,-1.0731920813214135,0.19119684146697,-0.3202918793803996
5769,-1.0731920813214135,0.19119684146697,-0.3202918793803996
5771,-1.0731920813214135,0.19119684146697,-0.3202918793803996
5773,-1.0731920813214135,0.19119684146697,-0.3202918793803996
5775,-1.0731920813214135,0.19119684146697,-0.3202918793803996
5777,-1.07363952385363,0.18661820824173012,-0.32075399635244667
5779,-1.07363952385363,0.18661820824173012,-0.32075399635244667
5781,-1.07363952385363,0.18661820824173012,-0.32075399635244667
5783,-1.07363952385363,0.18661820824173012,-0.32075399635244667
5785,-1.0738136814970605,0.18483100565553742,-0.3209348547052139
5787,-1.0738136814970605,0.18483100565553742,-0.3209348547052139
5789,-1.0759033579524857,0.16316062386619787,-0.3231496534535027
5791,-1.0738136814970605,0.18483100565553742,-0.3209348547052139
5793,-1.0759010494632235,0.16318479794625543,-0.3231471598652611
5795,-1.0759033579524857,0.16316062386619787,-0.3231496534535027
5797,-1.0759033579524857,0.16316062386619787,-0.3231496534535027
5799,-1.0759033579524857,0.16316062386619787,-0.3231496534535027
5801,-1.0759033579524857,0.16316062386619787,-0.3231496534535027
5803,-1.0759033579524857,0.16316062386619787,-0.3231496534535027
5805,-1.0759033579524857,0.16316062386619787,-0.3231496534535027
5807,-1.0759033579524857,0.16316062386619787,-0.3231496534535027
5809,-1.0759033579524857,0.16316062386619787,-0.3231496534535027
5811,-1.0759033579524857,0.16316062386619787,-0.3231496534535027
5813,-1.0759010494632235,0.16318479794625543,-0.3231471598652611
5815,-1.0759010494632235,0.16318479794625543,-0.3231471598652611
5817,-1.0759010494632235,0.16318479794625543,-0.3231471598652611
5819,-1.0759010494632235,0.16318479794625543,-0.3231471598652611
5821,-1.0759010494632235,0.16318479794625543,-0.3231471598652611
5823,-1.0759010494632235,0.16318479794625543,-0.3231471598652611
5825,-1.0759010494632235,0.16318479794625543,-0.3231471598652611
5827,-1.0759010494632235,0.16318479794625543,-0.3231471598652611
5829,-1.0759010494632235,0.16318479794625543,-0.3231471598652611
5831,-1.0759010494632235,0.16318479794625543,-0.3231471598652611
5833,-1.0759010494632235,0.16318479794625543,-0.3231471598652611
5835,-1.0759010494632235,0.16318479794625543,-0.3231471598652611
5837,-1.0759010494632235,0.16318479794625543,-0.3231471598652611
5839,-1.0759010494632235,0.16318479794625543,-0.3231471598652611
5841,-1.0759010494632235,0.16318479794625543,-0.3231471598652611
5843,-1.0759010494632235,0.16318479794625543,-0.3231471598652611
5845,-1.0759010494632235,0.16318479794625543,-0.3231471598652611
5847,-1.0759010494632235,0.16318479794625543,-0.3231471598652611
5849,-1.0759010494632235,0.16318479794625543,-0.3231471598652611
5851,-1.0759010494632235,0.16318479794625543,-0.3231471598652611
5853,-1.075996687294636,0.16218285377592753,-0.3232505553765339
5855,-1.075996687294636,0.16218285377592753,-0.3232505553765339
5857,-1.075996687294636,0.16218285377592753,-0.3232505553765339
5859,-1.075996687294636,0.16218285377592753,-0.3232505553765339
5861,-1.075996687294636,0.16218285377592753,-0.3232505553765339
5863,-1.075996687294636,0.16218285377592753,-0.3232505553765339
5865,-1.0760018628628312,0.1621286063684797,-0.32325615598623275
5867,-1.075996687294636,0.16218285377592753,-0.3232505553765339
5869,-1.0760018628628312,0.1621286063684797,-0.32325615598623275
5871,-1.0760018628628312,0.1621286063684797,-0.32325615598623275
5873,-1.075996687294636,0.16218285377592753,-0.3232505553765339
5875,-1.0760018628628312,0.1621286063684797,-0.32325615598623275
5877,-1.0123977651890868,-0.5539333040580062,-0.2980824361881845
5879,-1.01233856631523,-0.5538840978000843,-0.2980072730846172
5881,-1.0124273419208383,-0.5539578928598625,-0.29811999195013883
5883,-1.0124273419208383,-0.5539578928598625,-0.29811999195013883
5885,-1.0124273419208383,-0.5539578928598625,-0.29811999195013883
5887,-1.0124273419208383,-0.5539578928598625,-0.29811999195013883
5889,-1.0124273419208383,-0.5539578928598625,-0.29811999195013883
5891,-1.0124273419208383,-0.5539578928598625,-0.29811999195013883
5893,-1.0128985210440205,-0.5543500196827948,-0.29871855646418
5965,0.33242113832243514,-0.7220858545789662,-0.4229471438546185
5967,0.33242113832243514,-0.7220858545789662,-0.4229471438546185
5969,0.33242113832243514,-0.7220858545789662,-0.4229471438546185
5971,0.33242113832243514,-0.7220858545789662,-0.4229471438546185
5973,0.3279980760970728,-0.7226884594859497,-0.42385339461671656
5975,0.3279980760970728,-0.7226884594859497,-0.42385339461671656
5977,0.3279980760970728,-0.7226884594859497,-0.42385339461671656
5979,0.32449420400960166,-0.7231623921827828,-0.42456837525651203
5981,0.32449420400960166,-0.7231623921827828,-0.42456837525651203
5983,0.32449420400960166,-0.7231623921827828,-0.42456837525651203
5985,0.32449420400960166,-0.7231623921827828,-0.42456837525651203
5987,0.3211934879520969,-0.7236060549963963,-0.4252395189086912
5989,0.3211934879520969,-0.7236060549963963,-0.4252395189086912
5991,0.3211934879520969,-0.7236060549963963,-0.4252395189086912
5993,0.31963937409575743,-0.7238140099755888,-0.42555471880808415
5995,0.31963937409575743,-0.7238140099755888,-0.42555471880808415
5997,0.3220594808686227,-0.7234899157902288,-0.42506365823578796
5999,0.3220594808686227,-0.7234899157902288,-0.42506365823578796
6001,0.3211934879520969,-0.7236060549963963,-0.4252395189086912
6003,0.31963937409575743,-0.7238140099755888,-0.42555471880808415
6005,0.31963937409575743,-0.7238140099755888,-0.42555471880808415
6007,0.2929677089353554,-0.72728831655228,-0.4308833274621471
6009,0.2771552294200097,-0.7292626435196452,-0.43396932309507635
6011,0.2771552294200097,-0.7292626435196452,-0.43396932309507635
6013,0.27777588447390866,-0.7291863616710013,-0.4338492335592492
6015,0.27777588447390866,-0.7291863616710013,-0.4338492335592492
6017,0.27777588447390866,-0.7291863616710013,-0.4338492335592492
6019,0.23196753297023254,-0.7073110269965762,-0.4206125345496171
6021,0.23196753297023254,-0.7073110269965762,-0.4206125345496171
6023,0.23566652394576965,-0.7341340211547346,-0.44180133743344113
6025,0.23566652394576965,-0.7341340211547346,-0.44180133743344113
6027,0.23566652394576965,-0.7341340211547346,-0.44180133743344113
6029,0.23566652394576965,-0.7341340211547346,-0.44180133743344113
6237,-1.1287060019167041,-0.6860220010261845,-0.47142198820520825
6239,-1.1287060019167041,-0.6860220010261845,-0.47142198820520825
6249,-1.1287060019167041,-0.6860220010261845,-0.47142198820520825
6257,-1.1287060019167041,-0.6860220010261845,-0.47142198820520825
6281,-1.1287060019167041,-0.6860220010261845,-0.47142198820520825
6285,-1.1287060019167041,-0.6860220010261845,-0.47142198820520825
6359,-1.1287060019167041,-0.6860220010261845,-0.47142198820520825
6361,-1.1287060019167041,-0.6860220010261845,-0.47142198820520825
6363,-1.1287060019167041,-0.6860220010261845,-0.47142198820520825
6365,-1.1287060019167041,-0.6860220010261845,-0.47142198820520825
6367,-1.1287060019167041,-0.6860220010261845,-0.47142198820520825
6369,-1.1287060019167041,-0.6860220010261845,-0.47142198820520825
6371,-1.1287060019167041,-0.6860220010261845,-0.47142198820520825
6373,-1.0547997460503802,1.2214745127172377,-0.14687856902234075
6377,-1.1728446073846845,0.3308724019496271,-0.10360872485135983
6379,-1.1413356823469645,0.2682422282079778,0.29360045138927604
6383,-0.9436383963209241,1.6536692174575063,-0.5457375779797997
6385,-0.9804719439615992,1.1880062631924648,-0.5309467300213189
6389,1.3449006231656333,-0.6954196302212929,-0.2488710827394382
6391,1.3449006231656333,-0.6954196302212929,-0.2488710827394382
6411,1.4601467270164257,-0.5843788411263316,-0.4099560666874522
6413,1.463097814440208,-0.7575695768424446,-0.23605052379888847
6419,1.351781697515312,-0.7251594958969462,-0.27463832543602
6461,1.3700791921752948,-0.6820758435396321,-0.23759041112358426
6469,1.3669302170806774,-0.6908927851425644,-0.24559664476895615
6471,1.3694328603621626,-0.690268433739575,-0.24484336003344637
6477,-1.2079619779151247,0.644515572845107,-0.3037588114662089
6479,-1.2042048485381998,0.5846534802782574,-0.3085118710086267
6485,-0.7476009274986511,0.743857655578712,-0.3645529243215606
6501,-0.8990664247865431,0.4279774248610732,0.1286834528634201
6551,0.21130787991063607,-0.5420810851926422,2.997531109581045
6639,1.0757701133234918,-0.7599795999347779,-0.2810986352667383
6641,0.45463281621146673,-0.17083754162363876,-0.22783029616672126
6643,0.4197466488990312,-0.5158706649217445,-0.023295587251208567
6645,0.6314634026540304,-0.29180857212655437,-0.09928184039588923
6647,1.2333440268452145,-0.4177676650668582,-0.3516676052320216
6649,0.437037296518458,-0.36832052150489947,-0.2999660301456507
6651,0.47467783012635767,-0.38499947285500025,-0.3011722191586044
6653,0.9355677268303937,-0.43361908771934093,-0.43282244987751806
6655,0.9504217598833473,-0.6471755426783107,-0.1196636473804325
6657,0.6481640292050818,-0.2918993063334174,-0.09051134795589336
6659,1.0353976603147486,-0.4241152265175926,-0.3094526615409959
6661,0.6860855685397119,-0.28832286849927985,-0.25327595737413555
6663,1.2860390224627816,-0.7853786639149563,-0.23609408027128614
6665,1.0496819703818403,-0.4349204146787996,-0.3094359104081567
6667,0.8756334954900324,-0.5483150989288719,-0.0405613779041001
6669,0.47376867585017113,-0.3852217885220308,-0.3014531777291447
6671,0.8421005366230057,-0.550123038516449,-0.4127262957901775
6673,0.5471990532138344,-0.9852102056606667,-0.6770011483444169
6675,1.2632208920680787,-1.2651356894116612,-0.6953201741862816
6677,1.2520499095751636,-0.7866847145125735,-0.3229995560061638
6679,1.04445476231813,-0.4550903998603191,-0.11059036686324002
6681,0.968026988504777,-0.40260491394320974,-0.08148014275381939
6685,0.8972995638385319,-0.0008704651236233765,-0.24227674957044365
6687,0.8988548938573641,-0.007301536805923578,-0.24196781286981744
6713,0.7730757896554356,-0.5587657198888464,-0.4339961602061463
6731,-1.1390632063231083,-0.05510453516274693,2.470572408315786
6733,-1.1401190406815482,0.04894341323355394,2.16405324903765
6737,-1.1403038468024904,0.09456107114110715,1.6920945503720537
6747,-1.141368613223682,0.2707303954947508,0.29559518591827955
6761,-1.141368613223682,0.2707303954947508,0.29559518591827955
6763,0.877418946326172,-0.285762711197821,-0.3834999077469224
6767,0.5092865542654613,-0.959286379563059,-0.6811051646616636
6769,1.1388278746373173,-0.780304198808936,-0.35649016274684864
6771,0.8799831036757286,-1.0476177005616123,-0.7164528839193178
6773,1.1888663654170692,-0.7959346262346355,-0.33371233290771063
6797,-1.1338505552746911,-0.29731357154359433,-0.15979899962020805
6813,-1.312220907720479,2.184825799544979,-0.292063051563326
6821,-1.141186680751783,0.2569840738021248,0.28457492105392135
6823,0.9158244186550673,-1.1078088482239572,-0.6962646460691151
6829,1.0069628120081653,-1.1496504244090462,-0.695757564593605
6833,1.0899163908701484,-1.198869329157217,-0.6902070154410287
6835,1.0568618783522115,-1.16370641095691,-0.6995258486775321
6837,1.3022208768500054,-1.28695281072489,-0.6933151693841472
6839,1.6525221506479428,-0.3782988067819185,-0.33543808354661164
6841,1.6403460577221618,-0.3897112190800039,-0.33923214136679597
6843,1.0568618783522115,-1.16370641095691,-0.6995258486775321
6845,1.015679703208304,-0.824782621497883,0.5609229069670987
6847,1.3705523870045788,-0.8388637154432679,-0.2668858192519459
6849,1.417686732041262,-0.5703365993704848,-0.4189022494535768
6851,1.6325871375873588,-0.3950484462740852,-0.34282700196122784
6853,1.5444843018617507,-0.8114226924268375,-0.17454422177180112
6855,0.647021375493373,-0.9747724605191971,-0.702161003436656
6857,1.0584946553543713,-0.8361031877295638,-0.4337842726024816
6859,1.6271833355227163,-0.39827033562674596,-0.3433832047088754
6863,1.5328556157007687,-0.8116364718172138,-0.18251264607733558
6865,1.291529203737928,-1.2843630549403433,-0.6923149043106144
6867,1.3316318888170768,-0.9319761761540458,-0.36993161874833896
6869,1.3609707247344753,-0.9463093205503095,-0.3683149833850389
6871,1.1213305120990882,-0.7864714574793495,-0.3370992765648064
6873,1.0544427817909412,-0.778734848090765,-0.3779991976693062
6875,1.532108119390927,-0.8118247316329491,-0.1851795692144073
6877,1.3279401336668373,-0.9371551469033367,-0.3760935756543946
6881,1.3187970457247895,-0.9388866348911169,-0.3784096919252287
6883,1.5324556664761868,-0.8124053418964396,-0.18642555586313095
6885,1.5489523997162151,-0.8379192453076525,-0.1994632632907852
6887,1.5350887344180313,-0.8124066411256909,-0.186962787087482
6891,1.189840049849709,-0.9059962277019628,-0.4143210056262326
6893,1.5355481228190446,-0.6091256286320764,-0.3103642932718476
6895,1.5122749079921167,-0.5712275954334235,-0.38408901571948073
6897,1.5746205233746464,-0.8982615893700635,-0.25017601127379063
6899,1.076454535220123,-0.8669060388367671,-0.4483807118921406
6901,1.1814638264974204,-0.9220298634052836,-0.42926500796844475
6903,1.1814638264974204,-0.9220298634052836,-0.42926500796844475
6905,1.4516092906806253,-0.9496433657197494,-0.3368991077028448
6907,1.2236791388270598,-0.9541279890406158,-0.4495603931617371
6909,1.077254543775785,-0.8741963629219105,-0.45240942764365066
6911,1.6274173294091192,-0.4399415449000152,-0.3573589220784886
6913,1.551914934923319,-0.8411887759994151,-0.20054474963337107
6915,1.5681135770207746,-0.8978251375199315,-0.24782123324768274
6917,1.5595679719058921,-0.8453971494650916,-0.20278805728013816
6919,1.2263211609398166,-0.9743080467675357,-0.45331352940301806
6935,1.2734129736884983,-0.8985262797020771,-0.34584997533288464
6937,0.9893657802611077,-0.41487656803387957,-0.09502227216680331
6941,1.2824642098452788,-0.7450980202433815,-0.2185546918792639
6943,1.2824642098452788,-0.7450980202433815,-0.2185546918792639
6945,1.2789432362034032,-0.7459667659602325,-0.21960923195137924
6947,1.2789432362034032,-0.7459667659602325,-0.21960923195137924
6949,1.175203987887136,-0.6265795152391919,-0.13693944570221342
6975,-1.140906377609437,0.23580513237445677,0.26759601212842754
7057,1.0133349692332234,-0.6435566627484335,-0.22087867801496924
7059,1.1544687074317994,-0.6702903911629454,-0.23189409829254334
7061,1.1345061707242694,-0.3336888839844083,-0.6578938879347487
7063,1.0570899534720755,-0.2999109028656804,-0.44883747441936245
7065,1.0835691797416438,-0.36655011140078997,-0.5841015060331761
7067,1.019360309706736,-0.25597213287315684,-0.5567138467213768
7069,1.1134749639168198,-0.1541872994223935,-0.4331337376128341
7071,1.1419786659716114,-0.15559258190700048,-0.3944062746853579
7073,1.1284124681493823,-0.26910305237325366,-0.5227772218761263
7075,1.0655692719537362,-0.3289177829725543,-0.6318696995814265
7077,1.1453592745521894,-0.21332905735008542,-0.5272595202311094
7079,1.147940837497415,-0.3893767308682751,-0.6330065677240226
7081,0.833567690842734,-0.4061663272998313,-0.8587729399642892
7083,1.1290782677092035,-0.09125923018511356,-0.346671242001668
7085,1.1209975761062865,-0.29870552485887597,-0.61863185657681
7087,1.1270762361404445,-0.09106366343651236,-0.34803701454038405
7089,1.120718794163771,-0.3437548690914215,-0.5882268256207307
7091,1.1306435639827632,-0.09423937633110092,-0.3492736025657182
7093,1.1454205358585543,-0.2341561781370437,-0.4602417639861052
7095,1.1450641552614533,-0.26298718090339485,-0.4964201715996466
7097,1.127980929836996,-0.1236838851311271,-0.36037953390549676
7103,1.145547504100858,-0.6009386687024307,-0.8298620092948373
7111,1.2093221443475362,-0.35499492146000594,-0.5614664705402131
7115,1.1834805219109397,-0.4425444651513113,-0.7031082091865483
7119,-1.1287060019167041,-0.6860220010261845,-0.47142198820520825
7121,1.2052950454351168,-0.3523975223107192,-0.5692665974596804
7125,1.219757567270642,-0.3181542881841807,-0.5368941758069185
7127,1.1647889906772546,-0.3862473479346776,-0.6720879790234437
7129,1.158362397813564,-0.23178223492254746,-0.4764488796447389
7133,1.2008460435204267,-0.4652499063779378,-0.717256404645536
7193,1.3421816772691142,-0.8504926348418302,-0.319122519064337
7195,1.3201560714490186,-0.8555174192194185,-0.33610127100655984
7197,1.3417066091530008,-0.8334768171954241,-0.30288211241635055
7215,-1.3319689596217354,1.912492894704033,2.673038601412521
7217,1.3748666868430213,-0.9662032485216011,-0.39550174147478584
7219,-1.1255709285106437,-1.1613201213097943,2.977799913487111
7221,1.2571886337948819,-0.5213329304920515,-0.1269547843685255
7223,1.1508154524429115,-0.5498727128315428,-0.163334802835167
7225,0.9171574683938584,-0.01201435720325353,0.10856850777349819
7229,-1.245137897365463,0.9469581024308475,0.5861277728063062
7231,0.7804425857225018,-0.38699456906708607,-0.09514536761068731
7233,1.4457272885138528,-0.48186175858359126,0.020631540959607536
7235,0.3959610222757069,-0.5292015306456818,-0.4071255889108398
7237,0.6749121116808309,-0.04636565799235213,-0.6709379974948131
7239,1.340669635230755,-0.6161797639294931,-0.13154540617324906
7241,0.7415829289451609,0.14707179552695449,-0.15640832053063788
7243,0.6106233583076842,0.46488795830673546,-0.5575103915769878
7245,1.3154967313053627,-0.5037349031466717,-0.05804827280936146
7247,1.271337730613042,-0.5117077908490922,-0.07638946359557185
7249,1.0277863232413407,-0.2847573987416651,0.03593490016010592
7251,0.6387158367234778,0.17762420008099128,-0.28447838641022294
7255,0.21827172847754384,0.3381002966668262,-0.5591197458700953
7257,0.8641434832527077,-1.0942131284911576,-0.6919220457341985
7259,1.0537251896101647,-0.36656697228859003,-0.020829436831038325
7261,0.7054294316991326,-0.17695677318110592,-0.24601597609208625
7263,0.3067338438265454,0.4249582155668235,-0.5710058383626887
7265,0.7413260762144204,0.0058196521011785645,-0.31471022489172384
7267,0.8987484925033112,0.3459359511702979,-0.24010691314207727
7269,0.25235675785170336,0.44621756202611995,-0.5608718068387935
7271,1.1720760227043783,-0.49184388937806883,-0.09588715852068126
7273,0.30635742438111613,0.42440029651978567,-0.5710049150559853
7275,1.320027947890218,-0.508527210265825,-0.0597535566860527
7277,0.8744313279975268,0.12397470238829388,-0.27690603337786174
7279,0.7291919549689829,-1.012780001395897,-0.7015744408552627
7281,0.7363109197869031,0.15037012617181475,-0.1560603749524277
7283,-1.1370861764038862,-0.052838858189230384,0.03619351052513882
7285,1.0184306263159442,-0.12816868900705036,-0.48312419376182525
7287,0.3460427234621958,-0.4035093769359936,-0.36849552994325335
7289,0.3460427234621958,-0.4035093769359936,-0.36849552994325335
7291,0.8072153803209219,0.060938668249422394,-0.45499228697489186
7293,0.3597446487226069,-0.17464829663217032,-0.23970649460879204
7295,0.8867256725367522,0.2266766779095362,-0.31501071651351087
7297,0.39201306792127516,0.588857637487003,-0.7723023728516548
7299,0.9687514565536163,0.32586596366580867,-0.40302837826801485
7303,1.2846050169969705,-0.5169332478529609,-0.08949558172461612
7305,0.3597446487226069,-0.17464829663217032,-0.23970649460879204
7307,0.9728716150061947,0.322362662711431,-0.4161870989368634
7309,1.0074465785416087,-0.7798244422455441,-0.3177978574262584
7311,0.9619182532530366,-0.39582839549532056,-0.13729021353321486
7313,0.5305268964162676,-0.8062019472881452,-0.7554077251331477
7315,0.8342767374255247,-0.6492254868551003,-0.31803624295101207
7317,1.219964946115273,-0.6111793722054106,-0.17999005779296998
7319,0.9478825490453132,-0.3579454722143395,-0.060672370636735716
7321,0.6803602014530037,0.44902712680960954,-0.4645760237994876
7323,0.4641330880936867,-0.8661775455584058,-0.7144356648814038
7325,0.9696768189774817,0.39882702812696547,-0.26924421009414645
7327,1.3200716308902862,-0.5082936266474999,-0.060115270493098505
7329,0.22541522653599685,-0.3327571364353224,-0.3214744272912028
7331,0.8627200444620376,-0.03747579427687319,-0.41658485085249713
7333,0.24409503161417706,-0.13420878759060256,-0.28492586583757407
7335,1.030721425102669,-0.35634336541172,-0.09059525369742914
7337,0.2176209849067158,-0.7673266579394012,-0.7092613525511248
7339,0.9148179905354271,-0.4838026536466454,-0.15538753084854842
7341,0.5634040386679426,0.8310924024883896,-0.7657307605253314
7343,-0.5667661435808773,-0.23633701861551693,-0.7917218185494176
7345,0.8632907945830748,-0.03894583432818109,-0.4176412222782669
7347,0.7249149941314865,0.3953214764954191,-0.46684050512764197
7349,0.7046747573049674,0.13036218581025252,-0.28628644378128854
7351,0.7125133754262336,0.44400569818209706,-0.3433410720475678
7353,1.0265580549480444,-0.2851055585438694,0.03553209761209021
7355,0.542814706550934,-0.1223414008466419,-0.12924858432306843
7357,0.6446910710017049,-0.9893799982653524,-0.6950089493050345
7359,1.230441716947101,-0.4279838510419815,-0.018658605505626556
7361,0.9089578179623099,-0.03890308448519039,-0.1984309598235989
7363,0.5331067740256417,0.04919951034694772,-0.41644405349759883
7365,0.9899561358559927,0.08998147046187949,-0.13193738093814286
7367,0.10960961832098536,-0.6872923129489326,-0.7237772051273885
7369,0.3102317435170026,-0.8129963222528495,-0.7073054653890716
7371,0.667534697888653,-0.5536498905485223,-0.34039688712125044
7375,0.9899561358559927,0.08998147046187949,-0.13193738093814286
7381,0.8738119854137922,-0.850884257740955,-0.4112205397846864
7383,1.3940901995527568,-0.4451531331863916,-0.5707149319977399
7385,0.8766270606125035,-0.45549613161833286,-0.5447309759667482
7387,1.2625038305303395,-0.7955906531142632,-0.23334731488038543
7391,1.2661225547189865,-0.8044622970533579,-0.25329322875208277
7393,1.0565188174693185,-1.2217315537192603,-0.6729365925159153
7395,1.366410516536609,-0.6612305335772937,-0.49274938313029953
7403,0.960825747961769,-0.33997064512567104,-0.3873715190886512
7405,1.2719017622686788,-0.8138885197921242,-0.26056372336527706
7409,-0.6857617195957546,-0.35098505624622245,3.6394341512328263
7411,-1.1193601670798008,0.2659455752409082,-0.18891237113282958
7421,-1.021132558153535,1.828129445004694,-0.3417416720474128
7423,-0.8316597745415225,0.11887766053436741,-0.19502317498660948
7427,-0.9151456438157257,1.252161210406112,2.7299427458155416
7435,-1.0188450170054042,2.1175170804279,-0.5649206558238392
7437,-1.0198724009574784,2.102912936866673,-0.5644766920812906
7439,-1.0256442103650618,2.020333252438282,-0.561971138006762
7447,1.5106944319702276,-0.5747057179932268,3.403965466999209
7449,-0.5741948389766249,-0.24228173442240789,-0.7874875400236276
7451,-1.1375802418784695,-0.015508617578790157,0.06612072655980826
7453,-1.0633627530876586,3.090573289948793,-0.4556962055825363
7459,-1.0633627530876586,3.090573289948793,-0.4556962055825363
7461,-1.0633627530876586,3.090573289948793,-0.4556962055825363
7465,-0.8604246476054731,1.9115615356810949,-0.4726543544591944
7469,-0.8613108367913133,1.900897009773639,-0.472370780712981
7471,-1.065081684408102,3.065375349192656,-0.455055258298668
7473,-0.26485614558241255,0.005262487320238451,-0.9638073535113064
7481,-0.5516452546782672,-0.22423672610318146,-0.8003405667629768
7483,-1.067288643215447,3.0328686187185654,-0.4542345386811635
7485,-1.06674567030154,3.040882700638805,-0.4544362233452412
7495,-1.0678259477242908,3.0249273737653692,-0.454035113505658
7505,-1.114879194963466,2.5827415434583534,-0.4721302788412008
7523,-1.2712175341754564,0.9917757941210292,-0.8808205614544075
7525,-0.8680402357977828,-0.4774276493114165,-0.6199987432189766
7529,-0.8803314577238974,-0.4872635380344893,-0.6129928755282303
7569,-1.1287060019167041,-0.6860220010261845,-0.47142198820520825
7641,-1.1287060019167041,-0.6860220010261845,-0.47142198820520825
7679,-1.1287060019167041,-0.6860220010261845,-0.47142198820520825
8237,-1.1287060019167041,-0.6860220010261845,-0.47142198820520825
8653,-1.1287060019167041,-0.6860220010261845,-0.47142198820520825
8751,-1.1287060019167041,-0.6860220010261845,-0.47142198820520825
8757,-1.1287060019167041,-0.6860220010261845,-0.47142198820520825
8825,-1.1287060019167041,-0.6860220010261845,-0.47142198820520825
8893,-1.1287060019167041,-0.6860220010261845,-0.47142198820520825
9137,-1.1287060019167041,-0.6860220010261845,-0.47142198820520825
9219,-1.1287060019167041,-0.6860220010261845,-0.47142198820520825
9351,-1.1287060019167041,-0.6860220010261845,-0.47142198820520825
9353,-1.1287060019167041,-0.6860220010261845,-0.47142198820520825
9355,-1.1287060019167041,-0.6860220010261845,-0.47142198820520825
9441,-1.1287060019167041,-0.6860220010261845,-0.47142198820520825
9443,-1.1287060019167041,-0.6860220010261845,-0.47142198820520825
9601,-1.1287060019167041,-0.6860220010261845,-0.47142198820520825
10351,-1.1287060019167041,-0.6860220010261845,-0.47142198820520825
10459,-1.1287060019167041,-0.6860220010261845,-0.47142198820520825
10709,-1.1287060019167041,-0.6860220010261845,-0.47142198820520825
10713,-1.1287060019167041,-0.6860220010261845,-0.47142198820520825
11081,-1.1287060019167041,-0.6860220010261845,-0.47142198820520825
11421,-1.1287060019167041,-0.6860220010261845,-0.47142198820520825
11819,-1.1287060019167041,-0.6860220010261845,-0.47142198820520825
12093,-1.1287060019167041,-0.6860220010261845,-0.47142198820520825
12097,-1.1287060019167041,-0.6860220010261845,-0.47142198820520825
12641,-1.1287060019167041,-0.6860220010261845,-0.47142198820520825
12839,-1.1287060019167041,-0.6860220010261845,-0.47142198820520825
13243,-1.1287060019167041,-0.6860220010261845,-0.47142198820520825
13621,-1.1287060019167041,-0.6860220010261845,-0.47142198820520825
13625,-1.1287060019167041,-0.6860220010261845,-0.47142198820520825
13685,-1.1287060019167041,-0.6860220010261845,-0.47142198820520825
13693,-1.1287060019167041,-0.6860220010261845,-0.47142198820520825
13735,-1.1287060019167041,-0.6860220010261845,-0.47142198820520825
13739,-1.1287060019167041,-0.6860220010261845,-0.47142198820520825
13997,-1.1287060019167041,-0.6860220010261845,-0.47142198820520825
14183,-0.947879663366831,0.954895642827514,-0.9841733416132159
14187,-0.9341585874896549,1.0794082314253524,-1.023080838621986
14189,-1.1287060019167041,-0.6860220010261845,-0.47142198820520825
14191,-1.2596272367271557,0.8553224475346523,-0.8475246508452036
14193,-0.85409986403947,2.7856475397599225,-0.5816925945945458
14195,-1.1287060019167041,-0.6860220010261845,-0.47142198820520825
14197,-1.1455612151763508,0.5875119714769113,0.5495552597135114
14205,-0.8976655827190355,1.4105658265277417,-1.126560440853157
14207,-0.8456590994054288,1.8825012577732476,-1.2740300789539585
14209,-1.1287060019167041,-0.6860220010261845,-0.47142198820520825
14211,-1.1287060019167041,-0.6860220010261845,-0.47142198820520825
14213,-1.1287060019167041,-0.6860220010261845,-0.47142198820520825
14215,1.0586717976580142,1.2488904872373126,0.6970528377709456
14217,1.4304622940385565,0.26494912669021714,1.0829485652723898
14219,1.221248897739886,0.09191672915212779,0.456675777315245
14223,1.0873669021448555,0.7290129895132459,1.0191367660528863
14225,0.9927117764982087,0.06534151046109962,0.2988930533838975
14227,0.5049728733064677,2.2890792245527316,-0.03668822418377142
14229,1.102945050348439,0.9778167330643142,0.8943512065826148
14231,1.0262242519739648,0.26775717531435234,0.4091198944531893
14233,0.9305323980634411,0.03963380788472378,0.15897640004999014
14235,0.6312661974570982,1.9086522159534764,-0.0657741045972034
14237,1.1215279407013106,0.6556922011124694,0.9497325685297408
14239,0.7660809155798222,0.5140065217623605,1.4600857083575756
14241,1.3347137296935103,0.01281358069806566,0.28811507246569074
14243,1.3347137296935103,0.01281358069806566,0.28811507246569074
14247,1.4530973096540383,0.89511889137847,0.8139156689282139
14251,1.1787547294492964,0.1489726039454532,0.3734094235562
14255,-0.40197373713256773,-0.10446406229136691,-0.8856517632657849
14259,0.6995460200234107,2.2199153790298114,-0.108612590726012
14261,1.1551315257719816,0.648945135928937,0.9714346198178839
14267,0.5479036559347965,0.36247565357795647,0.3156547542877768
14271,-0.44944009869294016,0.7448307690016909,-0.16135319320707872
14275,1.4455902062433474,0.5089420190546089,1.142730503740544
14283,1.134554786732872,0.319077636825981,0.6822176309476865
14293,0.7660168219914487,2.1219876815542835,-0.1002419495595205
14339,1.4114006687652532,-0.4737542074145819,-0.013953198999493975
14401,1.0439500412912233,1.5257145441560376,-0.0020961625306121796
14407,1.3069810796612966,0.9732008095663385,2.484328670906524
14409,1.0439500412912233,1.5257145441560376,-0.0020961625306121796
14411,1.2357872982076337,1.128609297597397,1.9603519081752319
14417,0.8992192782337345,1.5805806756442138,-0.01079670358702026
14419,0.685893153424632,-0.38696818757147017,-0.059497825638451754
14427,1.4015525495636614,-0.11633510430819129,0.26531262934524796
14429,0.861670465273893,-0.054794203372580015,0.09817456443979623
14431,1.2287370628091008,1.1157533715483483,1.940590120940911
14441,1.2760667290854844,-0.06635223492839616,0.18252596818854025
14445,1.2395082471689671,1.1315869380751225,1.9582310062613433
14459,0.519253282069697,-0.09098936305356387,-0.47100298859281287
14465,0.427763111870786,2.0617719532772005,-0.5272065745334668
14469,0.8507223318031123,-0.057983559764509134,0.09454040683229127
14473,0.7874837691631464,0.695988796426796,-0.5087326291845671
14475,0.943116753944707,0.3861553979971016,-0.4506199463179763
14477,0.870382053607014,0.6701638446761141,0.2947481948853161
14479,0.536612873535121,-0.08143284696555639,-0.4690747694204912
14481,0.5503523327568364,-0.07436593811668268,-0.4672038140251384
14483,0.5266033040130418,-0.0868953547399669,-0.4702217423495936
14485,0.5774086054783719,-0.05990483795379956,-0.46380769812823114
14487,0.5984371875401722,-0.04861935605190634,-0.4611430123959734
14489,0.5906702444316106,-0.05319850145765497,-0.4618682130275822
14491,0.5839831565310316,-0.05623058790457899,-0.4630735136084411
14493,1.0188532374837167,0.9160765920349031,-0.3129574516730838
14523,0.850288792619559,-1.0756595959933521,-0.697571620982824
14525,1.3399787898192639,-0.3665437125917154,0.01128098401156366
14531,1.3060119361674698,0.35403255495155,0.7602705363040906
14535,1.3245660237385248,-0.3504757448414494,0.008831664799203215
14541,1.0703502687001165,-0.5127675259871518,0.6357457831355632
14543,1.0703502687001165,-0.5127675259871518,0.6357457831355632
14547,1.3373476461146445,-0.36728407707000177,0.010421644723415044
14551,1.4379458970268728,-0.6686515185072545,-0.12771084546882014
14553,1.4274526581985387,-0.6643166416545623,-0.1275486834174729
14555,1.3451168307697035,-0.34765720631363517,-0.029200858077668812
14569,1.2782358513773557,0.7317630469045647,0.34713396709189204
14571,1.3451168307697035,-0.34765720631363517,-0.029200858077668812
14573,1.0700329781978182,-0.5122087420282085,0.6335744538101655
14603,1.137111528980988,0.6296264244683597,0.9500307026908571
14607,1.1262384420029612,0.6849586897558209,0.1660630678740143
14609,1.2023826253136234,0.7084629369501554,0.6116171273641864
14611,1.1819145778750118,1.2773550964433877,-0.32155527211650714
14633,1.0257059852585064,-0.08540052478573161,0.09312712223026196
14637,1.2609403336081868,0.9364863903557117,0.05956113863737359
14639,0.9532483490612115,0.7659512208657393,0.4574849932086777
14641,1.3089507734118728,-0.08231653640326335,0.25138762211205734
14653,0.8251419485557717,0.23898271458705697,0.9176554087406974
14661,-1.1443304277246429,0.4945170263205178,0.475002302960019
14663,0.845150174313899,0.008518563112238585,0.6558037225783454
14687,1.1351735282222315,-0.40408261012059116,-0.10026801541464904
14713,0.8738475448201626,-1.0029028630372243,-0.735635632765698
14721,-0.9217917166287979,2.108752958297449,-0.4324673249407379
14729,0.6177639255472146,-0.4785362531924177,-0.11760749882379906
14761,-0.8198141015453644,1.4262763166757342,-1.1581782755025178
14763,-1.1327792782683952,-0.3782563422141678,-0.22468986945364466
14767,-0.8251927154023251,0.29192968565017097,-0.06678805834139909
14771,0.7725132857446053,2.330149270561897,-0.1237776537709571
14781,1.0253094519582173,-0.4121815890298308,0.8957903177307415
14787,-0.5433345077902202,0.6060676679037271,-0.1578325343359559
14789,1.0991366238020686,-0.4705953986030289,0.9922664664060572
14791,1.1343235340628748,-0.3398593682253634,-0.048780995689740474
14795,-0.5433345077902202,0.6060676679037271,-0.1578325343359559
14801,1.2305884394314437,0.7719771628541835,-0.38422455938204253
14803,0.4951800356726721,-0.40260129258605554,-0.2164474219903502
14805,0.8350377997532699,-0.11564694914095752,0.30734769565513903
14809,0.9077049631702793,-0.05540948811180832,0.9789608945774236
14811,0.677814336098598,0.2738126032885759,0.06900787253920557
14823,1.2764555842020386,-0.24670002293935825,0.06210038550253645
14835,0.721853552819921,0.02234325988691176,0.08055733267919366
14913,-1.1287060019167041,-0.6860220010261845,-0.47142198820520825
14937,-1.1287060019167041,-0.6860220010261845,-0.47142198820520825
14939,-0.5172572272981663,2.6416367378376564,-0.6667304100400353
14941,1.115674921828,-0.06140244990641267,0.12650955243870138
14943,-0.3864205991911534,1.174104933650489,-0.4089639127143577
14947,1.1207738840517665,-0.10846629252000974,0.07351697387574575
14949,0.8509174830819478,0.9933307878186377,-0.20253341534780195
14951,-0.5372845698005011,2.248627516792118,-0.49706013724648235
14953,-0.49256151040894536,2.349518799883597,-0.6537701163178323
14955,0.8272837492946555,0.8939170375819631,-0.223452416540655
14961,0.6207847905162102,1.3821456704426476,-0.43791708422665376
14965,-0.010262796941159018,1.6577451492340967,-0.5129430001113596
14975,-0.49256151040894536,2.349518799883597,-0.6537701163178323
14977,0.7890784167817461,0.9620731066930849,-0.22377901909662812
14983,1.0866073712790223,-0.3047612053579433,-0.12558495360554897
14985,1.1274287147634696,-0.3628928256199388,-0.07437779138760982
14987,1.084200341676291,-0.30877534778682036,-0.12065890580984
15015,-0.48499887491063876,1.5695426169675328,-0.8135739551660516
15041,1.1484259779290826,-0.6311725669767905,-0.4701970792962992
15049,1.026536921601812,-0.3693675946269481,-0.1427863708866281
15055,1.211372801272517,-0.6317542593145193,-0.4566011202290025
15059,1.3120023464985824,1.0253638549578936,-0.3239036875931571
15061,1.0152575307148222,0.3500483584335304,0.2878080378432761
15079,1.226328284841274,0.6371252145513863,-0.4276131761373526
15093,1.0154954965470446,1.863873500226131,-0.0665192682365322
15111,1.2898559989995486,0.4987389317187846,-0.3876339411679362
15119,1.0774639664712211,0.16612660885722344,0.09118191394618631
15121,1.167068549535259,0.16675648187593622,0.2650360479766862
15129,1.247129869085191,-0.18224860261936315,1.580360741175806
15131,1.1839802918056752,-0.0020399333281958514,0.22161105923613178
15133,1.1555322490481612,0.7718514972049679,1.0458409055999083
15135,1.2711660700576175,-0.16955881643016527,1.5746659606842397
15139,1.3193219116765484,-0.2881684839443642,1.8276339733877358
15155,0.6895183459403604,2.9921312334306647,-0.20007568232703712
15157,0.6966679485151699,2.9383938933508555,-0.24674726663050514
15183,1.419873711063652,-0.269025991020404,2.0175503764810934
15211,1.443685488421906,0.567462919590838,0.5311174308460948
15217,0.7753648255671485,-0.05982565354029845,-0.0559929280422278
15219,1.4762758787096057,0.8329420987592775,0.1231211497487828
15221,1.2850054111554101,-0.13762980100223146,0.16317790943779378
15223,1.42618403506744,0.850412304929624,0.11460446785017726
15231,1.3498149125566823,1.0316044694875857,-0.270244284211116
15245,1.2498760856372073,-0.30311030045569226,0.025559809539492336
15249,1.2834338554066653,-0.27363740373533396,0.10291309853053375
15251,1.4192624574537784,0.5531605878710614,-0.1330739036393065
15261,1.4141242212444671,0.5233851638661816,-0.14655584962207166
15263,1.4140631596376214,-0.5410951249027607,1.3842168089584441
15271,1.444468286415479,-0.384879180218278,0.06560020783138398
15273,1.3303327252023693,-0.505007372731531,-0.06091153085268048
15275,1.237329817866688,-0.28677448978996767,0.08771572301005079
15281,1.314892887487471,-0.5401672163696709,1.5419216977853705
15285,1.2242578972896712,0.261111563838244,0.22448198929499294
15311,1.2560475522622696,-0.21489296155269025,1.7463601079064897
15313,1.2374534320187407,-0.1992636281248673,1.6979839080199761
15315,1.2053189871591026,0.08116113184996078,0.35337485592269696
15317,1.2354083337609327,-0.1986276012099034,1.6918228479125565
15319,1.2432601784119877,-0.2089625927269076,1.8275138021974737
15323,1.2024507248491507,-0.15862882704444145,1.6730711920014911
15325,1.3043917255481887,-0.09145611845548142,0.2765435924906395
15327,1.1948561441532195,0.2854861866074218,1.3935587322682812
15329,1.198438856647525,0.28528067126574996,1.393122403190788
15333,1.1974855068620545,0.30382664147140587,1.4284040061638283
15335,1.1974855068620545,0.30382664147140587,1.4284040061638283
15337,1.1960975152344955,0.30232897051210017,1.4254802266544322
15339,1.1944505428184666,0.3012491492409253,1.4262396733434899
15341,1.2136704429139646,0.4676696370219668,0.06058799912220141
15343,1.2092940873837348,0.4727749938231715,0.06477041720740119
15347,1.2117397583648912,0.4699907002814911,0.06687172386964213
15351,1.0199789723307005,-0.41743106016378134,-0.1194804516275678
15353,1.0453279705247471,-0.433728738318705,-0.12030571043944084
15363,1.1859699398024997,0.7078493892137765,0.015809764455274943
15367,1.321857193096473,1.8646340547101514,-0.3380780768962731
15369,-0.5215108475989604,1.0275570199726076,0.14722003040487888
15375,0.7954297002319911,1.9393644193097754,-0.41065030590619095
15381,1.3829541527846925,-0.2213001547016127,0.19150496674732356
15385,1.3789764025436364,-0.22089545933738228,0.18774948441560416
15391,0.3615384053742994,0.9443758403460922,0.008403039941858693
15393,-0.5653418855623034,1.4279764832178876,-0.12666157814746692
15395,1.2072553346329724,0.7145785849648643,-0.01694415477059753
15397,1.2020979126264535,0.7196246944014549,-0.01763271493178028
15399,-0.574064100614864,1.5424822164434484,-0.19350030102209634
15401,-0.5656927376306318,1.5511999868178765,-0.18230273116770296
15403,1.1873408421743965,0.27894167492531796,0.03527806883970588
15405,0.9069762922318044,0.6378328234786386,0.11074718262836855
15407,0.39872694742344295,0.9178956243420932,-0.11186611056056603
15417,1.2124197240675354,0.1710276758177709,0.10026442694094839
15419,1.2732907384243273,0.15513374533433572,0.09004641731526072
15443,0.6380059851509362,1.7687200425040066,-0.0337973847619228
15445,1.4352741105363043,1.0453650753424606,0.7984012995740659
15459,-1.1287060019167041,-0.6860220010261845,-0.47142198820520825
15465,0.915956825630768,1.265655086801591,2.41033445581449
15485,1.063687300270257,2.0620249018618972,2.3294807547179133
15495,1.264764303961537,-0.13268404976797418,0.19784655577117144
15541,1.1091384636018953,0.027502684917984913,0.2772764146993507
15563,-1.1287060019167041,-0.6860220010261845,-0.47142198820520825
15581,1.1185227409497334,-0.3008326470036602,0.014558760808740768
15663,1.4859876901464664,-0.242355554851658,0.16335759022462162
15673,1.477939399089581,-0.2446629299875348,0.16069264717481893
15685,1.2646126349179836,-0.15940327304112456,1.4356797216590849
15707,0.8992455807636819,-1.1770129773250926,-0.6612499807585934
15785,-0.5481812538376604,1.0514943666289347,0.1980038811219621
15853,1.1108673799355757,1.0128079423577014,-0.019438676930375508
15855,1.1513580299070256,1.0256023796551257,0.008034749871427374
15915,1.066691245931782,1.5881381152479122,-0.14819377648394785
15993,1.1907528663013205,1.4907434402887338,0.780002207502842
16145,1.1492205292350637,-0.2582820917853049,0.08789666613839009
16279,1.0396407083713377,0.9076802236872478,-0.03804178967602892
16379,0.8762273824133108,0.19701140575132042,0.24363657053660018
16403,1.0904413276807172,-0.030406784130683227,0.24900308811339378
16409,1.1250699995651836,0.013340632693298347,0.29221423237761146
16517,0.8341615246291207,1.4503812226373614,-0.07331811847167376
16553,0.656196674122493,-0.9769517780322841,-0.7030391192611637
16599,0.8833278595100592,2.0840455091564976,-0.3370293108141861
16601,0.6751726258272893,-0.9814617360033187,-0.7048539255145988
16645,0.9897814001691485,0.1324086968949328,0.2586699140635843
16647,-1.1404151421309559,0.19868871855591827,0.2378402185247575
16733,1.0306866582002683,1.4122006997019392,-0.0025443585387218428
16735,1.242469756640641,0.8949859730483407,0.11838879059300177
16739,-0.5087887125304754,1.3768669661989061,0.4064636588844832
16761,1.0623192102873547,-0.008453658583412923,0.10741753787148807
16763,1.028915527098308,-0.2083709956464695,-0.06281329560514534
16767,1.0680791081449024,-0.4436558412396749,-0.2414789472872781
16781,-0.5074196453050153,-0.18884576374644738,-0.8255487006388555
16783,1.0200201852258317,-0.34820257256215736,-0.1833435881481071
16795,1.3175330191817654,-0.0965925904605103,0.2907085368201329
16797,1.1285151240443416,1.4030124324028541,1.982622130635155
16799,1.3175330191817654,-0.0965925904605103,0.2907085368201329
16803,1.1223247014614028,1.3238250108568796,2.0511168153149466
16805,1.1260844318413983,1.4058515412094308,1.983931612573411
16819,1.162596882030214,1.2450276810303709,1.8103614070353096
16829,1.1450220370339723,1.1774418045223487,2.03290730247265
16831,1.159233560203649,0.8524384889526824,1.615733778274616
16833,1.3221761741325349,-0.44741672292981577,0.00945694478919265
16835,1.178092185988216,0.7409560956478044,1.508431450306971
16839,1.1393968182388472,1.0256146024034454,1.6744672733141375
16841,1.3161603462854028,-0.44909698046258356,0.007498992477927403
16843,1.070312874071942,-0.33807306253632685,-0.03652270453634286
16845,1.070312874071942,-0.33807306253632685,-0.03652270453634286
16863,1.1421728751901667,0.9945207920584657,1.6504947680941973
16865,1.353590579250632,-0.43862826901666696,0.01969222839872093
16867,1.167366922865842,0.8287970267383453,1.4183740665816067
16869,1.2548190470205662,-0.21729747776723052,0.12889906209238533
16871,1.3503417225745193,-0.6837974554523147,-0.17751387518784265
16873,1.356813277273873,-0.6821265477090066,-0.17551748553111013
16895,0.5102836933294715,0.25673184621044964,0.12567173616566094
16919,0.97791198293374,0.15626566614941875,0.29543287045579386
16921,1.0893571621928055,0.02754423123491939,2.579186050598962
16923,-1.1287060019167041,-0.6860220010261845,-0.47142198820520825
16925,1.1175942560631702,1.3111917056383995,1.1515435980667523
16927,0.9588383029614754,1.7620993462347305,-0.17129013845135635
16929,1.1095110830566441,0.02336141378878034,1.0452676919982922
16931,1.2481219470423632,0.0365335435154915,0.28936404878135524
16933,1.0728547516596803,0.5268264138690203,0.9154286219542951
16935,1.1560734146084248,1.269392311506474,1.1353529097103416
16937,0.9871408716700547,1.738138257490791,-0.17210431299205997
16939,1.339434711320612,1.5578816417145784,0.41328479747207775
16941,0.9723870774766027,0.5911683450198582,1.9946037631960587
16943,1.2314189946795353,0.0520162509540429,0.29523712341935837
16945,0.40275195481328013,0.36468902688042515,3.0732012978897125
16947,1.20243497972259,0.6693563138639755,0.1444742249686741
16951,1.0954919841746917,-0.025545261775662145,1.2084125857165555
16953,1.0831851742539604,0.1575485121448327,0.2920061347534621
16955,0.801033142707472,0.5792997048833042,0.003456086283956985
16961,-1.1287060019167041,-0.6860220010261845,-0.47142198820520825
16963,1.393840281931518,1.2544634849100422,0.6083051508255366
16967,1.129844537266917,0.7190874578020638,0.1708511996642468
16971,1.0951447993665033,0.14309762584593028,0.35658980204126095
16973,0.4164219666442603,0.38596541932962664,3.0976817827278667
16977,1.0990916476518326,0.18657851317619387,0.31756644565244563
16979,0.49741610504572203,0.3382077791439798,3.0971800734086754
16981,1.0951447993665033,0.14309762584593028,0.35658980204126095
16985,1.1259815572744347,0.7141104763638959,0.1703709856080796
16987,1.2371973505556695,0.8321364862807267,0.0932825020850949
16989,1.2383349335085676,0.8254200165948056,0.09263418923922648
16993,1.2704705888870482,0.013464082698523753,0.25410807025288124
16995,0.8912104945983692,0.2711759076581113,0.309157499317428
17013,1.485800375524628,1.061532070513294,0.21728840747594322
17015,1.485800375524628,1.061532070513294,0.21728840747594322
17637,-1.1369702796553605,-0.1856156687049969,1.9221480340095634
17641,-1.1366235449432627,-0.19642257401335325,1.6662186296883228
17643,-1.1368417154644173,-0.1725712335477292,1.5669884385145858
17645,-1.136862098957251,-0.17137511437078096,1.573473798756942
17649,-1.1381837315731786,-0.0771046029139174,1.73882863004605
17651,-1.13959606088575,0.023745200109448583,1.9138518806095086
17653,-1.1387675418399115,-0.03613741372667813,1.822179163460382
17655,-1.1379132348895264,-0.10068651835685305,1.770430903403053
17657,-1.1377397161947453,-0.11085479306560558,1.7150102080156706
17659,-1.1372200031951434,-0.1767076535721065,2.089305104083566
17661,-1.138136364601696,-0.079887839788954,1.7238145800526774
17665,-1.136978072962019,-0.23424474756715954,2.6738562328382462
17667,-1.138136364601696,-0.079887839788954,1.7238145800526774
17669,-1.137447769997755,-0.12799787271881144,1.6222972546555392
17677,-1.1381246679112653,-0.08057531488042742,1.7201099302384548
17681,-1.138004509376199,-0.15343161945840925,2.6862966203133882
17687,-1.138004509376199,-0.15343161945840925,2.6862966203133882
17689,-1.138004509376199,-0.15343161945840925,2.6862966203133882
17697,-1.1382461225053166,-0.11761256455312508,2.432853167116706
17705,-1.1389225388299657,-0.04180094632805681,2.096765763951236
17709,-1.1380390945699324,-0.15145068417313712,2.69804154930396
17715,-1.1380390945699324,-0.15145068417313712,2.69804154930396
17717,-1.1399158297367615,-0.005988912419841216,2.7558455779686692
17719,-1.139867593697028,-0.0087651548714856,2.739669859535469
17771,-0.7960708755594642,-0.03224183490315299,1.6015447115837116
17781,-0.7960708755594642,-0.03224183490315299,1.6015447115837116
17997,0.760680400474008,1.9671717994451976,-0.46598746418239356
17999,-1.252933322881389,1.1243317657238603,-0.48232116207808506
18001,0.9540998449752525,-0.31928206160654327,-0.17992640747068744
18003,0.8372435478709074,-0.4784657388135109,-0.28143818964626005
18005,1.4208202453307366,-0.4048034151986594,1.7746113728204629
18011,0.4948484642286185,2.534325764782255,-0.3838236711483094
18015,0.4975378985974719,2.822947855833795,-0.46598458689335404
18021,-0.867137881538246,2.620816234193941,-0.5764570594138007
18031,-0.038368014862850054,0.6122564490989598,-0.22864490336863907
18035,0.5853988279836733,-0.14861838103187627,-0.13531054766795694
18043,0.9230439581319083,3.038089663675173,-0.4080054121781241
18049,0.28760390338160047,2.03775899717226,-0.5055146280822361
18051,-0.6186247195537945,0.4722221686312615,0.18304482226897753
18053,0.9453666443279383,-0.6291166518895708,-0.3739953959350291
18061,0.9618175574496415,1.6580445772413195,-0.1708067027945292
18151,-1.127431673373452,-0.8792187408730255,0.9306000227752886
18153,-1.1274236247987028,-0.8804389586969267,0.9394551010165476
18159,-1.127431673373452,-0.8792187408730255,0.9306000227752886
18315,1.2042266125200478,0.09369264550915633,0.2512149740211279
18323,1.2143466908448495,0.09021839075030326,0.259936000370413
18333,1.18896260442034,0.2389290153674391,-0.062360326784390255
18343,0.2797279010587127,0.03265116141707478,-0.16122151513474542
18349,1.2416544129692006,-0.005864504835849448,0.19002525779603646
18351,1.2383276815517044,-0.010496018165921524,0.18368149628365346
18353,1.2286810284839844,-0.16760794058187536,0.2816057969560843
18357,1.2291104449107526,-0.1672137205426039,0.2820288474401477
18359,1.2122469168887464,-0.1732946207631089,0.2630694831072586
18363,1.253653938227588,-0.21701528663493413,0.5064294630875483
18367,1.2280650449477446,-0.16199832801409816,0.2811958617695674
18371,1.1905644116977427,-0.17967688303152027,0.24893608012031915
18373,1.2105963402657471,-0.17529298175806673,0.2646361795976135
18377,1.180467847861295,-0.2066057734636621,0.49528273348774177
18381,1.1837206340517463,-0.018382773648547353,0.11556377721011506
18383,1.2141053461997833,-0.17231988644933358,0.2655914841831153
18389,1.2293917637948275,-0.15841414766686268,0.28427081661794845
18393,1.170876007260861,-0.025784697430032897,0.15390936511606432
18403,1.2382150867126933,-0.18180263131751165,0.2692758828854519
18413,1.253029843383421,-0.19467484477895503,0.2641178763673388
18417,1.244235847038535,-0.2027478952943401,0.2546815839531144
18419,1.2390085545232525,-1.1992164485964452,-0.7205016286078612
18421,1.128452005583713,-0.6036918938379839,1.8479891168517022
18423,1.0582802206082669,-0.3766357233934899,-0.07706918055656828
18645,-1.0567053144200256,2.5353986521795844,1.4455429595687252
18647,-0.6186104045618283,0.8321746158052444,-0.1416629171195166
18649,-1.1873243020593691,0.9687870641108193,-0.11704307554173468
18651,-1.1642011828376522,1.733939655066216,0.2352707992843281
18653,-1.1646466965983768,1.7207797522307478,0.22862752902505748
18655,-0.9718406596710718,-0.5604925735933749,-0.5608335893985436
18657,-1.1630847300586251,1.7660098716083277,0.2515995571617414
18659,-1.163678500415536,2.236606563433203,0.3597432401328523
18661,-1.1636318374874888,2.2375877164188616,0.3602974982291795
18663,-1.163678500415536,2.236606563433203,0.3597432401328523
18665,-1.1630399216607412,1.7672715301506738,0.25224595669784533
18667,-1.1651538984936969,1.705524284372546,0.2209683215658972
18669,-1.1651538984936969,1.705524284372546,0.2209683215658972
18671,-1.1640960494742172,1.763730099879144,-0.41600443537676574
18673,-1.1615601692213369,1.84070943009745,-0.4163838472080247
18675,-1.1616572683351287,1.8378748620046446,-0.41636771260092936
18677,-1.1573254221661788,1.7809423901806283,-0.40348465003653505
18679,-1.1571797457023576,1.7851606887590374,-0.4035049544192326
18681,-1.1571797457023576,1.7851606887590374,-0.4035049544192326
18683,-0.976391270454834,-0.5641341400348692,-0.5582397889403984
18689,-1.1570818379310526,1.7879857364728875,-0.4035187659635771
18705,-1.1582160488136202,1.7547492580544892,-0.4033671638783725
18707,-1.1582160488136202,1.7547492580544892,-0.4033671638783725
18709,-1.1582160488136202,1.7547492580544892,-0.4033671638783725
18711,-1.1582160488136202,1.7547492580544892,-0.4033671638783725
18717,-1.1304979419547485,-0.5506278959511793,-0.3628781222632571
18721,-1.13050119781498,-0.5503818920264277,-0.36268090380227164
18735,-1.1304946982189392,-0.5508729837876517,-0.36307460630701455
18753,-1.1304818431395687,-0.5518442785464511,-0.3638532819224029
18769,-1.1304383076540432,-0.555133701170299,-0.36649037345686514
18771,-1.1304413445164068,-0.5549042441275329,-0.3663064204370814
18783,-1.1304352816847854,-0.5553623351597023,-0.36667366664442164
18873,-1.138719015311002,0.07053399908664396,0.1351000831090003
19009,-1.1385017465710225,0.054117765292131935,0.12193938102912688
19157,-1.1374420899133004,-0.025947003513204097,0.0577523949925831
19195,-1.1287060019167041,-0.6860220010261845,-0.47142198820520825
19197,-1.1287060019167041,-0.6860220010261845,-0.47142198820520825
19199,-1.1287060019167041,-0.6860220010261845,-0.47142198820520825
19205,-1.1287060019167041,-0.6860220010261845,-0.47142198820520825
19207,-1.1287060019167041,-0.6860220010261845,-0.47142198820520825
19215,-1.1287060019167041,-0.6860220010261845,-0.47142198820520825
19219,-1.1287060019167041,-0.6860220010261845,-0.47142198820520825
19231,-1.1287060019167041,-0.6860220010261845,-0.47142198820520825
19239,-1.1287060019167041,-0.6860220010261845,-0.47142198820520825
19245,-1.1287060019167041,-0.6860220010261845,-0.47142198820520825
19247,-1.1287060019167041,-0.6860220010261845,-0.47142198820520825
19259,-1.1287060019167041,-0.6860220010261845,-0.47142198820520825
19261,-1.1287060019167041,-0.6860220010261845,-0.47142198820520825
19281,-1.1287060019167041,-0.6860220010261845,-0.47142198820520825
19283,-1.1287060019167041,-0.6860220010261845,-0.47142198820520825
19285,-1.1287060019167041,-0.6860220010261845,-0.47142198820520825
19287,-1.1287060019167041,-0.6860220010261845,-0.47142198820520825
19289,-1.1287060019167041,-0.6860220010261845,-0.47142198820520825
19291,-1.1287060019167041,-0.6860220010261845,-0.47142198820520825
19293,-1.1287060019167041,-0.6860220010261845,-0.47142198820520825
19295,-1.1287060019167041,-0.6860220010261845,-0.47142198820520825
19297,-1.1287060019167041,-0.6860220010261845,-0.47142198820520825
19299,-1.1287060019167041,-0.6860220010261845,-0.47142198820520825
19301,-1.1287060019167041,-0.6860220010261845,-0.47142198820520825
19303,-1.1287060019167041,-0.6860220010261845,-0.47142198820520825
19305,-1.1287060019167041,-0.6860220010261845,-0.47142198820520825
19307,-1.1287060019167041,-0.6860220010261845,-0.47142198820520825
19309,-1.1287060019167041,-0.6860220010261845,-0.47142198820520825
19311,-1.1287060019167041,-0.6860220010261845,-0.47142198820520825
19313,-1.1287060019167041,-0.6860220010261845,-0.47142198820520825
19315,-1.1287060019167041,-0.6860220010261845,-0.47142198820520825
19317,-1.1287060019167041,-0.6860220010261845,-0.47142198820520825
19319,-1.1287060019167041,-0.6860220010261845,-0.47142198820520825
19321,-1.1287060019167041,-0.6860220010261845,-0.47142198820520825
19323,-1.1287060019167041,-0.6860220010261845,-0.47142198820520825
19325,-1.1287060019167041,-0.6860220010261845,-0.47142198820520825
19327,-1.1287060019167041,-0.6860220010261845,-0.47142198820520825
19329,-1.1287060019167041,-0.6860220010261845,-0.47142198820520825
19331,-1.1287060019167041,-0.6860220010261845,-0.47142198820520825
19333,-1.1287060019167041,-0.6860220010261845,-0.47142198820520825
19335,-1.1287060019167041,-0.6860220010261845,-0.47142198820520825
19337,-1.1287060019167041,-0.6860220010261845,-0.47142198820520825
19339,-1.1287060019167041,-0.6860220010261845,-0.47142198820520825
19341,-1.1287060019167041,-0.6860220010261845,-0.47142198820520825
19343,-1.1287060019167041,-0.6860220010261845,-0.47142198820520825
19345,-1.1287060019167041,-0.6860220010261845,-0.47142198820520825
19347,-1.1287060019167041,-0.6860220010261845,-0.47142198820520825
19349,-1.1287060019167041,-0.6860220010261845,-0.47142198820520825
19351,-1.1287060019167041,-0.6860220010261845,-0.47142198820520825
19353,-1.1287060019167041,-0.6860220010261845,-0.47142198820520825
19355,-1.1287060019167041,-0.6860220010261845,-0.47142198820520825
19357,-1.1287060019167041,-0.6860220010261845,-0.47142198820520825
19359,-1.1287060019167041,-0.6860220010261845,-0.47142198820520825
19361,-1.1287060019167041,-0.6860220010261845,-0.47142198820520825
19363,-1.1287060019167041,-0.6860220010261845,-0.47142198820520825
19365,-1.1287060019167041,-0.6860220010261845,-0.47142198820520825
19367,-1.1287060019167041,-0.6860220010261845,-0.47142198820520825
19369,-1.1287060019167041,-0.6860220010261845,-0.47142198820520825
19373,-1.1287060019167041,-0.6860220010261845,-0.47142198820520825
19377,-1.1287060019167041,-0.6860220010261845,-0.47142198820520825
19379,-1.1287060019167041,-0.6860220010261845,-0.47142198820520825
19381,-1.1287060019167041,-0.6860220010261845,-0.47142198820520825
19383,-1.1287060019167041,-0.6860220010261845,-0.47142198820520825
19385,-1.1287060019167041,-0.6860220010261845,-0.47142198820520825
19387,-1.1287060019167041,-0.6860220010261845,-0.47142198820520825
19389,-1.1287060019167041,-0.6860220010261845,-0.47142198820520825
19393,-1.1287060019167041,-0.6860220010261845,-0.47142198820520825
19395,-1.1287060019167041,-0.6860220010261845,-0.47142198820520825
19397,-1.1287060019167041,-0.6860220010261845,-0.47142198820520825
19399,-1.1287060019167041,-0.6860220010261845,-0.47142198820520825
19401,-1.1287060019167041,-0.6860220010261845,-0.47142198820520825
19405,-1.1287060019167041,-0.6860220010261845,-0.47142198820520825
19407,-1.1287060019167041,-0.6860220010261845,-0.47142198820520825
19409,-1.1287060019167041,-0.6860220010261845,-0.47142198820520825
19411,-1.1287060019167041,-0.6860220010261845,-0.47142198820520825
19413,-1.1287060019167041,-0.6860220010261845,-0.47142198820520825
19415,-1.1287060019167041,-0.6860220010261845,-0.47142198820520825
19417,-1.1287060019167041,-0.6860220010261845,-0.47142198820520825
19419,-1.1287060019167041,-0.6860220010261845,-0.47142198820520825
19421,-1.1287060019167041,-0.6860220010261845,-0.47142198820520825
19423,-1.1287060019167041,-0.6860220010261845,-0.47142198820520825
19425,-1.1287060019167041,-0.6860220010261845,-0.47142198820520825
19427,-1.1287060019167041,-0.6860220010261845,-0.47142198820520825
19429,-1.1287060019167041,-0.6860220010261845,-0.47142198820520825
19431,-1.1287060019167041,-0.6860220010261845,-0.47142198820520825
19435,-1.1315998952196684,-0.4673673107916933,-0.2961290877407191
19437,-1.1287060019167041,-0.6860220010261845,-0.47142198820520825
19439,-1.1287060019167041,-0.6860220010261845,-0.47142198820520825
19441,-1.1287060019167041,-0.6860220010261845,-0.47142198820520825
19443,-1.1361389528976487,-0.12440848452171402,-0.021183019434161305
19445,-1.1361389528976487,-0.12440848452171402,-0.021183019434161305
19447,-1.1361389528976487,-0.12440848452171402,-0.021183019434161305
19449,-1.1361389528976487,-0.12440848452171402,-0.021183019434161305
19451,-1.1361389528976487,-0.12440848452171402,-0.021183019434161305
19453,-1.1361389528976487,-0.12440848452171402,-0.021183019434161305
19455,-1.1361389528976487,-0.12440848452171402,-0.021183019434161305
19459,-1.1361389528976487,-0.12440848452171402,-0.021183019434161305
19461,-1.1364308454009606,-0.10235388256795598,-0.0035021037359066138
19463,-1.1361389528976487,-0.12440848452171402,-0.021183019434161305
19465,-1.1361389528976487,-0.12440848452171402,-0.021183019434161305
19473,-1.1361389528976487,-0.12440848452171402,-0.021183019434161305
19475,-1.135281772625994,-0.18917468947532323,-0.07310532627432295
19477,-1.1361389528976487,-0.12440848452171402,-0.021183019434161305
19481,-1.136086246488538,-0.12839083713492191,-0.024375624813414484
19483,-1.136086246488538,-0.12839083713492191,-0.024375624813414484
19485,-1.136086246488538,-0.12839083713492191,-0.024375624813414484
19487,-1.136086246488538,-0.12839083713492191,-0.024375624813414484
19489,-1.136086246488538,-0.12839083713492191,-0.024375624813414484
19495,-1.136086246488538,-0.12839083713492191,-0.024375624813414484
19501,-1.136086246488538,-0.12839083713492191,-0.024375624813414484
19503,-1.136086246488538,-0.12839083713492191,-0.024375624813414484
19505,-1.1363913928463987,-0.10533481005684825,-0.005891878339148915
19507,-1.136086246488538,-0.12839083713492191,-0.024375624813414484
19509,-1.136086246488538,-0.12839083713492191,-0.024375624813414484
19511,-1.136086246488538,-0.12839083713492191,-0.024375624813414484
19517,-1.136086246488538,-0.12839083713492191,-0.024375624813414484
19519,-1.136086246488538,-0.12839083713492191,-0.024375624813414484
19521,-1.136086246488538,-0.12839083713492191,-0.024375624813414484
19523,-1.136086246488538,-0.12839083713492191,-0.024375624813414484
19525,-1.136086246488538,-0.12839083713492191,-0.024375624813414484
19533,-1.1287060019167041,-0.6860220010261845,-0.47142198820520825
19535,-1.1287060019167041,-0.6860220010261845,-0.47142198820520825
19537,-1.1287060019167041,-0.6860220010261845,-0.47142198820520825
19539,-1.1287060019167041,-0.6860220010261845,-0.47142198820520825
19541,-1.1287060019167041,-0.6860220010261845,-0.47142198820520825
19543,-1.1287060019167041,-0.6860220010261845,-0.47142198820520825
19545,-1.1287060019167041,-0.6860220010261845,-0.47142198820520825
19547,-1.1287060019167041,-0.6860220010261845,-0.47142198820520825
19549,-1.1287060019167041,-0.6860220010261845,-0.47142198820520825
19551,-1.1287060019167041,-0.6860220010261845,-0.47142198820520825
19553,-1.1287060019167041,-0.6860220010261845,-0.47142198820520825
19555,-1.1287060019167041,-0.6860220010261845,-0.47142198820520825
19557,-1.1287060019167041,-0.6860220010261845,-0.47142198820520825
19559,-1.1287060019167041,-0.6860220010261845,-0.47142198820520825
19561,-1.1287060019167041,-0.6860220010261845,-0.47142198820520825
19563,-1.1287060019167041,-0.6860220010261845,-0.47142198820520825
19565,-1.1287060019167041,-0.6860220010261845,-0.47142198820520825
19567,-1.1287060019167041,-0.6860220010261845,-0.47142198820520825
19569,-1.1287060019167041,-0.6860220010261845,-0.47142198820520825
19573,-1.1287060019167041,-0.6860220010261845,-0.47142198820520825
19575,-1.1287060019167041,-0.6860220010261845,-0.47142198820520825
19579,-1.1287060019167041,-0.6860220010261845,-0.47142198820520825
19581,-1.1287060019167041,-0.6860220010261845,-0.47142198820520825
19583,-1.1287060019167041,-0.6860220010261845,-0.47142198820520825
19585,-1.1287060019167041,-0.6860220010261845,-0.47142198820520825
19587,-1.1287060019167041,-0.6860220010261845,-0.47142198820520825
19589,-1.1287060019167041,-0.6860220010261845,-0.47142198820520825
19591,-1.1287060019167041,-0.6860220010261845,-0.47142198820520825
19593,-1.1287060019167041,-0.6860220010261845,-0.47142198820520825
19595,-1.1287060019167041,-0.6860220010261845,-0.47142198820520825
19597,-1.1287060019167041,-0.6860220010261845,-0.47142198820520825
19599,-1.1287060019167041,-0.6860220010261845,-0.47142198820520825
19601,-1.1287060019167041,-0.6860220010261845,-0.47142198820520825
19603,-1.1287060019167041,-0.6860220010261845,-0.47142198820520825
19605,-1.1287060019167041,-0.6860220010261845,-0.47142198820520825
19607,-1.1287060019167041,-0.6860220010261845,-0.47142198820520825
19609,-1.1287060019167041,-0.6860220010261845,-0.47142198820520825
19611,-1.1287060019167041,-0.6860220010261845,-0.47142198820520825
19613,-1.1287060019167041,-0.6860220010261845,-0.47142198820520825
19615,-1.1287060019167041,-0.6860220010261845,-0.47142198820520825
19617,-1.1287060019167041,-0.6860220010261845,-0.47142198820520825
19619,-1.1287060019167041,-0.6860220010261845,-0.47142198820520825
19623,-1.1287060019167041,-0.6860220010261845,-0.47142198820520825
19625,-1.1287060019167041,-0.6860220010261845,-0.47142198820520825
19627,-1.1287060019167041,-0.6860220010261845,-0.47142198820520825
19629,-1.1287060019167041,-0.6860220010261845,-0.47142198820520825
19631,-1.1287060019167041,-0.6860220010261845,-0.47142198820520825
19633,-1.1287060019167041,-0.6860220010261845,-0.47142198820520825
19635,-1.1287060019167041,-0.6860220010261845,-0.47142198820520825
19637,-1.1287060019167041,-0.6860220010261845,-0.47142198820520825
19639,-1.1287060019167041,-0.6860220010261845,-0.47142198820520825
19643,-1.1287060019167041,-0.6860220010261845,-0.47142198820520825
19645,-1.1287060019167041,-0.6860220010261845,-0.47142198820520825
19647,-1.1287060019167041,-0.6860220010261845,-0.47142198820520825
19649,-1.1287060019167041,-0.6860220010261845,-0.47142198820520825
19651,-1.1287060019167041,-0.6860220010261845,-0.47142198820520825
19653,-1.1287060019167041,-0.6860220010261845,-0.47142198820520825
19655,-1.1287060019167041,-0.6860220010261845,-0.47142198820520825
19657,-1.1287060019167041,-0.6860220010261845,-0.47142198820520825
19659,-1.1287060019167041,-0.6860220010261845,-0.47142198820520825
19661,-1.1287060019167041,-0.6860220010261845,-0.47142198820520825
19663,-1.1287060019167041,-0.6860220010261845,-0.47142198820520825
19665,-1.1287060019167041,-0.6860220010261845,-0.47142198820520825
19667,-1.1287060019167041,-0.6860220010261845,-0.47142198820520825
19669,-1.1287060019167041,-0.6860220010261845,-0.47142198820520825
19671,-1.1287060019167041,-0.6860220010261845,-0.47142198820520825
19673,-1.1287060019167041,-0.6860220010261845,-0.47142198820520825
19675,-1.1287060019167041,-0.6860220010261845,-0.47142198820520825
19677,-1.1287060019167041,-0.6860220010261845,-0.47142198820520825
19679,-1.1287060019167041,-0.6860220010261845,-0.47142198820520825
19681,-1.1287060019167041,-0.6860220010261845,-0.47142198820520825
19687,-1.1267939919759644,-0.9758955105396802,1.632179972471102
19689,-1.1267939919759644,-0.9758955105396802,1.632179972471102
19691,-1.1267939919759644,-0.9758955105396802,1.632179972471102
19693,-1.1267939919759644,-0.9758955105396802,1.632179972471102
19695,0.83984054802207,-0.18483429190849587,0.044938422799882645
19697,0.9019860551511627,-0.1369209171226041,0.09645512509416808
19699,0.7035265841723218,-0.7402349392719184,-0.47883451738398053
19701,1.155252803230612,-0.9546476270573643,-0.5231446316060285
19703,0.5011998792308908,0.9611471692733735,0.32704604498527207
19705,0.9771837360563097,-0.5160555372174707,-0.19488074201155614
19707,0.7976509514614197,0.3782840095495152,0.22591094951388507
19709,-1.1267939919759644,-0.9758955105396802,1.632179972471102
19715,0.8540464335628922,-0.06522155686351332,0.664200817745574
19717,-1.1267939919759644,-0.9758955105396802,1.632179972471102
19719,-1.1267939919759644,-0.9758955105396802,1.632179972471102
19721,0.8227874015670507,-0.7345711454163383,-0.4864634690795809
19725,1.009071329337262,-0.4781763412774601,-0.15771353418559864
19731,-1.1267939919759644,-0.9758955105396802,1.632179972471102
19745,-1.1267939919759644,-0.9758955105396802,1.632179972471102
19749,1.1252518085450265,-0.5363656968594298,-0.22617579968794482
19755,0.750636721939576,-0.6430430050116821,-0.40527378696792277
19757,0.8240614826592462,-1.0693619170001312,-0.6950927079629492
19759,0.8481937813872448,-0.4180602047483665,-0.04815428378945408
19761,0.7862198359958439,-0.8396553299359334,-0.36710861551617874
19763,0.821565662667143,-0.8454766365732527,-0.3709208929874605
19765,0.809710747021616,-0.8355734902178014,-0.3614390887635264
19767,0.8088499739908478,-0.8476375555205561,-0.3739493027984715
19771,0.8450053919210848,-0.8690380749342982,-0.37931862044226966
19773,0.8353047908674802,-0.8675339335975336,-0.3854631464264325
19775,0.827577138199121,-0.8687747281778234,-0.3872455434643549
19781,0.8125325340603153,-0.8711510797418346,-0.39068441574360374
19783,0.8125325340603153,-0.8711510797418346,-0.39068441574360374
19785,0.7886129813602344,-0.8717944010983412,-0.3997525242824413
19789,0.827577138199121,-0.8687747281778234,-0.3872455434643549
19799,0.7581945698963175,-0.35344506183530644,0.01340759661771175
19807,0.7826248008175544,-0.36788055439114836,0.007241035175532558
19809,0.7836842804860681,-0.3675841613173017,0.007586804028363272
19811,0.7771475697419945,-0.3527717843658166,0.018816796724765644
19813,0.7725917159881173,-0.32398751424903804,0.04146812995899091
19817,0.7725917159881173,-0.32398751424903804,0.04146812995899091
19821,0.7795704950028192,-0.392599926648522,-0.013848903913459276
19825,-0.5634388142966626,-0.23367436710850759,-0.7936183613723264
19827,0.8088030240652464,-0.6243845989221065,-0.20791838221820272
19829,0.778014486287967,-0.389888054410348,-0.019737795016328153
19841,0.8161731506631086,-0.5581499711786857,-0.16931584131815236
19901,-0.924062554528908,1.1653481135725843,-0.4549211217234297
19905,-0.8521773855508659,-0.46473361198971286,-0.6290404016233296
19937,0.8495796282509973,0.7798129956147742,0.07948272369954927
19973,-0.5775795460602076,-0.24499030175887296,-0.7855582924563754
19983,0.47505645341154346,-0.5392418360659066,3.6387107722686522
19985,0.4028358703623198,-0.12141075859745414,-0.11861615533752483
19989,0.7338619533477295,-0.47134701745339047,-0.11498228074701149
19993,0.255889028440686,0.03564687258382196,0.002882918489252298
19997,0.5207519156500264,-0.2281812815982571,-0.20171257106903356
19999,0.3298537223351579,-0.01816103457409195,0.033341580391387564
20001,0.6056882139063704,-0.1568464812609858,-0.015686257932692092
20003,-0.8843173552974939,-0.4904532001552393,-0.6107209556819087
20005,-0.8811748249972842,1.5602120314066568,-1.1733216505771455
20007,0.527575054327917,-0.2625295025852564,-0.15307111631363987
20015,0.2703113571352985,-0.7073357370225836,-0.747441380195042
20017,0.9780462179904363,-1.0648834727096068,1.7744239057774998
20019,1.0332395834634218,-1.0873066680401764,1.6993681905514826
20021,1.1402594694328712,-0.8014031158002666,-0.23118755679347783
20025,1.1499280188163632,0.9900805660985239,-0.3484975125675539
20027,1.0838476022535486,0.7731303456767255,1.332173509030692
20029,0.6256718256659363,-0.8356401029048129,-0.761387735487666
20033,0.7654352616740394,-0.7810197787305719,-0.8585958776819991
20037,0.3373256131800358,-0.8384422040923124,-0.701210092708631
20093,0.5947073622540358,-0.9910392768542007,-0.6840410416434478
20113,-0.5634388142966626,-0.23367436710850759,-0.7936183613723264
20125,-0.5385951539563818,-0.21379355460266258,-0.8077789874145631
20127,-0.6036927002710508,-0.5816104173062903,1.5096702023471429
20129,1.0558137521538524,-0.007919771214296847,0.2271451188591204
20131,-0.7252398811597929,0.40724131666683694,-0.09600043198301507
20137,-0.80922823133357,1.5189713414605432,-1.1872736574679834
20143,1.1203018594343783,-0.8955240848290341,-0.5196220390043598
20145,1.11858322798616,-0.8779490404082805,-0.539852121482444
20149,1.139180144452563,-0.8752842972437763,-0.5260446099224368
20151,0.4659976390548202,-0.6659659346502368,-0.8063190620087158
20153,1.1493120171932607,-0.8589076822016088,-0.5306268739096872
20155,1.1209519989062706,-0.8777754556281768,-0.5387857070627061
20157,1.044087383660477,-1.149961695609954,-0.7031982927683299
20159,1.2108751207089556,-0.8497390100904882,-0.49060611779488594
20161,0.7023726081285606,-0.8441911544125986,-0.7731463985857474
20163,1.1256588596537542,-0.876210222702015,-0.5311044343209099
20165,1.2001319044342698,-0.8581965706308529,-0.4971980501172019
20167,0.6979688872750217,-0.841158811662105,-0.7736327727877742
20169,1.1676670092399764,-0.8580549349677348,-0.5095575444323353
20171,1.1589428348569226,-0.8535227983162709,-0.5287463008960382
20173,1.2109628271160575,-0.8503727057597392,-0.4911144196856405
20295,-0.5840796443566346,-0.2501919199476108,-0.7818533045458684
20427,1.1732077219099044,-0.6425644321273838,-0.5318585051778967
20429,1.3738017861391043,-0.7789389420040489,-0.24240609631442434
20431,0.9106581020674219,-0.7697853602863954,-0.9266641289064835
20433,1.0509590389589927,-1.1002927644472114,-0.7273020336055792
20435,1.1612881058884978,-0.694798725408289,-0.3213748765134283
20437,0.9851141992649762,-0.5765103620701589,-0.5369917905906292
20439,0.9342920276891481,-0.7662798375582829,-0.2810753237971577
20441,-0.014805229292014294,-0.2798423131652277,-0.2464334007870011
20443,1.3994985617428561,-0.844533837535401,-0.2730439368784196
20445,0.7834003524119862,-0.520714743003715,-0.6893998520862307
20447,1.0651556792328325,-0.8895519006633763,-0.8787258647738021
20449,1.2700555570797911,-0.5757263770343038,-0.454749270547703
20451,0.9274772790113681,-0.8055337171872742,-0.3677604977136908
20457,1.3248904086977586,-0.8889413091489007,-0.3408952454656559
20459,1.2099912510694772,-0.7050229525880737,-0.24243134914203154
20463,1.1603012304603257,-0.7246313538842046,-0.3248465256931369
20465,1.0686285830126587,-1.2077924143730248,-0.6817807015576284
20467,0.5151876527368293,-0.24661572772138024,-0.6746543507118293
20469,1.0004299891539654,-0.4757193513923368,-0.6564965819748505
20475,0.9606563021281419,-0.8350620104340559,-0.44231778507198244
20477,0.9339080623297379,-0.7444864742994557,-0.575854034181175
20479,0.991852686764267,-0.7867739929414359,-0.4177288190642473
20481,1.0008812244104586,-0.8269164169080456,-0.4110990998017772
20483,1.1846291369675557,-0.27584488719193856,-0.36767025945000864
20485,1.311331187423562,-0.352848643830617,-0.3967034056161575
20489,0.8852314738768197,-1.1286365433552996,-0.6804969300954878
20491,1.1345178217671041,-0.7241035203514379,-0.3324347005343056
20493,1.2726569620537749,-0.7471546335775332,-0.27121128338138617
20641,-1.1287060019167041,-0.6860220010261845,-0.47142198820520825
20651,0.37075335129421755,-0.33717412953566034,-0.5988116886391531
20655,0.42384285330718885,-1.0104419566335507,-0.6402730197861702
20657,1.1469923243368143,-1.2650189164738317,-0.6716329360561912
20663,1.1624864823043268,-1.2671396822533445,-0.6738284888661635
20665,1.1298182558475391,-0.6070501356440942,-0.12106433003646809
20679,-1.1287060019167041,-0.6860220010261845,-0.47142198820520825
20687,1.1501954784349901,-1.264953018204286,-0.6723173231169227
20689,1.1157531393410347,-0.7662946224992272,-0.6959266301396095
20691,-1.1287060019167041,-0.6860220010261845,-0.47142198820520825
20693,0.9361384375229218,-1.1614860544264098,-0.6758818961468553
20697,1.1644598973073212,-1.262881566653854,-0.6761776576007072
20701,0.8415366925253336,-0.8846405721859244,-0.8319821683334176
20703,-1.1287060019167041,-0.6860220010261845,-0.47142198820520825
20709,0.9668096873972978,-0.7507304681755265,-0.36403133826493117
20735,1.0525983769365062,-0.07062050876456775,0.5724185255612197
20737,1.0525983769365062,-0.07062050876456775,0.5724185255612197
20739,1.0525983769365062,-0.07062050876456775,0.5724185255612197
20741,1.0525983769365062,-0.07062050876456775,0.5724185255612197
20743,1.0525983769365062,-0.07062050876456775,0.5724185255612197
20745,1.0525983769365062,-0.07062050876456775,0.5724185255612197
20747,1.0525983769365062,-0.07062050876456775,0.5724185255612197
20749,1.0525983769365062,-0.07062050876456775,0.5724185255612197
20751,1.0525983769365062,-0.07062050876456775,0.5724185255612197
20753,1.0525983769365062,-0.07062050876456775,0.5724185255612197
20755,1.0525983769365062,-0.07062050876456775,0.5724185255612197
20757,1.0525983769365062,-0.07062050876456775,0.5724185255612197
20759,1.0525983769365062,-0.07062050876456775,0.5724185255612197
20761,1.0525983769365062,-0.07062050876456775,0.5724185255612197
20763,1.0525983769365062,-0.07062050876456775,0.5724185255612197
20765,1.0525983769365062,-0.07062050876456775,0.5724185255612197
20767,1.0526015808254716,-0.07083521524008328,0.5719625152983274
20769,1.0526015808254716,-0.07083521524008328,0.5719625152983274
20771,1.0526015808254716,-0.07083521524008328,0.5719625152983274
20773,1.0526015808254716,-0.07083521524008328,0.5719625152983274
20775,1.0526015808254716,-0.07083521524008328,0.5719625152983274
20777,1.0526015808254716,-0.07083521524008328,0.5719625152983274
20779,1.0526015808254716,-0.07083521524008328,0.5719625152983274
20781,1.0526015808254716,-0.07083521524008328,0.5719625152983274
20783,1.0526015808254716,-0.07083521524008328,0.5719625152983274
20785,1.0526015808254716,-0.07083521524008328,0.5719625152983274
20787,1.0526015808254716,-0.07083521524008328,0.5719625152983274
20789,1.0526015808254716,-0.07083521524008328,0.5719625152983274
20791,1.0526015808254716,-0.07083521524008328,0.5719625152983274
20793,1.0526015808254716,-0.07083521524008328,0.5719625152983274
20795,1.0526015808254716,-0.07083521524008328,0.5719625152983274
20797,1.0526015808254716,-0.07083521524008328,0.5719625152983274
20799,1.0526015808254716,-0.07083521524008328,0.5719625152983274
20801,1.0526015808254716,-0.07083521524008328,0.5719625152983274
20803,1.0526015808254716,-0.07083521524008328,0.5719625152983274
20805,1.0526015808254716,-0.07083521524008328,0.5719625152983274
20807,1.0526015808254716,-0.07083521524008328,0.5719625152983274
20809,1.0526015808254716,-0.07083521524008328,0.5719625152983274
20811,1.0526015808254716,-0.07083521524008328,0.5719625152983274
20813,1.0526015808254716,-0.07083521524008328,0.5719625152983274
20815,1.0526015808254716,-0.07083521524008328,0.5719625152983274
20817,1.0526015808254716,-0.07083521524008328,0.5719625152983274
20819,1.0526015808254716,-0.07083521524008328,0.5719625152983274
20821,1.0526015808254716,-0.07083521524008328,0.5719625152983274
20823,1.0526015808254716,-0.07083521524008328,0.5719625152983274
20825,1.0526015808254716,-0.07083521524008328,0.5719625152983274
20827,1.0526015808254716,-0.07083521524008328,0.5719625152983274
20829,1.0526015808254716,-0.07083521524008328,0.5719625152983274
20831,1.0526015808254716,-0.07083521524008328,0.5719625152983274
20833,1.0526015808254716,-0.07083521524008328,0.5719625152983274
20835,1.0526015808254716,-0.07083521524008328,0.5719625152983274
20837,1.0526015808254716,-0.07083521524008328,0.5719625152983274
20839,1.0526015808254716,-0.07083521524008328,0.5719625152983274
20841,1.0684066083124004,-0.08503854655113414,0.5629733784074406
20843,1.0526015808254716,-0.07083521524008328,0.5719625152983274
20845,1.0526015808254716,-0.07083521524008328,0.5719625152983274
20875,0.07164385032761686,-0.2648736771349555,-0.17250579674695532
20877,0.07164385032761686,-0.2648736771349555,-0.17250579674695532
20879,0.07164385032761686,-0.2648736771349555,-0.17250579674695532
