,factor_1,factor_2,factor_3
1,0.33670077438878043,0.347544876439522,-0.4946044020869856
3,0.33670077438878043,0.347544876439522,-0.4946044020869856
5,0.3547181773371323,0.23760308173379036,-0.4466572131621413
7,0.33670077438878043,0.347544876439522,-0.4946044020869856
9,0.33670077438878043,0.347544876439522,-0.4946044020869856
11,0.33670077438878043,0.347544876439522,-0.4946044020869856
13,0.3547181773371323,0.23760308173379036,-0.4466572131621413
15,0.33670077438878043,0.347544876439522,-0.4946044020869856
17,0.33670077438878043,0.347544876439522,-0.4946044020869856
19,0.3547181773371323,0.23760308173379036,-0.4466572131621413
21,0.3137319032378494,0.29100440989725457,-0.4790166594828968
23,0.297290758023895,0.2958010132289975,-0.474044067212056
25,0.297290758023895,0.2958010132289975,-0.474044067212056
27,0.3543389401548225,0.23714467481444215,-0.44672471887676574
29,0.3137319032378494,0.29100440989725457,-0.4790166594828968
31,0.3543389401548225,0.23714467481444215,-0.44672471887676574
33,0.3137319032378494,0.29100440989725457,-0.4790166594828968
35,0.3137319032378494,0.29100440989725457,-0.4790166594828968
37,0.3137319032378494,0.29100440989725457,-0.4790166594828968
39,-1.1408962230197086,-0.7898088204496658,-0.5802917190526182
41,-1.1408962230197086,-0.7898088204496658,-0.5802917190526182
43,-1.1408962230197086,-0.7898088204496658,-0.5802917190526182
45,-1.1408962230197086,-0.7898088204496658,-0.5802917190526182
47,-1.1408962230197086,-0.7898088204496658,-0.5802917190526182
49,-1.1408962230197086,-0.7898088204496658,-0.5802917190526182
51,-1.1408962230197086,-0.7898088204496658,-0.5802917190526182
53,-1.1408962230197086,-0.7898088204496658,-0.5802917190526182
55,-1.1408962230197086,-0.7898088204496658,-0.5802917190526182
57,-1.1408962230197086,-0.7898088204496658,-0.5802917190526182
59,-1.1408962230197086,-0.7898088204496658,-0.5802917190526182
61,-1.1408962230197086,-0.7898088204496658,-0.5802917190526182
63,-1.1408962230197086,-0.7898088204496658,-0.5802917190526182
65,-1.1408962230197086,-0.7898088204496658,-0.5802917190526182
67,-1.1408962230197086,-0.7898088204496658,-0.5802917190526182
69,-1.1408962230197086,-0.7898088204496658,-0.5802917190526182
71,-1.1408962230197086,-0.7898088204496658,-0.5802917190526182
73,-1.1408962230197086,-0.7898088204496658,-0.5802917190526182
75,-1.1408962230197086,-0.7898088204496658,-0.5802917190526182
77,-1.1408962230197086,-0.7898088204496658,-0.5802917190526182
79,-1.1408962230197086,-0.7898088204496658,-0.5802917190526182
81,-1.1408962230197086,-0.7898088204496658,-0.5802917190526182
83,-1.1408962230197086,-0.7898088204496658,-0.5802917190526182
85,-1.1408962230197086,-0.7898088204496658,-0.5802917190526182
87,-1.1408962230197086,-0.7898088204496658,-0.5802917190526182
89,-1.1408962230197086,-0.7898088204496658,-0.5802917190526182
91,-1.1408962230197086,-0.7898088204496658,-0.5802917190526182
93,-1.1408962230197086,-0.7898088204496658,-0.5802917190526182
95,-1.1408962230197086,-0.7898088204496658,-0.5802917190526182
97,-1.1408962230197086,-0.7898088204496658,-0.5802917190526182
99,-1.1408962230197086,-0.7898088204496658,-0.5802917190526182
101,-1.1408962230197086,-0.7898088204496658,-0.5802917190526182
103,-1.1408962230197086,-0.7898088204496658,-0.5802917190526182
105,-1.1408962230197086,-0.7898088204496658,-0.5802917190526182
107,-1.1408962230197086,-0.7898088204496658,-0.5802917190526182
109,-1.1408962230197086,-0.7898088204496658,-0.5802917190526182
111,-1.1408962230197086,-0.7898088204496658,-0.5802917190526182
113,-1.1408962230197086,-0.7898088204496658,-0.5802917190526182
115,-1.1408962230197086,-0.7898088204496658,-0.5802917190526182
117,-1.1408962230197086,-0.7898088204496658,-0.5802917190526182
119,-1.1408962230197086,-0.7898088204496658,-0.5802917190526182
189,-1.1408962230197086,-0.7898088204496658,-0.5802917190526182
191,-1.1408962230197086,-0.7898088204496658,-0.5802917190526182
193,-1.1408962230197086,-0.7898088204496658,-0.5802917190526182
195,-1.1408962230197086,-0.7898088204496658,-0.5802917190526182
197,-1.1408962230197086,-0.7898088204496658,-0.5802917190526182
199,-1.1408962230197086,-0.7898088204496658,-0.5802917190526182
201,-1.1408962230197086,-0.7898088204496658,-0.5802917190526182
203,-1.1408962230197086,-0.7898088204496658,-0.5802917190526182
205,-1.365705183059751,2.408299636923283,3.873580627800219
207,-1.3950077616683065,2.8002159281191354,4.5403585465970355
209,-1.3943271899653369,2.7416467946937364,4.490155863333454
211,-1.389618969222294,2.678799936171515,4.382614727764405
213,-1.3792711914272058,2.5405866902760117,4.146813891891592
215,-1.3783300514117316,2.5280095699427,4.125408543860906
217,-1.3132259609603298,1.499148843854115,3.428448071863985
219,-1.31507857756009,1.5237560939765422,3.4715436975494924
221,-1.3132259609603298,1.499148843854115,3.428448071863985
223,-1.3160291302759999,1.5363817437942027,3.4936554847614367
225,-1.3160291302759999,1.5363817437942027,3.4936554847614367
227,-1.3160291302759999,1.5363817437942027,3.4936554847614367
229,-1.3288835338345906,1.9713103655362754,5.16349897135576
231,-1.3288835338345906,1.9713103655362754,5.16349897135576
233,-1.3288835338345906,1.9713103655362754,5.16349897135576
235,-1.1408962230197086,-0.7898088204496658,-0.5802917190526182
237,-1.1408962230197086,-0.7898088204496658,-0.5802917190526182
239,-1.1408962230197086,-0.7898088204496658,-0.5802917190526182
241,-1.1408962230197086,-0.7898088204496658,-0.5802917190526182
243,-1.1408962230197086,-0.7898088204496658,-0.5802917190526182
245,-1.1408962230197086,-0.7898088204496658,-0.5802917190526182
247,-1.1453591458373482,-0.4057353703886061,-0.25108217409793077
249,-1.1453591458373482,-0.4057353703886061,-0.25108217409793077
251,-1.1453591458373482,-0.4057353703886061,-0.25108217409793077
253,-1.1450103118848551,-0.4357555757802219,-0.27681407031426375
255,-1.1450103118848551,-0.4357555757802219,-0.27681407031426375
257,-1.1450103118848551,-0.4357555757802219,-0.27681407031426375
259,-1.1450103118848551,-0.4357555757802219,-0.27681407031426375
261,-1.1450134914643417,-0.4354819452217162,-0.27657952717769163
263,-1.1452821190920648,-0.412364193923522,-0.2567640872298272
265,-1.1452821190920648,-0.412364193923522,-0.2567640872298272
267,-1.1452821190920648,-0.412364193923522,-0.2567640872298272
269,-1.1452821190920648,-0.412364193923522,-0.2567640872298272
271,-1.1452619762343372,-0.41409766258915787,-0.258249934352341
273,-1.1452619762343372,-0.41409766258915787,-0.258249934352341
275,-1.1452205452668756,-0.4176631588485588,-0.26130610863595355
277,-1.1437657296417145,-0.5428627375080404,-0.36862124930098505
279,-1.1437657296417145,-0.5428627375080404,-0.36862124930098505
321,-1.1437772543102436,-0.5418709392216882,-0.36777112685048763
323,-1.1437772543102436,-0.5418709392216882,-0.36777112685048763
325,-1.1437845077539401,-0.5412467171010722,-0.36723607325528074
327,-1.1437845077539401,-0.5412467171010722,-0.36723607325528074
329,-1.1437845077539401,-0.5412467171010722,-0.36723607325528074
331,-1.1437845077539401,-0.5412467171010722,-0.36723607325528074
333,-1.143791800466439,-0.540619115557374,-0.36669812297889254
335,-1.1437845077539401,-0.5412467171010722,-0.36723607325528074
337,-1.1437932637510708,-0.5404931871468158,-0.36659018311809227
339,-1.1437932637510708,-0.5404931871468158,-0.36659018311809227
341,-1.1408962230197086,-0.7898088204496658,-0.5802917190526182
343,-1.1408962230197086,-0.7898088204496658,-0.5802917190526182
345,-1.1408962230197086,-0.7898088204496658,-0.5802917190526182
347,-1.1408962230197086,-0.7898088204496658,-0.5802917190526182
349,-1.1408962230197086,-0.7898088204496658,-0.5802917190526182
351,-1.1408962230197086,-0.7898088204496658,-0.5802917190526182
353,-1.1408962230197086,-0.7898088204496658,-0.5802917190526182
355,-1.1408962230197086,-0.7898088204496658,-0.5802917190526182
357,-1.1408962230197086,-0.7898088204496658,-0.5802917190526182
359,-1.1408962230197086,-0.7898088204496658,-0.5802917190526182
361,-1.1408962230197086,-0.7898088204496658,-0.5802917190526182
363,-1.1408962230197086,-0.7898088204496658,-0.5802917190526182
365,-1.1408962230197086,-0.7898088204496658,-0.5802917190526182
367,-1.1408962230197086,-0.7898088204496658,-0.5802917190526182
369,-1.1408962230197086,-0.7898088204496658,-0.5802917190526182
371,-1.1408962230197086,-0.7898088204496658,-0.5802917190526182
373,-1.1408962230197086,-0.7898088204496658,-0.5802917190526182
375,-1.1408962230197086,-0.7898088204496658,-0.5802917190526182
377,-1.1408962230197086,-0.7898088204496658,-0.5802917190526182
379,-1.1408962230197086,-0.7898088204496658,-0.5802917190526182
381,-1.1408962230197086,-0.7898088204496658,-0.5802917190526182
383,-1.1408962230197086,-0.7898088204496658,-0.5802917190526182
385,-1.1408962230197086,-0.7898088204496658,-0.5802917190526182
387,-1.1408962230197086,-0.7898088204496658,-0.5802917190526182
389,-1.1408962230197086,-0.7898088204496658,-0.5802917190526182
391,-1.1408962230197086,-0.7898088204496658,-0.5802917190526182
393,-1.1408962230197086,-0.7898088204496658,-0.5802917190526182
395,-1.1408962230197086,-0.7898088204496658,-0.5802917190526182
397,-1.1408962230197086,-0.7898088204496658,-0.5802917190526182
399,-1.1408962230197086,-0.7898088204496658,-0.5802917190526182
401,-1.1408962230197086,-0.7898088204496658,-0.5802917190526182
403,-1.1408962230197086,-0.7898088204496658,-0.5802917190526182
405,-1.1408962230197086,-0.7898088204496658,-0.5802917190526182
407,-1.1408962230197086,-0.7898088204496658,-0.5802917190526182
409,-1.1408962230197086,-0.7898088204496658,-0.5802917190526182
411,-1.1408962230197086,-0.7898088204496658,-0.5802917190526182
413,-1.1408962230197086,-0.7898088204496658,-0.5802917190526182
415,-1.1408962230197086,-0.7898088204496658,-0.5802917190526182
417,-1.1408962230197086,-0.7898088204496658,-0.5802917190526182
419,-1.1408962230197086,-0.7898088204496658,-0.5802917190526182
421,-1.1408962230197086,-0.7898088204496658,-0.5802917190526182
423,-1.1408962230197086,-0.7898088204496658,-0.5802917190526182
425,-1.1408962230197086,-0.7898088204496658,-0.5802917190526182
427,-1.1408962230197086,-0.7898088204496658,-0.5802917190526182
429,-1.1408962230197086,-0.7898088204496658,-0.5802917190526182
431,-1.1408962230197086,-0.7898088204496658,-0.5802917190526182
433,-1.1408962230197086,-0.7898088204496658,-0.5802917190526182
435,-1.1408962230197086,-0.7898088204496658,-0.5802917190526182
437,-1.1408962230197086,-0.7898088204496658,-0.5802917190526182
439,-1.1408962230197086,-0.7898088204496658,-0.5802917190526182
441,-1.1408962230197086,-0.7898088204496658,-0.5802917190526182
443,-1.1408962230197086,-0.7898088204496658,-0.5802917190526182
445,-1.1408962230197086,-0.7898088204496658,-0.5802917190526182
447,-1.1408962230197086,-0.7898088204496658,-0.5802917190526182
449,-1.1408962230197086,-0.7898088204496658,-0.5802917190526182
451,-1.1408962230197086,-0.7898088204496658,-0.5802917190526182
453,-1.1408962230197086,-0.7898088204496658,-0.5802917190526182
455,-1.1408962230197086,-0.7898088204496658,-0.5802917190526182
457,-1.1408962230197086,-0.7898088204496658,-0.5802917190526182
459,-1.1408962230197086,-0.7898088204496658,-0.5802917190526182
461,-1.1408962230197086,-0.7898088204496658,-0.5802917190526182
463,-1.1408962230197086,-0.7898088204496658,-0.5802917190526182
465,-1.1408962230197086,-0.7898088204496658,-0.5802917190526182
477,-1.1523276574486339,-0.00030510657505846144,3.4333507396959537
479,-1.1523276574486339,-0.00030510657505846144,3.4333507396959537
481,-1.1506784856961687,-0.10859389651100738,2.7627638998753525
483,-1.1502513630453017,-0.13672625497731494,2.5904972017644976
485,-1.148034855585068,-0.32410078480727167,2.3719128049841123
487,-1.148034855585068,-0.32410078480727167,2.3719128049841123
489,-1.1480742896860934,-0.32152819439056923,2.3882209046633593
491,-1.1391708028506577,-1.087750924692565,1.7314511218612523
493,-1.1408962230197086,-0.7898088204496658,-0.5802917190526182
495,-1.1408962230197086,-0.7898088204496658,-0.5802917190526182
497,-1.1408962230197086,-0.7898088204496658,-0.5802917190526182
499,-1.1408962230197086,-0.7898088204496658,-0.5802917190526182
501,-1.1408962230197086,-0.7898088204496658,-0.5802917190526182
503,-1.1408962230197086,-0.7898088204496658,-0.5802917190526182
505,-1.1408962230197086,-0.7898088204496658,-0.5802917190526182
507,-1.1408962230197086,-0.7898088204496658,-0.5802917190526182
509,-1.1408962230197086,-0.7898088204496658,-0.5802917190526182
511,-1.1408962230197086,-0.7898088204496658,-0.5802917190526182
513,-1.1408962230197086,-0.7898088204496658,-0.5802917190526182
515,-1.1408962230197086,-0.7898088204496658,-0.5802917190526182
517,-1.1408962230197086,-0.7898088204496658,-0.5802917190526182
519,-1.1408962230197086,-0.7898088204496658,-0.5802917190526182
521,-1.1408962230197086,-0.7898088204496658,-0.5802917190526182
523,-1.1408962230197086,-0.7898088204496658,-0.5802917190526182
525,-1.1408962230197086,-0.7898088204496658,-0.5802917190526182
527,-1.1408962230197086,-0.7898088204496658,-0.5802917190526182
529,-1.1408962230197086,-0.7898088204496658,-0.5802917190526182
531,-1.1408962230197086,-0.7898088204496658,-0.5802917190526182
533,-1.1408962230197086,-0.7898088204496658,-0.5802917190526182
535,0.8666943827889773,-0.6156958200099778,1.8001780587765837
537,0.8582082711375092,-0.6135201725186481,1.782734276690898
539,0.8615354453880507,-0.6144209372876137,1.7751254892318855
541,0.8615354453880507,-0.6144209372876137,1.7751254892318855
543,0.8615354453880507,-0.6144209372876137,1.7751254892318855
545,0.8615354453880507,-0.6144209372876137,1.7751254892318855
547,0.8604017904774356,-0.6134570929691994,1.7737861012281493
549,0.7807486592908183,-0.6099541612645252,1.5490632672764324
551,0.7807486592908183,-0.6099541612645252,1.5490632672764324
553,0.7819856917320539,-0.6300437028679348,1.5338304866603782
555,0.7819856917320539,-0.6300437028679348,1.5338304866603782
557,0.7819856917320539,-0.6300437028679348,1.5338304866603782
559,0.7819856917320539,-0.6300437028679348,1.5338304866603782
561,0.7819856917320539,-0.6300437028679348,1.5338304866603782
563,0.7819856917320539,-0.6300437028679348,1.5338304866603782
565,0.7818853205821521,-0.6300518257251887,1.5336245948459388
567,0.7807827946030707,-0.6301410317472884,1.531363239660771
569,0.7807827946030707,-0.6301410317472884,1.531363239660771
571,0.7810832008699304,-0.6301167292328885,1.5319793456345454
573,0.7827375919605424,-0.6316502488725768,1.522991263849887
575,0.7827375919605424,-0.6316502488725768,1.522991263849887
577,0.7827375919605424,-0.6316502488725768,1.522991263849887
579,0.7827375919605424,-0.6316502488725768,1.522991263849887
581,0.7837443707520991,-0.6326459992299209,1.5197542345881374
583,0.7837443707520991,-0.6326459992299209,1.5197542345881374
585,0.7837443707520991,-0.6326459992299209,1.5197542345881374
587,0.7837443707520991,-0.6326459992299209,1.5197542345881374
589,0.7836499089192421,-0.632403524747566,1.5187352622289025
591,0.7836499089192421,-0.632403524747566,1.5187352622289025
593,0.7836499089192421,-0.632403524747566,1.5187352622289025
595,0.7836499089192421,-0.632403524747566,1.5187352622289025
597,0.7845973680436609,-0.6326145497685023,1.5172184557159965
599,0.7845973680436609,-0.6326145497685023,1.5172184557159965
601,0.8043666440576169,-0.632397874927453,1.4790509390173903
603,0.8287348709506277,-0.6111816442524954,1.4406877898524058
605,0.8289087038391013,-0.6113604567881511,1.4416823704163784
607,0.8289087038391013,-0.6113604567881511,1.4416823704163784
609,0.8287348709506277,-0.6111816442524954,1.4406877898524058
611,0.8287348709506277,-0.6111816442524954,1.4406877898524058
613,0.8287348709506277,-0.6111816442524954,1.4406877898524058
615,0.8279139201574427,-0.6112563657660617,1.4390305899627172
617,0.8283370362321528,-0.6090357266147602,1.4414230297857762
619,0.8291730083629362,-0.6093464504327754,1.4411791008979027
621,0.8291730083629362,-0.6093464504327754,1.4411791008979027
623,0.8291730083629362,-0.6093464504327754,1.4411791008979027
625,0.8307468207944368,-0.6097837666890555,1.4398752033051205
627,0.8090519285427498,-0.5766302591536311,1.4231875092796573
629,0.8090519285427498,-0.5766302591536311,1.4231875092796573
631,0.8090519285427498,-0.5766302591536311,1.4231875092796573
633,0.8090519285427498,-0.5766302591536311,1.4231875092796573
635,0.8076393734943326,-0.5743093762645032,1.422509161034558
637,0.8076393734943326,-0.5743093762645032,1.422509161034558
639,0.8076393734943326,-0.5743093762645032,1.422509161034558
641,0.8076393734943326,-0.5743093762645032,1.422509161034558
643,0.8074858686635284,-0.5743242041306872,1.4222006288136593
645,0.8074858686635284,-0.5743242041306872,1.4222006288136593
647,0.8074858686635284,-0.5743242041306872,1.4222006288136593
649,0.8092382086110154,-0.5772708221026999,1.4391854029687399
651,0.8118925627486516,-0.5831096285643609,1.4371718320528262
653,0.8118925627486516,-0.5831096285643609,1.4371718320528262
655,0.8118925627486516,-0.5831096285643609,1.4371718320528262
657,0.811971825310305,-0.5831021039975328,1.4373315659292878
659,0.8114964704909027,-0.5831472303020012,1.4363736503518407
661,0.8114964704909027,-0.5831472303020012,1.4363736503518407
663,0.8114964704909027,-0.5831472303020012,1.4363736503518407
665,-1.1408962230197086,-0.7898088204496658,-0.5802917190526182
667,-1.1408962230197086,-0.7898088204496658,-0.5802917190526182
669,-1.1408962230197086,-0.7898088204496658,-0.5802917190526182
671,-1.1408962230197086,-0.7898088204496658,-0.5802917190526182
673,-1.1408962230197086,-0.7898088204496658,-0.5802917190526182
675,-1.1408962230197086,-0.7898088204496658,-0.5802917190526182
677,-1.1408962230197086,-0.7898088204496658,-0.5802917190526182
679,-1.1408962230197086,-0.7898088204496658,-0.5802917190526182
681,-1.1408962230197086,-0.7898088204496658,-0.5802917190526182
683,-1.1408962230197086,-0.7898088204496658,-0.5802917190526182
685,-1.1408962230197086,-0.7898088204496658,-0.5802917190526182
687,-1.1408962230197086,-0.7898088204496658,-0.5802917190526182
689,-1.1408962230197086,-0.7898088204496658,-0.5802917190526182
691,-1.1408962230197086,-0.7898088204496658,-0.5802917190526182
693,-1.1408962230197086,-0.7898088204496658,-0.5802917190526182
695,-1.1408962230197086,-0.7898088204496658,-0.5802917190526182
697,-1.1408962230197086,-0.7898088204496658,-0.5802917190526182
699,-1.1408962230197086,-0.7898088204496658,-0.5802917190526182
701,-1.1408962230197086,-0.7898088204496658,-0.5802917190526182
703,-1.1408962230197086,-0.7898088204496658,-0.5802917190526182
705,-1.1408962230197086,-0.7898088204496658,-0.5802917190526182
707,-1.1408962230197086,-0.7898088204496658,-0.5802917190526182
709,-1.1408962230197086,-0.7898088204496658,-0.5802917190526182
711,-1.1408962230197086,-0.7898088204496658,-0.5802917190526182
713,-1.1408962230197086,-0.7898088204496658,-0.5802917190526182
715,-1.1408962230197086,-0.7898088204496658,-0.5802917190526182
717,-1.1408962230197086,-0.7898088204496658,-0.5802917190526182
719,-1.1408962230197086,-0.7898088204496658,-0.5802917190526182
721,-1.1408962230197086,-0.7898088204496658,-0.5802917190526182
723,-1.1408962230197086,-0.7898088204496658,-0.5802917190526182
725,-1.1408962230197086,-0.7898088204496658,-0.5802917190526182
727,-1.1408962230197086,-0.7898088204496658,-0.5802917190526182
729,-1.1408962230197086,-0.7898088204496658,-0.5802917190526182
731,-1.1408962230197086,-0.7898088204496658,-0.5802917190526182
733,-1.1408962230197086,-0.7898088204496658,-0.5802917190526182
735,-1.1408962230197086,-0.7898088204496658,-0.5802917190526182
737,-1.1408962230197086,-0.7898088204496658,-0.5802917190526182
739,-1.1408962230197086,-0.7898088204496658,-0.5802917190526182
741,-1.1408962230197086,-0.7898088204496658,-0.5802917190526182
743,-1.1408962230197086,-0.7898088204496658,-0.5802917190526182
745,-1.1408962230197086,-0.7898088204496658,-0.5802917190526182
747,-1.1408962230197086,-0.7898088204496658,-0.5802917190526182
749,-1.1408962230197086,-0.7898088204496658,-0.5802917190526182
751,-1.1408962230197086,-0.7898088204496658,-0.5802917190526182
753,-1.1408962230197086,-0.7898088204496658,-0.5802917190526182
755,-1.1408962230197086,-0.7898088204496658,-0.5802917190526182
757,-1.1408962230197086,-0.7898088204496658,-0.5802917190526182
759,-1.1408962230197086,-0.7898088204496658,-0.5802917190526182
761,-1.1408962230197086,-0.7898088204496658,-0.5802917190526182
763,-1.1408962230197086,-0.7898088204496658,-0.5802917190526182
765,-1.1408962230197086,-0.7898088204496658,-0.5802917190526182
767,-1.1408962230197086,-0.7898088204496658,-0.5802917190526182
769,-1.1408962230197086,-0.7898088204496658,-0.5802917190526182
771,-1.1408962230197086,-0.7898088204496658,-0.5802917190526182
773,-1.1408962230197086,-0.7898088204496658,-0.5802917190526182
775,-1.1408962230197086,-0.7898088204496658,-0.5802917190526182
777,-1.1408962230197086,-0.7898088204496658,-0.5802917190526182
779,-1.1408962230197086,-0.7898088204496658,-0.5802917190526182
781,-1.1408962230197086,-0.7898088204496658,-0.5802917190526182
783,-1.1408962230197086,-0.7898088204496658,-0.5802917190526182
785,-1.1408962230197086,-0.7898088204496658,-0.5802917190526182
787,-1.1408962230197086,-0.7898088204496658,-0.5802917190526182
789,-1.1408962230197086,-0.7898088204496658,-0.5802917190526182
791,-1.1408962230197086,-0.7898088204496658,-0.5802917190526182
793,-1.1408962230197086,-0.7898088204496658,-0.5802917190526182
795,-1.1408962230197086,-0.7898088204496658,-0.5802917190526182
797,-1.1408962230197086,-0.7898088204496658,-0.5802917190526182
799,-1.1408962230197086,-0.7898088204496658,-0.5802917190526182
801,-1.1408962230197086,-0.7898088204496658,-0.5802917190526182
803,-1.1408962230197086,-0.7898088204496658,-0.5802917190526182
805,-1.1408962230197086,-0.7898088204496658,-0.5802917190526182
807,-1.1408962230197086,-0.7898088204496658,-0.5802917190526182
809,-1.1408962230197086,-0.7898088204496658,-0.5802917190526182
811,-1.1408962230197086,-0.7898088204496658,-0.5802917190526182
813,-1.1408962230197086,-0.7898088204496658,-0.5802917190526182
815,-1.1408962230197086,-0.7898088204496658,-0.5802917190526182
817,-1.1408962230197086,-0.7898088204496658,-0.5802917190526182
819,-1.1408962230197086,-0.7898088204496658,-0.5802917190526182
821,-1.1408962230197086,-0.7898088204496658,-0.5802917190526182
823,-1.1408962230197086,-0.7898088204496658,-0.5802917190526182
825,-1.1408962230197086,-0.7898088204496658,-0.5802917190526182
827,-1.1408962230197086,-0.7898088204496658,-0.5802917190526182
829,-1.1408962230197086,-0.7898088204496658,-0.5802917190526182
831,-1.1408962230197086,-0.7898088204496658,-0.5802917190526182
833,-1.1408962230197086,-0.7898088204496658,-0.5802917190526182
835,-1.1408962230197086,-0.7898088204496658,-0.5802917190526182
837,-1.1408962230197086,-0.7898088204496658,-0.5802917190526182
839,-1.1408962230197086,-0.7898088204496658,-0.5802917190526182
841,-1.1408962230197086,-0.7898088204496658,-0.5802917190526182
843,-1.1408962230197086,-0.7898088204496658,-0.5802917190526182
845,-1.1408962230197086,-0.7898088204496658,-0.5802917190526182
847,-1.1408962230197086,-0.7898088204496658,-0.5802917190526182
849,-1.1408962230197086,-0.7898088204496658,-0.5802917190526182
851,-1.1408962230197086,-0.7898088204496658,-0.5802917190526182
853,-1.1408962230197086,-0.7898088204496658,-0.5802917190526182
855,-1.1408962230197086,-0.7898088204496658,-0.5802917190526182
857,-1.1408962230197086,-0.7898088204496658,-0.5802917190526182
859,-1.1408962230197086,-0.7898088204496658,-0.5802917190526182
861,-1.1408962230197086,-0.7898088204496658,-0.5802917190526182
863,-1.1408962230197086,-0.7898088204496658,-0.5802917190526182
865,-1.1408962230197086,-0.7898088204496658,-0.5802917190526182
867,-1.1408962230197086,-0.7898088204496658,-0.5802917190526182
869,-1.1408962230197086,-0.7898088204496658,-0.5802917190526182
871,-1.1408962230197086,-0.7898088204496658,-0.5802917190526182
873,-1.1408962230197086,-0.7898088204496658,-0.5802917190526182
875,-1.1408962230197086,-0.7898088204496658,-0.5802917190526182
877,-1.1408962230197086,-0.7898088204496658,-0.5802917190526182
879,-1.1408962230197086,-0.7898088204496658,-0.5802917190526182
881,-1.1408962230197086,-0.7898088204496658,-0.5802917190526182
883,-1.1408962230197086,-0.7898088204496658,-0.5802917190526182
885,-1.1408962230197086,-0.7898088204496658,-0.5802917190526182
887,-1.1408962230197086,-0.7898088204496658,-0.5802917190526182
889,-1.1408962230197086,-0.7898088204496658,-0.5802917190526182
891,-1.1408962230197086,-0.7898088204496658,-0.5802917190526182
893,-1.1408962230197086,-0.7898088204496658,-0.5802917190526182
895,-1.1408962230197086,-0.7898088204496658,-0.5802917190526182
897,-1.1408962230197086,-0.7898088204496658,-0.5802917190526182
899,-1.1408962230197086,-0.7898088204496658,-0.5802917190526182
901,-1.1408962230197086,-0.7898088204496658,-0.5802917190526182
903,-1.1408962230197086,-0.7898088204496658,-0.5802917190526182
905,-1.1408962230197086,-0.7898088204496658,-0.5802917190526182
907,-1.1408962230197086,-0.7898088204496658,-0.5802917190526182
909,-1.1408962230197086,-0.7898088204496658,-0.5802917190526182
911,-1.1408962230197086,-0.7898088204496658,-0.5802917190526182
913,-1.1408962230197086,-0.7898088204496658,-0.5802917190526182
915,-1.1408962230197086,-0.7898088204496658,-0.5802917190526182
917,-1.1408962230197086,-0.7898088204496658,-0.5802917190526182
919,-1.1408962230197086,-0.7898088204496658,-0.5802917190526182
921,-1.1408962230197086,-0.7898088204496658,-0.5802917190526182
923,-1.1408962230197086,-0.7898088204496658,-0.5802917190526182
925,-1.1408962230197086,-0.7898088204496658,-0.5802917190526182
927,-1.1408962230197086,-0.7898088204496658,-0.5802917190526182
929,-1.1408962230197086,-0.7898088204496658,-0.5802917190526182
931,-1.1408962230197086,-0.7898088204496658,-0.5802917190526182
933,-1.1408962230197086,-0.7898088204496658,-0.5802917190526182
935,-1.1408962230197086,-0.7898088204496658,-0.5802917190526182
937,-1.1408962230197086,-0.7898088204496658,-0.5802917190526182
939,-1.1408962230197086,-0.7898088204496658,-0.5802917190526182
941,-1.1408962230197086,-0.7898088204496658,-0.5802917190526182
943,-1.1408962230197086,-0.7898088204496658,-0.5802917190526182
945,-1.1408962230197086,-0.7898088204496658,-0.5802917190526182
947,-1.1408962230197086,-0.7898088204496658,-0.5802917190526182
949,-1.1408962230197086,-0.7898088204496658,-0.5802917190526182
955,1.3330223591942512,0.1708415881742721,-0.2174894007419549
957,1.3322929445952234,0.16911193476015535,-0.19617057149733175
959,1.3322787559521867,0.16910737700721631,-0.19617741083900067
961,1.3316317108221394,0.16542104769555332,-0.17015525901824397
963,1.3316113416286246,0.16791915221278775,-0.1718861743978043
965,1.3316113416286246,0.16791915221278775,-0.1718861743978043
967,1.3316317108221394,0.16542104769555332,-0.17015525901824397
969,1.3316317108221394,0.16542104769555332,-0.17015525901824397
971,1.331645878273783,0.16542549217337627,-0.1701476066463575
973,1.3340157267526442,0.1645588354099284,-0.1680962485406746
975,1.3340093160563893,0.16709411223693937,-0.16984213690656888
977,1.3339950908475477,0.16708964978417304,-0.16984982830203768
979,1.3339950908475477,0.16708964978417304,-0.16984982830203768
981,1.3506626971116964,0.2096860627647274,-0.12150571739618973
983,1.3509237489203794,0.2104617494744322,-0.1392302344810177
985,1.35090318034586,0.21298430633867713,-0.14097809268391248
987,1.35090318034586,0.21298430633867713,-0.14097809268391248
989,1.3509237489203794,0.2104617494744322,-0.1392302344810177
991,1.35090318034586,0.21298430633867713,-0.14097809268391248
993,1.3509237489203794,0.2104617494744322,-0.1392302344810177
995,1.35090318034586,0.21298430633867713,-0.14097809268391248
997,1.35090318034586,0.21298430633867713,-0.14097809268391248
999,1.3511602130563296,0.2130656756148282,-0.14084877562730058
1001,1.3511602130563296,0.2130656756148282,-0.14084877562730058
1003,1.3511807816308488,0.21054311875058299,-0.1391009174244058
1005,0.6992057694747407,0.21685148619081687,0.8222675641347301
1007,0.7049855179829397,0.22357880805403088,0.8311504522826154
1009,0.7049855179829397,0.22357880805403088,0.8311504522826154
1011,0.5555443789901935,0.0009895611928337643,1.1658889814445599
1013,0.5555443789901935,0.0009895611928337643,1.1658889814445599
1015,0.5555443789901935,0.0009895611928337643,1.1658889814445599
1017,0.5555443789901935,0.0009895611928337643,1.1658889814445599
1019,0.5555443789901935,0.0009895611928337643,1.1658889814445599
1021,0.5555443789901935,0.0009895611928337643,1.1658889814445599
1023,0.5555443789901935,0.0009895611928337643,1.1658889814445599
1025,0.5438408146601155,-0.03217950378310949,1.3104031978643584
1027,0.5438408146601155,-0.03217950378310949,1.3104031978643584
1029,0.5438408146601155,-0.03217950378310949,1.3104031978643584
1031,0.5446254238472031,-0.03143131693465295,1.3120442868346764
1033,0.5446254238472031,-0.03143131693465295,1.3120442868346764
1035,0.5440368253147707,-0.03199264873368538,1.310813106581841
1037,0.5440368253147707,-0.03199264873368538,1.310813106581841
1039,0.5440368253147707,-0.03199264873368538,1.310813106581841
1041,0.5440368253147707,-0.03199264873368538,1.310813106581841
1043,0.5440368253147707,-0.03199264873368538,1.310813106581841
1045,0.5465935843547396,-0.029551861938384674,1.3161640511184134
1047,0.5461991907566668,-0.029928784744459015,1.3153381424258437
1049,0.5458051786396783,-0.030305190487330116,1.3145132137077953
1051,0.5458051786396783,-0.030305190487330116,1.3145132137077953
1053,0.5458051786396783,-0.030305190487330116,1.3145132137077953
1055,0.5458051786396783,-0.030305190487330116,1.3145132137077953
1057,0.5458051786396783,-0.030305190487330116,1.3145132137077953
1059,0.5458051786396783,-0.030305190487330116,1.3145132137077953
1061,0.5458051786396783,-0.030305190487330116,1.3145132137077953
1063,0.5458051786396783,-0.030305190487330116,1.3145132137077953
1065,0.5458051786396783,-0.030305190487330116,1.3145132137077953
1067,0.5458051786396783,-0.030305190487330116,1.3145132137077953
1069,0.5458051786396783,-0.030305190487330116,1.3145132137077953
1071,0.5458051786396783,-0.030305190487330116,1.3145132137077953
1073,0.5400373400919825,-0.035797860407917485,1.302458023408305
1075,0.5402315284737794,-0.03561346683482127,1.3028632597644556
1077,0.5401344227097093,-0.035705679229454536,1.3026606119380593
1079,0.5401344227097093,-0.035705679229454536,1.3026606119380593
1081,0.5401344227097093,-0.035705679229454536,1.3026606119380593
1083,0.5401344227097093,-0.035705679229454536,1.3026606119380593
1085,0.5400373400919825,-0.035797860407917485,1.302458023408305
1087,0.5401344227097093,-0.035705679229454536,1.3026606119380593
1089,0.5401344227097093,-0.035705679229454536,1.3026606119380593
1091,0.5401344227097093,-0.035705679229454536,1.3026606119380593
1093,0.5400373400919825,-0.035797860407917485,1.302458023408305
1095,0.5404258094848916,-0.035428948327711866,1.3032687334302029
1097,0.5404258094848916,-0.035428948327711866,1.3032687334302029
1099,0.5404258094848916,-0.035428948327711866,1.3032687334302029
1101,0.5404258094848916,-0.035428948327711866,1.3032687334302029
1103,0.530349315486047,-0.044950369327556014,1.2822966853589277
1105,0.527892229455169,-0.04725705344807282,1.2772007533833543
1107,0.527892229455169,-0.04725705344807282,1.2772007533833543
1109,0.5279864590948695,-0.0471687004045215,1.2773960532966424
1111,0.527892229455169,-0.04725705344807282,1.2772007533833543
1113,0.527892229455169,-0.04725705344807282,1.2772007533833543
1115,0.527892229455169,-0.04725705344807282,1.2772007533833543
1117,0.527892229455169,-0.04725705344807282,1.2772007533833543
1119,0.527892229455169,-0.04725705344807282,1.2772007533833543
1121,0.527892229455169,-0.04725705344807282,1.2772007533833543
1123,0.527892229455169,-0.04725705344807282,1.2772007533833543
1125,0.5279864590948695,-0.0471687004045215,1.2773960532966424
1127,0.5279864590948695,-0.0471687004045215,1.2773960532966424
1129,0.5279864590948695,-0.0471687004045215,1.2773960532966424
1131,0.5279864590948695,-0.0471687004045215,1.2773960532966424
1133,0.5279864590948695,-0.0471687004045215,1.2773960532966424
1135,0.5279864590948695,-0.0471687004045215,1.2773960532966424
1137,0.5279864590948695,-0.0471687004045215,1.2773960532966424
1139,0.5279864590948695,-0.0471687004045215,1.2773960532966424
1141,0.5279864590948695,-0.0471687004045215,1.2773960532966424
1143,0.5279864590948695,-0.0471687004045215,1.2773960532966424
1145,0.5202433176983335,-0.049128218946534956,1.3067111351753087
1147,-1.0364468087110017,3.507007681622308,-0.7180699370871331
1149,-1.0364468087110017,3.507007681622308,-0.7180699370871331
1151,-1.0364468087110017,3.507007681622308,-0.7180699370871331
1153,-1.0364468087110017,3.507007681622308,-0.7180699370871331
1179,-1.0364837464953496,3.5057539748317947,-0.7167051850948459
1181,-1.0066334239158974,3.376236973728654,-0.7435457743501583
1183,-1.0066334239158974,3.376236973728654,-0.7435457743501583
1185,-1.0066793960023537,3.3764638846191244,-0.7436613300242805
1187,-1.0066793960023537,3.3764638846191244,-0.7436613300242805
1189,-1.0066793960023537,3.3764638846191244,-0.7436613300242805
1191,-1.0066605975924767,3.376475664741747,-0.7436750838733619
1193,-1.0059884957136958,3.3764254187177345,-0.7456549392004739
1195,-1.0059884957136958,3.3764254187177345,-0.7456549392004739
1197,-1.0059884957136958,3.3764254187177345,-0.7456549392004739
1199,-0.23622793811263726,2.8530314370872407,-0.6781078604719758
1201,-0.23622793811263726,2.8530314370872407,-0.6781078604719758
1203,-0.23622793811263726,2.8530314370872407,-0.6781078604719758
1205,-0.23622793811263726,2.8530314370872407,-0.6781078604719758
1207,-0.23662840585859093,2.8502694996982565,-0.6771898164575076
1209,-0.23662840585859093,2.8502694996982565,-0.6771898164575076
1211,-0.23662840585859093,2.8502694996982565,-0.6771898164575076
1213,-0.23662840585859093,2.8502694996982565,-0.6771898164575076
1215,-0.236631939322845,2.8500943204725533,-0.677069436071129
1217,-0.23662678212925398,2.8500703634099915,-0.6770518366165489
1256,-1.2022366605046204,0.7142293314083349,-0.828859361355564
1258,-1.2022366605046204,0.7142293314083349,-0.828859361355564
1260,-1.202408551850882,0.7258297828573573,-0.8301221825906235
1262,-1.202408551850882,0.7258297828573573,-0.8301221825906235
1264,-1.202408551850882,0.7258297828573573,-0.8301221825906235
1266,-1.2027688290685674,0.7514059693560984,-0.8328741378540961
1268,-1.2027688290685674,0.7514059693560984,-0.8328741378540961
1270,-1.2027688290685674,0.7514059693560984,-0.8328741378540961
1272,1.193277397220689,1.8728230920614912,0.23386052236783547
1274,1.193277397220689,1.8728230920614912,0.23386052236783547
1276,1.193277397220689,1.8728230920614912,0.23386052236783547
1278,1.193277397220689,1.8728230920614912,0.23386052236783547
1280,1.193277397220689,1.8728230920614912,0.23386052236783547
1282,1.193277397220689,1.8728230920614912,0.23386052236783547
1284,1.193277397220689,1.8728230920614912,0.23386052236783547
1286,1.193277397220689,1.8728230920614912,0.23386052236783547
1288,1.1934100695146967,1.8730634320493889,0.23404093583692598
1290,1.1934100695146967,1.8730634320493889,0.23404093583692598
1292,1.1934100695146967,1.8730634320493889,0.23404093583692598
1294,1.1934100695146967,1.8730634320493889,0.23404093583692598
1296,1.193196341937438,1.8726762592461033,0.23375031081922357
1298,1.1934100695146967,1.8730634320493889,0.23404093583692598
1300,1.193196341937438,1.8726762592461033,0.23375031081922357
1302,-1.1860476062480616,-0.1843574075192173,-0.7382486201376749
1304,-1.1540394419794007,0.11174281519671417,4.135144625112017
1306,-1.1540394419794007,0.11174281519671417,4.135144625112017
1308,-1.1540394419794007,0.11174281519671417,4.135144625112017
1310,-1.1540394419794007,0.11174281519671417,4.135144625112017
1312,-1.1540394419794007,0.11174281519671417,4.135144625112017
1314,-1.1540394419794007,0.11174281519671417,4.135144625112017
1316,-1.1540394419794007,0.11174281519671417,4.135144625112017
1318,-1.1540394419794007,0.11174281519671417,4.135144625112017
1320,-1.1540394419794007,0.11174281519671417,4.135144625112017
1322,-1.1540394419794007,0.11174281519671417,4.135144625112017
1324,-1.1540394419794007,0.11174281519671417,4.135144625112017
1326,-1.1540394419794007,0.11174281519671417,4.135144625112017
1328,-1.1540394419794007,0.11174281519671417,4.135144625112017
1330,-1.1540394419794007,0.11174281519671417,4.135144625112017
1332,-1.1540394419794007,0.11174281519671417,4.135144625112017
1334,-1.1540394419794007,0.11174281519671417,4.135144625112017
1336,-1.1540394419794007,0.11174281519671417,4.135144625112017
1338,-1.1540394419794007,0.11174281519671417,4.135144625112017
1340,-1.1540394419794007,0.11174281519671417,4.135144625112017
1342,-1.1526567791184972,0.02125917021913803,3.5679401876425296
1344,-1.1540394419794007,0.11174281519671417,4.135144625112017
1346,-1.1526567791184972,0.02125917021913803,3.5679401876425296
1348,-1.1526567791184972,0.02125917021913803,3.5679401876425296
1350,-1.1526567791184972,0.02125917021913803,3.5679401876425296
1352,-1.1526567791184972,0.02125917021913803,3.5679401876425296
1354,-1.1408962230197086,-0.7898088204496658,-0.5802917190526182
1356,-1.1408962230197086,-0.7898088204496658,-0.5802917190526182
1358,-1.1408962230197086,-0.7898088204496658,-0.5802917190526182
1360,-1.1408962230197086,-0.7898088204496658,-0.5802917190526182
1362,-1.1408962230197086,-0.7898088204496658,-0.5802917190526182
1364,-1.1408962230197086,-0.7898088204496658,-0.5802917190526182
1366,-1.1408962230197086,-0.7898088204496658,-0.5802917190526182
1368,-1.1408962230197086,-0.7898088204496658,-0.5802917190526182
1370,-1.1408962230197086,-0.7898088204496658,-0.5802917190526182
1372,-1.1408962230197086,-0.7898088204496658,-0.5802917190526182
1374,-1.1408962230197086,-0.7898088204496658,-0.5802917190526182
1376,-1.1408962230197086,-0.7898088204496658,-0.5802917190526182
1378,-1.1408962230197086,-0.7898088204496658,-0.5802917190526182
1380,-1.1408962230197086,-0.7898088204496658,-0.5802917190526182
1382,-1.1408962230197086,-0.7898088204496658,-0.5802917190526182
1384,-1.1408962230197086,-0.7898088204496658,-0.5802917190526182
1386,-1.1408962230197086,-0.7898088204496658,-0.5802917190526182
1388,-1.1408962230197086,-0.7898088204496658,-0.5802917190526182
1390,-1.1408962230197086,-0.7898088204496658,-0.5802917190526182
1392,-1.1408962230197086,-0.7898088204496658,-0.5802917190526182
1394,-1.1408962230197086,-0.7898088204496658,-0.5802917190526182
1396,-1.1408962230197086,-0.7898088204496658,-0.5802917190526182
1398,-1.1408962230197086,-0.7898088204496658,-0.5802917190526182
1400,-1.1408962230197086,-0.7898088204496658,-0.5802917190526182
1402,-1.1408962230197086,-0.7898088204496658,-0.5802917190526182
1404,-1.1408962230197086,-0.7898088204496658,-0.5802917190526182
1406,-1.1441127852759378,-0.5129955719204427,-0.34302053154604456
1434,-1.1381235269890717,-1.268592426096427,3.134606433772688
1436,-1.1381235269890717,-1.268592426096427,3.134606433772688
1438,-1.1381235269890717,-1.268592426096427,3.134606433772688
1440,-1.1381235269890717,-1.268592426096427,3.134606433772688
1442,-1.1381235269890717,-1.268592426096427,3.134606433772688
1444,-1.1381235269890717,-1.268592426096427,3.134606433772688
1446,-1.1381235269890717,-1.268592426096427,3.134606433772688
1448,-1.1381235269890717,-1.268592426096427,3.134606433772688
1450,-1.1381235269890717,-1.268592426096427,3.134606433772688
1452,-1.1381235269890717,-1.268592426096427,3.134606433772688
1454,-1.1381235269890717,-1.268592426096427,3.134606433772688
1456,-1.1381235269890717,-1.268592426096427,3.134606433772688
1458,-1.1381235269890717,-1.268592426096427,3.134606433772688
1460,-1.1381235269890717,-1.268592426096427,3.134606433772688
1462,-1.1381235269890717,-1.268592426096427,3.134606433772688
1464,-1.1381235269890717,-1.268592426096427,3.134606433772688
1466,-0.38145138455950733,0.7414551866736723,-0.5013379010777008
1468,-0.37881927065970705,0.7469086681843768,-0.5012370831588149
1470,-0.38028449477512843,0.7438727808926803,-0.501293133363177
1472,-0.3811601008021973,0.7420586633697303,-0.5013267151720235
1474,0.9555938592373391,0.055404218173205726,0.8887927848683495
1476,0.9555938592373391,0.055404218173205726,0.8887927848683495
1478,0.9555938592373391,0.055404218173205726,0.8887927848683495
1480,0.9555938592373391,0.055404218173205726,0.8887927848683495
1482,0.9555938592373391,0.055404218173205726,0.8887927848683495
1484,0.9555938592373391,0.055404218173205726,0.8887927848683495
1486,0.9555938592373391,0.055404218173205726,0.8887927848683495
1488,0.9555938592373391,0.055404218173205726,0.8887927848683495
1490,0.9555938592373391,0.055404218173205726,0.8887927848683495
1492,0.9556494531606259,0.055450226328084634,0.8889062500270927
1494,0.9555938592373391,0.055404218173205726,0.8887927848683495
1496,0.9555938592373391,0.055404218173205726,0.8887927848683495
1498,0.9555938592373391,0.055404218173205726,0.8887927848683495
1500,0.9555938592373391,0.055404218173205726,0.8887927848683495
1502,0.9555938592373391,0.055404218173205726,0.8887927848683495
1504,0.9555938592373391,0.055404218173205726,0.8887927848683495
1506,0.9555938592373391,0.055404218173205726,0.8887927848683495
1508,0.9567628792363697,0.05637223210833972,0.8911799431842309
1510,0.9567628792363697,0.05637223210833972,0.8911799431842309
1512,0.9567628792363697,0.05637223210833972,0.8911799431842309
1514,0.9567628792363697,0.05637223210833972,0.8911799431842309
1516,0.9567071377971812,0.05632604828194834,0.8910660595301857
1518,0.9567071377971812,0.05632604828194834,0.8910660595301857
1520,0.9567628792363697,0.05637223210833972,0.8911799431842309
1522,0.9567628792363697,0.05637223210833972,0.8911799431842309
1524,0.9567628792363697,0.05637223210833972,0.8911799431842309
1526,0.9567628792363697,0.05637223210833972,0.8911799431842309
1528,0.9567628792363697,0.05637223210833972,0.8911799431842309
1530,0.9586598596564125,0.06289250830839965,0.6820604942475935
1532,0.9567628792363697,0.05637223210833972,0.8911799431842309
1534,0.9567628792363697,0.05637223210833972,0.8911799431842309
1536,0.9586598596564125,0.06289250830839965,0.6820604942475935
1538,0.9586598596564125,0.06289250830839965,0.6820604942475935
1540,0.8036358961572597,0.6454916985626192,0.32889966584936337
1542,0.8020679306307996,0.6391554455993921,0.3217750103250216
1544,0.8020679306307996,0.6391554455993921,0.3217750103250216
1546,0.8032466448842244,0.6364916294421403,0.3197744840873612
1548,0.8033838960993118,0.6225342636145608,0.3189609136067117
1550,0.8040551717320575,0.6202340577876009,0.31717675183749894
1552,0.8040551717320575,0.6202340577876009,0.31717675183749894
1554,0.8140166883894542,0.6183524996845102,0.1306281981256284
1556,0.8140166883894542,0.6183524996845102,0.1306281981256284
1558,0.8140166883894542,0.6183524996845102,0.1306281981256284
1560,0.8146006475262645,0.6177546194494324,0.13060130425332636
1562,0.8145860089145208,0.6190143997203934,0.13168112815076036
1564,0.8142724421389236,0.618866903464446,0.07804177214382751
1566,0.8153149857250817,0.6169196999962548,0.07732150759783282
1568,0.7971328536334111,0.601817059235796,0.08867525543021212
1570,0.814059808462016,0.6212639030933856,0.08117833046671713
1572,0.7984217380598576,0.6041274792614941,0.09125033968888464
1574,0.818129960774956,0.6133558708653274,0.07639052735059444
1576,0.7987291378749093,0.5999990650075686,0.08829491191255151
1578,0.7989256635417178,0.6049587172890198,0.09203660226502752
1580,0.8031407051432478,0.5818243051022003,0.07759775356282306
1582,0.8005030702329674,0.598532676526401,0.08830894389199698
1584,0.8069468750013261,0.5932239305971164,0.0869876587388577
1586,0.8018012817814808,0.5859688831698835,0.07949698078154895
1588,0.8061500891449669,0.5937224279081905,0.08711539621533865
1590,0.8029823095703401,0.5820409656333577,0.07730699129494886
1592,0.7961731701183653,0.5173983770700891,0.08168092932760548
1594,0.8033374045458159,0.5820741912386092,0.07767772923138025
1596,0.7961731701183653,0.5173983770700891,0.08168092932760548
1598,0.7917961141091346,0.5503649586995538,0.13350766815821766
1600,0.7959801561560043,0.5533419553151228,0.15240807322670863
1602,0.8011194243161732,0.568903305422405,0.15716794811429366
1604,-0.9015207201428744,1.0256762472346337,-0.7221582002155141
1606,-0.9015207201428744,1.0256762472346337,-0.7221582002155141
1608,-0.5551823001242233,0.4833721597413622,-0.6491803434476955
1610,-0.5318651731069174,0.772600132445954,-0.6648412839502877
1612,-0.533110042405994,0.8123830198040473,-0.6915571253862565
1614,-0.533110042405994,0.8123830198040473,-0.6915571253862565
1616,-0.533001277007726,0.81401809765909,-0.6903830407811128
1618,-0.533001277007726,0.81401809765909,-0.6903830407811128
1620,-0.533001277007726,0.81401809765909,-0.6903830407811128
1622,-0.533001277007726,0.81401809765909,-0.6903830407811128
1624,-0.5330698100457086,0.8261196992643094,-0.6770436301499718
1626,-0.9015207201428744,1.0256762472346337,-0.7221582002155141
1628,-0.9015207201428744,1.0256762472346337,-0.7221582002155141
1630,-0.9015207201428744,1.0256762472346337,-0.7221582002155141
1632,-0.9015207201428744,1.0256762472346337,-0.7221582002155141
1634,-0.9015207201428744,1.0256762472346337,-0.7221582002155141
1636,-0.9015207201428744,1.0256762472346337,-0.7221582002155141
1638,-0.5409484989546575,0.8118151090634572,-0.6685319525607003
1640,-0.9015207201428744,1.0256762472346337,-0.7221582002155141
1642,-0.9015207201428744,1.0256762472346337,-0.7221582002155141
1644,-0.9015207201428744,1.0256762472346337,-0.7221582002155141
1646,-0.902929355823231,0.8339537559245046,0.5549430660942443
1648,-0.9015207201428744,1.0256762472346337,-0.7221582002155141
1650,-0.5409484989546575,0.8118151090634572,-0.6685319525607003
1652,-0.902929355823231,0.8339537559245046,0.5549430660942443
1654,-0.902929355823231,0.8339537559245046,0.5549430660942443
1656,1.224562449106105,0.9339903843174442,-0.2566312348859062
1658,1.220029290094368,0.9272139141666289,-0.25140555011056287
1660,1.2200414552771277,0.9272019963329416,-0.2514205160537958
1662,1.2177973749421704,0.9258052999912407,-0.2418354097791647
1664,1.220029290094368,0.9272139141666289,-0.25140555011056287
1666,1.220029290094368,0.9272139141666289,-0.25140555011056287
1668,1.220029290094368,0.9272139141666289,-0.25140555011056287
1670,1.219925926275519,0.9269580029733415,-0.2515823123454137
1672,1.219984051838676,0.9270395405891286,-0.25153608383671927
1674,1.2198299279121485,0.9252123601801991,-0.2513378231034183
1676,1.2197822531064058,0.9266845685175301,-0.25176040054626
1678,1.2196856265658196,0.9249526764624922,-0.25150751598636
1680,1.2196745322728515,0.9249164276712248,-0.2515271837881982
1682,1.2355304585558706,0.9097268993439019,-0.24173027965795302
1684,1.2355304585558706,0.9097268993439019,-0.24173027965795302
1686,1.2355304585558706,0.9097268993439019,-0.24173027965795302
1688,1.2373685312655691,0.9133331667148203,-0.2425268386006437
1690,1.2373704088916133,0.9131028922024694,-0.2423672833489722
1692,1.2373685312655691,0.9133331667148203,-0.2425268386006437
1694,1.2373685312655691,0.9133331667148203,-0.2425268386006437
1696,1.2373685312655691,0.9133331667148203,-0.2425268386006437
1749,0.9078430527656169,0.07867919755603459,0.038469897258633874
1751,0.6045522128003256,0.7069310767710976,0.03334525731828873
1753,0.6061900890246208,0.7082651430407604,0.034971600800561366
1755,0.6061717119169234,0.7082507599758465,0.03495384936765721
1757,0.6061717119169234,0.7082507599758465,0.03495384936765721
1759,0.6061717119169234,0.7082507599758465,0.03495384936765721
1761,0.6058533045260781,0.7080015936594796,0.03464634281925088
1763,0.6058533045260781,0.7080015936594796,0.03464634281925088
1765,0.5134654403449169,1.2561638541211944,0.559407723290086
1767,0.5134654403449169,1.2561638541211944,0.559407723290086
1769,0.6058533045260781,0.7080015936594796,0.03464634281925088
1771,0.6052707909135119,0.7069465886632216,0.03457390766224085
1773,0.6053013531558498,0.7069704886005307,0.034603398561698015
1775,0.6052707909135119,0.7069465886632216,0.03457390766224085
1777,0.6052707909135119,0.7069465886632216,0.03457390766224085
1779,0.6052707909135119,0.7069465886632216,0.03457390766224085
1781,0.6052707909135119,0.7069465886632216,0.03457390766224085
1783,0.6052707909135119,0.7069465886632216,0.03457390766224085
1785,0.6052707909135119,0.7069465886632216,0.03457390766224085
1787,0.6052707909135119,0.7069465886632216,0.03457390766224085
1789,0.6052707909135119,0.7069465886632216,0.03457390766224085
1791,0.6052707909135119,0.7069465886632216,0.03457390766224085
1793,0.6052707909135119,0.7069465886632216,0.03457390766224085
1795,0.6052707909135119,0.7069465886632216,0.03457390766224085
1797,0.6052707909135119,0.7069465886632216,0.03457390766224085
1799,0.6052707909135119,0.7069465886632216,0.03457390766224085
1801,0.6052707909135119,0.7069465886632216,0.03457390766224085
1803,0.6052707909135119,0.7069465886632216,0.03457390766224085
1805,0.6052707909135119,0.7069465886632216,0.03457390766224085
1807,0.6036135518259141,0.7018238585502622,0.06761311193800226
1809,0.5984166728766702,0.6972166514540826,0.06480840184355426
1811,0.4829144153230756,0.8100425583970685,-0.0670522001166821
1813,0.4829144153230756,0.8100425583970685,-0.0670522001166821
1815,0.4829144153230756,0.8100425583970685,-0.0670522001166821
1817,0.4827408561099397,0.8097637718307935,-0.06236997177336203
1819,0.4827408561099397,0.8097637718307935,-0.06236997177336203
1821,0.4827408561099397,0.8097637718307935,-0.06236997177336203
1823,0.502526699067857,0.7620527635292355,-0.12392406626941382
1825,0.502526699067857,0.7620527635292355,-0.12392406626941382
1827,0.5187926930543842,1.411112471732794,-0.2854716501037989
1829,0.6322379713764632,1.3512864393821076,-0.26104880992781687
1831,0.6323556120215473,1.3526625918892348,-0.25992949179439867
1833,0.6343916313636755,1.3478373855284407,-0.2562250206469422
1835,0.6385959670974058,1.3218051324107272,-0.2685112805251759
1837,0.6345193999262998,1.3523729603152879,-0.252484722257478
1839,0.677224062857125,1.1199658635519967,-0.19832490690989463
1841,0.6741725960097146,1.1718306988157612,-0.19536823542366372
1843,0.6741725960097146,1.1718306988157612,-0.19536823542366372
1845,0.6847585191671319,1.1154103716742836,-0.1973112360994161
1847,0.6811809598294235,1.1675185213890558,-0.19450386490153873
1849,0.6811809598294235,1.1675185213890558,-0.19450386490153873
1851,0.6850505062671988,1.1558717154553675,-0.1910085032200468
1853,0.6915801027049532,1.0882843921969332,-0.28340946411985685
1855,0.6910573690127707,1.0874265727473462,-0.28359902177757074
1857,0.6911298340548442,1.074913454199939,-0.18650931271150456
1859,0.7040762047714391,0.9875621802171313,-0.149727039937637
1861,0.6910137472095144,1.0747260476636136,-0.18657495903222132
1863,0.7222485894502525,1.0697270109472443,-0.11452670960772673
1865,0.7220665523614925,1.0695242641627734,-0.11446746491063962
1867,0.7265811172939266,1.0642918233406538,-0.11518133758856793
1869,0.6833789200175728,1.1366642003663345,-0.20178993988328492
1871,0.6945972883476591,1.1149865526837264,-0.2009683382941546
1873,0.6952443407844732,1.1140935374228007,-0.2014160794106847
1875,0.6915505809751461,1.1084382060836813,-0.20332555817666328
1877,0.6912161257825735,1.1078878058328696,-0.20350805099396133
1879,0.6912244251066944,1.1071735765758273,-0.20412025443751297
1881,0.6950648659719094,1.1052230277014934,-0.20166270513527562
1883,0.6950648659719094,1.1052230277014934,-0.20166270513527562
1885,0.6930636997637812,1.1324209569848436,-0.21239354931676457
1887,0.6947399904133347,1.1323364403672542,-0.21393156414590467
1889,0.6936850759325444,1.1302076711930058,-0.2138800573594562
1891,0.6936850759325444,1.1302076711930058,-0.2138800573594562
1893,0.6885022079063606,1.0659009393124532,0.336973028315471
1895,0.6885022079063606,1.0659009393124532,0.336973028315471
1897,-1.1587147561690707,-0.4144754360136205,0.6577575725976569
1899,-1.154560900721372,-0.8304119058641786,0.3474927487259527
1901,-1.154560900721372,-0.8304119058641786,0.3474927487259527
1903,-1.1583185442300987,-0.4228213288411524,0.630228375537715
1905,-1.1583879336393366,-0.24183853562060517,0.6468837418212507
1907,-1.1583879336393366,-0.24183853562060517,0.6468837418212507
1909,-1.1581605714482357,-0.24748267591754883,0.6310300344013112
1911,-1.1496083194629074,-0.4785038562431845,0.03345742896398829
1913,-1.140695576557746,-0.8244560502422742,-0.311462693916709
1915,-1.140695576557746,-0.8244560502422742,-0.311462693916709
1917,-1.140695576557746,-0.8244560502422742,-0.311462693916709
1919,-1.140695576557746,-0.8244560502422742,-0.311462693916709
1921,-1.140695576557746,-0.8244560502422742,-0.311462693916709
1923,-1.140695576557746,-0.8244560502422742,-0.311462693916709
1925,-1.1441328643112747,-0.7487224260382779,-0.10358860098482996
1927,-1.1441328643112747,-0.7487224260382779,-0.10358860098482996
1929,-1.1441328643112747,-0.7487224260382779,-0.10358860098482996
1931,-1.1441328643112747,-0.7487224260382779,-0.10358860098482996
1933,-1.1441328643112747,-0.7487224260382779,-0.10358860098482996
1935,-1.1441623859765133,-0.7483476737341428,-0.09924055354860294
1937,-1.1441623859765133,-0.7483476737341428,-0.09924055354860294
1939,-1.1441623859765133,-0.7483476737341428,-0.09924055354860294
1941,-1.1441623859765133,-0.7483476737341428,-0.09924055354860294
1943,-1.1441623859765133,-0.7483476737341428,-0.09924055354860294
1945,-1.1441623859765133,-0.7483476737341428,-0.09924055354860294
1947,-1.1441623859765133,-0.7483476737341428,-0.09924055354860294
1949,-1.1441623859765133,-0.7483476737341428,-0.09924055354860294
1951,-1.1441623859765133,-0.7483476737341428,-0.09924055354860294
1953,-1.1441623859765133,-0.7483476737341428,-0.09924055354860294
1955,-1.1441623859765133,-0.7483476737341428,-0.09924055354860294
1957,-1.1441623859765133,-0.7483476737341428,-0.09924055354860294
1959,-1.1441623859765133,-0.7483476737341428,-0.09924055354860294
1961,-1.1441623859765133,-0.7483476737341428,-0.09924055354860294
1963,-1.1441623859765133,-0.7483476737341428,-0.09924055354860294
1965,-1.1441623859765133,-0.7483476737341428,-0.09924055354860294
1967,-1.1441623859765133,-0.7483476737341428,-0.09924055354860294
1969,-1.1441623859765133,-0.7483476737341428,-0.09924055354860294
1971,-1.1441623859765133,-0.7483476737341428,-0.09924055354860294
1973,-1.1441623859765133,-0.7483476737341428,-0.09924055354860294
1975,-1.1441623859765133,-0.7483476737341428,-0.09924055354860294
1977,-1.1441623859765133,-0.7483476737341428,-0.09924055354860294
1979,-1.1441623859765133,-0.7483476737341428,-0.09924055354860294
1981,-1.1441623859765133,-0.7483476737341428,-0.09924055354860294
1983,-1.1441623859765133,-0.7483476737341428,-0.09924055354860294
1985,-1.1441623859765133,-0.7483476737341428,-0.09924055354860294
1987,-1.1441623859765133,-0.7483476737341428,-0.09924055354860294
1989,-1.1441623859765133,-0.7483476737341428,-0.09924055354860294
1991,-1.1441623859765133,-0.7483476737341428,-0.09924055354860294
1993,-1.1441623859765133,-0.7483476737341428,-0.09924055354860294
1995,-1.1441623859765133,-0.7483476737341428,-0.09924055354860294
1997,-1.1441623859765133,-0.7483476737341428,-0.09924055354860294
1999,-1.1441623859765133,-0.7483476737341428,-0.09924055354860294
2001,-1.1441623859765133,-0.7483476737341428,-0.09924055354860294
2003,-1.1441623859765133,-0.7483476737341428,-0.09924055354860294
2005,-1.1441623859765133,-0.7483476737341428,-0.09924055354860294
2007,-1.1441623859765133,-0.7483476737341428,-0.09924055354860294
2009,-1.1441623859765133,-0.7483476737341428,-0.09924055354860294
2011,-1.1441623859765133,-0.7483476737341428,-0.09924055354860294
2013,-1.1441623859765133,-0.7483476737341428,-0.09924055354860294
2015,-1.1441623859765133,-0.7483476737341428,-0.09924055354860294
2017,-1.1441623859765133,-0.7483476737341428,-0.09924055354860294
2019,-1.1441623859765133,-0.7483476737341428,-0.09924055354860294
2021,-1.1441623859765133,-0.7483476737341428,-0.09924055354860294
2023,-1.1441623859765133,-0.7483476737341428,-0.09924055354860294
2025,-1.1441623859765133,-0.7483476737341428,-0.09924055354860294
2027,-1.1441623859765133,-0.7483476737341428,-0.09924055354860294
2029,-1.1441623859765133,-0.7483476737341428,-0.09924055354860294
2031,-1.1441623859765133,-0.7483476737341428,-0.09924055354860294
2033,-1.1441623859765133,-0.7483476737341428,-0.09924055354860294
2035,-1.1441623859765133,-0.7483476737341428,-0.09924055354860294
2037,-1.1441623859765133,-0.7483476737341428,-0.09924055354860294
2039,-1.1441623859765133,-0.7483476737341428,-0.09924055354860294
2041,-1.1441623859765133,-0.7483476737341428,-0.09924055354860294
2043,-1.1441623859765133,-0.7483476737341428,-0.09924055354860294
2045,-1.1441623859765133,-0.7483476737341428,-0.09924055354860294
2047,-1.1441623859765133,-0.7483476737341428,-0.09924055354860294
2049,-1.1441623859765133,-0.7483476737341428,-0.09924055354860294
2051,-1.1448785037760134,-0.6868652944881845,-0.04626968571554818
2053,-1.1448785037760134,-0.6868652944881845,-0.04626968571554818
2055,-1.1448785037760134,-0.6868652944881845,-0.04626968571554818
2057,-1.1448785037760134,-0.6868652944881845,-0.04626968571554818
2059,-1.1448785037760134,-0.6868652944881845,-0.04626968571554818
2061,-1.1448785037760134,-0.6868652944881845,-0.04626968571554818
2063,-1.1448785037760134,-0.6868652944881845,-0.04626968571554818
2065,-1.1448785037760134,-0.6868652944881845,-0.04626968571554818
2067,-1.1448785037760134,-0.6868652944881845,-0.04626968571554818
2069,-1.1448785037760134,-0.6868652944881845,-0.04626968571554818
2071,-1.1448785037760134,-0.6868652944881845,-0.04626968571554818
2073,-1.1448785037760134,-0.6868652944881845,-0.04626968571554818
2075,-1.1448785037760134,-0.6868652944881845,-0.04626968571554818
2077,-1.1448785037760134,-0.6868652944881845,-0.04626968571554818
2079,-1.1448202009609185,-0.6882196917730281,-0.054241139128186976
2081,-1.1448056157372049,-0.688559116153203,-0.05623469892694035
2083,0.7485052279459419,0.45730032844022517,-0.12811079947989518
2085,0.7536427375069199,0.43040862053846585,-0.13775333296408787
2087,0.7516611781106581,0.4309254150508467,-0.13800796250557743
2089,0.7532992432902104,0.41269921476336213,-0.12463706069905096
2091,0.7522690686832865,0.4105322041011391,-0.12564488419333164
2093,0.7554154049762567,0.41084207044807497,-0.13021307106978752
2095,0.7547330863821305,0.4080951144646262,-0.1259050362693087
2097,0.756952514509778,0.3978060186983401,-0.07563480744562255
2099,0.756952514509778,0.3978060186983401,-0.07563480744562255
2101,0.8922400157342013,-0.32160162811387427,0.5191559528259213
2103,0.8922400157342013,-0.32160162811387427,0.5191559528259213
2105,0.8922400157342013,-0.32160162811387427,0.5191559528259213
2107,0.8922400157342013,-0.32160162811387427,0.5191559528259213
2109,0.8922400157342013,-0.32160162811387427,0.5191559528259213
2111,0.8922400157342013,-0.32160162811387427,0.5191559528259213
2113,-1.1408962230197086,-0.7898088204496658,-0.5802917190526182
2115,-1.1408962230197086,-0.7898088204496658,-0.5802917190526182
2117,-1.1408962230197086,-0.7898088204496658,-0.5802917190526182
2163,0.21390599420676135,0.0986651169458739,0.4817327070128608
2165,0.21390599420676135,0.0986651169458739,0.4817327070128608
2167,0.21962772016623727,0.05924530511697646,0.4433289145610907
2169,0.21958605616967003,0.059227381390363834,0.4432857433410084
2171,0.25431235385234896,0.03699637585089146,0.4441275252852502
2173,0.26036402621731475,0.12983184763990638,0.385841769922841
2175,0.26036402621731475,0.12983184763990638,0.385841769922841
2177,0.26036402621731475,0.12983184763990638,0.385841769922841
2179,0.26036402621731475,0.12983184763990638,0.385841769922841
2181,0.2650360330767851,0.12718996764739196,0.3853965639934257
2183,-0.2270510410993165,0.057590416909146375,1.3214439013902841
2185,-0.1188232427553299,1.1504452953570958,0.6708499084504267
2187,-0.12139593240294823,1.1439113924418185,0.6605834707225592
2189,-0.077503437531779,1.1045397636905756,0.637241484288348
2191,-0.0777030212678418,1.104185776263243,0.6368742522179863
2193,1.1470418515579017,1.3822078868456353,0.0815550397443861
2195,1.1470323216365141,1.3822337901435326,0.08157911834388812
2197,1.1469367228955474,1.3834288882106343,0.08126367204279766
2199,1.147026913641666,1.3821849137496494,0.08154242417034847
2201,1.1470029256868017,1.3821468851210557,0.0815187801066577
2203,1.1470690303567281,1.3818791963897699,0.08135117194088341
2205,1.147032832230924,1.3818189959397116,0.08130707549287625
2207,1.150256736541149,1.4030076311310926,0.04796453276231572
2209,1.1496411777227469,1.420838810689704,0.04039344238991854
2211,1.149628673532335,1.4208550917058296,0.040406611286482194
2213,1.1496111227404235,1.420942405354796,0.04046537277643748
2215,1.1496547285435836,1.4208234566370044,0.04039318699390956
2217,1.1496627416785972,1.420799627984789,0.040374740591424735
2219,1.1529795285636142,1.3903145485379347,-0.0003808910762995652
2221,1.1530829870262111,1.3891891065793356,-0.00014375491651117436
2223,1.1536754565588776,1.3840870384778117,-0.005026599910172839
2225,1.153697961956671,1.3840235650264228,-0.005063538954037039
2227,1.153697961956671,1.3840235650264228,-0.005063538954037039
2229,1.153697961956671,1.3840235650264228,-0.005063538954037039
2231,1.1536487109590867,1.3838296198016007,-0.005205888986734923
2233,1.1536487109590867,1.3838296198016007,-0.005205888986734923
2235,1.153408808824021,1.3840469692962267,-0.00539228291458522
2237,1.1534861648300798,1.3837760804155488,-0.005484037518471677
2239,1.1535357079775783,1.3837528608648921,-0.005502791297884844
2241,1.1536012003386558,1.3837516658502178,-0.005454373064960283
2243,1.153622517526327,1.3837940036667682,-0.005413947106088237
2245,1.1535862682517755,1.3830181733679183,-0.005663320467507882
2247,1.1535808257050484,1.3830193941509528,-0.00564483032174106
2249,1.1535862682517755,1.3830181733679183,-0.005663320467507882
2251,1.1488473998857323,1.3789937116048887,-0.036069703957681054
2253,1.148837475415163,1.3792370144339885,-0.035716363271410256
2255,1.1488448460771121,1.3789780758706045,-0.036100680193913555
2257,1.1486741538013874,1.3803835242270892,-0.03583567085733754
2259,1.149174953887393,1.3801371922192889,-0.036230165593241756
2261,1.149554553878958,1.3753513654664673,-0.0350655085514435
2263,1.149556565359756,1.376276611678061,-0.03592161434493152
2265,1.1496605168251706,1.3755020805923548,-0.035513985058077395
2267,1.1495560659558848,1.3758733589486565,-0.035650626466240766
2269,1.0515108781012343,1.0730690220390073,-0.15025951124484854
2271,1.050585288976817,1.0745755785061983,-0.15092598609206698
2273,1.0501207732262063,1.0699340364296324,-0.14581613158453252
2275,1.0501167256283295,1.0704304391239043,-0.14616008479067052
2277,1.0508027612107695,1.0741526635599479,-0.15113488146918128
2279,1.0508027612107695,1.0741526635599479,-0.15113488146918128
2281,1.0508143764256086,1.0741169708851044,-0.15114774801352396
2283,1.0501167256283295,1.0704304391239043,-0.14616008479067052
2285,1.0501207732262063,1.0699340364296324,-0.14581613158453252
2287,1.0501167256283295,1.0704304391239043,-0.14616008479067052
2289,1.049842826346023,1.0691097595516685,-0.1468196783255354
2291,1.049842826346023,1.0691097595516685,-0.1468196783255354
2293,1.0498468739439004,1.068613356857397,-0.14647572511939763
2295,1.0498468739439004,1.068613356857397,-0.14647572511939763
2297,1.0498468739439004,1.068613356857397,-0.14647572511939763
2299,1.049842826346023,1.0691097595516685,-0.1468196783255354
2301,1.049842826346023,1.0691097595516685,-0.1468196783255354
2303,1.049863548822967,1.069064623759204,-0.1468471578651662
2305,1.0839907224453236,2.1997120451590737,-0.44894374789304525
2307,1.0839907224453236,2.1997120451590737,-0.44894374789304525
2309,1.0821267273132718,2.2144080023221955,-0.45221766219070536
2311,1.0820284245133798,2.2146304798638146,-0.45192555150568386
2313,0.6214352935022075,1.657157255785516,-0.569968687548215
2315,0.6214352935022075,1.657157255785516,-0.569968687548215
2317,-1.3004180572775372,1.7193017316420092,1.1491546399782715
2319,-1.297133914441285,1.670116684531958,1.115760662115149
2321,-1.2965009908563936,1.660634568454556,1.1093221466652652
2395,1.0640464092262296,-0.9497667145459534,0.22090311343983535
2397,1.0640464092262296,-0.9497667145459534,0.22090311343983535
2399,1.0640464092262296,-0.9497667145459534,0.22090311343983535
2437,1.0722704880027025,-0.9265825852577292,0.2495746054423387
2439,1.0722704880027025,-0.9265825852577292,0.2495746054423387
2441,1.0722704880027025,-0.9265825852577292,0.2495746054423387
2443,1.0722704880027025,-0.9265825852577292,0.2495746054423387
2445,1.0722704880027025,-0.9265825852577292,0.2495746054423387
2447,1.0722704880027025,-0.9265825852577292,0.2495746054423387
2449,1.0722704880027025,-0.9265825852577292,0.2495746054423387
2451,1.0722704880027025,-0.9265825852577292,0.2495746054423387
2453,1.0722704880027025,-0.9265825852577292,0.2495746054423387
2455,1.0722704880027025,-0.9265825852577292,0.2495746054423387
2457,1.1388424192191646,-0.9168406102689731,0.3374383747477132
2459,1.0722704880027025,-0.9265825852577292,0.2495746054423387
2461,1.1388424192191646,-0.9168406102689731,0.3374383747477132
2463,1.1388424192191646,-0.9168406102689731,0.3374383747477132
2465,1.1388424192191646,-0.9168406102689731,0.3374383747477132
2467,1.2144468482330804,-0.19795355679023155,-0.6218576967895687
2469,1.2011676869800672,-0.32075687175134393,-0.6750867296054007
2471,1.2011676869800672,-0.32075687175134393,-0.6750867296054007
2473,1.2061936376203253,-0.3358117377115298,-0.6904614491361692
2475,1.2061936376203253,-0.3358117377115298,-0.6904614491361692
2477,1.2061936376203253,-0.3358117377115298,-0.6904614491361692
2479,1.2048349980716722,-0.3417092965879519,-0.6965171702178842
2481,0.6743769676299174,1.79300103173396,-0.8475696017568934
2483,0.6737103685341065,1.7905131770241651,-0.8140587717789789
2485,0.6737103685341065,1.7905131770241651,-0.8140587717789789
2487,0.6737103685341065,1.7905131770241651,-0.8140587717789789
2489,0.6740382686064373,1.791160878294796,-0.8140257951262488
2491,0.6770575946397075,1.7882035414947575,-0.8137627696512977
2493,0.6685425128708467,1.7782609395951503,-0.8137941737421982
2495,0.6685425128708467,1.7782609395951503,-0.8137941737421982
2497,0.7084974485543215,1.7885137208456705,-0.927793743477434
2499,0.7084974485543215,1.7885137208456705,-0.927793743477434
2501,0.7053718759432421,1.7931747645950398,-0.9292667918162913
2503,0.7021014032247496,1.7860772605407145,-0.9290240409946666
2505,0.7021014032247496,1.7860772605407145,-0.9290240409946666
2507,0.7021014032247496,1.7860772605407145,-0.9290240409946666
2509,0.7021014032247496,1.7860772605407145,-0.9290240409946666
2511,0.6986822678902384,1.7851763810702694,-0.9390888651449131
2513,0.7018411278673394,1.785143440883256,-0.9383602760439879
2515,0.7018411278673394,1.785143440883256,-0.9383602760439879
2517,0.7018411278673394,1.785143440883256,-0.9383602760439879
2519,0.6926721250522481,1.8853681189844735,-1.150806996738485
2521,0.6926736942194148,1.8851756742720585,-1.1506736534335367
2523,0.9156113851374054,-0.997033037452509,1.4862260517443397
2525,0.6796736053508626,1.785961533287831,-0.9527951973054888
2527,0.6796736053508626,1.785961533287831,-0.9527951973054888
2529,0.7346627270334348,0.26442077984602164,-0.4911360345651526
2531,0.7346627270334348,0.26442077984602164,-0.4911360345651526
2533,0.7622015901955639,0.23610252687798366,-0.49262077662939974
2539,0.8205782165210522,0.8069373240539339,0.6349245995098018
2541,0.6021016243111398,-0.1333829399877898,-0.3291259967925661
2543,0.5999870266731998,-0.13864829535481563,-0.3285854060734905
2545,0.5998269309394431,-0.1388034085208264,-0.32871005014958254
2547,0.7658739318058103,-0.6716579781430231,-0.2766419724062904
2549,0.9740446458343964,-1.3062615940541558,0.8967699635021289
2551,0.9740446458343964,-1.3062615940541558,0.8967699635021289
2553,0.9740446458343964,-1.3062615940541558,0.8967699635021289
2555,0.9740446458343964,-1.3062615940541558,0.8967699635021289
2557,0.9887584821659227,-1.3098111291155332,0.8561269761569571
2559,0.9887584821659227,-1.3098111291155332,0.8561269761569571
2561,0.1755293047744599,1.0670797996617791,-0.42663759190182876
2563,0.17565897256444457,1.076813113757855,-0.4329907047066869
2565,0.175409135254493,1.0818175466641289,-0.43684925149030596
2567,0.175409135254493,1.0818175466641289,-0.43684925149030596
2569,0.17523003934969295,1.0739285784135175,-0.4350993907411754
2571,0.17523003934969295,1.0739285784135175,-0.4350993907411754
2573,0.17565897256444457,1.076813113757855,-0.4329907047066869
2575,0.17523003934969295,1.0739285784135175,-0.4350993907411754
2577,0.17329076166010587,1.0849792070959805,-0.439110888670388
2579,0.17523003934969295,1.0739285784135175,-0.4350993907411754
2581,0.17329076166010587,1.0849792070959805,-0.439110888670388
2583,0.17329076166010587,1.0849792070959805,-0.439110888670388
2585,0.1731676225701451,1.0847640481562837,-0.43919552189899963
2587,0.17211374470367866,1.0865703272893412,-0.442390838576341
2589,0.1723886999391117,1.0834032135774556,-0.43973049787422475
2591,0.1723886999391117,1.0834032135774556,-0.43973049787422475
2593,0.17170472252542154,1.0858558966252285,-0.44267139410173534
2595,1.0085781969975984,2.992257363670474,-0.739684982318662
2597,0.8434042007699645,0.9730280960011872,0.8408370451480571
2599,0.8301313964995622,0.9581373700846469,0.8680100280551469
2601,0.8301313964995622,0.9581373700846469,0.8680100280551469
2603,-0.8766068799741983,1.398559260195194,1.4819597770220823
2605,0.709131316908746,0.7880982925713511,0.7052838103114738
2607,0.714463532559901,0.8133649158164379,0.6273538726813281
2609,0.7089777672027755,0.7875885548182506,0.7074134765350291
2611,0.7149026267974659,0.8121264287992257,0.6260084165063197
2613,0.7150768123172234,0.8116034829366003,0.6253585773085357
2615,0.7149405247335486,0.8119893454307279,0.6258093816790334
2617,0.7150914550453876,0.8116334767639143,0.6253946351821943
2619,0.7149421215604616,0.8119924583838559,0.6258161184328404
2667,1.1303724154169281,0.45074018264035265,1.339894088249592
2685,1.1153173221722386,0.4277813503644364,1.3060227031071732
2687,1.119153569935827,0.4327692976293354,1.31540212924778
2689,1.1153173221722386,0.4277813503644364,1.3060227031071732
2691,1.1153921947367271,0.42787857841983323,1.3062054982180882
2693,1.1153921947367271,0.42787857841983323,1.3062054982180882
2695,1.1153173221722386,0.4277813503644364,1.3060227031071732
2697,1.1153921947367271,0.42787857841983323,1.3062054982180882
2699,1.1153921947367271,0.42787857841983323,1.3062054982180882
2701,1.1166671491434768,0.42953495773502404,1.3093198094958653
2703,0.4311666151932081,1.2115627401551958,-0.07849218819433246
2705,0.42647916398961594,1.2026172663395833,-0.09338230085341243
2707,0.42647916398961594,1.2026172663395833,-0.09338230085341243
2709,0.42646464773862497,1.202592731721674,-0.0934001289562524
2711,0.42646464773862497,1.202592731721674,-0.0934001289562524
2713,0.4271215207842653,1.193486475868115,-0.09567730649549472
2715,0.4271215207842653,1.193486475868115,-0.09567730649549472
2717,0.4271215207842653,1.193486475868115,-0.09567730649549472
2719,0.4271215207842653,1.193486475868115,-0.09567730649549472
2721,0.4267730162701891,1.1928985981115046,-0.09610537128669591
2723,0.46946322267377183,1.1606057230144664,-0.1100225616525164
2725,0.46946322267377183,1.1606057230144664,-0.1100225616525164
2727,0.46931020147822056,1.1603494364170674,-0.11020488847930107
2729,0.46931020147822056,1.1603494364170674,-0.11020488847930107
2731,0.46869921014750804,1.155422840025445,-0.10976173925549791
2733,0.46869921014750804,1.155422840025445,-0.10976173925549791
2735,0.46869921014750804,1.155422840025445,-0.10976173925549791
2737,0.46869921014750804,1.155422840025445,-0.10976173925549791
2739,0.46869921014750804,1.155422840025445,-0.10976173925549791
2741,0.46869921014750804,1.155422840025445,-0.10976173925549791
2743,0.46864352096575757,1.1553297176327357,-0.1098281444272766
2745,0.46864352096575757,1.1553297176327357,-0.1098281444272766
2747,0.4681565849631548,1.1545155522280741,-0.11040853978617125
2749,0.46864352096575757,1.1553297176327357,-0.1098281444272766
2751,0.46864352096575757,1.1553297176327357,-0.1098281444272766
2753,0.4670854693253967,1.1512534182704128,-0.1106917814780784
2755,0.4606146654066394,1.1550892277034495,-0.1155214245155987
2757,0.4606146654066394,1.1550892277034495,-0.1155214245155987
2759,0.44642605148557785,1.2020972102515082,-0.004796199211580162
2761,0.44643898370905866,1.2021191286921666,-0.00477940278005422
2763,0.44637444173345137,1.2019387553272216,-0.005043801069868429
2765,0.4485150861901019,1.1985974453478043,-0.004764724871871317
2767,0.4485150861901019,1.1985974453478043,-0.004764724871871317
2769,0.44823272007662285,1.1981194388822856,-0.005129904809632423
2771,0.44821989021437586,1.1980977208077623,-0.005146494048237673
2773,0.44821989021437586,1.1980977208077623,-0.005146494048237673
2775,0.44821989021437586,1.1980977208077623,-0.005146494048237673
2777,0.44836151957948617,1.1952828086580405,-0.007259274861885481
2779,0.4034737051689542,1.1435403931538937,-0.08429418792449868
2781,0.4034737051689542,1.1435403931538937,-0.08429418792449868
2783,0.4034737051689542,1.1435403931538937,-0.08429418792449868
2785,0.40311264039976424,1.1429392275681747,-0.08472942688954863
2787,0.4034737051689542,1.1435403931538937,-0.08429418792449868
2789,0.4032028745337042,1.1430894578100832,-0.08462067689613516
2791,0.4032028745337042,1.1430894578100832,-0.08462067689613516
2793,0.40311264039976424,1.1429392275681747,-0.08472942688954863
2795,0.40311264039976424,1.1429392275681747,-0.08472942688954863
2797,1.1291447427710546,0.10001199015431406,0.3285785152342803
2799,1.1222129621579406,0.09000569282512819,0.3481929679010085
2801,1.1222129621579406,0.09000569282512819,0.3481929679010085
2803,1.1219049535337111,0.08971214978382515,0.3478430897317251
2805,1.1218536406090507,0.08966325517893631,0.34778481082626045
2807,1.1214433616388548,0.08927239861718202,0.3473189300649588
2809,1.122932524291238,0.09069179834312707,0.349010717905622
2811,1.122649692842984,0.09042206097800255,0.3486892303215659
2813,1.122649692842984,0.09042206097800255,0.3486892303215659
2815,1.122649692842984,0.09042206097800255,0.3486892303215659
2817,1.122649692842984,0.09042206097800255,0.3486892303215659
2819,1.1221359389265875,0.08993227885882966,0.34810546543758947
2821,1.121981934619638,0.08978550734623303,0.34793052636223326
2823,1.1221576192935416,0.09329849251312892,0.32086690081167035
2825,1.1221359389265875,0.08993227885882966,0.34810546543758947
2827,1.1221576192935416,0.09329849251312892,0.32086690081167035
2829,1.1291447427710546,0.10001199015431406,0.3285785152342803
2831,1.128734254677985,0.08367991785444853,0.3145941310274796
2833,1.1291447427710546,0.10001199015431406,0.3285785152342803
2835,1.1291447427710546,0.10001199015431406,0.3285785152342803
2837,1.1291447427710546,0.10001199015431406,0.3285785152342803
2839,1.129680298110564,0.10018522047435324,0.3289906482860341
2841,1.129680298110564,0.10018522047435324,0.3289906482860341
2843,1.129680298110564,0.10018522047435324,0.3289906482860341
2845,1.129680298110564,0.10018522047435324,0.3289906482860341
2847,1.129680298110564,0.10018522047435324,0.3289906482860341
2849,1.1299050584655104,0.08480646913991799,0.31588827597890273
2851,1.1299050584655104,0.08480646913991799,0.31588827597890273
2853,1.1303260952428924,0.08486669211742438,0.31605699476459614
2855,1.1299050584655104,0.08480646913991799,0.31588827597890273
2857,1.128734254677985,0.08367991785444853,0.3145941310274796
2859,1.1287862214816602,0.08372989380798498,0.31465154322460626
2861,1.1292021864555573,0.08413001244813766,0.31511119316576536
2863,1.1293322596426518,0.08425516303851513,0.31525496238019957
2865,1.1293322596426518,0.08425516303851513,0.31525496238019957
2867,1.1292542109192254,0.08418006619207621,0.3151686934961761
2869,1.1292281978856624,0.08415503823827977,0.3151399421053123
2871,1.1292281978856624,0.08415503823827977,0.3151399421053123
2873,1.1292021864555573,0.08413001244813766,0.31511119316576536
2875,1.1292281978856624,0.08415503823827977,0.3151399421053123
2877,1.1292281978856624,0.08415503823827977,0.3151399421053123
2879,1.1292281978856624,0.08415503823827977,0.3151399421053123
2881,1.1292021864555573,0.08413001244813766,0.31511119316576536
2883,-0.18058796810166192,0.7957964572336446,-0.5827066304433421
2885,-0.18058796810166192,0.7957964572336446,-0.5827066304433421
2887,-0.18058796810166192,0.7957964572336446,-0.5827066304433421
2889,-0.18058796810166192,0.7957964572336446,-0.5827066304433421
2891,-0.18058796810166192,0.7957964572336446,-0.5827066304433421
2893,0.11726052043810894,0.4200663596405559,-0.5687168363923044
2895,0.09370423851898461,0.4064515823542925,-0.5559748377595691
2897,0.06922485813402574,0.3653121471374046,-0.5545947520325155
2899,0.5251498426640813,0.2258221465634029,-0.5672691024654923
2901,0.5251498426640813,0.2258221465634029,-0.5672691024654923
2903,0.5251498426640813,0.2258221465634029,-0.5672691024654923
2905,0.5991813222204082,0.2049098776933531,-0.6342341628483688
2907,0.5251498426640813,0.2258221465634029,-0.5672691024654923
2909,0.524642801300477,0.22532492145675667,-0.5676246307368568
2911,0.5988930198872036,0.20464468965961458,-0.6344222665582347
2913,0.5991433761805222,0.20487496876247252,-0.6342589251009303
2915,0.5988930198872036,0.20464468965961458,-0.6344222665582347
2917,0.6092135084664746,0.19951745945403584,-0.6325712988880492
2919,0.6112172793455698,0.19572023816213274,-0.6339155114801508
2921,0.5988930198872036,0.20464468965961458,-0.6344222665582347
2923,0.6082979018805998,0.19966673224259332,-0.6326488487154199
2925,0.6092135084664746,0.19951745945403584,-0.6325712988880492
2927,0.6111459540629341,0.19744769588567973,-0.6325373419800788
2929,0.6111384781758797,0.19744086170816122,-0.6325421889599678
2931,0.6111384781758797,0.19744086170816122,-0.6325421889599678
2933,0.6111384781758797,0.19744086170816122,-0.6325421889599678
2935,0.6111459540629341,0.19744769588567973,-0.6325373419800788
2937,0.6111384781758797,0.19744086170816122,-0.6325421889599678
2939,0.6112172793455698,0.19572023816213274,-0.6339155114801508
2941,0.6112172793455698,0.19572023816213274,-0.6339155114801508
2943,0.6112172793455698,0.19572023816213274,-0.6339155114801508
2945,0.6112172793455698,0.19572023816213274,-0.6339155114801508
2947,0.608245458674574,0.20924737992615305,-0.6476723940579932
2949,0.6112172793455698,0.19572023816213274,-0.6339155114801508
2951,0.608245458674574,0.20924737992615305,-0.6476723940579932
2953,-1.1408962230197086,-0.7898088204496658,-0.5802917190526182
2955,-1.1408962230197086,-0.7898088204496658,-0.5802917190526182
2957,-1.1408962230197086,-0.7898088204496658,-0.5802917190526182
2959,-1.1408962230197086,-0.7898088204496658,-0.5802917190526182
2961,-1.1408962230197086,-0.7898088204496658,-0.5802917190526182
2963,-1.1408962230197086,-0.7898088204496658,-0.5802917190526182
2965,-1.1408962230197086,-0.7898088204496658,-0.5802917190526182
2967,-1.1408962230197086,-0.7898088204496658,-0.5802917190526182
2969,-1.1408962230197086,-0.7898088204496658,-0.5802917190526182
2971,-1.1408962230197086,-0.7898088204496658,-0.5802917190526182
3001,-0.5077999793742471,0.5781504768388941,-0.29869342635640284
3003,-0.5077999793742471,0.5781504768388941,-0.29869342635640284
3005,-0.5077999793742471,0.5781504768388941,-0.29869342635640284
3007,-0.5077999793742471,0.5781504768388941,-0.29869342635640284
3009,-0.5059869859237115,0.562866041584427,-0.2956112153172299
3011,-0.5077999793742471,0.5781504768388941,-0.29869342635640284
3013,-0.5077999793742471,0.5781504768388941,-0.29869342635640284
3015,-0.5077999793742471,0.5781504768388941,-0.29869342635640284
3017,-0.5077999793742471,0.5781504768388941,-0.29869342635640284
3019,-0.5077999793742471,0.5781504768388941,-0.29869342635640284
3021,-0.5077999793742471,0.5781504768388941,-0.29869342635640284
3023,-0.5077999793742471,0.5781504768388941,-0.29869342635640284
3025,-0.5077999793742471,0.5781504768388941,-0.29869342635640284
3027,-0.5077999793742471,0.5781504768388941,-0.29869342635640284
3029,-0.5077999793742471,0.5781504768388941,-0.29869342635640284
3031,-0.5077999793742471,0.5781504768388941,-0.29869342635640284
3033,-0.5077999793742471,0.5781504768388941,-0.29869342635640284
3035,0.8577494002521873,0.010883400835253517,-0.43627975231252103
3037,0.8593911279403565,0.008710595837049615,-0.43681544405872486
3039,0.8663238713349748,-0.02675834863974882,-0.43454832625874545
3041,0.8663238713349748,-0.02675834863974882,-0.43454832625874545
3043,0.8664004379519584,-0.02680458504257575,-0.4345628673301155
3045,0.8653232236857646,-0.028770862386969073,-0.43572548420562207
3047,0.8652812576741372,-0.02881932916022455,-0.4357632122311289
3049,0.8652414114633,-0.029065406769789533,-0.4359143445351978
3051,0.8653631712608189,-0.028920414238563653,-0.4357760991356579
3053,0.8655126190878881,-0.029077265414903856,-0.43580845780122396
3055,0.8666111167949273,-0.023673855320669613,-0.4405409307886265
3057,0.8672745573355675,-0.023995427910600553,-0.44422302923384677
3059,0.8672745573355675,-0.023995427910600553,-0.44422302923384677
3061,0.8674281479907227,-0.023814324300688656,-0.44382882346548486
3063,0.8674542780228202,-0.023785574655204044,-0.4438139613656897
3065,0.8675013818803731,-0.0271484794075832,-0.4416171104792072
3067,0.8674703446576933,-0.026989930531922602,-0.44143004825932314
3069,0.8674181118016695,-0.02704739138957302,-0.4414597522197444
3071,0.8653556676202733,-0.025850850776862992,-0.44136347270148596
3073,0.8654002769789122,-0.025862053516037268,-0.44133962328534354
3075,0.865348501112428,-0.02579238819276807,-0.44132541766700356
3077,0.8677434422482879,-0.023986684406807155,-0.44193719633546175
3079,0.8675672781465675,-0.023929557739517597,-0.4419507089010111
3081,0.8679294692654599,-0.024029340643197436,-0.44177270516955075
3083,0.867944328219515,-0.02394705659939297,-0.44172250657254364
3085,0.8676278137867437,-0.023667837983443973,-0.4416860910513629
3087,0.8686771990645434,-0.03395908391186059,-0.44360865338231253
3089,0.866842469382291,-0.00765103854177302,-0.4557186451252045
3091,0.866842469382291,-0.00765103854177302,-0.4557186451252045
3093,0.8668392474227886,-0.008256757265344753,-0.4559954759485783
3095,0.8674704702452376,-0.008970417306887406,-0.45609894793100025
3097,0.8674761780923901,-0.008902283063665039,-0.4560587788394353
3099,0.8155825900503039,0.13043809943693926,-0.6773841764792959
3101,0.8155898992050107,0.12954169514990646,-0.6767630655705953
3103,0.8155898992050107,0.12954169514990646,-0.6767630655705953
3105,0.8155898992050107,0.12954169514990646,-0.6767630655705953
3107,0.8155898992050107,0.12954169514990646,-0.6767630655705953
3109,0.8155898992050107,0.12954169514990646,-0.6767630655705953
3111,0.8461425212415392,0.10716407520087366,-0.6796294698576174
3113,0.8461425212415392,0.10716407520087366,-0.6796294698576174
3115,0.8460376932785711,0.10706675121605944,-0.6796520567387735
3117,0.8460376932785711,0.10706675121605944,-0.6796520567387735
3119,0.8475898995682942,0.10848962209161603,-0.68349255377173
3121,0.851338841296198,0.10772840730285378,-0.6800877979982375
3123,0.8509542472801281,0.10666014928472713,-0.6803299415145934
3125,0.8509542472801281,0.10666014928472713,-0.6803299415145934
3127,0.8347240399239774,0.06109428451828437,-0.6874235435268417
3129,0.8438199036649483,0.055714941054317804,-0.691040347125926
3131,0.8557071914227624,0.13964354048769378,-0.6015657098688576
3133,0.8557071914227624,0.13964354048769378,-0.6015657098688576
3135,0.85395424856064,0.1351822937864829,-0.6021459336546208
3137,0.85395424856064,0.1351822937864829,-0.6021459336546208
3139,0.8452917920110667,0.11592981300246026,-0.6603033348759964
3141,0.8447948233767517,0.116485141421162,-0.6601412867418582
3143,0.8447948233767517,0.116485141421162,-0.6601412867418582
3145,0.8385662744736416,0.17938420340796177,-0.6790348977625384
3147,0.8332229467944756,0.24504640684067885,-0.6912160526894412
3149,0.8332229467944756,0.24504640684067885,-0.6912160526894412
3151,0.8332229467944756,0.24504640684067885,-0.6912160526894412
3153,0.8333101303648919,0.2440290332094163,-0.6914018291064836
3155,0.8333101303648919,0.2440290332094163,-0.6914018291064836
3157,0.8333805756930095,0.2441049879440209,-0.6913787395067788
3159,0.8334158028292132,0.24414297227448836,-0.6913671928240752
3161,0.8329167866365065,0.2390511667918468,-0.7019188839279972
3163,0.8329167866365065,0.2390511667918468,-0.7019188839279972
3165,0.8361765587537584,0.2321489792377418,-0.6974895529856063
3167,0.8380936465194997,0.23792510229531508,-0.7015830348082762
3169,0.8363486006359093,0.23233244736789543,-0.6974335625735713
3171,0.8400974603925933,0.23417633031566779,-0.700437906747793
3173,0.8402441755710217,0.23378719078913768,-0.7006206291788573
3175,0.8413690491973757,0.22692666803592196,-0.6955128969985028
3177,0.46452614216363297,0.2611059004619275,-0.10243048088390289
3179,0.46452614216363297,0.2611059004619275,-0.10243048088390289
3181,0.46452614216363297,0.2611059004619275,-0.10243048088390289
3183,0.43497928750159787,0.5251628297847603,-0.16347434617331272
3185,0.43552943243655695,0.5322137787564057,-0.15774488605053705
3187,0.43552943243655695,0.5322137787564057,-0.15774488605053705
3189,0.43552943243655695,0.5322137787564057,-0.15774488605053705
3191,0.43552943243655695,0.5322137787564057,-0.15774488605053705
3193,0.43552943243655695,0.5322137787564057,-0.15774488605053705
3195,0.43552943243655695,0.5322137787564057,-0.15774488605053705
3197,0.43552943243655695,0.5322137787564057,-0.15774488605053705
3199,0.423299283338564,0.634897786437564,-0.24837197708893724
3201,0.446061575069202,0.6150955108380278,-0.2456303012695079
3203,0.43717079702344286,0.6172303204767616,-0.25127419708896925
3205,0.43280672298170403,0.636165328966387,-0.23866514055749774
3207,0.43280672298170403,0.636165328966387,-0.23866514055749774
3209,0.4283679619170928,0.6501681860278952,-0.3148482345082408
3211,0.4283679619170928,0.6501681860278952,-0.3148482345082408
3213,0.4368894915745578,0.6531531227991944,-0.30545350947379324
3215,0.4368894915745578,0.6531531227991944,-0.30545350947379324
3217,0.4368894915745578,0.6531531227991944,-0.30545350947379324
3219,0.4378161999444232,0.6546023425015287,-0.304685937865369
3221,0.4368894915745578,0.6531531227991944,-0.30545350947379324
3223,0.4378697572407994,0.654680018002099,-0.30465580822463145
3225,0.43754852331346394,0.6542141627878008,-0.3048364942348868
3227,0.43754852331346394,0.6542141627878008,-0.3048364942348868
3229,-1.0223367854003096,2.7522506667315567,-0.15429874424520262
3231,0.10179970292223457,1.8731760407680726,-0.20289856583511393
3233,-0.5298647365216902,2.6212219488517006,-0.7537231327120807
3235,-0.5298647365216902,2.6212219488517006,-0.7537231327120807
3237,0.028261138157051616,-0.15247341319891652,-0.4314748156949326
3239,-1.0501306515980746,2.5974095986817103,1.6667970750293775
3241,-1.0501389293974768,2.5972841762557546,1.6666961768414157
3243,-1.0501389293974768,2.5972841762557546,1.6666961768414157
3245,-1.0501389293974768,2.5972841762557546,1.6666961768414157
3247,-1.0501389293974768,2.5972841762557546,1.6666961768414157
3249,-1.0501389293974768,2.5972841762557546,1.6666961768414157
3251,-1.0501389293974768,2.5972841762557546,1.6666961768414157
3253,-1.0500225030320023,2.6024214239565646,1.666332950338306
3255,-1.0500225030320023,2.6024214239565646,1.666332950338306
3257,-1.0500225030320023,2.6024214239565646,1.666332950338306
3259,-1.0500225030320023,2.6024214239565646,1.666332950338306
3261,-1.050041163981491,2.598765313524032,1.6678877045187013
3263,-1.0500225030320023,2.6024214239565646,1.666332950338306
3265,-1.05008261333108,2.598137405305911,1.6673825719111703
3267,-1.05008261333108,2.598137405305911,1.6673825719111703
3269,-1.0501273400947095,2.597459772712196,1.66683743838314
3271,-1.0501273400947095,2.597459772712196,1.66683743838314
3273,-1.0501273400947095,2.597459772712196,1.66683743838314
3275,-1.0501273400947095,2.597459772712196,1.66683743838314
3277,-1.0501273400947095,2.597459772712196,1.66683743838314
3279,-1.0501273400947095,2.597459772712196,1.66683743838314
3281,-1.0501273400947095,2.597459772712196,1.66683743838314
3283,-1.0501273400947095,2.597459772712196,1.66683743838314
3285,-1.0501273400947095,2.597459772712196,1.66683743838314
3287,-1.0501405847929803,2.5972590939388596,1.6666759989515274
3289,-1.0501405847929803,2.5972590939388596,1.6666759989515274
3291,-1.0501405847929803,2.5972590939388596,1.6666759989515274
3293,-1.0501405847929803,2.5972590939388596,1.6666759989515274
3295,-1.0501356184421022,2.5973343430577223,1.6667365343687992
3297,-1.0501356184421022,2.5973343430577223,1.6667365343687992
3299,-1.0501356184421022,2.5973343430577223,1.6667365343687992
3301,-1.0501422401336986,2.5972340123446362,1.6666558216441316
3303,-1.0502480681281336,2.595630291642342,1.6653656840828266
3305,-1.0502480681281336,2.595630291642342,1.6653656840828266
3307,-1.0502464162872327,2.595655327068683,1.6653858241776107
3309,-1.0502464162872327,2.595655327068683,1.6653858241776107
3311,-1.0502464162872327,2.595655327068683,1.6653858241776107
3313,-1.0502464162872327,2.595655327068683,1.6653858241776107
3315,-1.0502464162872327,2.595655327068683,1.6653858241776107
3317,-1.0502464162872327,2.595655327068683,1.6653858241776107
3319,-1.0502464162872327,2.595655327068683,1.6653858241776107
3321,-1.138092134285647,-0.015009206418191813,-0.3081034708331413
3323,-1.1774410874020718,1.796243027694964,-0.07862964513470021
3325,0.5651870250694104,1.283106224494219,-0.6887959486273699
3327,0.5655799441101514,1.2905046668570337,-0.683238615711391
3329,0.5655799441101514,1.2905046668570337,-0.683238615711391
3331,0.5638679749692705,1.2596130594795427,-0.7063264382227287
3333,0.4919333721114271,1.4909650584562175,-0.6715430009618161
3335,0.4916689269293079,1.4904367223391182,-0.6715456062813169
3337,0.4916689269293079,1.4904367223391182,-0.6715456062813169
3339,0.49153677389358075,1.490172700828608,-0.671546908562264
3341,0.49153677389358075,1.490172700828608,-0.671546908562264
3343,0.4914046671852549,1.489908776926216,-0.6715482105908862
3345,0.4914046671852549,1.489908776926216,-0.6715482105908862
3347,0.5103354208475113,1.2696529442449807,-0.6561557373208188
3349,0.5047131847369597,1.2586297703114064,-0.6562140759665944
3351,0.5028541022926469,1.243652133565146,-0.6657346049384764
3353,0.4796825926326564,1.4787122389529548,-0.6724123805752508
3355,0.6107579763510156,1.431788254642732,-0.6468395694446448
3357,0.6107579763510156,1.431788254642732,-0.6468395694446448
3359,0.6107579763510156,1.431788254642732,-0.6468395694446448
3361,0.6107579763510156,1.431788254642732,-0.6468395694446448
3363,0.6107579763510156,1.431788254642732,-0.6468395694446448
3365,0.5938359785106385,1.4166370017274483,-0.6655581481300241
3367,0.5938359785106385,1.4166370017274483,-0.6655581481300241
3369,0.5938359785106385,1.4166370017274483,-0.6655581481300241
3371,0.5938359785106385,1.4166370017274483,-0.6655581481300241
3373,0.5885379661760163,1.4053523034109694,-0.6661431412475903
3375,0.5987832915729375,1.4295852096775457,-0.6627233743529337
3377,-0.9038714609910606,1.5013620712329787,-0.049372320848071576
3379,-0.9606353069036226,1.1465884593626265,-0.7143951565394425
3381,-0.9561482854566911,1.137045000284255,-0.7285766507877447
3383,-0.957702341591549,1.1544543314221831,-0.7334930183612084
3385,-0.9567067440595155,1.1592836383228267,-0.7397136146492729
3387,-0.962567829974673,1.2917743239536943,-0.756637373549632
3389,-1.1401190212464234,0.006143946704359274,-0.5687379159567767
3391,-1.140155837366159,0.0034139783196819318,-0.5687533652720969
3393,-1.140155837366159,0.0034139783196819318,-0.5687533652720969
3395,-1.140155837366159,0.0034139783196819318,-0.5687533652720969
3397,-1.140155837366159,0.0034139783196819318,-0.5687533652720969
3399,-1.140155837366159,0.0034139783196819318,-0.5687533652720969
3401,-1.140155837366159,0.0034139783196819318,-0.5687533652720969
3403,-1.140155837366159,0.0034139783196819318,-0.5687533652720969
3405,-1.1401313487522082,0.005231761535898907,-0.5687430598495843
3407,-1.1401313487522082,0.005231761535898907,-0.5687430598495843
3409,-1.1401313487522082,0.005231761535898907,-0.5687430598495843
3411,-1.1401313487522082,0.005231761535898907,-0.5687430598495843
3413,-1.1401313487522082,0.005231761535898907,-0.5687430598495843
3415,-1.1401313487522082,0.005231761535898907,-0.5687430598495843
3417,-1.1401313487522082,0.005231761535898907,-0.5687430598495843
3419,-1.1401313487522082,0.005231761535898907,-0.5687430598495843
3421,-1.1402574886029346,-0.0042150213767667664,-0.5687974117719554
3423,-1.1401190212464234,0.006143946704359274,-0.5687379159567767
3425,-1.1402574886029346,-0.0042150213767667664,-0.5687974117719554
3427,-1.1401190212464234,0.006143946704359274,-0.5687379159567767
3429,-1.1401313487522082,0.005231761535898907,-0.5687430598495843
3431,-1.1401313487522082,0.005231761535898907,-0.5687430598495843
3433,-1.1401190212464234,0.006143946704359274,-0.5687379159567767
3435,-1.1407868047747098,0.039442454015577486,-0.5306208674165745
3437,-1.1401190212464234,0.006143946704359274,-0.5687379159567767
3439,-1.1402574886029346,-0.0042150213767667664,-0.5687974117719554
3441,-1.1401190212464234,0.006143946704359274,-0.5687379159567767
3443,-1.1401190212464234,0.006143946704359274,-0.5687379159567767
3445,-1.1401190212464234,0.006143946704359274,-0.5687379159567767
3447,-1.1402574886029346,-0.0042150213767667664,-0.5687974117719554
3449,-1.1402574886029346,-0.0042150213767667664,-0.5687974117719554
3451,-1.1402574886029346,-0.0042150213767667664,-0.5687974117719554
3453,-1.1402574886029346,-0.0042150213767667664,-0.5687974117719554
3455,-1.1402574886029346,-0.0042150213767667664,-0.5687974117719554
3457,-1.1402574886029346,-0.0042150213767667664,-0.5687974117719554
3459,-1.1402574886029346,-0.0042150213767667664,-0.5687974117719554
3461,-1.1407868047747098,0.039442454015577486,-0.5306208674165745
3463,-1.1407868047747098,0.039442454015577486,-0.5306208674165745
3465,-1.1402574886029346,-0.0042150213767667664,-0.5687974117719554
3467,-1.1402574886029346,-0.0042150213767667664,-0.5687974117719554
3469,-1.1402633481549491,-0.004658983218084673,-0.5688000146162188
3471,-1.1407868047747098,0.039442454015577486,-0.5306208674165745
3473,-1.1408812781051478,0.031730422416125365,-0.5308825118415365
3475,-1.1408812781051478,0.031730422416125365,-0.5308825118415365
3477,-1.1407868047747098,0.039442454015577486,-0.5306208674165745
3479,-1.1408812781051478,0.031730422416125365,-0.5308825118415365
3481,-1.1408812781051478,0.031730422416125365,-0.5308825118415365
3483,-1.1408812781051478,0.031730422416125365,-0.5308825118415365
3485,-1.1422750933872268,0.04817617306446581,-0.4737534445099613
3487,-1.1408812781051478,0.031730422416125365,-0.5308825118415365
3489,-1.1422633008404393,0.049404611030637126,-0.47366400968679684
3491,-1.142269207175758,0.04878991016137329,-0.47370874439560434
3493,-1.1422750933872268,0.04817617306446581,-0.4737534445099613
3495,-0.10140001890449898,1.0263029246502544,-0.17750477350059876
3497,-0.10140001890449898,1.0263029246502544,-0.17750477350059876
3499,-0.10140001890449898,1.0263029246502544,-0.17750477350059876
3501,-0.10556133048483302,1.0099544008639691,-0.17374693265650507
3503,-0.10729477234448781,1.0066819207366002,-0.17457748274013088
3505,-0.11786412005637967,0.9867470180390167,-0.1795983613889505
3507,-0.10729477234448781,1.0066819207366002,-0.17457748274013088
3509,-0.11725949022455506,0.9878865480670627,-0.17931312099978483
3511,-0.11725949022455506,0.9878865480670627,-0.17931312099978483
3513,-0.10729477234448781,1.0066819207366002,-0.17457748274013088
3515,-0.11837039587971138,0.9857929349647715,-0.17983701884078698
3517,-0.12461649216004997,0.9740282642391261,-0.18276775108225107
3519,-0.11801997806459692,0.9864532937451476,-0.1796718503540081
3521,-0.11837039587971138,0.9857929349647715,-0.17983701884078698
3523,-0.11801997806459692,0.9864532937451476,-0.1796718503540081
3525,-0.12792371897524846,0.9678036978102169,-0.18430938933712027
3527,-0.13003544926049312,0.9638309009274211,-0.18529011935927914
3529,-0.12461649216004997,0.9740282642391261,-0.18276775108225107
3531,-0.1306926556342336,0.9625947730473597,-0.18559476405347383
3533,-0.1305988476072627,0.9627712069301735,-0.18555129648056823
3535,-0.1279993665459278,0.9676613589479286,-0.18434457039127816
3537,-0.12792371897524846,0.9678036978102169,-0.18430938933712027
3539,-0.130166993318938,0.9635834715899333,-0.18535111775387364
3541,-0.1279993665459278,0.9676613589479286,-0.18434457039127816
3543,-0.1279993665459278,0.9676613589479286,-0.18434457039127816
3545,-0.129997855792271,0.9639016137609042,-0.1852726848568849
3547,-0.1279993665459278,0.9676613589479286,-0.18434457039127816
3549,-0.1279993665459278,0.9676613589479286,-0.18434457039127816
3551,-0.1279993665459278,0.9676613589479286,-0.18434457039127816
3553,-0.129997855792271,0.9639016137609042,-0.1852726848568849
3555,-0.13003544926049312,0.9638309009274211,-0.18529011935927914
3557,-0.13003544926049312,0.9638309009274211,-0.18529011935927914
3559,-0.13003544926049312,0.9638309009274211,-0.18529011935927914
3561,-0.13384806757630174,0.9566616369724117,-0.187053657313061
3563,-0.1325260283020119,0.9591471055861477,-0.18644317749483927
3565,-0.13265660160793666,0.9589016006617859,-0.18650352121195038
3567,-0.13384806757630174,0.9566616369724117,-0.187053657313061
3569,-0.13384806757630174,0.9566616369724117,-0.187053657313061
3571,-0.13384806757630174,0.9566616369724117,-0.187053657313061
3573,-0.13384806757630174,0.9566616369724117,-0.187053657313061
3575,-0.1251062378795634,0.9550677991211681,-0.18752277886882662
3577,-0.1251062378795634,0.9550677991211681,-0.18752277886882662
3579,0.7848703945967371,0.0454736437602847,1.58059921014274
3581,0.7848703945967371,0.0454736437602847,1.58059921014274
3583,0.7848703945967371,0.0454736437602847,1.58059921014274
3585,0.7848703945967371,0.0454736437602847,1.58059921014274
3587,0.7848703945967371,0.0454736437602847,1.58059921014274
3589,0.7848703945967371,0.0454736437602847,1.58059921014274
3591,0.7848703945967371,0.0454736437602847,1.58059921014274
3593,0.7848703945967371,0.0454736437602847,1.58059921014274
3595,0.7848703945967371,0.0454736437602847,1.58059921014274
3597,0.7848703945967371,0.0454736437602847,1.58059921014274
3599,0.7848703945967371,0.0454736437602847,1.58059921014274
3601,0.7848703945967371,0.0454736437602847,1.58059921014274
3603,0.7848703945967371,0.0454736437602847,1.58059921014274
3605,0.7848703945967371,0.0454736437602847,1.58059921014274
3607,0.7848703945967371,0.0454736437602847,1.58059921014274
3613,0.7090055113724971,-1.3908155991217894,-0.7467600412588965
3615,0.7273608082935322,-1.1493114071779018,-0.5482782969298491
3617,0.7417111280803123,-1.1594859763945302,-0.5638130142552117
3619,0.7600942681755658,-1.1695811820538444,-0.6235634287686234
3621,0.9178461216470494,-0.9499801181148796,-0.5720180180220407
3623,0.9178461216470494,-0.9499801181148796,-0.5720180180220407
3625,0.9178461216470494,-0.9499801181148796,-0.5720180180220407
3627,1.0031011325515637,-0.7824866386726295,-0.3805188551288081
3629,1.0031011325515637,-0.7824866386726295,-0.3805188551288081
3631,0.27726898831717334,1.0359463134523001,-0.459098297681451
3633,0.27733840076647226,1.0359887792843114,-0.4591881375033
3635,0.2684603396820782,0.9994745975614511,-0.5113267709254264
3637,0.2684603396820782,0.9994745975614511,-0.5113267709254264
3639,0.2684603396820782,0.9994745975614511,-0.5113267709254264
3641,0.2684603396820782,0.9994745975614511,-0.5113267709254264
3643,0.2684376288666319,0.9994375707925796,-0.5113464758237554
3645,0.2684376288666319,0.9994375707925796,-0.5113464758237554
3647,0.28437076710874815,0.9905914910479101,-0.5268236187287862
3649,0.321877934394107,0.9946648203354373,-0.47991020153303926
3651,0.3161052953059719,0.983484328755144,-0.4867253822348663
3653,0.3158906408864265,0.9847217441698723,-0.49000273499870606
3655,0.31920881760707215,0.9939971704230408,-0.48187436225403274
3657,0.31779604982709503,0.9822271969509776,-0.4866974770352796
3659,-1.169639745908604,-0.06450147895514548,4.214526463174866
3661,-1.169639745908604,-0.06450147895514548,4.214526463174866
3663,-1.1681104133439644,-0.08695819819768531,4.0822517610108395
3665,-1.1695676722580315,-0.0655329028524302,4.203548126663052
3667,-1.1682931666645477,-0.0843013604832603,4.110311692808456
3669,-1.1682931666645477,-0.0843013604832603,4.110311692808456
3671,-1.1682931666645477,-0.0843013604832603,4.110311692808456
3673,-1.1682931666645477,-0.0843013604832603,4.110311692808456
3675,-1.1682931666645477,-0.0843013604832603,4.110311692808456
3677,-1.1682931666645477,-0.0843013604832603,4.110311692808456
3679,-1.1682931666645477,-0.0843013604832603,4.110311692808456
3681,-1.1681104133439644,-0.08695819819768531,4.0822517610108395
3683,-1.1682931666645477,-0.0843013604832603,4.110311692808456
3685,-1.1681104133439644,-0.08695819819768531,4.0822517610108395
3687,-1.1682931666645477,-0.0843013604832603,4.110311692808456
3689,-1.1681104133439644,-0.08695819819768531,4.0822517610108395
3691,-1.1682931666645477,-0.0843013604832603,4.110311692808456
3693,-1.1681104133439644,-0.08695819819768531,4.0822517610108395
3695,-1.1682359188297469,-0.07400585151977379,4.0891073636807
3697,-1.1691751172405624,-0.0968287583428539,4.055277313767285
3699,-1.1701686271424272,-0.394749933815872,4.228016288306358
3701,-1.168981362822123,-0.08558567099747447,4.010567902841234
3703,-1.1701686271424272,-0.394749933815872,4.228016288306358
3705,-1.168981362822123,-0.08558567099747447,4.010567902841234
3707,-1.168981362822123,-0.08558567099747447,4.010567902841234
3709,-1.16929765754505,-0.11008050329987704,4.090173166528817
3711,-1.1694489391017366,-0.10793130309844559,4.113121729072714
3713,-1.1689662897183126,-0.11480018877431648,4.03987305597861
3715,-1.1689662897183126,-0.11480018877431648,4.03987305597861
3717,-1.1688942844568164,-0.11582799680387974,4.028936803014924
3719,-1.1690753936020244,-0.11324436415240478,4.0564396583370925
3721,-1.1688942844568164,-0.11582799680387974,4.028936803014924
3723,-1.1686467352856864,-0.11936775496309829,3.9913215163756406
3725,-1.1686119249651437,-0.1198662981435155,3.986029900843253
3727,-1.1686119249651437,-0.1198662981435155,3.986029900843253
3729,-1.1686119249651437,-0.1198662981435155,3.986029900843253
3731,-1.1686119249651437,-0.1198662981435155,3.986029900843253
3733,-1.1684740287938307,-0.12184313187573377,3.9650626080570746
3735,-1.168371992465391,-0.12330788910467853,3.949542350581469
3737,-1.168371992465391,-0.12330788910467853,3.949542350581469
3739,-1.1673216972148404,-0.12361644493672352,3.773087055885003
3741,-1.1673216972148404,-0.12361644493672352,3.773087055885003
3743,-1.1673216972148404,-0.12361644493672352,3.773087055885003
3745,-1.1673216972148404,-0.12361644493672352,3.773087055885003
3747,-1.167292435813177,-0.12404433622280678,3.7686186986666277
3749,0.9903682315830206,-0.8293785823010236,-0.38444641502267957
3751,0.9903682315830206,-0.8293785823010236,-0.38444641502267957
3753,0.9903682315830206,-0.8293785823010236,-0.38444641502267957
3755,0.9783718307880037,-0.7200703350366455,-0.48855290695010956
3757,0.9864859973185822,-0.6906404161427708,-0.4569537246492753
3759,0.9678574570768486,-0.6951224510827076,-0.47403233955770907
3761,0.962622136424402,-0.6648608144738005,-0.4198430069006856
3763,0.962622136424402,-0.6648608144738005,-0.4198430069006856
3765,0.9541686223011497,-0.6437243547072579,-0.39720358675941747
3767,0.9541686223011497,-0.6437243547072579,-0.39720358675941747
3769,0.9564627606641466,-0.6326425216718664,-0.38549997792655777
3771,0.9564627606641466,-0.6326425216718664,-0.38549997792655777
3773,0.9570102801775477,-0.6336017266833551,-0.3861720684953892
3775,0.9570102801775477,-0.6336017266833551,-0.3861720684953892
3777,0.9595046068439795,-0.5257620500060799,-0.4816952373125474
3779,0.9541456926516031,-0.5226834131665133,-0.4775821033198693
3781,0.9540831652778095,-0.5234186316681775,-0.4788592878525024
3783,0.9547513746997567,-0.48957736954915515,-0.4971453899096831
3785,0.9547513746997567,-0.48957736954915515,-0.4971453899096831
3787,0.9541039516040676,-0.49028638692170756,-0.4965008099179868
3789,0.9541039516040676,-0.49028638692170756,-0.4965008099179868
3791,0.9541039516040676,-0.49028638692170756,-0.4965008099179868
3793,0.9531751782917939,-0.4905388092983322,-0.496831179630943
3795,0.9529896643528937,-0.4905892157902147,-0.49689715706613513
3797,0.9528923392047983,-0.4910408066686586,-0.49223659527152114
3799,0.9528923392047983,-0.4910408066686586,-0.49223659527152114
3801,0.9528923392047983,-0.4910408066686586,-0.49223659527152114
3803,0.9463874350783398,-0.48169924665572333,-0.4850116479912578
3805,0.9459187903447211,-0.4572206314183989,-0.5332317030394893
3807,0.9492501207690939,-0.4872827313324456,-0.5284174737254745
3837,0.9421271450022339,-0.2629995015389636,-0.5323167641178036
3839,0.9430246795178965,-0.26387079279817466,-0.5328548583235128
3841,0.9430246795178965,-0.26387079279817466,-0.5328548583235128
3843,0.9439706768348209,-0.2695570397709109,-0.5342652856969694
3845,0.9439706768348209,-0.2695570397709109,-0.5342652856969694
3847,0.919775356386402,-0.280770680989463,-0.5260537893121199
3849,0.9213856807745145,-0.2823441317367169,-0.5262254218845868
3851,-1.2166417598014685,0.6690577928327879,0.5567999287636376
3853,-1.2163487479267894,0.6644080131706936,0.5528033344582646
3855,-1.2166020111046747,0.6684271913532536,0.5562576656190773
3857,-1.2164039831131543,0.6652847537828013,0.5535565921220353
3859,-1.216356632994959,0.6645331780050989,0.5529108615485402
3861,-1.1741440556592397,-0.03890087408088939,-0.06561141797096087
3863,-1.1742285604025593,-0.02907707246661466,-0.05707261968721479
3865,-1.1741424046102102,-0.03893189837962512,-0.06563286280087928
3867,-1.1742318583356657,-0.029014870131859903,-0.05702958189671273
3869,-1.1785917123544483,0.03168491626025938,-0.03551061641369068
3871,-1.184209115192087,0.11111589683220902,-0.01978302410768171
3873,-1.1785191841570635,0.030360571688243628,-0.0364023445292063
3875,-1.1842171275990614,0.11125782996561592,-0.019692040911354996
3877,-1.184209115192087,0.11111589683220902,-0.01978302410768171
3879,-1.174339215908759,-0.06768819021007998,-0.13248721757899554
3881,-1.184209115192087,0.11111589683220902,-0.01978302410768171
3883,-1.174388065787288,-0.06678145752383548,-0.13192408970869635
3885,-1.1745077851038137,-0.07163007231032323,-0.09605098841602165
3887,-1.1745077851038137,-0.07163007231032323,-0.09605098841602165
3889,-1.1745077851038137,-0.07163007231032323,-0.09605098841602165
3891,-1.1745077851038137,-0.07163007231032323,-0.09605098841602165
3893,-1.1745008987611727,-0.07175626801497913,-0.09613662053215118
3895,-1.1745008987611727,-0.07175626801497913,-0.09613662053215118
3897,-1.1744894280718243,-0.07196648469552717,-0.09627926351525844
3899,-1.1744802574086923,-0.07213455957784091,-0.09639330847360729
3901,-1.1744894280718243,-0.07196648469552717,-0.09627926351525844
3903,-1.1744894280718243,-0.07196648469552717,-0.09627926351525844
3905,0.939669601612086,-0.41806248470905816,-0.4276105340205908
3907,0.9428520525467854,-0.34560597341181715,-0.45668113598554905
3909,0.944396560212696,-0.35519267824878903,-0.4582305386729898
3911,0.9429316895175505,-0.3456332306140248,-0.4566988838094111
3913,0.9485208539709756,-0.34040412233069706,-0.4641434910369296
3915,0.9429421043889067,-0.3456269952766006,-0.4566932634125967
3917,0.9483293694602963,-0.3372147481828573,-0.4581825990910775
3919,0.9431390585543019,-0.3374426467252409,-0.4602012017279976
3921,0.9387932455166633,-0.3358739350132612,-0.46863143765484455
3923,0.9394065656495257,-0.33952601454017134,-0.46870193874337546
3925,0.9394635399970998,-0.3394932389408137,-0.46867202616202064
3927,0.9387932455166633,-0.3358739350132612,-0.46863143765484455
3929,0.9384741575402891,-0.33583970050342754,-0.4686985052842489
3931,0.9361560754315716,-0.3325790829640684,-0.4629808701421415
3933,0.9361560754315716,-0.3325790829640684,-0.4629808701421415
3935,0.9351857455650147,-0.3347903489146181,-0.465097976495999
3937,0.9314676000688483,-0.33624228799028594,-0.45933821811589914
3939,0.936915174551255,-0.33609806164018313,-0.4621071749696645
3941,0.9343443098774754,-0.33277745540352255,-0.4635485900628607
3943,0.9343628655481966,-0.33276685176492465,-0.463538884000719
3945,0.9353724502779843,-0.33613783404456676,-0.4622519362783034
3947,0.9327312046057699,-0.3333826608454397,-0.4599284664594389
3949,0.9342735988781843,-0.3370510879944118,-0.4632123678962617
3951,0.9338687047417518,-0.33601893113154,-0.4621030654511773
3953,0.9310244062649852,-0.33413687034748046,-0.45786743466364555
3955,0.9318371597886274,-0.33465622695735703,-0.45825671781041677
3957,0.9307747282480946,-0.3394785881425521,-0.4590131327290017
3959,0.9307747282480946,-0.3394785881425521,-0.4590131327290017
3961,0.9348842687230385,-0.34439948569529927,-0.4619246797551747
3963,0.9301938403006889,-0.31578092052655016,-0.4466986417963966
3965,0.9309989603936963,-0.3160190141508541,-0.44685195869962274
3967,0.9300282229648704,-0.31567242718865357,-0.4466915243577516
3969,0.9300282229648704,-0.31567242718865357,-0.4466915243577516
3971,-1.1385468029491321,-1.1955019797935924,2.567495194462831
3973,-1.1385468029491321,-1.1955019797935924,2.567495194462831
3975,-1.1385468029491321,-1.1955019797935924,2.567495194462831
3977,-1.138602584022433,-1.185869815608725,2.4927589075138665
3979,-1.138602584022433,-1.185869815608725,2.4927589075138665
3981,-1.138602584022433,-1.185869815608725,2.4927589075138665
3983,-1.1386534085238358,-1.1770935423469027,2.4246635071189635
3985,-1.1408962230197086,-0.7898088204496658,-0.5802917190526182
3987,-1.1408962230197086,-0.7898088204496658,-0.5802917190526182
3989,-1.1408962230197086,-0.7898088204496658,-0.5802917190526182
3991,-1.1408962230197086,-0.7898088204496658,-0.5802917190526182
3993,-1.1408962230197086,-0.7898088204496658,-0.5802917190526182
3995,-1.1408962230197086,-0.7898088204496658,-0.5802917190526182
3997,-1.1408962230197086,-0.7898088204496658,-0.5802917190526182
3999,-1.1408962230197086,-0.7898088204496658,-0.5802917190526182
4001,-1.1408962230197086,-0.7898088204496658,-0.5802917190526182
4003,-1.1408962230197086,-0.7898088204496658,-0.5802917190526182
4005,-1.1408962230197086,-0.7898088204496658,-0.5802917190526182
4007,-1.1408962230197086,-0.7898088204496658,-0.5802917190526182
4009,-1.1408962230197086,-0.7898088204496658,-0.5802917190526182
4011,-1.1408962230197086,-0.7898088204496658,-0.5802917190526182
4013,-1.1408962230197086,-0.7898088204496658,-0.5802917190526182
4015,-1.1408962230197086,-0.7898088204496658,-0.5802917190526182
4017,-1.1408962230197086,-0.7898088204496658,-0.5802917190526182
4019,-1.1408962230197086,-0.7898088204496658,-0.5802917190526182
4021,-1.1408962230197086,-0.7898088204496658,-0.5802917190526182
4023,-1.1408962230197086,-0.7898088204496658,-0.5802917190526182
4025,-1.1408962230197086,-0.7898088204496658,-0.5802917190526182
4027,-1.1408962230197086,-0.7898088204496658,-0.5802917190526182
4029,-1.1408962230197086,-0.7898088204496658,-0.5802917190526182
4031,-1.1408962230197086,-0.7898088204496658,-0.5802917190526182
4033,-1.1408962230197086,-0.7898088204496658,-0.5802917190526182
4035,-1.1408962230197086,-0.7898088204496658,-0.5802917190526182
4037,-1.1408962230197086,-0.7898088204496658,-0.5802917190526182
4039,-1.1408962230197086,-0.7898088204496658,-0.5802917190526182
4041,0.36530339254424343,-1.0204166237481882,-0.5788780160606787
4043,0.3349447691822886,-1.0217655826243266,-0.5837986269331603
4045,0.3349447691822886,-1.0217655826243266,-0.5837986269331603
4047,0.3349447691822886,-1.0217655826243266,-0.5837986269331603
4049,0.3123446179920081,-1.0225617933643603,-0.5872847610684218
4051,0.31849798062221796,-1.022362623677327,-0.5863505697883378
4053,0.31849798062221796,-1.022362623677327,-0.5863505697883378
4055,0.31849798062221796,-1.022362623677327,-0.5863505697883378
4057,0.31849798062221796,-1.022362623677327,-0.5863505697883378
4059,0.31849798062221796,-1.022362623677327,-0.5863505697883378
4061,0.31849798062221796,-1.022362623677327,-0.5863505697883378
4063,0.3210285972085436,-1.018245333321663,-0.5898522579051254
4065,0.29783856273618214,-1.0189190331751568,-0.5932921465081069
4067,0.2807150105862805,-1.0192966270830643,-0.5957297481992787
4069,0.27885623658305403,-1.0193314901122439,-0.5959891190912744
4071,0.27885623658305403,-1.0193314901122439,-0.5959891190912744
4073,0.27885623658305403,-1.0193314901122439,-0.5959891190912744
4075,0.27885623658305403,-1.0193314901122439,-0.5959891190912744
4077,0.27885623658305403,-1.0193314901122439,-0.5959891190912744
4079,0.27885623658305403,-1.0193314901122439,-0.5959891190912744
4081,0.27885623658305403,-1.0193314901122439,-0.5959891190912744
4083,0.27885623658305403,-1.0193314901122439,-0.5959891190912744
4085,1.1242034755165253,-0.14304138188468007,1.218173557456663
4087,0.8119183050371783,0.3088426180312487,-0.10877833111549534
4089,0.8119183050371783,0.3088426180312487,-0.10877833111549534
4091,0.8151564512450741,0.24260216662198414,-0.13450048088713343
4093,0.8195848711003643,0.21578021539741735,-0.14511081527191177
4095,0.7779695002908336,-0.007912096135972397,-0.20310858112678679
4097,0.8272222353337013,-0.6188324668959979,-0.04616870744844506
4099,0.8272222353337013,-0.6188324668959979,-0.04616870744844506
4101,0.8272222353337013,-0.6188324668959979,-0.04616870744844506
4103,0.8272222353337013,-0.6188324668959979,-0.04616870744844506
4105,0.8272222353337013,-0.6188324668959979,-0.04616870744844506
4107,0.8654845478678408,-0.6474410475203235,-0.05555931440079663
4109,0.9038695936034811,-0.6284805782817148,-0.2437958875777869
4111,0.9008540024191851,-0.6274271341800167,-0.24397638939616456
4113,0.9008540024191851,-0.6274271341800167,-0.24397638939616456
4115,0.9008540024191851,-0.6274271341800167,-0.24397638939616456
4117,0.9151547510950823,-0.6534300943188917,0.025115406453958676
4119,0.35013332922330187,0.5716684787909995,-0.3198352288360984
4121,0.34867312985541077,0.5685744245343023,-0.3217916965873798
4123,0.34867312985541077,0.5685744245343023,-0.3217916965873798
4125,0.3339954454411577,0.5325000225316538,-0.3395724667795239
4127,0.3339954454411577,0.5325000225316538,-0.3395724667795239
4129,0.33389069493766904,0.532378650894397,-0.3396685906216232
4131,0.333335587002801,0.533141139595534,-0.33935598489904956
4133,0.33592733442258554,0.5335249313193836,-0.33867560183690476
4135,0.33343820565793075,0.5309024577186361,-0.3379031913480401
4137,0.33343820565793075,0.5309024577186361,-0.3379031913480401
4139,0.33343820565793075,0.5309024577186361,-0.3379031913480401
4141,0.33343820565793075,0.5309024577186361,-0.3379031913480401
4143,0.334777640366016,0.5298487419030478,-0.33837747173184823
4145,0.334777640366016,0.5298487419030478,-0.33837747173184823
4147,0.334777640366016,0.5298487419030478,-0.33837747173184823
4149,0.334777640366016,0.5298487419030478,-0.33837747173184823
4151,0.334777640366016,0.5298487419030478,-0.33837747173184823
4153,0.33592733442258554,0.5335249313193836,-0.33867560183690476
4155,0.3753989694699944,0.5058966965593183,-0.3021568022388503
4159,0.3753989694699944,0.5058966965593183,-0.3021568022388503
4161,0.3753989694699944,0.5058966965593183,-0.3021568022388503
4163,0.3753989694699944,0.5058966965593183,-0.3021568022388503
4165,0.8521526205660641,0.5575488816464136,0.26454639867634505
4167,-1.1421052106493368,-0.6857648857983357,-0.4911101930283272
4169,-1.1421052106493368,-0.6857648857983357,-0.4911101930283272
4171,-1.1420994766304218,-0.686258348158607,-0.49153316555884535
4173,-1.1420928561632495,-0.6868280971262182,-0.4920215273509345
4175,-1.1420872399060036,-0.6873114250673801,-0.4924358131380628
4177,-1.1420872399060036,-0.6873114250673801,-0.4924358131380628
4179,-1.1420872399060036,-0.6873114250673801,-0.4924358131380628
4181,-1.1420872399060036,-0.6873114250673801,-0.4924358131380628
4183,-1.1420872399060036,-0.6873114250673801,-0.4924358131380628
4185,-1.1420872399060036,-0.6873114250673801,-0.4924358131380628
4187,-1.1420872399060036,-0.6873114250673801,-0.4924358131380628
4189,-1.1420872399060036,-0.6873114250673801,-0.4924358131380628
4191,-1.1420872399060036,-0.6873114250673801,-0.4924358131380628
4193,-1.1420872399060036,-0.6873114250673801,-0.4924358131380628
4195,-1.1420863090479474,-0.6873915335253754,-0.49250447830874716
4197,-1.1420994766304218,-0.686258348158607,-0.49153316555884535
4199,-1.1421217618301194,-0.6843405122733159,-0.4898892876001003
4201,-1.1441018131500162,-0.5139398190941704,-0.3438298954381292
4203,-1.1441018131500162,-0.5139398190941704,-0.3438298954381292
4205,-1.1441018131500162,-0.5139398190941704,-0.3438298954381292
4207,-1.1441018131500162,-0.5139398190941704,-0.3438298954381292
4209,-1.1441018131500162,-0.5139398190941704,-0.3438298954381292
4211,-1.1441054614602713,-0.5136258501631168,-0.3435607761618402
4213,-1.1441054614602713,-0.5136258501631168,-0.3435607761618402
4215,-1.1441054614602713,-0.5136258501631168,-0.3435607761618402
4217,-1.1441054614602713,-0.5136258501631168,-0.3435607761618402
4219,-1.1441054614602713,-0.5136258501631168,-0.3435607761618402
4221,-1.1440909221767868,-0.5148770823706533,-0.3446332730647382
4223,-1.1440909221767868,-0.5148770823706533,-0.3446332730647382
4225,-1.1440909221767868,-0.5148770823706533,-0.3446332730647382
4227,-1.1440909221767868,-0.5148770823706533,-0.3446332730647382
4229,-1.1440909221767868,-0.5148770823706533,-0.3446332730647382
4231,-1.1440909221767868,-0.5148770823706533,-0.3446332730647382
4233,-1.1440909221767868,-0.5148770823706533,-0.3446332730647382
4235,-1.1440909221767868,-0.5148770823706533,-0.3446332730647382
4237,-1.1440909221767868,-0.5148770823706533,-0.3446332730647382
4239,-1.1440909221767868,-0.5148770823706533,-0.3446332730647382
4241,-1.1440909221767868,-0.5148770823706533,-0.3446332730647382
4243,-1.1440909221767868,-0.5148770823706533,-0.3446332730647382
4245,-1.1440909221767868,-0.5148770823706533,-0.3446332730647382
4247,-1.1440909221767868,-0.5148770823706533,-0.3446332730647382
4249,-1.1440909221767868,-0.5148770823706533,-0.3446332730647382
4251,-1.1440909221767868,-0.5148770823706533,-0.3446332730647382
4253,-1.1440729482825116,-0.5164238928057521,-0.3459591256051549
4255,-1.1440729482825116,-0.5164238928057521,-0.3459591256051549
4257,-1.1440729482825116,-0.5164238928057521,-0.3459591256051549
4259,-1.1440729482825116,-0.5164238928057521,-0.3459591256051549
4261,-1.144127542712128,-0.5117255657690201,-0.34193194250888775
4263,-1.144127542712128,-0.5117255657690201,-0.34193194250888775
4265,-1.144127542712128,-0.5117255657690201,-0.34193194250888775
4267,-1.144127542712128,-0.5117255657690201,-0.34193194250888775
4269,-1.144127542712128,-0.5117255657690201,-0.34193194250888775
4271,-1.144127542712128,-0.5117255657690201,-0.34193194250888775
4273,-1.144127542712128,-0.5117255657690201,-0.34193194250888775
4275,-1.144127542712128,-0.5117255657690201,-0.34193194250888775
4277,-1.144127542712128,-0.5117255657690201,-0.34193194250888775
4279,-1.144127542712128,-0.5117255657690201,-0.34193194250888775
4281,-1.1441784588761974,-0.5073437855776427,-0.3381760883547789
4283,-1.1441784588761974,-0.5073437855776427,-0.3381760883547789
4285,-1.1441784588761974,-0.5073437855776427,-0.3381760883547789
4287,-1.1441784588761974,-0.5073437855776427,-0.3381760883547789
4289,-1.1518059260188929,-0.25433911865570485,-0.20456109343326212
4291,-1.1518059260188929,-0.25433911865570485,-0.20456109343326212
4293,-1.151805013402362,-0.25437296137793525,-0.20458087815896372
4295,-1.1518196365906135,-0.2538308345721437,-0.20426401713898013
4297,-1.1515669254369727,-0.2461020652526065,-0.1915563206504016
4299,-1.1510650714593618,-0.2655748248934618,-0.2033532717125279
4301,-1.1510650714593618,-0.2655748248934618,-0.2033532717125279
4303,-1.1510650714593618,-0.2655748248934618,-0.2033532717125279
4305,-1.1510650714593618,-0.2655748248934618,-0.2033532717125279
4307,-1.1510650714593618,-0.2655748248934618,-0.2033532717125279
4309,-1.1510650714593618,-0.2655748248934618,-0.2033532717125279
4311,-1.1510485001359998,-0.2662250108609466,-0.20375045764995442
4313,-1.1510485001359998,-0.2662250108609466,-0.20375045764995442
4315,-1.1518022766168539,-0.2544744574375123,-0.2046402170871772
4317,-1.1518022766168539,-0.2544744574375123,-0.2046402170871772
4319,-1.1510485001359998,-0.2662250108609466,-0.20375045764995442
4321,-1.1518022766168539,-0.2544744574375123,-0.2046402170871772
4323,-1.1518306339190556,-0.2534233367069345,-0.20402594294222173
4325,-1.1510456246322842,-0.2663378806968984,-0.20381942922216303
4327,-1.1518306339190556,-0.2534233367069345,-0.20402594294222173
4329,-1.1510456246322842,-0.2663378806968984,-0.20381942922216303
4331,-1.1518306339190556,-0.2534233367069345,-0.20402594294222173
4333,-1.1510456246322842,-0.2663378806968984,-0.20381942922216303
4335,-1.1518306339190556,-0.2534233367069345,-0.20402594294222173
4337,-1.1510456246322842,-0.2663378806968984,-0.20381942922216303
4339,-1.1510456246322842,-0.2663378806968984,-0.20381942922216303
4341,-1.1518306339190556,-0.2534233367069345,-0.20402594294222173
4343,-1.1518306339190556,-0.2534233367069345,-0.20402594294222173
4345,-1.1518306339190556,-0.2534233367069345,-0.20402594294222173
4347,-1.1518306339190556,-0.2534233367069345,-0.20402594294222173
4349,-1.1510456246322842,-0.2663378806968984,-0.20381942922216303
4351,-1.1518306339190556,-0.2534233367069345,-0.20402594294222173
4353,-1.1510048553057306,-0.26793968730513423,-0.20479893621804898
4355,-1.1518306339190556,-0.2534233367069345,-0.20402594294222173
4357,-1.1518306339190556,-0.2534233367069345,-0.20402594294222173
4359,-0.9607663581960685,0.5251906979791392,-0.48501901876589026
4361,-0.9645013356176109,0.4512322234070913,-0.514532817122361
4363,-1.180362468941033,2.405755597757246,-0.5411124614654352
4365,-1.180362468941033,2.405755597757246,-0.5411124614654352
4367,-1.180362468941033,2.405755597757246,-0.5411124614654352
4369,-1.180362468941033,2.405755597757246,-0.5411124614654352
4371,-1.180362468941033,2.405755597757246,-0.5411124614654352
4373,-1.180362468941033,2.405755597757246,-0.5411124614654352
4375,-1.180362468941033,2.405755597757246,-0.5411124614654352
4377,-1.180362468941033,2.405755597757246,-0.5411124614654352
4379,-1.180362468941033,2.405755597757246,-0.5411124614654352
4381,-1.180362468941033,2.405755597757246,-0.5411124614654352
4383,-1.180362468941033,2.405755597757246,-0.5411124614654352
4385,-1.180362468941033,2.405755597757246,-0.5411124614654352
4387,-1.180362468941033,2.405755597757246,-0.5411124614654352
4389,-1.180362468941033,2.405755597757246,-0.5411124614654352
4391,-1.180362468941033,2.405755597757246,-0.5411124614654352
4393,-1.180362468941033,2.405755597757246,-0.5411124614654352
4395,-1.180362468941033,2.405755597757246,-0.5411124614654352
4397,-1.180362468941033,2.405755597757246,-0.5411124614654352
4399,-1.180362468941033,2.405755597757246,-0.5411124614654352
4401,-1.180362468941033,2.405755597757246,-0.5411124614654352
4403,-1.180362468941033,2.405755597757246,-0.5411124614654352
4405,-1.180362468941033,2.405755597757246,-0.5411124614654352
4407,-1.180362468941033,2.405755597757246,-0.5411124614654352
4409,-1.180362468941033,2.405755597757246,-0.5411124614654352
4411,-1.180362468941033,2.405755597757246,-0.5411124614654352
4413,-1.180362468941033,2.405755597757246,-0.5411124614654352
4415,-1.180362468941033,2.405755597757246,-0.5411124614654352
4417,-1.180362468941033,2.405755597757246,-0.5411124614654352
4419,-1.180362468941033,2.405755597757246,-0.5411124614654352
4421,-1.180362468941033,2.405755597757246,-0.5411124614654352
4423,-1.180362468941033,2.405755597757246,-0.5411124614654352
4425,-1.180362468941033,2.405755597757246,-0.5411124614654352
4427,-1.180362468941033,2.405755597757246,-0.5411124614654352
4429,-1.180362468941033,2.405755597757246,-0.5411124614654352
4431,-1.180362468941033,2.405755597757246,-0.5411124614654352
4433,-1.180362468941033,2.405755597757246,-0.5411124614654352
4435,-1.180362468941033,2.405755597757246,-0.5411124614654352
4437,-1.180362468941033,2.405755597757246,-0.5411124614654352
4439,-1.180362468941033,2.405755597757246,-0.5411124614654352
4441,-1.180362468941033,2.405755597757246,-0.5411124614654352
4443,-1.180362468941033,2.405755597757246,-0.5411124614654352
4445,-1.180362468941033,2.405755597757246,-0.5411124614654352
4447,-1.180362468941033,2.405755597757246,-0.5411124614654352
4449,-1.180362468941033,2.405755597757246,-0.5411124614654352
4451,-1.180362468941033,2.405755597757246,-0.5411124614654352
4453,-1.180362468941033,2.405755597757246,-0.5411124614654352
4455,-1.180362468941033,2.405755597757246,-0.5411124614654352
4457,-1.180362468941033,2.405755597757246,-0.5411124614654352
4459,-1.180362468941033,2.405755597757246,-0.5411124614654352
4461,-1.180362468941033,2.405755597757246,-0.5411124614654352
4463,-1.180362468941033,2.405755597757246,-0.5411124614654352
4465,-1.180362468941033,2.405755597757246,-0.5411124614654352
4467,-1.180362468941033,2.405755597757246,-0.5411124614654352
4469,-1.180362468941033,2.405755597757246,-0.5411124614654352
4471,-1.180362468941033,2.405755597757246,-0.5411124614654352
4473,-1.180362468941033,2.405755597757246,-0.5411124614654352
4475,-1.180362468941033,2.405755597757246,-0.5411124614654352
4477,-1.180362468941033,2.405755597757246,-0.5411124614654352
4479,-1.180362468941033,2.405755597757246,-0.5411124614654352
4481,-1.180362468941033,2.405755597757246,-0.5411124614654352
4483,-1.180362468941033,2.405755597757246,-0.5411124614654352
4485,-1.180362468941033,2.405755597757246,-0.5411124614654352
4487,-1.1804431734232868,2.402368669674447,-0.5413281361164934
4489,-1.1804431734232868,2.402368669674447,-0.5413281361164934
4491,-1.1804431734232868,2.402368669674447,-0.5413281361164934
4493,-1.1804431734232868,2.402368669674447,-0.5413281361164934
4495,-1.1804431734232868,2.402368669674447,-0.5413281361164934
4497,-1.1804431734232868,2.402368669674447,-0.5413281361164934
4499,-1.1804431734232868,2.402368669674447,-0.5413281361164934
4501,-0.2709833344492345,4.551832755658975,-0.7036958442410374
4503,-1.1446883627839928,-0.4634621051030127,-0.3005627931410554
4505,-1.1446883627839928,-0.4634621051030127,-0.3005627931410554
4507,-1.144677306756514,-0.4644135727378598,-0.30137834606994784
4509,-1.144677306756514,-0.4644135727378598,-0.30137834606994784
4511,-1.144677306756514,-0.4644135727378598,-0.30137834606994784
4513,-1.144677306756514,-0.4644135727378598,-0.30137834606994784
4515,-1.144677306756514,-0.4644135727378598,-0.30137834606994784
4517,-1.144656964806535,-0.46616417502893026,-0.30287887932354385
4519,-1.144656964806535,-0.46616417502893026,-0.30287887932354385
4521,-1.144656964806535,-0.46616417502893026,-0.30287887932354385
4523,-1.1446600783517409,-0.46589622729646524,-0.3026492072359199
4525,-1.1446595590261976,-0.4659409197908628,-0.30268751552237155
4527,-1.1446595590261976,-0.4659409197908628,-0.30268751552237155
4529,-1.1446595590261976,-0.4659409197908628,-0.30268751552237155
4531,-1.1446548923155642,-0.4663425309606471,-0.3030317575688668
4533,-1.1446548923155642,-0.4663425309606471,-0.3030317575688668
4535,-1.1446554101982365,-0.4662979626378612,-0.30299355571643094
4537,-1.1446554101982365,-0.4662979626378612,-0.30299355571643094
4539,-1.1446554101982365,-0.4662979626378612,-0.30299355571643094
4541,-1.1446554101982365,-0.4662979626378612,-0.30299355571643094
4543,-1.1446554101982365,-0.4662979626378612,-0.30299355571643094
4545,-1.1446554101982365,-0.4662979626378612,-0.30299355571643094
4547,-1.1446554101982365,-0.4662979626378612,-0.30299355571643094
4549,-1.1446554101982365,-0.4662979626378612,-0.30299355571643094
4551,-1.1446554101982365,-0.4662979626378612,-0.30299355571643094
4553,-1.1446554101982365,-0.4662979626378612,-0.30299355571643094
4555,-1.1446554101982365,-0.4662979626378612,-0.30299355571643094
4557,-1.1446554101982365,-0.4662979626378612,-0.30299355571643094
4559,-1.1446554101982365,-0.4662979626378612,-0.30299355571643094
4561,-1.1446554101982365,-0.4662979626378612,-0.30299355571643094
4563,-1.1446554101982365,-0.4662979626378612,-0.30299355571643094
4565,-1.1446492061424351,-0.46683187577356877,-0.30345120073309034
4567,-1.1446492061424351,-0.46683187577356877,-0.30345120073309034
4569,-1.1446492061424351,-0.46683187577356877,-0.30345120073309034
4571,-1.1408962230197086,-0.7898088204496658,-0.5802917190526182
4573,-1.1408962230197086,-0.7898088204496658,-0.5802917190526182
4575,-1.1408962230197086,-0.7898088204496658,-0.5802917190526182
4577,-1.1408962230197086,-0.7898088204496658,-0.5802917190526182
4579,-1.1408962230197086,-0.7898088204496658,-0.5802917190526182
4581,-1.1408962230197086,-0.7898088204496658,-0.5802917190526182
4583,-1.1408962230197086,-0.7898088204496658,-0.5802917190526182
4585,-1.1408962230197086,-0.7898088204496658,-0.5802917190526182
4587,-1.1408962230197086,-0.7898088204496658,-0.5802917190526182
4589,-1.1408962230197086,-0.7898088204496658,-0.5802917190526182
4591,-1.1408962230197086,-0.7898088204496658,-0.5802917190526182
4593,-1.1408962230197086,-0.7898088204496658,-0.5802917190526182
4595,-1.1447979901500407,-0.4540277136919089,-0.29247608029256206
4597,-1.1408962230197086,-0.7898088204496658,-0.5802917190526182
4599,-1.1408962230197086,-0.7898088204496658,-0.5802917190526182
4601,-1.1408962230197086,-0.7898088204496658,-0.5802917190526182
4603,-1.1408962230197086,-0.7898088204496658,-0.5802917190526182
4605,-1.1408962230197086,-0.7898088204496658,-0.5802917190526182
4607,-1.1408962230197086,-0.7898088204496658,-0.5802917190526182
4609,-1.1408962230197086,-0.7898088204496658,-0.5802917190526182
4611,-1.1408962230197086,-0.7898088204496658,-0.5802917190526182
4613,-1.1408962230197086,-0.7898088204496658,-0.5802917190526182
4615,-1.1408962230197086,-0.7898088204496658,-0.5802917190526182
4617,-1.1408962230197086,-0.7898088204496658,-0.5802917190526182
4619,-1.1408962230197086,-0.7898088204496658,-0.5802917190526182
4621,-1.144409516892321,-0.48745922717432355,-0.32113198800745996
4623,-1.1444229395415866,-0.48630409108460426,-0.32014186013895807
4625,-1.1444229395415866,-0.48630409108460426,-0.32014186013895807
4627,-1.1443944404453321,-0.4887566869884982,-0.32224410902221295
4629,-1.1443944404453321,-0.4887566869884982,-0.32224410902221295
4631,-1.1443944404453321,-0.4887566869884982,-0.32224410902221295
4633,-1.1443135861667242,-0.4957149031634351,-0.3282083619021843
4653,-1.142127713587952,-0.6838283115792184,-0.4894502534585773
4655,-1.142127713587952,-0.6838283115792184,-0.4894502534585773
4657,-1.142127713587952,-0.6838283115792184,-0.4894502534585773
4659,-1.142127713587952,-0.6838283115792184,-0.4894502534585773
4661,-1.142127713587952,-0.6838283115792184,-0.4894502534585773
4663,-1.142127713587952,-0.6838283115792184,-0.4894502534585773
4665,-1.142127713587952,-0.6838283115792184,-0.4894502534585773
4667,-1.142113916222535,-0.6850156952634204,-0.49046802243558074
4669,-1.1421052106493368,-0.6857648857983357,-0.4911101930283272
4671,-1.1421052106493368,-0.6857648857983357,-0.4911101930283272
4673,-1.1421287112471348,-0.6837424543013934,-0.48937666067219976
4675,-1.1421052106493368,-0.6857648857983357,-0.4911101930283272
4677,-1.1421287112471348,-0.6837424543013934,-0.48937666067219976
4679,-1.1421287112471348,-0.6837424543013934,-0.48937666067219976
4681,-1.1421287112471348,-0.6837424543013934,-0.48937666067219976
4683,-1.1421287112471348,-0.6837424543013934,-0.48937666067219976
4685,-1.1421047307012822,-0.685806189516258,-0.49114559661631235
4687,-1.1421047307012822,-0.685806189516258,-0.49114559661631235
4689,-1.1421047307012822,-0.685806189516258,-0.49114559661631235
4691,-1.1421047307012822,-0.685806189516258,-0.49114559661631235
4693,-1.1408962230197086,-0.7898088204496658,-0.5802917190526182
4695,-1.1408962230197086,-0.7898088204496658,-0.5802917190526182
4697,-1.1408962230197086,-0.7898088204496658,-0.5802917190526182
4699,-1.1408962230197086,-0.7898088204496658,-0.5802917190526182
4701,-1.1408962230197086,-0.7898088204496658,-0.5802917190526182
4703,-1.1408962230197086,-0.7898088204496658,-0.5802917190526182
4705,-1.1408962230197086,-0.7898088204496658,-0.5802917190526182
4707,-1.1408962230197086,-0.7898088204496658,-0.5802917190526182
4709,-1.1408962230197086,-0.7898088204496658,-0.5802917190526182
4711,-1.1408962230197086,-0.7898088204496658,-0.5802917190526182
4713,0.5020791309634332,-0.4078669769777346,-0.17655083333614285
4715,0.5020791309634332,-0.4078669769777346,-0.17655083333614285
4717,0.5020791309634332,-0.4078669769777346,-0.17655083333614285
4719,0.5020791309634332,-0.4078669769777346,-0.17655083333614285
4721,0.5020791309634332,-0.4078669769777346,-0.17655083333614285
4723,0.4780317430677079,-0.4153657440473169,-0.1857898188425529
4725,0.4780317430677079,-0.4153657440473169,-0.1857898188425529
4727,0.5552485150575809,-0.47642505156512627,-0.1941242852573071
4729,0.5552485150575809,-0.47642505156512627,-0.1941242852573071
4731,0.5552485150575809,-0.47642505156512627,-0.1941242852573071
4733,0.5552485150575809,-0.47642505156512627,-0.1941242852573071
4735,0.5552485150575809,-0.47642505156512627,-0.1941242852573071
4737,0.5305216461919197,-0.26477850355086086,-0.05328347767255563
4739,0.5305216461919197,-0.26477850355086086,-0.05328347767255563
4741,0.4748263262061396,-0.28300370606185865,-0.0754218308295621
4743,0.5305216461919197,-0.26477850355086086,-0.05328347767255563
4745,0.48776728115169365,-0.27877109822782964,-0.0702837200221345
4747,0.47598623227519554,-0.2826243877492456,-0.07496144773126558
4749,0.47598623227519554,-0.2826243877492456,-0.07496144773126558
4751,0.47598623227519554,-0.2826243877492456,-0.07496144773126558
4753,0.47598623227519554,-0.2826243877492456,-0.07496144773126558
4755,0.4748263262061396,-0.28300370606185865,-0.0754218308295621
4757,0.4748263262061396,-0.28300370606185865,-0.0754218308295621
4759,0.4748263262061396,-0.28300370606185865,-0.0754218308295621
4761,0.4748263262061396,-0.28300370606185865,-0.0754218308295621
4763,0.4748263262061396,-0.28300370606185865,-0.0754218308295621
4765,0.3206042924665217,-0.22268248831449836,-0.1452475233034936
4767,0.47136595772028916,-0.28413527038034064,-0.07679512338179637
4769,0.32162537358473625,-0.2223390067969813,-0.14484363873262712
4771,0.32162537358473625,-0.2223390067969813,-0.14484363873262712
4773,0.32162537358473625,-0.2223390067969813,-0.14484363873262712
4775,0.32162537358473625,-0.2223390067969813,-0.14484363873262712
4777,0.32162537358473625,-0.2223390067969813,-0.14484363873262712
4779,0.32162537358473625,-0.2223390067969813,-0.14484363873262712
4781,0.3206042924665217,-0.22268248831449836,-0.1452475233034936
4783,0.3206042924665217,-0.22268248831449836,-0.1452475233034936
4785,0.3206042924665217,-0.22268248831449836,-0.1452475233034936
4787,0.3206042924665217,-0.22268248831449836,-0.1452475233034936
4789,0.3206042924665217,-0.22268248831449836,-0.1452475233034936
4793,0.5358445432257741,-1.3923577193896064,1.2837876592383053
4795,0.5836325297350956,-1.4167101348616218,1.2783338237559416
4797,0.5836325297350956,-1.4167101348616218,1.2783338237559416
4799,0.5761863477797503,-1.4079529383128895,1.2580096240961671
4801,0.5487985917445971,-1.4118987404468857,1.349455898665431
4803,0.5487985917445971,-1.4118987404468857,1.349455898665431
4805,0.5487985917445971,-1.4118987404468857,1.349455898665431
4807,0.5487985917445971,-1.4118987404468857,1.349455898665431
4809,0.5240471009060517,-1.414513378917757,1.4246479775306573
4811,0.5240471009060517,-1.414513378917757,1.4246479775306573
4813,0.5156434227676995,-1.1016526204675157,1.6829315374972218
4815,0.5156434227676995,-1.1016526204675157,1.6829315374972218
4817,0.5109252935778441,-1.1013219371633802,1.6734451203317222
4819,0.5369742971327173,-1.0881634450309223,1.610346899963117
4821,0.532997789992229,-1.0879152628135584,1.6023836305205506
4823,0.532997789992229,-1.0879152628135584,1.6023836305205506
4825,0.5532021829811088,-1.099358982454845,1.5963868982318792
4827,0.5266104796198094,-1.1123962486925052,1.6584248432941726
4829,1.2901158787040663,-1.5161705464450088,-0.8300524400290505
4831,1.2901158787040663,-1.5161705464450088,-0.8300524400290505
4833,1.2901158787040663,-1.5161705464450088,-0.8300524400290505
4835,1.2901158787040663,-1.5161705464450088,-0.8300524400290505
4837,1.2901158787040663,-1.5161705464450088,-0.8300524400290505
4839,1.2901158787040663,-1.5161705464450088,-0.8300524400290505
4841,1.2901158787040663,-1.5161705464450088,-0.8300524400290505
4843,1.2901158787040663,-1.5161705464450088,-0.8300524400290505
4845,1.2901158787040663,-1.5161705464450088,-0.8300524400290505
4847,1.2901158787040663,-1.5161705464450088,-0.8300524400290505
4849,1.2901158787040663,-1.5161705464450088,-0.8300524400290505
4851,1.2901158787040663,-1.5161705464450088,-0.8300524400290505
4853,1.2901158787040663,-1.5161705464450088,-0.8300524400290505
4855,1.2901158787040663,-1.5161705464450088,-0.8300524400290505
4857,1.2901158787040663,-1.5161705464450088,-0.8300524400290505
4859,1.2901158787040663,-1.5161705464450088,-0.8300524400290505
4861,1.2901158787040663,-1.5161705464450088,-0.8300524400290505
4863,1.2901158787040663,-1.5161705464450088,-0.8300524400290505
4865,1.2901158787040663,-1.5161705464450088,-0.8300524400290505
4867,0.8099681420277379,-0.062162416900492345,0.6230152369694809
4869,0.7556968825069612,-0.18616407354077497,0.47251287210537213
4871,0.7182897409354186,-0.20857184283879582,0.6138990419143552
4873,0.7182897409354186,-0.20857184283879582,0.6138990419143552
4875,0.7182897409354186,-0.20857184283879582,0.6138990419143552
4877,1.1075402814577475,-0.5041291950295712,-0.554585034226757
4879,1.1075402814577475,-0.5041291950295712,-0.554585034226757
4881,1.1074174019624106,-0.5041594715757882,-0.5546337660540979
4883,1.107436013320603,-0.5041545642143853,-0.5546269130172538
4885,1.1073626682604347,-0.5041788336925118,-0.5546631213608156
4887,1.1073401644634697,-0.5039519994175791,-0.5544258380946048
4889,1.1073484289776017,-0.5039498197857823,-0.5544227946716601
4891,1.1073484289776017,-0.5039498197857823,-0.5544227946716601
4893,1.1073484289776017,-0.5039498197857823,-0.5544227946716601
4895,1.1073484289776017,-0.5039498197857823,-0.5544227946716601
4897,1.1073484289776017,-0.5039498197857823,-0.5544227946716601
4899,1.1073038922159026,-0.5040320545765901,-0.5544963324430532
4901,1.1073038922159026,-0.5040320545765901,-0.5544963324430532
4903,1.1073038922159026,-0.5040320545765901,-0.5544963324430532
4905,1.1073038922159026,-0.5040320545765901,-0.5544963324430532
4907,1.1072405785605388,-0.5041333060866601,-0.5545881852812088
4909,1.107135670408717,-0.5041567235227576,-0.554633771339959
4911,1.107153220578708,-0.5022402166009887,-0.5560456107247373
4913,1.1071449810634169,-0.50224238907587,-0.5560486439945344
4915,1.1071449810634169,-0.50224238907587,-0.5560486439945344
4917,1.1071449810634169,-0.50224238907587,-0.5560486439945344
4919,1.1071449810634169,-0.50224238907587,-0.5560486439945344
4921,1.1080103574951885,-0.5021128857948811,-0.5554043973558329
4923,1.1080103574951885,-0.5021128857948811,-0.5554043973558329
4925,1.1080103574951885,-0.5021128857948811,-0.5554043973558329
4927,1.1078448487119366,-0.5022124989395798,-0.55551080437083
4929,-0.3454969651109602,-0.8120585859045754,-0.2507532924200338
4931,-0.3454969651109602,-0.8120585859045754,-0.2507532924200338
4933,-0.3454969651109602,-0.8120585859045754,-0.2507532924200338
4935,-0.3454969651109602,-0.8120585859045754,-0.2507532924200338
4937,-0.3454969651109602,-0.8120585859045754,-0.2507532924200338
4939,-0.34782179882975417,-0.8118127329515255,-0.2529450063518488
4941,-0.34782179882975417,-0.8118127329515255,-0.2529450063518488
4943,-0.34782179882975417,-0.8118127329515255,-0.2529450063518488
4945,-0.34782179882975417,-0.8118127329515255,-0.2529450063518488
4947,-0.34782179882975417,-0.8118127329515255,-0.2529450063518488
4949,-0.34782179882975417,-0.8118127329515255,-0.2529450063518488
4951,-0.3526551367227186,-0.8113007722432394,-0.257477290488007
4953,-0.34782179882975417,-0.8118127329515255,-0.2529450063518488
4955,-0.34782179882975417,-0.8118127329515255,-0.2529450063518488
4957,-0.3526551367227186,-0.8113007722432394,-0.257477290488007
4959,-0.350920755934409,-0.811484609268598,-0.25585471347713284
4961,-0.350920755934409,-0.811484609268598,-0.25585471347713284
4963,-0.3526551367227186,-0.8113007722432394,-0.257477290488007
4965,-0.350920755934409,-0.811484609268598,-0.25585471347713284
4967,-0.350920755934409,-0.811484609268598,-0.25585471347713284
4969,-0.350920755934409,-0.811484609268598,-0.25585471347713284
4971,-0.3526551367227186,-0.8113007722432394,-0.257477290488007
4973,-0.350920755934409,-0.811484609268598,-0.25585471347713284
4975,-0.34782179882975417,-0.8118127329515255,-0.2529450063518488
4977,-0.34782179882975417,-0.8118127329515255,-0.2529450063518488
4979,-0.3526551367227186,-0.8113007722432394,-0.257477290488007
4981,-0.350920755934409,-0.811484609268598,-0.25585471347713284
4983,-0.34782179882975417,-0.8118127329515255,-0.2529450063518488
4985,1.4245469882835529,-1.5698738747437735,-0.8372491345476474
4987,1.4245469882835529,-1.5698738747437735,-0.8372491345476474
4989,1.4245469882835529,-1.5698738747437735,-0.8372491345476474
4991,1.4245469882835529,-1.5698738747437735,-0.8372491345476474
4993,1.4245469882835529,-1.5698738747437735,-0.8372491345476474
4995,1.4245469882835529,-1.5698738747437735,-0.8372491345476474
4997,1.4245469882835529,-1.5698738747437735,-0.8372491345476474
4999,1.4245469882835529,-1.5698738747437735,-0.8372491345476474
5001,1.4245469882835529,-1.5698738747437735,-0.8372491345476474
5003,1.4245469882835529,-1.5698738747437735,-0.8372491345476474
5005,1.4245469882835529,-1.5698738747437735,-0.8372491345476474
5007,1.4245469882835529,-1.5698738747437735,-0.8372491345476474
5009,1.4245469882835529,-1.5698738747437735,-0.8372491345476474
5011,1.4245469882835529,-1.5698738747437735,-0.8372491345476474
5013,1.4245469882835529,-1.5698738747437735,-0.8372491345476474
5015,1.4245469882835529,-1.5698738747437735,-0.8372491345476474
5017,1.4245469882835529,-1.5698738747437735,-0.8372491345476474
5019,1.4245469882835529,-1.5698738747437735,-0.8372491345476474
5021,1.4245469882835529,-1.5698738747437735,-0.8372491345476474
5023,1.4245469882835529,-1.5698738747437735,-0.8372491345476474
5025,1.4245469882835529,-1.5698738747437735,-0.8372491345476474
5027,1.4245469882835529,-1.5698738747437735,-0.8372491345476474
5029,1.4245469882835529,-1.5698738747437735,-0.8372491345476474
5031,1.4245469882835529,-1.5698738747437735,-0.8372491345476474
5033,1.4245469882835529,-1.5698738747437735,-0.8372491345476474
5035,1.4245469882835529,-1.5698738747437735,-0.8372491345476474
5037,1.4245469882835529,-1.5698738747437735,-0.8372491345476474
5039,1.4245469882835529,-1.5698738747437735,-0.8372491345476474
5041,1.4245469882835529,-1.5698738747437735,-0.8372491345476474
5043,1.4245469882835529,-1.5698738747437735,-0.8372491345476474
5045,1.4245469882835529,-1.5698738747437735,-0.8372491345476474
5047,1.4245469882835529,-1.5698738747437735,-0.8372491345476474
5049,1.4245469882835529,-1.5698738747437735,-0.8372491345476474
5051,1.4245469882835529,-1.5698738747437735,-0.8372491345476474
5053,1.4245469882835529,-1.5698738747437735,-0.8372491345476474
5055,1.4245469882835529,-1.5698738747437735,-0.8372491345476474
5057,1.4245469882835529,-1.5698738747437735,-0.8372491345476474
5059,1.4245469882835529,-1.5698738747437735,-0.8372491345476474
5061,1.4245469882835529,-1.5698738747437735,-0.8372491345476474
5063,1.4245469882835529,-1.5698738747437735,-0.8372491345476474
5065,1.4245469882835529,-1.5698738747437735,-0.8372491345476474
5067,1.4245469882835529,-1.5698738747437735,-0.8372491345476474
5069,1.4245469882835529,-1.5698738747437735,-0.8372491345476474
5071,1.4245469882835529,-1.5698738747437735,-0.8372491345476474
5073,1.4245469882835529,-1.5698738747437735,-0.8372491345476474
5075,1.4245469882835529,-1.5698738747437735,-0.8372491345476474
5077,1.4245469882835529,-1.5698738747437735,-0.8372491345476474
5079,1.4245469882835529,-1.5698738747437735,-0.8372491345476474
5081,1.4245469882835529,-1.5698738747437735,-0.8372491345476474
5083,1.4245469882835529,-1.5698738747437735,-0.8372491345476474
5085,1.4245469882835529,-1.5698738747437735,-0.8372491345476474
5087,1.4245469882835529,-1.5698738747437735,-0.8372491345476474
5089,1.4245469882835529,-1.5698738747437735,-0.8372491345476474
5091,1.4245469882835529,-1.5698738747437735,-0.8372491345476474
5093,1.4245469882835529,-1.5698738747437735,-0.8372491345476474
5095,1.4245469882835529,-1.5698738747437735,-0.8372491345476474
5097,1.4245469882835529,-1.5698738747437735,-0.8372491345476474
5099,0.7796608267736648,-0.898407507669126,-0.8574592279466609
5101,0.7759713412744548,-0.9041194310972102,-0.8651173173035386
5103,0.7790989046655319,-0.8897797083351136,-0.8654830666249427
5105,0.7761330906853264,-0.9043950143229537,-0.8648846347305625
5107,0.7793195680495266,-0.8899006385976759,-0.8653678235476918
5109,0.7763553251566161,-0.904519587254745,-0.8647720515394298
5111,0.7765170538131704,-0.9046417491517585,-0.8646643730973599
5113,0.776193666541552,-0.9043975144585169,-0.8648796102669969
5115,0.7768812320836611,-0.9048494169958964,-0.8644767757215089
5117,0.7769014794045932,-0.904850245216901,-0.8644750894524146
5119,0.7793195680495266,-0.8899006385976759,-0.8653678235476918
5121,0.7792501962194504,-0.8884952521143363,-0.855647740697519
5123,0.7787852136196554,-0.8881817638178832,-0.8556717297423767
5125,0.7790508712744089,-0.8836651844107675,-0.8592222098578319
5127,0.7787899977509224,-0.8884852430650051,-0.8556936762667919
5129,0.7790508712744089,-0.8836651844107675,-0.8592222098578319
5131,0.7785113624975133,-0.8836533402090102,-0.8592759713979649
5133,0.7790508712744089,-0.8836651844107675,-0.8592222098578319
5135,0.7790747412384161,-0.8846839493132934,-0.8597445259650417
5137,0.7790747412384161,-0.8846839493132934,-0.8597445259650417
5139,0.7790747412384161,-0.8846839493132934,-0.8597445259650417
5141,0.7783817776832002,-0.8845184655665957,-0.8599397847045962
5143,0.774784465018572,-0.8809134392839484,-0.8651990298390634
5145,0.7789953244895231,-0.8846821292670579,-0.8597523748457448
5147,0.7789953244895231,-0.8846821292670579,-0.8597523748457448
5149,0.7789552938917047,-0.884718615518786,-0.8597245885805166
5151,0.7845135889293915,-0.9027519242357745,-0.8587462476248868
5153,0.7845533573075988,-0.9027156769864909,-0.858773851876754
5155,0.7845135889293915,-0.9027519242357745,-0.8587462476248868
5157,0.7845135889293915,-0.9027519242357745,-0.8587462476248868
5159,0.7782952422592342,-0.8846474934406812,-0.8599749843404608
5161,0.7777407827120245,-0.8846718876185686,-0.8599978758128228
5163,0.7782754425931042,-0.8846470319539476,-0.8599769343208787
5165,0.7774495635311127,-0.8804519738769881,-0.8639052502172369
5167,0.7774495635311127,-0.8804519738769881,-0.8639052502172369
5169,0.7728944777560239,-0.8800356534166777,-0.8654077327513908
5171,0.7768242000093252,-0.8747286532283136,-0.8670844819448263
5173,0.7777407827120245,-0.8846718876185686,-0.8599978758128228
5175,0.7774495635311127,-0.8804519738769881,-0.8639052502172369
5177,0.7776589446138905,-0.8753260727573344,-0.8671982206043243
5179,0.7770689895660221,-0.8818014345964318,-0.864682952787378
5181,0.7770695662597282,-0.8817644455525299,-0.8647140962547977
5183,0.7763845499957199,-0.881800480052379,-0.8648679422780389
5185,0.7769140090604187,-0.8817604041824527,-0.8647290603103104
5187,0.7769140090604187,-0.8817604041824527,-0.8647290603103104
5189,0.7752656205006895,-0.8811109335494733,-0.8649973492775984
5191,0.8607421530113514,-0.4878032886808993,-0.1831972544063767
5193,0.8607421530113514,-0.4878032886808993,-0.1831972544063767
5195,0.8607421530113514,-0.4878032886808993,-0.1831972544063767
5197,0.8607421530113514,-0.4878032886808993,-0.1831972544063767
5199,1.0100405322162722,-0.8167722366320327,1.1835975798974572
5201,0.8444556805276151,-0.6886059687237028,1.3269210244700778
5203,1.0100405322162722,-0.8167722366320327,1.1835975798974572
5205,1.0100405322162722,-0.8167722366320327,1.1835975798974572
5207,1.0100405322162722,-0.8167722366320327,1.1835975798974572
5209,1.0100405322162722,-0.8167722366320327,1.1835975798974572
5211,1.0100405322162722,-0.8167722366320327,1.1835975798974572
5213,1.0100405322162722,-0.8167722366320327,1.1835975798974572
5215,1.0100405322162722,-0.8167722366320327,1.1835975798974572
5217,1.0100405322162722,-0.8167722366320327,1.1835975798974572
5219,1.0100405322162722,-0.8167722366320327,1.1835975798974572
5221,1.0100405322162722,-0.8167722366320327,1.1835975798974572
5223,1.0100405322162722,-0.8167722366320327,1.1835975798974572
5225,1.0100405322162722,-0.8167722366320327,1.1835975798974572
5227,1.0100405322162722,-0.8167722366320327,1.1835975798974572
5229,1.0100405322162722,-0.8167722366320327,1.1835975798974572
5231,1.0100405322162722,-0.8167722366320327,1.1835975798974572
5233,1.0100405322162722,-0.8167722366320327,1.1835975798974572
5235,1.0100405322162722,-0.8167722366320327,1.1835975798974572
5237,1.0100405322162722,-0.8167722366320327,1.1835975798974572
5239,1.0100405322162722,-0.8167722366320327,1.1835975798974572
5241,1.0100405322162722,-0.8167722366320327,1.1835975798974572
5243,1.0100405322162722,-0.8167722366320327,1.1835975798974572
5245,1.0100405322162722,-0.8167722366320327,1.1835975798974572
5247,1.0100405322162722,-0.8167722366320327,1.1835975798974572
5249,1.0100405322162722,-0.8167722366320327,1.1835975798974572
5251,1.0100405322162722,-0.8167722366320327,1.1835975798974572
5253,1.0100405322162722,-0.8167722366320327,1.1835975798974572
5255,1.0100405322162722,-0.8167722366320327,1.1835975798974572
5257,1.0100405322162722,-0.8167722366320327,1.1835975798974572
5259,1.0100405322162722,-0.8167722366320327,1.1835975798974572
5261,1.0100405322162722,-0.8167722366320327,1.1835975798974572
5263,1.0100405322162722,-0.8167722366320327,1.1835975798974572
5265,1.0100405322162722,-0.8167722366320327,1.1835975798974572
5267,1.0100405322162722,-0.8167722366320327,1.1835975798974572
5269,1.0100405322162722,-0.8167722366320327,1.1835975798974572
5271,1.0100405322162722,-0.8167722366320327,1.1835975798974572
5273,1.0100405322162722,-0.8167722366320327,1.1835975798974572
5275,1.0100405322162722,-0.8167722366320327,1.1835975798974572
5277,1.0100405322162722,-0.8167722366320327,1.1835975798974572
5279,1.0100405322162722,-0.8167722366320327,1.1835975798974572
5375,-1.1185325365196515,-0.3064836582535664,0.24034765410461614
5377,0.639549265730524,1.025352304204003,-0.3477562071991994
5379,0.636464886683587,1.0199753751346519,-0.3490724803786687
5381,0.636626537204966,1.0202461667796228,-0.34901818512475086
5383,0.6366535405277569,1.0201884689095209,-0.34914793830969676
5385,0.6366535405277569,1.0201884689095209,-0.34914793830969676
5387,0.6414771201943892,1.0171135275225152,-0.3486713845131099
5389,0.6414233419191357,1.0170234993656058,-0.3486894281516497
5391,0.6414233419191357,1.0170234993656058,-0.3486894281516497
5393,0.6414233419191357,1.0170234993656058,-0.3486894281516497
5395,0.6425301568901792,1.0191835620824798,-0.3479039470268454
5397,0.6374202735559548,1.0208872724660565,-0.3510965149969607
5399,0.6348111224308648,1.0137613980012117,-0.34568907268071347
5401,0.6338508571521158,1.012155450006824,-0.3460102175407515
5403,0.633691041095836,1.0118882388637505,-0.3460636295253142
5405,0.6486770269918243,0.9487789633012683,-0.46424201182306474
5407,0.6487692528516307,0.950020505376021,-0.46331899656740916
5409,0.6486770269918243,0.9487789633012683,-0.46424201182306474
5411,0.6490956344645386,0.9494823603760094,-0.46420407882530235
5413,0.6481942411655476,0.9490544389015196,-0.46337117861298693
5415,0.6511303566428454,0.9539902489858232,-0.4631052770094475
5417,0.6518451592457339,0.953283948405456,-0.4631212241480041
5419,0.6546002091057068,0.9282278540587643,-0.4566442956887986
5421,0.6536134797109755,0.9315617349064008,-0.4584190281473845
5423,0.6547297052046319,0.9283458844535295,-0.45673418225424794
5425,0.6548232588295003,0.9258377138378379,-0.4559874922944436
5427,0.6536798142091663,0.9239358788578188,-0.4560956347997953
5429,0.6615594876795631,0.6445647598288227,-0.5951695196571202
5431,0.7177750966780247,0.5875650311162975,-0.486180949786154
5433,0.6728092119050583,0.6262479899435639,-0.491483282383989
5435,0.7352807907423989,0.5810003477138296,-0.4749493410368229
5437,0.7351302565662338,0.5807707744118411,-0.4749983745324476
5439,0.7351302565662338,0.5807707744118411,-0.4749983745324476
5441,0.7351302565662338,0.5807707744118411,-0.4749983745324476
5443,0.7292864792449719,0.5678086966072384,-0.4741229096516876
5445,0.7296821720186398,0.5684100223841342,-0.4739948640969973
5447,0.7296821720186398,0.5684100223841342,-0.4739948640969973
5449,0.6239211163046791,0.4151364352423065,-0.4965238000071718
5451,0.6239211163046791,0.4151364352423065,-0.4965238000071718
5453,0.6239211163046791,0.4151364352423065,-0.4965238000071718
5455,0.6239211163046791,0.4151364352423065,-0.4965238000071718
5457,0.6239211163046791,0.4151364352423065,-0.4965238000071718
5459,0.6239211163046791,0.4151364352423065,-0.4965238000071718
5461,0.6249566736230434,0.41975844788501004,-0.49178213614772903
5463,-1.0011966723899164,-0.5485929777754699,-0.3829410938592521
5465,-1.0011966723899164,-0.5485929777754699,-0.3829410938592521
5467,-1.0012774534016176,-0.5487265818732516,-0.38305365569867705
5469,-1.0012869508425926,-0.548742290003612,-0.3830668895920532
5471,-1.0150851939297765,-0.5716262062375997,-0.40229019067208693
5473,-1.015065949008255,-0.5715941978127262,-0.4022633804727631
5475,-1.0151121268459267,-0.571671001892971,-0.4023277110672645
5477,-1.0151121268459267,-0.571671001892971,-0.4023277110672645
5479,-1.2195983763961815,0.42404475903816036,1.8410845589758893
5481,-1.241312615510218,0.7438555919133802,2.4104532457981946
5483,-1.237990267047593,0.698157326463151,2.326538249827402
5485,-1.233002956995624,0.6293579605461175,2.199780896328849
5487,-1.233002956995624,0.6293579605461175,2.199780896328849
5489,0.9838977200861908,1.4892321497140582,-0.3460736352356922
5491,0.9836628108968879,1.4910854365849782,-0.34660749517192185
5493,0.9836628108968879,1.4910854365849782,-0.34660749517192185
5495,0.9836753519703567,1.4911074249940472,-0.34660025947184714
5497,0.9840415806777126,1.4912848093174977,-0.34625172782365066
5499,0.9839635500170508,1.4911743633245806,-0.3463534065380514
5501,0.9839986438154336,1.4912358896410998,-0.3463331657415936
5503,0.9368957972768184,1.1015100849304893,-0.18291227742283916
5505,0.9369136589353116,1.1015404516339982,-0.1829017390403447
5507,0.9369743945941206,1.101643710061435,-0.1828659029503537
5509,0.9369743945941206,1.101643710061435,-0.1828659029503537
5511,0.9371616110344636,1.1014396200092116,-0.18348436009119684
5513,0.9370172724264552,1.1017166091920225,-0.18284060168449925
5515,0.9384230020624628,1.0897892958273918,-0.1810813631163116
5517,0.30690875684163116,-0.9015321312448296,-0.05893699885803854
5519,0.3062424453511822,-0.9016073931875449,-0.0595735218112153
5521,-1.0148717946062946,1.0789840944152937,-0.047419378574027976
5523,0.6977442498746643,0.21821763593206478,0.2312800791922647
5525,0.6977442498746643,0.21821763593206478,0.2312800791922647
5527,0.6970239881805643,0.20455755379875457,0.22250888623805393
5529,0.7073891602533537,0.19717263427694096,0.2207398772191472
5531,0.8017536079503846,-0.6914380436581088,-0.7203780779443297
5533,0.8016548597114854,-0.6915140888053644,-0.7204342024756554
5535,0.8017831212446448,-0.6915392313952106,-0.7204390936169316
5537,0.8017633465131563,-0.6915018911079341,-0.7203935019967125
5539,0.8102429497176694,-0.6953478398023509,-0.7232838585960258
5541,0.8017633465131563,-0.6915018911079341,-0.7203935019967125
5543,0.8017391392832409,-0.6914396708992263,-0.7203835070183188
5545,0.8017391392832409,-0.6914396708992263,-0.7203835070183188
5547,-1.1408962230197086,-0.7898088204496658,-0.5802917190526182
5549,-1.1408962230197086,-0.7898088204496658,-0.5802917190526182
5551,-1.1408962230197086,-0.7898088204496658,-0.5802917190526182
5553,-1.1408962230197086,-0.7898088204496658,-0.5802917190526182
5555,-1.1408962230197086,-0.7898088204496658,-0.5802917190526182
5557,-1.1408962230197086,-0.7898088204496658,-0.5802917190526182
5559,-1.1408962230197086,-0.7898088204496658,-0.5802917190526182
5561,-1.1408962230197086,-0.7898088204496658,-0.5802917190526182
5563,-1.1408962230197086,-0.7898088204496658,-0.5802917190526182
5565,-1.1408962230197086,-0.7898088204496658,-0.5802917190526182
5615,0.7896514234258365,1.7146553858653018,0.15957778663908614
5617,0.7896514234258365,1.7146553858653018,0.15957778663908614
5619,0.7897110718434956,1.7137000632006119,0.1598081964970576
5621,0.7897184702193573,1.7137120520157951,0.159028293934591
5623,0.7897184702193573,1.7137120520157951,0.159028293934591
5625,0.7897184702193573,1.7137120520157951,0.159028293934591
5627,0.7897184702193573,1.7137120520157951,0.159028293934591
5629,0.7897184702193573,1.7137120520157951,0.159028293934591
5631,0.7897184702193573,1.7137120520157951,0.159028293934591
5633,0.7897184702193573,1.7137120520157951,0.159028293934591
5635,0.7897184702193573,1.7137120520157951,0.159028293934591
5637,0.7897184702193573,1.7137120520157951,0.159028293934591
5639,-1.0198657398353055,1.1831088325298504,0.754648458644207
5641,0.7234807501339101,1.5316227330335543,-0.18025406284026899
5643,0.7234807501339101,1.5316227330335543,-0.18025406284026899
5645,0.7234807501339101,1.5316227330335543,-0.18025406284026899
5647,0.7234807501339101,1.5316227330335543,-0.18025406284026899
5649,0.7234807501339101,1.5316227330335543,-0.18025406284026899
5651,0.723378625237051,1.5314332040922365,-0.18031708129766227
5653,0.7301543052322179,1.5307482577532916,-0.16625046099452784
5655,0.723378625237051,1.5314332040922365,-0.18031708129766227
5657,0.7301543052322179,1.5307482577532916,-0.16625046099452784
5659,0.7234807501339101,1.5316227330335543,-0.18025406284026899
5661,0.7235736143800279,1.5317950781351124,-0.1801967499260294
5663,0.723378625237051,1.5314332040922365,-0.18031708129766227
5665,0.723378625237051,1.5314332040922365,-0.18031708129766227
5667,0.721522652173325,1.5306503886070213,-0.1822005833172442
5669,0.721522652173325,1.5306503886070213,-0.1822005833172442
5671,0.721522652173325,1.5306503886070213,-0.1822005833172442
5673,0.721522652173325,1.5306503886070213,-0.1822005833172442
5675,0.721522652173325,1.5306503886070213,-0.1822005833172442
5677,0.721522652173325,1.5306503886070213,-0.1822005833172442
5679,0.721522652173325,1.5306503886070213,-0.1822005833172442
5681,0.721522652173325,1.5306503886070213,-0.1822005833172442
5683,0.721522652173325,1.5306503886070213,-0.1822005833172442
5685,0.721522652173325,1.5306503886070213,-0.1822005833172442
5687,0.721522652173325,1.5306503886070213,-0.1822005833172442
5689,0.721522652173325,1.5306503886070213,-0.1822005833172442
5691,0.721522652173325,1.5306503886070213,-0.1822005833172442
5693,0.721522652173325,1.5306503886070213,-0.1822005833172442
5695,0.6419082464998703,-0.7603960124284453,-0.9797417519468415
5697,0.6444849518623142,-0.7620072900406768,-0.9801371686877322
5699,0.6472572839423653,-0.7655098871204856,-0.9816240630747785
5701,0.6469306394770153,-0.7653397718139308,-0.9817350217818209
5703,0.6469306394770153,-0.7653397718139308,-0.9817350217818209
5705,0.6469306394770153,-0.7653397718139308,-0.9817350217818209
5707,0.6465508674467232,-0.7630906354950718,-0.9832851967947515
5709,0.6465508674467232,-0.7630906354950718,-0.9832851967947515
5711,0.6464877450709269,-0.7650548312013441,-0.9819244771821609
5713,0.6450532532246821,-0.7643635057284649,-0.9823698395536006
5715,0.6449320307719819,-0.7643516378912535,-0.982373855161951
5717,0.6450727491307524,-0.7644897821498636,-0.9823526978311506
5719,0.6439423561287683,-0.7601500983117775,-0.9855424852219465
5721,0.6396494447953739,-0.757723578383742,-0.985809196438473
5723,0.6398367695039154,-0.757891702634172,-0.9856220008276476
5725,0.6407919562196345,-0.7529480631123949,-0.9833919853154566
5727,0.6407919562196345,-0.7529480631123949,-0.9833919853154566
5729,0.6405549977140093,-0.7529262717389319,-0.9834010242346815
5731,0.6405549977140093,-0.7529262717389319,-0.9834010242346815
5733,0.64083923316014,-0.7532568855621824,-0.9833932078998014
5735,0.64083923316014,-0.7532568855621824,-0.9833932078998014
5737,0.64083923316014,-0.7532568855621824,-0.9833932078998014
5739,0.64083923316014,-0.7532568855621824,-0.9833932078998014
5741,0.64083923316014,-0.7532568855621824,-0.9833932078998014
5743,0.64083923316014,-0.7532568855621824,-0.9833932078998014
5745,0.64083923316014,-0.7532568855621824,-0.9833932078998014
5747,0.640880898629652,-0.7551673893444786,-0.9819241678771763
5749,0.642495135713134,-0.7578824814943581,-0.9820704943205624
5751,0.6424463563142054,-0.7578444481478556,-0.9820966634222654
5753,0.6421316760463044,-0.7578485377268233,-0.9820839453585215
5755,0.6414807765967503,-0.754899858765001,-0.9850877514330143
5757,0.6414807765967503,-0.754899858765001,-0.9850877514330143
5759,-1.2366341546058204,2.192424882990638,-0.11246825472672255
5761,-1.052029236615266,3.206010939076683,-0.6513240402903695
5763,-1.052029236615266,3.206010939076683,-0.6513240402903695
5765,-1.0847827424281018,0.22012260773975623,-0.3942597713608143
5767,-1.0847827424281018,0.22012260773975623,-0.3942597713608143
5769,-1.0847827424281018,0.22012260773975623,-0.3942597713608143
5771,-1.0847827424281018,0.22012260773975623,-0.3942597713608143
5773,-1.0847827424281018,0.22012260773975623,-0.3942597713608143
5775,-1.0847827424281018,0.22012260773975623,-0.3942597713608143
5777,-1.0852350174174765,0.21485128276550028,-0.39482860917241813
5779,-1.0852350174174765,0.21485128276550028,-0.39482860917241813
5781,-1.0852350174174765,0.21485128276550028,-0.39482860917241813
5783,-1.0852350174174765,0.21485128276550028,-0.39482860917241813
5785,-1.0854110559937422,0.21279369807522214,-0.3950512347755044
5787,-1.0854110559937422,0.21279369807522214,-0.3950512347755044
5789,-1.0875233013182812,0.18784485000018947,-0.3977775169709812
5791,-1.0854110559937422,0.21279369807522214,-0.3950512347755044
5793,-1.0875209678969338,0.18787268132575505,-0.39777444751592067
5795,-1.0875233013182812,0.18784485000018947,-0.3977775169709812
5797,-1.0875233013182812,0.18784485000018947,-0.3977775169709812
5799,-1.0875233013182812,0.18784485000018947,-0.3977775169709812
5801,-1.0875233013182812,0.18784485000018947,-0.3977775169709812
5803,-1.0875233013182812,0.18784485000018947,-0.3977775169709812
5805,-1.0875233013182812,0.18784485000018947,-0.3977775169709812
5807,-1.0875233013182812,0.18784485000018947,-0.3977775169709812
5809,-1.0875233013182812,0.18784485000018947,-0.3977775169709812
5811,-1.0875233013182812,0.18784485000018947,-0.3977775169709812
5813,-1.0875209678969338,0.18787268132575505,-0.39777444751592067
5815,-1.0875209678969338,0.18787268132575505,-0.39777444751592067
5817,-1.0875209678969338,0.18787268132575505,-0.39777444751592067
5819,-1.0875209678969338,0.18787268132575505,-0.39777444751592067
5821,-1.0875209678969338,0.18787268132575505,-0.39777444751592067
5823,-1.0875209678969338,0.18787268132575505,-0.39777444751592067
5825,-1.0875209678969338,0.18787268132575505,-0.39777444751592067
5827,-1.0875209678969338,0.18787268132575505,-0.39777444751592067
5829,-1.0875209678969338,0.18787268132575505,-0.39777444751592067
5831,-1.0875209678969338,0.18787268132575505,-0.39777444751592067
5833,-1.0875209678969338,0.18787268132575505,-0.39777444751592067
5835,-1.0875209678969338,0.18787268132575505,-0.39777444751592067
5837,-1.0875209678969338,0.18787268132575505,-0.39777444751592067
5839,-1.0875209678969338,0.18787268132575505,-0.39777444751592067
5841,-1.0875209678969338,0.18787268132575505,-0.39777444751592067
5843,-1.0875209678969338,0.18787268132575505,-0.39777444751592067
5845,-1.0875209678969338,0.18787268132575505,-0.39777444751592067
5847,-1.0875209678969338,0.18787268132575505,-0.39777444751592067
5849,-1.0875209678969338,0.18787268132575505,-0.39777444751592067
5851,-1.0875209678969338,0.18787268132575505,-0.39777444751592067
5853,-1.087617638633557,0.18671915513834508,-0.3979017210849946
5855,-1.087617638633557,0.18671915513834508,-0.3979017210849946
5857,-1.087617638633557,0.18671915513834508,-0.3979017210849946
5859,-1.087617638633557,0.18671915513834508,-0.3979017210849946
5861,-1.087617638633557,0.18671915513834508,-0.3979017210849946
5863,-1.087617638633557,0.18671915513834508,-0.3979017210849946
5865,-1.0876228700987887,0.18665670075521343,-0.3979086150939955
5867,-1.087617638633557,0.18671915513834508,-0.3979017210849946
5869,-1.0876228700987887,0.18665670075521343,-0.3979086150939955
5871,-1.0876228700987887,0.18665670075521343,-0.3979086150939955
5873,-1.087617638633557,0.18671915513834508,-0.3979017210849946
5875,-1.0876228700987887,0.18665670075521343,-0.3979086150939955
5877,-1.0233318371093965,-0.6377367035334209,-0.36692130117558
5879,-1.0232719988774075,-0.6376800529646783,-0.36682877997871255
5881,-1.0233617332749942,-0.6377650123231701,-0.36696753002830657
5883,-1.0233617332749942,-0.6377650123231701,-0.36696753002830657
5885,-1.0233617332749942,-0.6377650123231701,-0.36696753002830657
5887,-1.0233617332749942,-0.6377650123231701,-0.36696753002830657
5889,-1.0233617332749942,-0.6377650123231701,-0.36696753002830657
5891,-1.0233617332749942,-0.6377650123231701,-0.36696753002830657
5893,-1.023838001214645,-0.6382164631848387,-0.36770432644321127
5965,0.3360113444244506,-0.8313286982273246,-0.5206221417677184
5967,0.3360113444244506,-0.8313286982273246,-0.5206221417677184
5969,0.3360113444244506,-0.8313286982273246,-0.5206221417677184
5971,0.3360113444244506,-0.8313286982273246,-0.5206221417677184
5973,0.3315405123578825,-0.8320224699577791,-0.5217376811905459
5975,0.3315405123578825,-0.8320224699577791,-0.5217376811905459
5977,0.3315405123578825,-0.8320224699577791,-0.5217376811905459
5979,0.32799879784254227,-0.832568102931209,-0.5226177787569233
5981,0.32799879784254227,-0.832568102931209,-0.5226177787569233
5983,0.32799879784254227,-0.832568102931209,-0.5226177787569233
5985,0.32799879784254227,-0.832568102931209,-0.5226177787569233
5987,0.32466243347762097,-0.8330788865547274,-0.5234439156648284
5989,0.32466243347762097,-0.8330788865547274,-0.5234439156648284
5991,0.32466243347762097,-0.8330788865547274,-0.5234439156648284
5993,0.3230915349213722,-0.8333183026034502,-0.5238319075193456
5995,0.3230915349213722,-0.8333183026034502,-0.5238319075193456
5997,0.3255377792682417,-0.8329451768933843,-0.5232274419008843
5999,0.3255377792682417,-0.8329451768933843,-0.5232274419008843
6001,0.32466243347762097,-0.8330788865547274,-0.5234439156648284
6003,0.3230915349213722,-0.8333183026034502,-0.5238319075193456
6005,0.3230915349213722,-0.8333183026034502,-0.5238319075193456
6007,0.2961318111390274,-0.837318229683212,-0.5303910998213365
6009,0.2801485540951212,-0.8395912484070199,-0.5341897722541588
6011,0.2801485540951212,-0.8395912484070199,-0.5341897722541588
6013,0.28077591233153437,-0.8395034260386278,-0.5340419493588996
6015,0.28077591233153437,-0.8395034260386278,-0.5340419493588996
6017,0.28077591233153437,-0.8395034260386278,-0.5340419493588996
6019,0.23447282266553282,-0.8143186181894553,-0.5177483800832595
6021,0.23447282266553282,-0.8143186181894553,-0.5177483800832595
6023,0.23821176338686134,-0.8451996064745158,-0.5438305042899249
6025,0.23821176338686134,-0.8451996064745158,-0.5438305042899249
6027,0.23821176338686134,-0.8451996064745158,-0.5438305042899249
6029,0.23821176338686134,-0.8451996064745158,-0.5438305042899249
6237,-1.1408962230197086,-0.7898088204496658,-0.5802917190526182
6239,-1.1408962230197086,-0.7898088204496658,-0.5802917190526182
6249,-1.1408962230197086,-0.7898088204496658,-0.5802917190526182
6257,-1.1408962230197086,-0.7898088204496658,-0.5802917190526182
6281,-1.1408962230197086,-0.7898088204496658,-0.5802917190526182
6285,-1.1408962230197086,-0.7898088204496658,-0.5802917190526182
6359,-1.1408962230197086,-0.7898088204496658,-0.5802917190526182
6361,-1.1408962230197086,-0.7898088204496658,-0.5802917190526182
6363,-1.1408962230197086,-0.7898088204496658,-0.5802917190526182
6365,-1.1408962230197086,-0.7898088204496658,-0.5802917190526182
6367,-1.1408962230197086,-0.7898088204496658,-0.5802917190526182
6369,-1.1408962230197086,-0.7898088204496658,-0.5802917190526182
6371,-1.1408962230197086,-0.7898088204496658,-0.5802917190526182
6373,-1.0661917667377088,1.4062688115766564,-0.18079856146392004
6377,-1.1855115331024595,0.3809293887255496,-0.1275360219868952
6379,-1.153662306194921,0.30882402829475253,0.361404251210159
6383,-0.9538298551001834,1.9038493402548822,-0.6717696781246817
6385,-0.9910612114607426,1.3677372212776056,-0.6535630462686881
6389,1.3594257837744341,-0.8006281971147134,-0.30634512610491643
6391,1.3594257837744341,-0.8006281971147134,-0.30634512610491643
6411,1.475916565588146,-0.672788281593485,-0.5046309180015528
6413,1.4788995252693002,-0.8721806778783558,-0.29056379987711106
6419,1.3663811749237103,-0.8348673442477259,-0.3380630305169964
6461,1.3848762857079604,-0.7852656571325997,-0.29245930726783986
6469,1.3816933011347134,-0.7954164952062603,-0.3023144926462262
6471,1.3842229733988491,-0.7946976869983552,-0.3013872450738987
6477,-1.2210081773415495,0.7420229724247652,-0.37390857298403607
6479,-1.2172104703139879,0.6731044703225745,-0.37975929942793807
6485,-0.7556751475236567,0.8563943090108742,-0.44874241854016317
6501,-0.9087764985221523,0.49272522543443636,0.1584014830535129
6551,0.21359004176017302,-0.6240913875118329,3.6897779993565214
6639,1.087388617624123,-0.8749553082735398,-0.3460152779536352
6641,0.45954292968733024,-0.19668319242889223,-0.28044520095083925
6643,0.4242799857012057,-0.5939156481234724,-0.0286754472862212
6645,0.6382833172143644,-0.33595567460463743,-0.12220989108586028
6647,1.2466643568140299,-0.4809708526474391,-0.43288137651817904
6649,0.441757375321771,-0.42404295518517493,-0.3692398904712057
6651,0.47980443323833577,-0.443245229853415,-0.3707246355898925
6653,0.9456720209756633,-0.49922040354942054,-0.5327780412623863
6655,0.9606864801687095,-0.7450853634752732,-0.1472986525530298
6657,0.6551643134364109,-0.33606013579799526,-0.111413949737601
6659,1.046580135102104,-0.4882787232618466,-0.38091735520165243
6661,0.6934954119904219,-0.33194262623858406,-0.3117672581605539
6663,1.299928467547942,-0.9041969429918184,-0.29061741523845586
6665,1.061018718201966,-0.5007186055157307,-0.3808967355786511
6667,0.8850904895142457,-0.6312685320178597,-0.0499285826711743
6669,0.47888545993786424,-0.44350117918810433,-0.3710704784567093
6671,0.8511953688600638,-0.633349990966658,-0.5080409010918839
6673,0.5531088981466192,-1.1342605765760623,-0.8333471284804996
6675,1.2768638973768969,-1.4565353954659253,-0.8558967321543054
6677,1.265572266330421,-0.9057005832255262,-0.3975927561666044
6679,1.0557350553821545,-0.523940065149494,-0.1361299975464747
6681,0.978481848320805,-0.46351416093518083,-0.10029708687810457
6685,0.9069905551686447,-0.001002155953457845,-0.29822790411191974
6687,0.9085626830221526,-0.008406170885962759,-0.2978476218731397
6713,0.7814251426218202,-0.6433002053476032,-0.5342228071012953
6731,-1.1513652870348228,-0.06344118388800044,3.041123973287115
6733,-1.1524325245879437,0.05634795883652493,2.663817580479136
6737,-1.1526193266471298,0.10886701584890462,2.0828652035796535
6747,-1.1536955927308337,0.3116886251544859,0.3638596477717322
6761,-1.1536955927308337,0.3116886251544859,0.3638596477717322
6763,0.8868952235299061,-0.3289951481469104,-0.472064999704915
6767,0.514786937616609,-1.1044147895880843,-0.8383989222944072
6769,1.1511274137259009,-0.8983547727789044,-0.4388176507279661
6771,0.8894870742247456,-1.2061095695547188,-0.8819098091130438
6773,1.2017063289077825,-0.9163498945530597,-0.4107795312419319
6797,-1.1460963384486011,-0.34229351375505046,-0.19670282361147343
6813,-1.32639312171946,2.5153634796630304,-0.3595118057786925
6821,-1.1535116953566,0.29586265148988883,0.3502943737655272
6823,0.9257154816386762,-1.275406908802726,-0.8570593194459438
6829,1.017838185488981,-1.3235786086652186,-0.8564351330726189
6833,1.1016876774283253,-1.3802437375456749,-0.8496027455514146
6835,1.0682761704270052,-1.339761095726885,-0.8610736609810558
6837,1.3162850887765771,-1.4816531829774524,-0.8534286935128136
6839,1.6703696772490262,-0.4355308341642223,-0.41290382503806283
6841,1.6580620804022206,-0.44866980621198904,-0.417574078844089
6843,1.0682761704270052,-1.339761095726885,-0.8610736609810558
6845,1.0266492206299513,-0.9495622420829072,0.6904618920707642
6847,1.3853545911236895,-0.9657736349872302,-0.32852016817056684
6849,1.4329979952834453,-0.6566216187443862,-0.5156431234272648
6851,1.6502193625806834,-0.45481449123422396,-0.4219991330127319
6853,1.5611650009081297,-0.9341811175634169,-0.21485329288155777
6855,0.6540093188659079,-1.122243727020207,-0.8643173757915665
6857,1.0699265817047288,-0.9625954728668932,-0.5339619863825914
6859,1.64475719851402,-0.45852381342132276,-0.4226837846765268
6863,1.549410722914377,-0.9344272391861884,-0.22466193726830716
6865,1.305477943735604,-1.4786716285107067,-0.852197428205825
6867,1.3460137447874765,-1.0729728831937588,-0.45536326337401783
6869,1.375669445234815,-1.0894744587292577,-0.45337328382804404
6871,1.1334410766294625,-0.9054550629862171,-0.4149486523399808
6873,1.0658309472021916,-0.8965479983055837,-0.46529396104568194
6875,1.5486551535143993,-0.9346439804317775,-0.22794475701476094
6877,1.342282118039617,-1.0789353694879624,-0.46294825655466404
6881,1.3330402831578094,-1.0809288106359225,-0.46579925444181186
6883,1.5490064541686184,-0.9353124299955853,-0.22947849059612652
6885,1.565681354996426,-0.9646862779598397,-0.24552711336932917
6887,1.5516679597021261,-0.9353139257824856,-0.23013978947167177
6891,1.2026905293016188,-1.0430624832188466,-0.5100038916508897
6893,1.5521323095777582,-0.7012789583073428,-0.3820395182688715
6895,1.5286077399834805,-0.6576474117196002,-0.4727901556939366
6897,1.5916266988540624,-1.0341576877919008,-0.3079514135530754
6899,1.0880804313962589,-0.9980584222520082,-0.5519293130227658
6901,1.1942238412804977,-1.0615218137992315,-0.5283990472135398
6903,1.1942238412804977,-1.0615218137992315,-0.5283990472135398
6905,1.4672869234552564,-1.093312904549745,-0.41470225667767674
6907,1.2368950863245525,-1.0984759970597757,-0.5533814287258848
6909,1.0888890801834439,-1.0064516840683493,-0.5568884164322582
6911,1.6449937195750874,-0.5064993719217793,-0.43988704048621574
6913,1.5686758860989523,-0.9684504490435983,-0.24685835710545692
6915,1.585049476348009,-1.033655206063297,-0.3050528254028709
6917,1.5764115772118024,-0.9732954984413811,-0.24961973201642035
6919,1.2395656427355752,-1.1217090530930565,-0.5580013105637756
6935,1.2871660552512227,-1.0344624225651289,-0.42572022888517436
6937,1.0000511027389263,-0.4776423676513213,-0.11696662235440215
6941,1.296315046332509,-0.8578223258255893,-0.2690274977212702
6943,1.296315046332509,-0.8578223258255893,-0.2690274977212702
6945,1.292756045563003,-0.8588225022468563,-0.27032557224169607
6947,1.292756045563003,-0.8588225022468563,-0.27032557224169607
6949,1.1878963953246346,-0.7213734065507044,-0.1685641067680944
6975,-1.1532283648915718,0.2714795927507558,0.32939437229227436
7057,1.02427916312019,-0.74091899084511,-0.2718881829321515
7059,1.1669371702345088,-0.7716972085607274,-0.28544749354745963
7061,1.1467590346590466,-0.38417197037800477,-0.8098272561221361
7063,1.0685067087978262,-0.3452837898464079,-0.5524915598393165
7065,1.095271915315851,-0.42200470347612296,-0.7189933340353052
7067,1.030369578318625,-0.29469761615534046,-0.6852807955867307
7069,1.1255006871607436,-0.17751397025599458,-0.5331612174814978
7071,1.1543122341545289,-0.17913185495926323,-0.4854900723100741
7073,1.140599519036654,-0.3098150847296393,-0.6435068799378878
7075,1.0770776053936448,-0.3786790595722552,-0.7777930672757627
7077,1.1577293538956661,-0.2456031598130612,-0.6490243158717154
7079,1.1603387981696345,-0.4482847139852607,-0.77919248263039
7081,0.8425703668615008,-0.46761437299560954,-1.0570971190907268
7083,1.141272509347504,-0.10506564634928947,-0.42673115807166245
7085,1.133104544870041,-0.3438960527471223,-0.7614980898120605
7087,1.1392488554896485,-0.10484049272039588,-0.42841234077878176
7089,1.1328227520340661,-0.3957608171090741,-0.724071350875838
7091,1.1428547110930236,-0.1084966525106211,-0.4299345052279052
7093,1.157791276834793,-0.26958117170991636,-0.5665295448354222
7095,1.1574310472652687,-0.30277395598390605,-0.611062958362815
7097,1.1401633200354493,-0.1423957588501871,-0.44360522944120834
7103,1.1579196163561936,-0.6918534105035846,-1.0215095264935727
7111,1.2223830338079644,-0.4087013532576886,-0.6911309856814755
7115,1.196262317355187,-0.5094960824796412,-0.8654833283068367
7119,-1.1408962230197086,-0.7898088204496658,-0.5802917190526182
7121,1.218312441526977,-0.4057109990776966,-0.7007324662491489
7125,1.2329311611133629,-0.36628717839351005,-0.6608839893414484
7127,1.1773689143337154,-0.44468189331796015,-0.827299316663069
7129,1.1708729131495104,-0.2668480796410744,-0.5864795158629493
7133,1.2138153896179256,-0.5356365819478305,-0.8828988941264237
7193,1.356677472789407,-0.9791618690373686,-0.3928203601220994
7195,1.334413986596195,-0.9849468424293887,-0.413720168358519
7197,1.3561972738550252,-0.9595717642824312,-0.3728294099168423
7215,-1.3463544560154421,2.2018299049084082,3.290347510121806
7217,1.389715486150645,-1.1123780970405848,-0.48683852512370374
7219,-1.1377272902756725,-1.3370137893597125,3.6654901002199005
7221,1.270766489665338,-0.6002042883137487,-0.1562735975545915
7223,1.1632444594564388,-0.6330617940376555,-0.20105518174744388
7225,0.9270629285464641,-0.013831983926125333,0.13364121230475268
7229,-1.2585856031868548,1.0902213934500549,0.7214875448664876
7231,0.7888715013674987,-0.4455421599571056,-0.11711814533917202
7233,1.461341394642201,-0.554761606183796,0.02539616876110517
7235,0.40023747017402206,-0.6092633123634621,-0.5011467724677732
7237,0.6822012798543975,-0.05338022044997713,-0.8258837595299185
7239,1.355149100434089,-0.7094002988331729,-0.1619243730492294
7241,0.7495921535392568,0.16932197680657893,-0.19252910442384413
7243,0.6172181967649878,0.5352198755174936,-0.6862612937287983
7245,1.3297043247687272,-0.5799438925843049,-0.07145388390733433
7247,1.2850683991896663,-0.5891229816257744,-0.09403077127595895
7249,1.0388865942646894,-0.32783774409282446,0.044233670701874415
7251,0.6456140788329621,0.2044965901085272,-0.35017554550604524
7255,0.22062910110261869,0.3892507763667421,-0.6882423107213819
7257,0.8734763831466414,-1.2597543213503348,-0.8517138432557023
7259,1.0651056049010732,-0.4220241152120224,-0.02563976651067795
7261,0.7130481922358678,-0.20372818960279052,-0.3028306639331833
7263,0.31004662268097716,0.4892492463436564,-0.7028733657377276
7265,0.7493325267543576,0.0067000949744816145,-0.3873890950677486
7267,0.9084551325149727,0.3982718704884769,-0.2955569677903589
7269,0.25508225472141566,0.5137248744218101,-0.690398990929027
7271,1.1847346475739489,-0.566253912460515,-0.11803124471321016
7273,0.3096661378400778,0.48860692090250696,-0.7028722292034811
7275,1.3342844792806787,-0.5854612177245325,-0.07355298436729658
7277,0.8838753384037638,0.14273057323588598,-0.34085444070320897
7279,0.7370673548893422,-1.1660013484712908,-0.863595353023845
7281,0.7442632057652859,0.17311930492750408,-0.1921008046356118
7283,-1.149366904848667,-0.06083273743104086,0.04455200429055811
7285,1.0294298541855402,-0.14755905923106782,-0.5946964204646372
7287,0.34978004505251825,-0.46455545822360955,-0.4535955256310498
7289,0.34978004505251825,-0.46455545822360955,-0.4535955256310498
7291,0.8159334468033785,0.07015795064568615,-0.5600677587601444
7293,0.3636299534885106,-0.201070468513054,-0.2950640769943541
7295,0.8963024640020029,0.2609701136922376,-0.38775898192947855
7297,0.39624687722601204,0.6779446655948216,-0.9506571241548032
7299,0.979214140750557,0.37516553696907257,-0.4961033560240527
7303,1.2984789745737262,-0.595138986981816,-0.11016360345072632
7305,0.3636299534885106,-0.201070468513054,-0.2950640769943541
7307,0.98337879763092,0.3711322290134701,-0.5123009387174918
7309,1.018327176785113,-0.897802434858446,-0.39118978242662483
7311,0.972307137666035,-0.45571243732562206,-0.1689958805774051
7313,0.5362566791563457,-0.9281705369206811,-0.9298608430889033
7315,0.843287071270689,-0.7474454393763901,-0.39148322047028344
7317,1.2331407796855791,-0.7036434084076818,-0.22155678492365388
7319,0.9581198454120551,-0.4120982866030786,-0.07468398830913921
7321,0.6877082099435341,0.5169594923266376,-0.5718647543522797
7323,0.46914580615797824,-0.9972197167643891,-0.8794267354921603
7325,0.9801494972495209,0.45916472675397685,-0.33142320347706344
7327,1.3343286340647442,-0.585192295733999,-0.07399823200560637
7329,0.2278497501823594,-0.3830992607103853,-0.39571541572444413
7331,0.8720375709694957,-0.043145428031398834,-0.5127905470697842
7333,0.2467313004038075,-0.1545129515705833,-0.3507263653927605
7335,1.0418533957365352,-0.41025380044648524,-0.11151723258866096
7337,0.21997132938806122,-0.8834138871641976,-0.8730574725553927
7339,0.9246981839203259,-0.5569961351611091,-0.19127257457536148
7341,0.5694889002616835,0.9568266165110645,-0.9425678701335639
7343,-0.5728873164923491,-0.27209194693770106,-0.9745612775650137
7345,0.8726144852910936,-0.044837867336844583,-0.5140908758748785
7347,0.7327442021310361,0.4551288276210111,-0.5746521927738097
7349,0.7122853672270074,0.15008440553221547,-0.35240115387021154
7351,0.7202086437871213,0.5111783823690337,-0.4226319219398065
7353,1.0376450604602294,-0.32823857625607233,0.04373784532911929
7355,0.5486771997773203,-0.1408501729540855,-0.15909712541728663
7357,0.6516538466804891,-1.1390612082958906,-0.8555136333047197
7359,1.2437307014643042,-0.4927326238186797,-0.022967605531525406
7361,0.9187747204643333,-0.04478864996041003,-0.24425641075353016
7363,0.5388644198925425,0.05664280034123986,-0.5126172341120602
7365,1.000647834276899,0.10359457705659067,-0.16240687008126528
7367,0.11079342125999661,-0.7912713151798757,-0.8909256018657459
7369,0.3135823002963771,-0.9359928185217649,-0.870649894733531
7371,0.6747441887103297,-0.6374104129927529,-0.4190078098388711
7375,1.000647834276899,0.10359457705659067,-0.16240687008126528
7381,0.8832493068124211,-0.979612739737661,-0.5061874072736875
7383,1.4091466161406203,-0.5124994103913547,-0.7025152777426339
7385,0.8860947853128208,-0.5244071792081343,-0.6705306124315872
7387,1.2761390914498527,-0.9159538824658945,-0.2872363145465081
7391,1.2797968984890342,-0.9261676986766058,-0.3117885181735574
7393,1.0679294044269187,-1.4065647397689165,-0.8283439081218433
7395,1.381167987734393,-0.7612667042584427,-0.6065444416104129
7403,0.9712028331276348,-0.39140408589311326,-0.4768307171665652
7405,1.285638522485269,-0.9370199947421318,-0.32073805367043967
7409,-0.6931680654215526,-0.40408484400591077,4.479921498863957
7411,-1.1314494515413231,0.3061799195516071,-0.23253960854124778
7421,-1.032160967356844,2.1047032871083524,-0.4206631580748111
7423,-0.8406418447324492,0.1368624106865648,-0.24006163543397668
7427,-0.9250293759130309,1.441598034938139,3.3603930417325913
7435,-1.0298487203665092,2.437871766609634,-0.6953828771212296
7437,-1.0308872002439282,2.4210581930179464,-0.6948363848281115
7439,-1.0367213461968328,2.3259852025687615,-0.6917522005569812
7447,1.5270101945457097,-0.6616517320944985,4.190073908009742
7449,-0.5803962430902231,-0.27893602624175506,-0.969349138916087
7451,-1.149866306316294,-0.017854883572810648,0.08139058219680934
7453,-1.0748472557400992,3.558139594643309,-0.5609342396395328
7459,-1.0748472557400992,3.558139594643309,-0.5609342396395328
7461,-1.0748472557400992,3.558139594643309,-0.5609342396395328
7465,-0.8697173834277103,2.200757642546237,-0.5818086867586658
7469,-0.8706131436108661,2.1884797030413474,-0.581459624770075
7471,-1.076584751817726,3.529129510656796,-0.5601452726195725
7473,-0.26771663801326395,0.00605863791075457,-1.1863880769201072
7481,-0.5576031193600638,-0.25816102673110725,-0.9851704310242514
7483,-1.078815546163981,3.49170490559455,-0.5591350168198481
7485,-1.078266709048181,3.500931421040036,-0.5593832783421199
7495,-1.079358653654958,3.482562246466995,-0.5588895365902198
7505,-1.1269200841468896,2.9734790559396838,-0.5811635816322865
7523,-1.2849469046096524,1.1418194590458375,-1.08423639662895
7525,-0.87741522129685,-0.5496566698861807,-0.7631806439125868
7529,-0.8898391905572137,-0.5609806094374251,-0.7545568480196623
7569,-1.1408962230197086,-0.7898088204496658,-0.5802917190526182
7641,-1.1408962230197086,-0.7898088204496658,-0.5802917190526182
7679,-1.1408962230197086,-0.7898088204496658,-0.5802917190526182
8237,-1.1408962230197086,-0.7898088204496658,-0.5802917190526182
8653,-1.1408962230197086,-0.7898088204496658,-0.5802917190526182
8751,-1.1408962230197086,-0.7898088204496658,-0.5802917190526182
8757,-1.1408962230197086,-0.7898088204496658,-0.5802917190526182
8825,-1.1408962230197086,-0.7898088204496658,-0.5802917190526182
8893,-1.1408962230197086,-0.7898088204496658,-0.5802917190526182
9137,-1.1408962230197086,-0.7898088204496658,-0.5802917190526182
9219,-1.1408962230197086,-0.7898088204496658,-0.5802917190526182
9351,-1.1408962230197086,-0.7898088204496658,-0.5802917190526182
9353,-1.1408962230197086,-0.7898088204496658,-0.5802917190526182
9355,-1.1408962230197086,-0.7898088204496658,-0.5802917190526182
9441,-1.1408962230197086,-0.7898088204496658,-0.5802917190526182
9443,-1.1408962230197086,-0.7898088204496658,-0.5802917190526182
9601,-1.1408962230197086,-0.7898088204496658,-0.5802917190526182
10351,-1.1408962230197086,-0.7898088204496658,-0.5802917190526182
10459,-1.1408962230197086,-0.7898088204496658,-0.5802917190526182
10709,-1.1408962230197086,-0.7898088204496658,-0.5802917190526182
10713,-1.1408962230197086,-0.7898088204496658,-0.5802917190526182
11081,-1.1408962230197086,-0.7898088204496658,-0.5802917190526182
11421,-1.1408962230197086,-0.7898088204496658,-0.5802917190526182
11819,-1.1408962230197086,-0.7898088204496658,-0.5802917190526182
12093,-1.1408962230197086,-0.7898088204496658,-0.5802917190526182
12097,-1.1408962230197086,-0.7898088204496658,-0.5802917190526182
12641,-1.1408962230197086,-0.7898088204496658,-0.5802917190526182
12839,-1.1408962230197086,-0.7898088204496658,-0.5802917190526182
13243,-1.1408962230197086,-0.7898088204496658,-0.5802917190526182
13621,-1.1408962230197086,-0.7898088204496658,-0.5802917190526182
13625,-1.1408962230197086,-0.7898088204496658,-0.5802917190526182
13685,-1.1408962230197086,-0.7898088204496658,-0.5802917190526182
13693,-1.1408962230197086,-0.7898088204496658,-0.5802917190526182
13735,-1.1408962230197086,-0.7898088204496658,-0.5802917190526182
13739,-1.1408962230197086,-0.7898088204496658,-0.5802917190526182
13997,-1.1408962230197086,-0.7898088204496658,-0.5802917190526182
14183,-0.9581169285677438,1.0993597875665482,-1.2114573663074275
14187,-0.9442476626849949,1.242709622680422,-1.25935012245402
14189,-1.1408962230197086,-0.7898088204496658,-0.5802917190526182
14191,-1.273231429933354,0.9847223738902808,-1.043251161132411
14193,-0.8633242910993127,3.2070822718152483,-0.716028110955469
14195,-1.1408962230197086,-0.7898088204496658,-0.5802917190526182
14197,-1.1579334755136859,0.6763954166165672,0.6764690115276181
14205,-0.9073605271167087,1.62396735082839,-1.3867272023696657
14207,-0.8547923647393724,2.1673008965789013,-1.5682533338243803
14209,-1.1408962230197086,-0.7898088204496658,-0.5802917190526182
14211,-1.1408962230197086,-0.7898088204496658,-0.5802917190526182
14213,-1.1408962230197086,-0.7898088204496658,-0.5802917190526182
14215,1.0701056371760562,1.4378324909700115,0.8580295353651031
14217,1.4459115355719845,0.3050327204045202,1.3330436430850783
14219,1.2344385982110175,0.10582261694616214,0.5621400327058959
14223,1.0991106537814423,0.8393038247733469,1.2544952096403332
14225,1.0034332363172578,0.07522688955526796,0.3679191215101487
14227,0.5104266681531079,2.635389185121517,-0.04516096663552554
14229,1.1148570486946692,1.1257485611281361,1.100891795651027
14231,1.0373076523559814,0.3082655927734472,0.503601640972936
14233,0.9405823097823824,0.045629922959522784,0.195690253704603
14235,0.6380839821670112,2.1974081779824997,-0.08096391169866983
14237,1.1336406374949217,0.7548904891738571,1.1690628749214824
14239,0.7743547226897796,0.5917694826832097,1.7972764675078359
14241,1.3491288700813084,0.014752120255236053,0.354652084266608
14243,1.3491288700813084,0.014752120255236053,0.354652084266608
14247,1.4687910132923492,1.0305395376596063,1.0018805539478164
14251,1.1914854855131412,0.1715103545155585,0.45964422900773094
14255,-0.4063151233969501,-0.12026820961180175,-1.090183311440641
14259,0.707101238690921,2.5557616875069975,-0.1336954757310143
14261,1.1676071471280294,0.7471226747508043,1.1957767766147627
14267,0.5538211106994982,0.4173138295359138,0.38855175315465307
14271,-0.4542941299165887,0.8575146427080691,-0.19861594113850983
14275,1.4612028318593355,0.5859387820587545,1.4066315636953537
14283,1.1468081757289965,0.3673502185009022,0.8397683004516759
14293,0.7742899368795058,2.4430187155369976,-0.12339172691656242
14339,1.4266440414309072,-0.5454274807243324,-0.01717553706929562
14401,1.055224883280386,1.7565366747134192,-0.002580248246233912
14407,1.3210967026060307,1.120434304314552,3.0580570936468807
14409,1.055224883280386,1.7565366747134192,-0.002580248246233912
14411,1.249134015932049,1.2993542142242511,2.4130736520671223
14417,0.9089310028131543,1.8197033873385131,-0.013290083707097443
14419,0.693300918758638,-0.44551178726074464,-0.07323819504278403
14427,1.4166895608293475,-0.13393519649967361,0.3265836673322638
14429,0.870976656143597,-0.06308390265682545,0.12084690190821701
14431,1.2420076367651738,1.2845533422793298,2.3887480971022055
14441,1.2898484716679852,-0.0763905243922277,0.2246783359747864
14445,1.2528951517892388,1.3027823356400623,2.410462951148741
14459,0.5248613078143474,-0.10475495158945877,-0.579775956081347
14465,0.4323830278671207,2.373693076924971,-0.6489591429466711
14469,0.8599102809274483,-0.06675577004028418,0.11637347551290593
14473,0.7959887308137662,0.8012834712731747,-0.6262188428070633
14475,0.9533025788955891,0.4445760324685581,-0.5546856740471573
14477,0.8797823311456635,0.7715515171232129,0.362817053461671
14479,0.5424083858864359,-0.09375265036910863,-0.5774024358675853
14481,0.5562962336570418,-0.08561660380820364,-0.5750994038711918
14483,0.5322907112728512,-0.10004156940603559,-0.578814289598188
14485,0.5836447188290637,-0.06896771434843943,-0.5709189923052799
14487,0.6049004132340079,-0.055974875728384554,-0.5676389266677099
14489,0.5970495857892003,-0.061246790369856516,-0.5685316044207703
14491,0.5902902761764085,-0.06473759477053793,-0.5700152559337271
14493,1.029857029627417,1.0546678845785602,-0.3852315381238598
14523,0.85947205944532,-1.238393864112307,-0.8586681258622976
14525,1.3544507937720156,-0.42199733660474,0.01388620337714466
14531,1.3201170921939362,0.40759339235301395,0.935846667094606
14535,1.33887156713732,-0.4034984799545485,0.010871240792008406
14541,1.0819102377363028,-0.5903430418543499,0.7825642897581613
14543,1.0819102377363028,-0.5903430418543499,0.7825642897581613
14547,1.3517912332578297,-0.4228497092610447,0.012828409117976279
14551,1.4534759627739753,-0.7698103943228134,-0.15720426266265985
14553,1.442869395141518,-0.7648197031078116,-0.1570046510664769
14555,1.3596443264582267,-0.4002535306865732,-0.0359444755562098
14569,1.2920410208578197,0.8424699325383419,0.4273007444396578
14571,1.3596443264582267,-0.4002535306865732,-0.0359444755562098
14573,1.0815895204414026,-0.5896997206506,0.7798915157713953
14603,1.1493925312380104,0.7248812762410448,1.1694298598928903
14607,1.1384020130297878,0.7885846430632841,0.20441350963420923
14609,1.215368566761701,0.8156447981666861,0.7528633859261019
14611,1.194679460851353,1.470603450775939,-0.3958149307742851
14633,1.0367837882698692,-0.09832058978561327,0.114633808353246
14637,1.2745587084890482,1.0781654381748889,0.07331612948348053
14639,0.9635435970012393,0.8818303631210523,0.5631361281228121
14641,1.3230876693916436,-0.09477003131519365,0.3094428326080869
14653,0.8340536250926003,0.275137904664166,1.1295778473622526
14661,-1.1566893953434652,0.5693314626444131,0.5846988681797274
14663,0.8542779431683517,0.009807318531386998,0.8072543900316317
14687,1.1474335997340404,-0.46521541464584143,-0.12342381239466815
14713,0.883285250266564,-1.1546299187142097,-0.9055226031335363
14721,-0.9317472274682382,2.427781738954873,-0.5323409041215686
14729,0.6244358833724518,-0.5509329921065901,-0.14476765906861686
14761,-0.8286682364079666,1.6420546478449745,-1.4256468286926798
14763,-1.1450134914643417,-0.4354819452217162,-0.27657952717769163
14767,-0.834104940229925,0.3360951111374093,-0.08221202692447688
14771,0.7808565635709334,2.6826726316375047,-0.15236274353792417
14781,1.0363829723409799,-0.4745396709664622,1.1026632537139687
14787,-0.5492026149603846,0.6977583651598548,-0.19428222476626375
14789,1.1110074904793115,-0.5417907824001581,1.221419509389521
14791,1.1465744254899484,-0.3912759741456127,-0.06004643091356147
14795,-0.5492026149603846,0.6977583651598548,-0.19428222476626375
14801,1.243879008576993,0.8887679571440895,-0.472957001676777
14803,0.50052806616989,-0.46350999171055235,-0.26643357699432
14805,0.8440563532039228,-0.1331429317908068,0.37832627056196183
14809,0.9175083346226769,-0.06379227252456099,1.2050411618737178
14811,0.6851348488005741,0.31523713365476774,0.08494448283245602
14823,1.2902415264874203,-0.28402274829550694,0.07644178752521556
14835,0.7296496967209202,0.025723524478639355,0.09916116395138169
14913,-1.1408962230197086,-0.7898088204496658,-0.5802917190526182
14937,-1.1408962230197086,-0.7898088204496658,-0.5802917190526182
14939,-0.5228436953041697,3.0412843798699516,-0.8207044759617231
14941,1.1277244049999378,-0.07069189684989763,0.15572554420027443
14943,-0.39059400886107326,1.3517327889535597,-0.5034096369645696
14947,1.132878436902432,-0.12487592879766463,0.09049491160207118
14949,0.860107539874032,1.1436097044552818,-0.24930628332638186
14951,-0.5430873365882906,2.588817623941564,-0.6118507170474509
14953,-0.4978812603779529,2.7049725361352515,-0.8047511447390602
14955,0.8362185576519238,1.0291558579409499,-0.2750562981046072
14961,0.6274893742084419,1.591247569362217,-0.5390492254633183
14965,-0.010373636932827012,1.9085419111401989,-0.6314015526595661
14975,-0.4978812603779529,2.7049725361352515,-0.8047511447390602
14977,0.7976006009039563,1.1076231147790967,-0.27545832593401365
14983,1.0983429198501755,-0.35086788435723687,-0.15458741942088766
14985,1.1396051409430985,-0.41779411465491817,-0.09155452546448756
14987,1.0959098939091516,-0.3554893179149448,-0.14852375498641712
15015,-0.49023694710112004,1.8069954040807708,-1.001459925145108
15041,1.1608291782023303,-0.726661331383597,-0.5787839308835939
15049,1.0376236988701828,-0.4252484377880838,-0.1757613151107802
15055,1.2244558381843447,-0.7273310267263688,-0.562048134385497
15059,1.3261721999983591,1.180488986657304,-0.3987056870141102
15061,1.0262224886001239,0.40300643515976114,0.3542741433701131
15079,1.2395728435764073,0.7335145424357377,-0.5263657429620778
15093,1.0264630245047168,2.14585498494064,-0.08188116269684216
15111,1.3037866680950794,0.5741920911922836,-0.4771537427430459
15119,1.0891007646804094,0.1912595525953383,0.11223937557895146
15121,1.1796730928238022,0.19198471777254614,0.32624321253415034
15129,1.2605990885475604,-0.20982060873861827,1.9453276982510648
15131,1.1967674848516958,-0.0023485505323855268,0.2727896995530634
15133,1.1680121982852776,0.8886232798042527,1.2873663769411188
15135,1.2848948846703914,-0.19521101160200063,1.938317770747132
15139,1.3335708177531216,-0.33176488517046787,2.2497059677973232
15155,0.6969652639839583,3.444804447337655,-0.24628096385619375
15157,0.7041920835098937,3.3829372985887085,-0.30373083799015005
15183,1.4352085940595931,-0.30972636492749683,2.4834814784537373
15211,1.4592775427541913,0.6533131860210659,0.6537731685742474
15217,0.7837389005194436,-0.06887655029228415,-0.06892387983877862
15219,1.4922199149244768,0.9589561494235874,0.151554627121796
15221,1.2988836930587055,-0.1584515228749138,0.2008620555430081
15223,1.4415870706599894,0.979069386182429,0.14107111107202103
15231,1.3643931483455027,1.187673730576893,-0.3326542337281676
15245,1.2633749647159063,-0.34896721753959686,0.0314625668454675
15249,1.2972951642345802,-0.31503542853119665,0.126679748406897
15251,1.4345907388044359,0.6368470847467927,-0.16380586021855495
15261,1.4293970087505232,0.6025669997400364,-0.1804013135623812
15263,1.429335287667705,-0.6229562633723786,1.7038864790124588
15271,1.4600687951022238,-0.44310673839778203,0.0807498553845824
15273,1.344700549979805,-0.5814088714047689,-0.0749783799504115
15275,1.2506931950716658,-0.33015999658504247,0.10797270591309122
15281,1.3290939593325937,-0.6218879735173761,1.8980115799412325
15285,1.2374800954792062,0.3006145807749099,0.2763236393794153
15311,1.269613084253739,-0.24740366377898057,2.1496627956624805
15313,1.250818144278057,-0.22940980151132975,2.0901146436972855
15315,1.2183366418257455,0.09343982804762957,0.4349828980062149
15317,1.2487509586034216,-0.2286775514279061,2.0825307544210716
15319,1.256687604542146,-0.24057610198050103,2.249558044390434
15323,1.2154374017840546,-0.18262744720996532,2.0594486095148845
15325,1.318479383018212,-0.1052923214301863,0.34040829807354117
15327,1.2077607982959073,0.32867678873534395,1.7153858169142866
15329,1.2113822047081861,0.32844018141174885,1.7148487224282718
15333,1.2104185585792446,0.3497919322744222,1.7582782241324761
15335,1.2104185585792446,0.3497919322744222,1.7582782241324761
15337,1.209015576400736,0.34806768183927356,1.7546792298554001
15339,1.207350816396205,0.34682449668893234,1.7556140624167746
15341,1.2267782947550807,0.5384223885297008,0.07458013211992216
15343,1.2223546738240747,0.54430012397711,0.0797284337290547
15347,1.2248267584771306,0.5410946005468836,0.08231501408762239
15351,1.0309949226065138,-0.4805833234995998,-0.14707314975296373
15353,1.0566176943892545,-0.49934664295634307,-0.1480889930241449
15363,1.1987786213928862,0.814938428089292,0.01946085592760893
15367,1.3361334806532676,2.146730602105998,-0.4161534958584567
15369,-0.5271432554439183,1.1830139509743838,0.18121887960270178
15375,0.8040204793199541,2.232766765709955,-0.5054854841434704
15381,1.397890298130899,-0.25478018764523264,0.23573093564007663
15385,1.3938695874955076,-0.254314266774202,0.23110816590792627
15391,0.3654430830239762,1.0872484663891124,0.010343629731175015
15393,-0.5714476762394957,1.6440120289919604,-0.15591267857687735
15395,1.2202939021890644,0.8226856696512119,-0.02085722122796604
15397,1.215080779127998,0.8284951943253651,-0.02170479679635458
15399,-0.5802640927314198,1.7758410927221662,-0.23818707045211773
15401,-0.5718023175711753,1.785877756161646,-0.22440354481565716
15403,1.2001643297487998,0.3211421717050889,0.043425151401589625
15405,0.9167717939113504,0.7343292040228833,0.13632302819035177
15407,0.40303326779434884,1.0567621144410901,-0.13770036024001459
15417,1.2255140679276095,0.19690209162362682,0.12341939520237641
15419,1.2870424998249421,0.17860360197073913,0.11084164847155265
15443,0.6448965607399937,2.0363059615961983,-0.04160251959745614
15445,1.4507753205246843,1.2035161494244726,0.9827833113758028
15459,-1.1408962230197086,-0.7898088204496658,-0.5802917190526182
15465,0.9258493186327401,1.457133371389834,2.966974727210857
15485,1.0751753080887085,2.3739842935667332,2.8674487518109237
15495,1.2784239783872042,-0.15275753938353429,0.24353704500333362
15541,1.121117351888299,0.03166350802420327,0.3413103575232329
15563,-1.1408962230197086,-0.7898088204496658,-0.5802917190526182
15581,1.1306029810634224,-0.3463449827079855,0.01792094672788698
15663,1.5020366156137424,-0.27902101480781255,0.20108323163423375
15673,1.4939014016138426,-0.2816774678540352,0.19780284925445776
15685,1.278270671291605,-0.1835190575055933,1.7672341862167953
15707,0.9089575894149992,-1.3550807844129165,-0.8139584017258098
15785,-0.5541017067079876,1.2105727282425298,0.2437307029160849
15853,1.1228649408190423,1.1660335165621862,-0.02392782588479062
15855,1.1637928968515199,1.180763597252135,0.009890287113673749
15915,1.0782116968857651,1.8284041760159724,-0.18241750164469622
15993,1.2036132043296466,1.7162748664128957,0.9601351510562839
16145,1.1616323108005886,-0.2973570438718886,0.10819543586973691
16279,1.0508690088155717,1.0450012473995733,-0.04682712321286893
16379,0.8856907905195727,0.22681684517234882,0.2999017607961594
16403,1.102218283647735,-0.03500696227234527,0.30650761667025594
16409,1.1372209512104898,0.015358908833514437,0.3596979001417144
16517,0.8431706141560483,1.669806334111777,-0.09025013272633135
16553,0.6632837123158095,-1.124752748876389,-0.8653982828219554
16599,0.892867954003741,2.3993363520239224,-0.4148625287676441
16601,0.6824646075989411,-1.1299450088622967,-0.8676321986487557
16645,1.0004712114142502,0.15244052895596963,0.31840688990902705
16647,-1.152731823984497,0.22874791508809922,0.29276680494483803
16733,1.0418182533455427,1.6258495605117038,-0.0031319502001641215
16735,1.2558886460782142,1.0303865103960805,0.1457293815914853
16739,-0.5142837191043107,1.5851702611038585,0.5003319769713872
16761,1.0737924424960796,-0.009732594733495456,0.13222443854424545
16763,1.0400279937196808,-0.23989500342741768,-0.0773193363865825
16767,1.0796145482521367,-0.5107755963088091,-0.29724585815321336
16781,-0.5128998657147343,-0.2174158404371712,-1.0162001065738242
16783,1.0310365806080795,-0.4008814042428353,-0.22568477628461384
16795,1.331762604908306,-0.1112058794348803,0.3578444807313351
16797,1.1407032836331308,1.6152712196616856,2.4404869378244416
16799,1.331762604908306,-0.1112058794348803,0.3578444807313351
16803,1.13444600340978,1.5241037003807851,2.524799717697369
16805,1.1382463395316975,1.6185398512424458,2.4420988302351287
16819,1.1751531305320781,1.433385288971582,2.2284444919394413
16829,1.1573884741536065,1.355574487971017,2.502384917847669
16831,1.1717534842449038,0.9814021073063461,1.9888697497882224
16833,1.3364559067399897,-0.5151054538455903,0.011640922328632506
16835,1.1908157864674647,0.8530537782071009,1.8567871276098353
16839,1.1517025020172669,1.1807776691542295,2.061167100474411
16841,1.3303751069059544,-0.5170399139912151,0.00923080243402848
16843,1.081872439239641,-0.3892194220421669,-0.04495722204332062
16845,1.081872439239641,-0.3892194220421669,-0.04495722204332062
16863,1.1545085408664177,1.1449797419228596,2.0316584084487403
16865,1.3682095928963367,-0.5049874133041246,0.024239932280155668
16867,1.1799746886382427,0.9541839782124102,1.745931980156203
16869,1.2683713109417878,-0.2501719541724627,0.1586668848660083
16871,1.3649256480031449,-0.7872477280749222,-0.21850875514021484
16873,1.3714670966186568,-0.7853240322286543,-0.21605132121734086
16895,0.5157948459559133,0.2955722649186596,0.15469424346017985
16919,0.9884736024086043,0.17990676869493438,0.3636598473357932
16921,1.101122408984017,0.031711339795666815,3.174820743420872
16923,-1.1408962230197086,-0.7898088204496658,-0.5802917190526182
16925,1.1296644683786206,1.5095591291016381,1.4174799453675768
16927,0.9691939233757207,2.0286836341735053,-0.2108477147557887
16929,1.121493995697958,0.02689571273363434,1.286660785953451
16931,1.2616018811191925,0.042060626142682044,0.3561894979456608
16933,1.08444176954736,0.6065288691867142,1.1268368086229172
16935,1.168559208527701,1.4614359929260292,1.3975501953473104
16937,0.9978021647481776,2.0010975229274637,-0.2118499139651054
16939,1.3539008391309628,1.7935702645137424,0.5087283826035496
16941,0.9828890270117472,0.6806049551893222,2.455235596838618
16943,1.2447185339661977,0.05988567968486838,0.3634188946710584
16945,0.4071017459639462,0.41986205940991583,3.7829233866174095
16947,1.2154214866073887,0.7706218166802855,0.1778389605564444
16951,1.107323488110155,-0.029409950469421575,1.4874822011590936
16953,1.094883762502122,0.18138369375118749,0.3594417446566719
16955,0.8096844399486105,0.6669407335571133,0.00425423145523413
16961,-1.1408962230197086,-0.7898088204496658,-0.5802917190526182
16963,1.4088939993656113,1.444248615688582,0.7487865447791878
16967,1.1420470547496955,0.8278766803356786,0.21030740787638252
16971,1.1069725536456627,0.16474656338931046,0.43894030062314787
16973,0.42091939629992003,0.44435731232978043,3.813057370575303
16977,1.1109620285788315,0.21480558231734853,0.39090492864509885
16979,0.502788285481022,0.3893745196408247,3.8124397969987998
16981,1.1069725536456627,0.16474656338931046,0.43894030062314787
16985,1.138142353901521,0.8221467418888075,0.2097162936578298
16987,1.250559297090652,0.9580286575348842,0.11482507147911428
16989,1.2517091661372675,0.9502960673376483,0.11402703790150116
16993,1.2841918921822355,0.015501035329262001,0.3127915383700782
16995,0.9008357229217973,0.31220153791196803,0.38055402850413106
17013,1.501847277961414,1.2221290151445094,0.26746877884180087
17015,1.501847277961414,1.2221290151445094,0.26746877884180087
17637,-1.1492497563951027,-0.2136970711399589,2.3660470127318027
17641,-1.148899276887817,-0.22613893032455723,2.051013523192834
17643,-1.14911980368854,-0.1986791709420314,1.9288672091497512
17645,-1.1491404073266411,-0.1973020934214131,1.936850292115483
17649,-1.150476313804653,-0.08876959541762057,2.1403920057036148
17651,-1.1519038965194046,0.02733756127606925,2.355834953815394
17653,-1.1510664293237913,-0.04160456671487964,2.2429914294239635
17655,-1.1502028957097779,-0.11591916903489276,2.179292477024701
17657,-1.1500275029829181,-0.1276257805454782,2.111072980687936
17659,-1.1495021769925422,-0.20344138121437091,2.5718071723593554
17661,-1.1504284352616412,-0.09197390232033865,2.1219106257540576
17665,-1.1492576338708282,-0.2696831406220257,3.2913539645457752
17667,-1.1504284352616412,-0.09197390232033865,2.1219106257540576
17669,-1.1497324037162309,-0.14736240050740332,1.9969489889568233
17677,-1.1504166122449198,-0.0927653840662199,2.1173504277510586
17681,-1.1502951559767791,-0.1766439650665122,3.3066673228834187
17687,-1.1502951559767791,-0.1766439650665122,3.3066673228834187
17689,-1.1502951559767791,-0.1766439650665122,3.3066673228834187
17697,-1.1505393785697078,-0.13540592100663296,2.994693887579601
17705,-1.1512231003082922,-0.048124923200213984,2.58099078968777
17709,-1.1503301146966192,-0.17436333826634026,3.32112461423726
17715,-1.1503301146966192,-0.17436333826634026,3.32112461423726
17717,-1.152227118929615,-0.0068949623292191,3.3922778484971134
17719,-1.1521783619322639,-0.010091216637004553,3.3723665255394177
17771,-0.8046685794524647,-0.03711963399993067,1.9714038739745703
17781,-0.8046685794524647,-0.03711963399993067,1.9714038739745703
17997,0.7688958810816714,2.2647810656474214,-0.5736021513906636
17999,-1.2664652206539795,1.294429543589169,-0.5937079374327247
18001,0.9644042892192273,-0.36758557027470085,-0.2214784352584713
18003,0.846285923784811,-0.5508518097562488,-0.34643324868799724
18005,1.436165351061365,-0.4660452688015852,2.1844383799426184
18011,0.5001929136965803,2.9177385563782683,-0.4724635327081643
18015,0.5029113944243107,3.2500256739169844,-0.5735986096233199
18021,-0.8765031214543905,3.017313986209963,-0.7095834864232918
18031,-0.03878239609557793,0.7048834339893036,-0.2814479327397259
18035,0.5917212371269243,-0.17110254196562552,-0.16655903262198
18043,0.9330129933973472,3.49771583141402,-0.5022297812560961
18049,0.2907100755525246,2.346047251414444,-0.6222576796914133
18051,-0.6253059741039954,0.5436636630296707,0.2253170137068555
18053,0.955576768486216,-0.7242943812456237,-0.4603655252720877
18061,0.9722053543304522,1.9088866389781405,-0.2102526349432844
18151,-1.1396081315065831,-1.0122338869707181,1.1455118778456501
18153,-1.1395999960058272,-1.0136387089716823,1.156411939157022
18159,-1.1396081315065831,-1.0122338869707181,1.1455118778456501
18315,1.2172324693506247,0.10786720793750623,0.30923031333664175
18323,1.2274618462812188,0.10386734051499386,0.31996536494379524
18333,1.2018036073090246,0.2750760814030432,-0.07676175939134318
18343,0.2827490110349105,0.037590886657507185,-0.1984538534615079
18349,1.2550644965533337,-0.006751733384636343,0.23390950415719433
18351,1.251701835858009,-0.012083938583083776,0.2261007205930341
18353,1.241950997259602,-0.19296499186753618,0.34663956306530075
18357,1.2423850514584547,-0.19251113111125012,0.3471603124125636
18359,1.2253393944012385,-0.19951199788118607,0.32382249110566264
18363,1.2671936187712327,-0.24984707093984482,0.6233837857941502
18367,1.2413283609940509,-0.18650671286378945,0.34613495784951587
18371,1.2034227143835778,-0.206859819126677,0.306425133917087
18373,1.223670991263675,-0.20181268668985305,0.3257509989444315
18377,1.1932171059019012,-0.23786272450932294,0.609662841410727
18381,1.1965050227488698,-0.021163864643166344,0.1422519623931504
18383,1.2272178950720158,-0.19838979807205004,0.3269269206324508
18389,1.242669408635399,-0.18238028944282852,0.3499200397498524
18393,1.1835216717549586,-0.029685609838172547,0.18945304270071667
18403,1.2515880249751563,-0.2093071673805527,0.3314621907516788
18413,1.2665627835942184,-0.22412679082608541,0.3251129992753204
18417,1.257673810559529,-0.23342119610091489,0.3134974987608432
18419,1.2523900623760538,-1.3806433719516296,-0.8868935669226122
18421,1.1406394834821512,-0.6950231652541479,2.2747619080966675
18423,1.0697098310260762,-0.433616146402956,-0.0948674614041974
18645,-1.0681179155771252,2.9189737586436366,1.7793752305999833
18647,-0.6252915045076265,0.9580725555946238,-0.17437841203433418
18649,-1.2001476109976539,1.1153528126323988,-0.1440728884282625
18651,-1.1767747580672252,1.9962637228109508,0.2896040065491327
18653,-1.1772250834540405,1.9811128860736948,0.2814265459823057
18655,-0.9823367077988946,-0.6452883111013875,-0.6903519475906693
18657,-1.1756462474040332,2.033185774670515,0.3097037117299474
18659,-1.1762464305840556,2.5749780459413203,0.44282199060978256
18661,-1.1761992636882708,2.5761076354896506,0.44350424852639153
18663,-1.1762464305840556,2.5749780459413203,0.44282199060978256
18665,-1.1756009550676598,2.0346383068686804,0.31049939013991845
18667,-1.1777377632180328,1.9635494507079618,0.2719985286766682
18669,-1.1777377632180328,1.9635494507079618,0.2719985286766682
18671,-1.1766684892451824,2.030561101092076,-0.5120760910142675
18673,-1.1741052210445806,2.119186471572585,-0.5125431238411163
18675,-1.174203368845687,2.1159230676605905,-0.5125232631237086
18677,-1.1698247379848032,2.050377402435061,-0.4966649987465693
18679,-1.1696774881898395,2.0552338784949167,-0.4966899922034607
18681,-1.1696774881898395,2.0552338784949167,-0.4966899922034607
18683,-0.9869364659704739,-0.6494808024375888,-0.6871591374027801
18689,-1.1695785229975781,2.0584863217099336,-0.49670699337228813
18705,-1.1707249835549172,2.0202215666783614,-0.49652038045045505
18707,-1.1707249835549172,2.0202215666783614,-0.49652038045045505
18709,-1.1707249835549172,2.0202215666783614,-0.49652038045045505
18711,-1.1707249835549172,2.0202215666783614,-0.49652038045045505
18717,-1.1427075163217828,-0.6339312272162582,-0.4466808393397828
18721,-1.1427108073458707,-0.6336480058773749,-0.446438075441158
18735,-1.1427042375530625,-0.6342133938738016,-0.44692269921558647
18753,-1.1426912436365992,-0.6353316337649549,-0.44788120141264853
18769,-1.1426472379602592,-0.6391187061891855,-0.4511273002754917
18771,-1.1426503076212646,-0.6388545350751107,-0.4509008653260282
18783,-1.1426441793100073,-0.6393819297318929,-0.4513529230117216
18873,-1.151017378699931,0.08120493881666904,0.16629996358453114
19009,-1.1507977634197766,0.06230512768805394,0.15009994189495154
19157,-1.1497266622858764,-0.029872470865821073,0.07108967635820948
19195,-1.1408962230197086,-0.7898088204496658,-0.5802917190526182
19197,-1.1408962230197086,-0.7898088204496658,-0.5802917190526182
19199,-1.1408962230197086,-0.7898088204496658,-0.5802917190526182
19205,-1.1408962230197086,-0.7898088204496658,-0.5802917190526182
19207,-1.1408962230197086,-0.7898088204496658,-0.5802917190526182
19215,-1.1408962230197086,-0.7898088204496658,-0.5802917190526182
19219,-1.1408962230197086,-0.7898088204496658,-0.5802917190526182
19231,-1.1408962230197086,-0.7898088204496658,-0.5802917190526182
19239,-1.1408962230197086,-0.7898088204496658,-0.5802917190526182
19245,-1.1408962230197086,-0.7898088204496658,-0.5802917190526182
19247,-1.1408962230197086,-0.7898088204496658,-0.5802917190526182
19259,-1.1408962230197086,-0.7898088204496658,-0.5802917190526182
19261,-1.1408962230197086,-0.7898088204496658,-0.5802917190526182
19281,-1.1408962230197086,-0.7898088204496658,-0.5802917190526182
19283,-1.1408962230197086,-0.7898088204496658,-0.5802917190526182
19285,-1.1408962230197086,-0.7898088204496658,-0.5802917190526182
19287,-1.1408962230197086,-0.7898088204496658,-0.5802917190526182
19289,-1.1408962230197086,-0.7898088204496658,-0.5802917190526182
19291,-1.1408962230197086,-0.7898088204496658,-0.5802917190526182
19293,-1.1408962230197086,-0.7898088204496658,-0.5802917190526182
19295,-1.1408962230197086,-0.7898088204496658,-0.5802917190526182
19297,-1.1408962230197086,-0.7898088204496658,-0.5802917190526182
19299,-1.1408962230197086,-0.7898088204496658,-0.5802917190526182
19301,-1.1408962230197086,-0.7898088204496658,-0.5802917190526182
19303,-1.1408962230197086,-0.7898088204496658,-0.5802917190526182
19305,-1.1408962230197086,-0.7898088204496658,-0.5802917190526182
19307,-1.1408962230197086,-0.7898088204496658,-0.5802917190526182
19309,-1.1408962230197086,-0.7898088204496658,-0.5802917190526182
19311,-1.1408962230197086,-0.7898088204496658,-0.5802917190526182
19313,-1.1408962230197086,-0.7898088204496658,-0.5802917190526182
19315,-1.1408962230197086,-0.7898088204496658,-0.5802917190526182
19317,-1.1408962230197086,-0.7898088204496658,-0.5802917190526182
19319,-1.1408962230197086,-0.7898088204496658,-0.5802917190526182
19321,-1.1408962230197086,-0.7898088204496658,-0.5802917190526182
19323,-1.1408962230197086,-0.7898088204496658,-0.5802917190526182
19325,-1.1408962230197086,-0.7898088204496658,-0.5802917190526182
19327,-1.1408962230197086,-0.7898088204496658,-0.5802917190526182
19329,-1.1408962230197086,-0.7898088204496658,-0.5802917190526182
19331,-1.1408962230197086,-0.7898088204496658,-0.5802917190526182
19333,-1.1408962230197086,-0.7898088204496658,-0.5802917190526182
19335,-1.1408962230197086,-0.7898088204496658,-0.5802917190526182
19337,-1.1408962230197086,-0.7898088204496658,-0.5802917190526182
19339,-1.1408962230197086,-0.7898088204496658,-0.5802917190526182
19341,-1.1408962230197086,-0.7898088204496658,-0.5802917190526182
19343,-1.1408962230197086,-0.7898088204496658,-0.5802917190526182
19345,-1.1408962230197086,-0.7898088204496658,-0.5802917190526182
19347,-1.1408962230197086,-0.7898088204496658,-0.5802917190526182
19349,-1.1408962230197086,-0.7898088204496658,-0.5802917190526182
19351,-1.1408962230197086,-0.7898088204496658,-0.5802917190526182
19353,-1.1408962230197086,-0.7898088204496658,-0.5802917190526182
19355,-1.1408962230197086,-0.7898088204496658,-0.5802917190526182
19357,-1.1408962230197086,-0.7898088204496658,-0.5802917190526182
19359,-1.1408962230197086,-0.7898088204496658,-0.5802917190526182
19361,-1.1408962230197086,-0.7898088204496658,-0.5802917190526182
19363,-1.1408962230197086,-0.7898088204496658,-0.5802917190526182
19365,-1.1408962230197086,-0.7898088204496658,-0.5802917190526182
19367,-1.1408962230197086,-0.7898088204496658,-0.5802917190526182
19369,-1.1408962230197086,-0.7898088204496658,-0.5802917190526182
19373,-1.1408962230197086,-0.7898088204496658,-0.5802917190526182
19377,-1.1408962230197086,-0.7898088204496658,-0.5802917190526182
19379,-1.1408962230197086,-0.7898088204496658,-0.5802917190526182
19381,-1.1408962230197086,-0.7898088204496658,-0.5802917190526182
19383,-1.1408962230197086,-0.7898088204496658,-0.5802917190526182
19385,-1.1408962230197086,-0.7898088204496658,-0.5802917190526182
19387,-1.1408962230197086,-0.7898088204496658,-0.5802917190526182
19389,-1.1408962230197086,-0.7898088204496658,-0.5802917190526182
19393,-1.1408962230197086,-0.7898088204496658,-0.5802917190526182
19395,-1.1408962230197086,-0.7898088204496658,-0.5802917190526182
19397,-1.1408962230197086,-0.7898088204496658,-0.5802917190526182
19399,-1.1408962230197086,-0.7898088204496658,-0.5802917190526182
19401,-1.1408962230197086,-0.7898088204496658,-0.5802917190526182
19405,-1.1408962230197086,-0.7898088204496658,-0.5802917190526182
19407,-1.1408962230197086,-0.7898088204496658,-0.5802917190526182
19409,-1.1408962230197086,-0.7898088204496658,-0.5802917190526182
19411,-1.1408962230197086,-0.7898088204496658,-0.5802917190526182
19413,-1.1408962230197086,-0.7898088204496658,-0.5802917190526182
19415,-1.1408962230197086,-0.7898088204496658,-0.5802917190526182
19417,-1.1408962230197086,-0.7898088204496658,-0.5802917190526182
19419,-1.1408962230197086,-0.7898088204496658,-0.5802917190526182
19421,-1.1408962230197086,-0.7898088204496658,-0.5802917190526182
19423,-1.1408962230197086,-0.7898088204496658,-0.5802917190526182
19425,-1.1408962230197086,-0.7898088204496658,-0.5802917190526182
19427,-1.1408962230197086,-0.7898088204496658,-0.5802917190526182
19429,-1.1408962230197086,-0.7898088204496658,-0.5802917190526182
19431,-1.1408962230197086,-0.7898088204496658,-0.5802917190526182
19435,-1.1438213708735938,-0.5380743240026649,-0.36451684835655906
19437,-1.1408962230197086,-0.7898088204496658,-0.5802917190526182
19439,-1.1408962230197086,-0.7898088204496658,-0.5802917190526182
19441,-1.1408962230197086,-0.7898088204496658,-0.5802917190526182
19443,-1.1484094511638396,-0.1432299813519756,-0.0260750051328188
19445,-1.1484094511638396,-0.1432299813519756,-0.0260750051328188
19447,-1.1484094511638396,-0.1432299813519756,-0.0260750051328188
19449,-1.1484094511638396,-0.1432299813519756,-0.0260750051328188
19451,-1.1484094511638396,-0.1432299813519756,-0.0260750051328188
19453,-1.1484094511638396,-0.1432299813519756,-0.0260750051328188
19455,-1.1484094511638396,-0.1432299813519756,-0.0260750051328188
19459,-1.1484094511638396,-0.1432299813519756,-0.0260750051328188
19461,-1.1487044961569475,-0.11783878525545319,-0.004310876132330897
19463,-1.1484094511638396,-0.1432299813519756,-0.0260750051328188
19465,-1.1484094511638396,-0.1432299813519756,-0.0260750051328188
19473,-1.1484094511638396,-0.1432299813519756,-0.0260750051328188
19475,-1.1475430131961872,-0.21779452864476567,-0.08998819850796407
19477,-1.1484094511638396,-0.1432299813519756,-0.0260750051328188
19481,-1.148356175516345,-0.14781481567995267,-0.030004907662051303
19483,-1.148356175516345,-0.14781481567995267,-0.030004907662051303
19485,-1.148356175516345,-0.14781481567995267,-0.030004907662051303
19487,-1.148356175516345,-0.14781481567995267,-0.030004907662051303
19489,-1.148356175516345,-0.14781481567995267,-0.030004907662051303
19495,-1.148356175516345,-0.14781481567995267,-0.030004907662051303
19501,-1.148356175516345,-0.14781481567995267,-0.030004907662051303
19503,-1.148356175516345,-0.14781481567995267,-0.030004907662051303
19505,-1.1486646175079356,-0.12127069096740735,-0.007252542934813834
19507,-1.148356175516345,-0.14781481567995267,-0.030004907662051303
19509,-1.148356175516345,-0.14781481567995267,-0.030004907662051303
19511,-1.148356175516345,-0.14781481567995267,-0.030004907662051303
19517,-1.148356175516345,-0.14781481567995267,-0.030004907662051303
19519,-1.148356175516345,-0.14781481567995267,-0.030004907662051303
19521,-1.148356175516345,-0.14781481567995267,-0.030004907662051303
19523,-1.148356175516345,-0.14781481567995267,-0.030004907662051303
19525,-1.148356175516345,-0.14781481567995267,-0.030004907662051303
19533,-1.1408962230197086,-0.7898088204496658,-0.5802917190526182
19535,-1.1408962230197086,-0.7898088204496658,-0.5802917190526182
19537,-1.1408962230197086,-0.7898088204496658,-0.5802917190526182
19539,-1.1408962230197086,-0.7898088204496658,-0.5802917190526182
19541,-1.1408962230197086,-0.7898088204496658,-0.5802917190526182
19543,-1.1408962230197086,-0.7898088204496658,-0.5802917190526182
19545,-1.1408962230197086,-0.7898088204496658,-0.5802917190526182
19547,-1.1408962230197086,-0.7898088204496658,-0.5802917190526182
19549,-1.1408962230197086,-0.7898088204496658,-0.5802917190526182
19551,-1.1408962230197086,-0.7898088204496658,-0.5802917190526182
19553,-1.1408962230197086,-0.7898088204496658,-0.5802917190526182
19555,-1.1408962230197086,-0.7898088204496658,-0.5802917190526182
19557,-1.1408962230197086,-0.7898088204496658,-0.5802917190526182
19559,-1.1408962230197086,-0.7898088204496658,-0.5802917190526182
19561,-1.1408962230197086,-0.7898088204496658,-0.5802917190526182
19563,-1.1408962230197086,-0.7898088204496658,-0.5802917190526182
19565,-1.1408962230197086,-0.7898088204496658,-0.5802917190526182
19567,-1.1408962230197086,-0.7898088204496658,-0.5802917190526182
19569,-1.1408962230197086,-0.7898088204496658,-0.5802917190526182
19573,-1.1408962230197086,-0.7898088204496658,-0.5802917190526182
19575,-1.1408962230197086,-0.7898088204496658,-0.5802917190526182
19579,-1.1408962230197086,-0.7898088204496658,-0.5802917190526182
19581,-1.1408962230197086,-0.7898088204496658,-0.5802917190526182
19583,-1.1408962230197086,-0.7898088204496658,-0.5802917190526182
19585,-1.1408962230197086,-0.7898088204496658,-0.5802917190526182
19587,-1.1408962230197086,-0.7898088204496658,-0.5802917190526182
19589,-1.1408962230197086,-0.7898088204496658,-0.5802917190526182
19591,-1.1408962230197086,-0.7898088204496658,-0.5802917190526182
19593,-1.1408962230197086,-0.7898088204496658,-0.5802917190526182
19595,-1.1408962230197086,-0.7898088204496658,-0.5802917190526182
19597,-1.1408962230197086,-0.7898088204496658,-0.5802917190526182
19599,-1.1408962230197086,-0.7898088204496658,-0.5802917190526182
19601,-1.1408962230197086,-0.7898088204496658,-0.5802917190526182
19603,-1.1408962230197086,-0.7898088204496658,-0.5802917190526182
19605,-1.1408962230197086,-0.7898088204496658,-0.5802917190526182
19607,-1.1408962230197086,-0.7898088204496658,-0.5802917190526182
19609,-1.1408962230197086,-0.7898088204496658,-0.5802917190526182
19611,-1.1408962230197086,-0.7898088204496658,-0.5802917190526182
19613,-1.1408962230197086,-0.7898088204496658,-0.5802917190526182
19615,-1.1408962230197086,-0.7898088204496658,-0.5802917190526182
19617,-1.1408962230197086,-0.7898088204496658,-0.5802917190526182
19619,-1.1408962230197086,-0.7898088204496658,-0.5802917190526182
19623,-1.1408962230197086,-0.7898088204496658,-0.5802917190526182
19625,-1.1408962230197086,-0.7898088204496658,-0.5802917190526182
19627,-1.1408962230197086,-0.7898088204496658,-0.5802917190526182
19629,-1.1408962230197086,-0.7898088204496658,-0.5802917190526182
19631,-1.1408962230197086,-0.7898088204496658,-0.5802917190526182
19633,-1.1408962230197086,-0.7898088204496658,-0.5802917190526182
19635,-1.1408962230197086,-0.7898088204496658,-0.5802917190526182
19637,-1.1408962230197086,-0.7898088204496658,-0.5802917190526182
19639,-1.1408962230197086,-0.7898088204496658,-0.5802917190526182
19643,-1.1408962230197086,-0.7898088204496658,-0.5802917190526182
19645,-1.1408962230197086,-0.7898088204496658,-0.5802917190526182
19647,-1.1408962230197086,-0.7898088204496658,-0.5802917190526182
19649,-1.1408962230197086,-0.7898088204496658,-0.5802917190526182
19651,-1.1408962230197086,-0.7898088204496658,-0.5802917190526182
19653,-1.1408962230197086,-0.7898088204496658,-0.5802917190526182
19655,-1.1408962230197086,-0.7898088204496658,-0.5802917190526182
19657,-1.1408962230197086,-0.7898088204496658,-0.5802917190526182
19659,-1.1408962230197086,-0.7898088204496658,-0.5802917190526182
19661,-1.1408962230197086,-0.7898088204496658,-0.5802917190526182
19663,-1.1408962230197086,-0.7898088204496658,-0.5802917190526182
19665,-1.1408962230197086,-0.7898088204496658,-0.5802917190526182
19667,-1.1408962230197086,-0.7898088204496658,-0.5802917190526182
19669,-1.1408962230197086,-0.7898088204496658,-0.5802917190526182
19671,-1.1408962230197086,-0.7898088204496658,-0.5802917190526182
19673,-1.1408962230197086,-0.7898088204496658,-0.5802917190526182
19675,-1.1408962230197086,-0.7898088204496658,-0.5802917190526182
19677,-1.1408962230197086,-0.7898088204496658,-0.5802917190526182
19679,-1.1408962230197086,-0.7898088204496658,-0.5802917190526182
19681,-1.1408962230197086,-0.7898088204496658,-0.5802917190526182
19687,-1.1389635630391097,-1.1235366809060254,2.009114011916271
19689,-1.1389635630391097,-1.1235366809060254,2.009114011916271
19691,-1.1389635630391097,-1.1235366809060254,2.009114011916271
19693,-1.1389635630391097,-1.1235366809060254,2.009114011916271
19695,0.8489109719892253,-0.21279748149844874,0.05531645801533109
19697,0.9117276614024341,-0.15763539345054142,0.11873037692922739
19699,0.7111247936248617,-0.8522235196064344,-0.5894160904381232
19701,1.1677297344043032,-1.099074250014426,-0.643959138909883
19703,0.50661292508539,1.1065570942430518,0.40257373733541685
19705,0.9877374903382554,-0.5941284893583059,-0.23988630912758577
19707,0.8062657204489369,0.4355137982897857,0.27808260226749715
19709,-1.1389635630391097,-1.1235366809060254,2.009114011916271
19715,0.863270283564296,-0.07508878843128532,0.8175907021077635
19717,-1.1389635630391097,-1.1235366809060254,2.009114011916271
19719,-1.1389635630391097,-1.1235366809060254,2.009114011916271
19721,0.8316736485869446,-0.8457028623423024,-0.5988068647438864
19725,1.0199694751719037,-0.5505186298782749,-0.19413574283808463
19731,-1.1389635630391097,-1.1235366809060254,2.009114011916271
19745,-1.1389635630391097,-1.1235366809060254,2.009114011916271
19749,1.1374047237589315,-0.6175113301505327,-0.27840861668057443
19755,0.7587437290724689,-0.7403276229143854,-0.4988673172033053
19757,0.8329614899764989,-1.2311434225670412,-0.8556167351048116
19759,0.8573544217273736,-0.48130765003941955,-0.05927498678268308
19761,0.7947111469484585,-0.966685011164332,-0.45188831854864353
19763,0.8304387146944572,-0.973387010986232,-0.4565809996340932
19765,0.8184557638983853,-0.9619856385374775,-0.44490947685728116
19767,0.817585694369196,-0.9758748507964773,-0.4603087874318537
19771,0.8541315971005173,-1.0005130095871495,-0.4669180900176782
19773,0.8443262278685965,-0.9987813098848038,-0.47448162679645317
19775,0.8365151152075779,-1.0002098216561655,-0.4766756488553481
19781,0.8213080267278121,-1.0029456864286332,-0.4809086909205371
19783,0.8213080267278121,-1.0029456864286332,-0.4809086909205371
19785,0.797130138698953,-1.0036863345142524,-0.49207097953713674
19789,0.8365151152075779,-1.0002098216561655,-0.4766756488553481
19799,0.7663832031014552,-0.4069170186441989,0.016503933809445717
19807,0.7910772847650657,-0.42353642637614464,0.008913272725626926
19809,0.7921482069982432,-0.42319519262023864,0.00933889309765897
19811,0.7855408986413978,-0.4061418824485409,0.02316232927541103
19813,0.7809358408747143,-0.37300290090796245,0.051044739154859804
19817,0.7809358408747143,-0.37300290090796245,0.051044739154859804
19821,0.7879899919163867,-0.4519955402466155,-0.017047156178547962
19825,-0.5695240514732414,-0.2690264685086218,-0.9768958061243469
19827,0.8175382373762335,-0.7188464259804169,-0.25593484915582726
19829,0.7864171780368238,-0.44887339458592457,-0.02429602200766988
19841,0.8249879626230198,-0.642591301315753,-0.208417475382124
19901,-0.9340425908125689,1.3416511680634509,-0.5599801586754197
19905,-0.8613810495087121,-0.5350421784722003,-0.7743103740266277
19937,0.8587552359782539,0.8977892564910864,0.09783838582963703
19973,-0.58381750559891,-0.2820543670091386,-0.9669743528108798
19983,0.48018714572084426,-0.6208225943821732,4.479031063472419
19985,0.4071865678155085,-0.13977873580485103,-0.14600925372675308
19989,0.7417877900626934,-0.5426561120787162,-0.14153617570809965
19993,0.2586526744470222,0.04103981263871077,0.003548696853080614
19997,0.5263761268979571,-0.2627023456947902,-0.24829587407624382
19999,0.33341619989803634,-0.020908579132524918,0.04104145221335614
20001,0.6122297519459167,-0.1805754540978511,-0.01930882693002919
20003,-0.8938681365177538,-0.5646528288027722,-0.7517602532358868
20005,-0.8906916663438149,1.7962532139397596,-1.4442873999307126
20007,0.5332729566601146,-0.3022470364797887,-0.1884212095433269
20015,0.27323076679958375,-0.8143470665431013,-0.920054758276654
20017,0.9886092872272565,-1.2259874438998009,2.1842076194449143
20019,1.0443987506454926,-1.251802997086518,2.0918186110767465
20021,1.1525744699942015,-0.9226457003537654,-0.28457778404868195
20025,1.1623474413923989,1.1398677635567054,-0.42897918576796884
20027,1.095553344839302,0.8900956025599395,1.6398243505249346
20029,0.6324291901876419,-0.9620623289171985,-0.9372218711601381
20033,0.773702095609535,-0.8991786112753365,-1.0568791662189045
20037,0.3409687884634029,-0.965288354074364,-0.8631468626741534
20093,0.6011303051861635,-1.1409715156374851,-0.8420128078222603
20113,-0.5695240514732414,-0.2690264685086218,-0.9768958061243469
20125,-0.5444120752809657,-0.2461379298738046,-0.994326673233867
20127,-0.6102126864163155,-0.6696010287815621,1.8583119558292573
20129,1.0672167242834345,-0.009117936672057498,0.27960178946891573
20131,-0.7330725979957463,0.46885199523320653,-0.1181706774376594
20137,-0.8179680369569989,1.748773307126061,-1.4614614695869501
20143,1.1324013143370908,-1.0310060319713996,-0.6396230422332583
20145,1.1306641213703612,-1.010772096204701,-0.6645250400854961
20149,1.1514834881164113,-1.0077042096756827,-0.647528835369844
20151,0.47103049459373797,-0.7667185141569339,-0.9925295940889738
20153,1.161724786844644,-0.9888500111367662,-0.6531693229008518
20155,1.133058475428339,-1.0105722501498855,-0.6632123489672727
20157,1.0553637089711116,-1.3239369714286013,-0.8655942157025
20159,1.22395278258415,-0.9782942299893077,-0.6039062126839089
20161,0.709958354439151,-0.9719070509448682,-0.9516960683627854
20163,1.1378161710904198,-1.008770216440629,-0.6537571706443035
20165,1.2130935377054493,-0.98803131699858,-0.6120204793810535
20167,0.7055070726345856,-0.9684159514649915,-0.952294765345231
20169,1.1802780159974027,-0.9878682535751715,-0.6272342631717828
20171,1.1714596190138755,-0.9826504595431215,-0.6508544522028409
20173,1.2240414362357008,-0.9790237961377789,-0.604531901313976
20295,-0.5903878060873075,-0.288042927026064,-0.9624137386319727
20427,1.1858785693276974,-0.7397766477493303,-0.6546853858842295
20429,1.3886390843339393,-0.8967829691558926,-0.2983871220658895
20431,0.9204933679334604,-0.8862445613956529,-1.1406670325132693
20433,1.0623095793418342,-1.2667537325879212,-0.89526445077002
20435,1.173830219380435,-0.7999133569241123,-0.3955928747878456
20437,0.9957536039286854,-0.6637293969618077,-0.661004147187416
20439,0.9443825440618477,-0.8822086955388604,-0.3459865829561701
20441,-0.014965128343001842,-0.3221790656018601,-0.30334448827707816
20443,1.4146133895828883,-0.972301577873456,-0.3361004354321761
20445,0.7918612124515861,-0.599492576546124,-0.848609176684389
20447,1.0766595457994315,-1.0241303286786034,-1.0816579527546835
20449,1.2837723779592858,-0.662826804485921,-0.5597686203579914
20451,0.937494194913261,-0.9274012116993785,-0.4526907457804624
20457,1.3391994555105242,-1.0234273620636798,-0.4196212585697635
20459,1.2230593669988603,-0.8116843858368816,-0.29841820675669684
20463,1.1728326855260207,-0.8342593007454923,-0.3998662632186877
20465,1.0801699575440187,-1.3905167774751916,-0.8392304670175019
20467,0.5207517689776705,-0.2839257002320612,-0.8304583637080553
20469,1.0112348070118962,-0.5476899271834296,-0.8081072576965243
20475,0.9710315572495378,-0.9613967780576684,-0.5444662198387705
20477,0.9439944318097843,-0.8571182603876,-0.7088411991358348
20479,1.0025648682647934,-0.9058033683993048,-0.514198702176561
20481,1.0116909156876293,-0.9520188548933718,-0.5060379220604236
20483,1.1974233376541588,-0.31757687749699515,-0.45257966798081245
20485,1.3254937922886136,-0.4062303698194176,-0.4883177004014104
20489,0.8947921277367016,-1.299385581935314,-0.8376502226350274
20491,1.14677081153517,-0.8336516123925172,-0.4092068437033147
20493,1.2864018785593738,-0.8601900798467981,-0.3338445507368733
20641,-1.1408962230197086,-0.7898088204496658,-0.5802917190526182
20651,0.37475755196231125,-0.3881844913666818,-0.7371006717615305
20655,0.4284204298293026,-1.1633095858555949,-0.7881370419934581
20657,1.1593800409019528,-1.4564009561969955,-0.8267391865199777
20663,1.175041538469953,-1.4588425681515123,-0.8294417781390496
20665,1.1420204894864179,-0.6988894683693557,-0.14902280748566793
20679,-1.1408962230197086,-0.7898088204496658,-0.5802917190526182
20687,1.1626177896214183,-1.45632508831745,-0.8275816252561963
20689,1.1278034672757153,-0.8822257172622894,-0.8566432424497334
20691,-1.1408962230197086,-0.7898088204496658,-0.5802917190526182
20693,0.9462488954429175,-1.3372048261470335,-0.8319693972799479
20697,1.1770362666981573,-1.4539402512375632,-0.8323334615934065
20701,0.8506254351480842,-1.018475975690194,-1.0241193129777517
20703,-1.1408962230197086,-0.7898088204496658,-0.5802917190526182
20709,0.977251400149676,-0.8643068949077429,-0.44810037791200386
20735,1.0639666224545863,-0.08130453636102779,0.7046122975301125
20737,1.0639666224545863,-0.08130453636102779,0.7046122975301125
20739,1.0639666224545863,-0.08130453636102779,0.7046122975301125
20741,1.0639666224545863,-0.08130453636102779,0.7046122975301125
20743,1.0639666224545863,-0.08130453636102779,0.7046122975301125
20745,1.0639666224545863,-0.08130453636102779,0.7046122975301125
20747,1.0639666224545863,-0.08130453636102779,0.7046122975301125
20749,1.0639666224545863,-0.08130453636102779,0.7046122975301125
20751,1.0639666224545863,-0.08130453636102779,0.7046122975301125
20753,1.0639666224545863,-0.08130453636102779,0.7046122975301125
20755,1.0639666224545863,-0.08130453636102779,0.7046122975301125
20757,1.0639666224545863,-0.08130453636102779,0.7046122975301125
20759,1.0639666224545863,-0.08130453636102779,0.7046122975301125
20761,1.0639666224545863,-0.08130453636102779,0.7046122975301125
20763,1.0639666224545863,-0.08130453636102779,0.7046122975301125
20765,1.0639666224545863,-0.08130453636102779,0.7046122975301125
20767,1.0639698609461097,-0.08155172532569097,0.7040509767050765
20769,1.0639698609461097,-0.08155172532569097,0.7040509767050765
20771,1.0639698609461097,-0.08155172532569097,0.7040509767050765
20773,1.0639698609461097,-0.08155172532569097,0.7040509767050765
20775,1.0639698609461097,-0.08155172532569097,0.7040509767050765
20777,1.0639698609461097,-0.08155172532569097,0.7040509767050765
20779,1.0639698609461097,-0.08155172532569097,0.7040509767050765
20781,1.0639698609461097,-0.08155172532569097,0.7040509767050765
20783,1.0639698609461097,-0.08155172532569097,0.7040509767050765
20785,1.0639698609461097,-0.08155172532569097,0.7040509767050765
20787,1.0639698609461097,-0.08155172532569097,0.7040509767050765
20789,1.0639698609461097,-0.08155172532569097,0.7040509767050765
20791,1.0639698609461097,-0.08155172532569097,0.7040509767050765
20793,1.0639698609461097,-0.08155172532569097,0.7040509767050765
20795,1.0639698609461097,-0.08155172532569097,0.7040509767050765
20797,1.0639698609461097,-0.08155172532569097,0.7040509767050765
20799,1.0639698609461097,-0.08155172532569097,0.7040509767050765
20801,1.0639698609461097,-0.08155172532569097,0.7040509767050765
20803,1.0639698609461097,-0.08155172532569097,0.7040509767050765
20805,1.0639698609461097,-0.08155172532569097,0.7040509767050765
20807,1.0639698609461097,-0.08155172532569097,0.7040509767050765
20809,1.0639698609461097,-0.08155172532569097,0.7040509767050765
20811,1.0639698609461097,-0.08155172532569097,0.7040509767050765
20813,1.0639698609461097,-0.08155172532569097,0.7040509767050765
20815,1.0639698609461097,-0.08155172532569097,0.7040509767050765
20817,1.0639698609461097,-0.08155172532569097,0.7040509767050765
20819,1.0639698609461097,-0.08155172532569097,0.7040509767050765
20821,1.0639698609461097,-0.08155172532569097,0.7040509767050765
20823,1.0639698609461097,-0.08155172532569097,0.7040509767050765
20825,1.0639698609461097,-0.08155172532569097,0.7040509767050765
20827,1.0639698609461097,-0.08155172532569097,0.7040509767050765
20829,1.0639698609461097,-0.08155172532569097,0.7040509767050765
20831,1.0639698609461097,-0.08155172532569097,0.7040509767050765
20833,1.0639698609461097,-0.08155172532569097,0.7040509767050765
20835,1.0639698609461097,-0.08155172532569097,0.7040509767050765
20837,1.0639698609461097,-0.08155172532569097,0.7040509767050765
20839,1.0639698609461097,-0.08155172532569097,0.7040509767050765
20841,1.0799455854783961,-0.09790384862852468,0.6929858973712263
20843,1.0639698609461097,-0.08155172532569097,0.7040509767050765
20845,1.0639698609461097,-0.08155172532569097,0.7040509767050765
20875,0.07241761637004157,-0.3049458562454179,-0.2123441159839525
20877,0.07241761637004157,-0.3049458562454179,-0.2123441159839525
20879,0.07241761637004157,-0.3049458562454179,-0.2123441159839525
