,factor_1,factor_2
1,0.31567177778701017,-0.15052612685939795
3,0.31567177778701017,-0.15052612685939795
5,0.3341323422705245,-0.2062387672335799
7,0.31567177778701017,-0.15052612685939795
9,0.31567177778701017,-0.15052612685939795
11,0.31567177778701017,-0.15052612685939795
13,0.3341323422705245,-0.2062387672335799
15,0.31567177778701017,-0.15052612685939795
17,0.31567177778701017,-0.15052612685939795
19,0.3341323422705245,-0.2062387672335799
21,0.2920671777979505,-0.18405378889952181
23,0.27810239119689667,-0.17871147476114843
25,0.27810239119689667,-0.17871147476114843
27,0.33382031685667973,-0.20673448872323102
29,0.2920671777979505,-0.18405378889952181
31,0.33382031685667973,-0.20673448872323102
33,0.2920671777979505,-0.18405378889952181
35,0.2920671777979505,-0.18405378889952181
37,0.2920671777979505,-0.18405378889952181
39,-0.179162000435995,0.3395018659763157
41,-0.179162000435995,0.3395018659763157
43,-0.8662779574210548,-0.7521340413770857
45,-0.9564433249186147,-0.8953817010471283
47,-1.0656187514337208,-1.0688310505680625
49,-1.0656187514337208,-1.0688310505680625
51,-1.0679061925390707,-1.0724651574770498
53,-1.0682316659861348,-1.0729822441464745
55,-1.0682316659861348,-1.0729822441464745
57,-1.0682316659861348,-1.0729822441464745
59,-1.0682316659861348,-1.0729822441464745
61,-1.0682316659861348,-1.0729822441464745
63,-1.0682316659861348,-1.0729822441464745
65,-1.0682316659861348,-1.0729822441464745
67,-1.1405922430328599,-1.1879430500745125
69,-1.1390244996527021,-1.185452342429175
71,-1.1390244996527021,-1.185452342429175
73,-1.1398093119897117,-1.1866991906778652
75,-1.1398093119897117,-1.1866991906778652
77,-1.1398093119897117,-1.1866991906778652
79,-1.1398093119897117,-1.1866991906778652
81,-1.1455076934042863,-1.1957523318583432
83,-1.1340097433905743,-1.1774852912397602
85,-1.135866255120523,-1.1804347713766015
87,-1.135866255120523,-1.1804347713766015
89,-1.1447364709040335,-1.1945270740757565
91,-1.135866255120523,-1.1804347713766015
93,-1.1447364709040335,-1.1945270740757565
95,-1.1447364709040335,-1.1945270740757565
97,-1.1447364709040335,-1.1945270740757565
99,-1.1447364709040335,-1.1945270740757565
101,-1.1447364709040335,-1.1945270740757565
103,-1.1447364709040335,-1.1945270740757565
105,-1.1449937474648766,-1.194935814884468
107,-1.1449937474648766,-1.194935814884468
109,-1.1449937474648766,-1.194935814884468
111,-1.1740122825652795,-1.241038186067042
113,-1.1740122825652795,-1.241038186067042
115,-1.1751867267545155,-1.2429040508241038
117,-1.1751867267545155,-1.2429040508241038
119,-0.39294049624712135,-0.0001326307560869891
189,-1.2328540971268738,-1.3345214431159886
191,-1.237149124170269,-1.3413450450072864
193,-1.2383107587454616,-1.343190558854858
195,-1.2383107587454616,-1.343190558854858
197,-1.2383107587454616,-1.343190558854858
199,-1.2383107587454616,-1.343190558854858
201,-1.2144627594022561,-1.3053027290978352
203,-1.2144627594022561,-1.3053027290978352
205,-0.31864944941479817,1.4571351287564136
207,-0.16108300154907734,1.7074643352546535
209,-0.15770696386390123,1.6333868065645771
211,-0.18284340784576905,1.593451997083241
213,-0.23833457010053738,1.5052919934589972
215,-0.24339843242090786,1.4972469264181067
217,-0.20368548378752932,0.9209177925951598
219,-0.1933159596113935,0.9373920788022624
221,-0.20368548378752932,0.9209177925951598
223,-0.18800506898445243,0.9458296050297631
225,-0.18800506898445243,0.9458296050297631
227,-0.18800506898445243,0.9458296050297631
229,-0.17064929879725688,1.622609060554294
231,-0.17064929879725688,1.622609060554294
233,-0.17064929879725688,1.622609060554294
235,-0.4901000527552038,-0.15449210901960939
237,-0.4901000527552038,-0.15449210901960939
239,-0.5262266279530202,-0.21188717646744157
241,-0.5262266279530202,-0.21188717646744157
243,-0.5262266279530202,-0.21188717646744157
245,-0.8680841145239124,-0.7550035220342546
247,-0.9290242520813825,-0.3731333023838789
249,-0.9290242520813825,-0.3731333023838789
251,-0.9290242520813825,-0.3731333023838789
253,-0.9781576283343159,-0.45119255456971263
255,-0.9781576283343159,-0.45119255456971263
257,-0.9781576283343159,-0.45119255456971263
259,-0.9781576283343159,-0.45119255456971263
261,-0.97770114667077,-0.4504673323275137
263,-1.1753095618167482,-0.5418352348911969
265,-1.1753095618167482,-0.5418352348911969
267,-1.1753095618167482,-0.5418352348911969
269,-1.1753095618167482,-0.5418352348911969
271,-1.178121898839102,-0.5463032552391032
273,-1.178121898839102,-0.5463032552391032
275,-1.183925133217442,-0.5555229785795137
277,-1.1737150831630254,-0.7618788913830227
279,-1.1737150831630254,-0.7618788913830227
321,-1.1717036059687236,-0.7586832142781604
323,-1.1717036059687236,-0.7586832142781604
325,-1.1704401127988309,-0.7566758754892278
327,-1.1704401127988309,-0.7566758754892278
329,-1.1704401127988309,-0.7566758754892278
331,-1.1704401127988309,-0.7566758754892278
333,-1.169171712847036,-0.7546607411902955
335,-1.1704401127988309,-0.7566758754892278
337,-1.1689174406838616,-0.7542567735328143
339,-1.1689174406838616,-0.7542567735328143
341,-1.4469295556652977,-1.6746277309237816
343,-1.4469295556652977,-1.6746277309237816
345,-1.4469295556652977,-1.6746277309237816
347,-1.4469295556652977,-1.6746277309237816
349,-1.4469295556652977,-1.6746277309237816
351,-1.4469295556652977,-1.6746277309237816
353,-1.4464189840792214,-1.6738165748576626
355,-1.4446770462056355,-1.6710491206720133
357,-1.4446770462056355,-1.6710491206720133
359,-1.4477448136913367,-1.6759229488938132
361,-1.0060702379081314,-0.9742250456671075
363,-0.8895757152808508,-0.7891476906484136
365,-1.4477448136913367,-1.6759229488938132
367,-1.004887571882889,-0.9723461187022515
369,-1.4477448136913367,-1.6759229488938132
371,-1.4473374390490623,-1.6752757440330739
373,-1.4473374390490623,-1.6752757440330739
375,-0.8895757152808508,-0.7891476906484136
377,-1.4463167739150011,-1.6736541913702392
379,-1.4463167739150011,-1.6736541913702392
381,-1.437614877511016,-1.6598293012915095
383,-1.437614877511016,-1.6598293012915095
385,-1.4413726859100657,-1.6657994123617825
387,-1.4413726859100657,-1.6657994123617825
389,-1.4413726859100657,-1.6657994123617825
391,-1.4413726859100657,-1.6657994123617825
393,-1.4413726859100657,-1.6657994123617825
395,-1.4413726859100657,-1.6657994123617825
397,-1.4413726859100657,-1.6657994123617825
399,-1.4417875638027524,-1.6664585377979175
401,-1.4413726859100657,-1.6657994123617825
403,-1.4417875638027524,-1.6664585377979175
405,-1.4417875638027524,-1.6664585377979175
407,-1.4417875638027524,-1.6664585377979175
409,-1.4417875638027524,-1.6664585377979175
411,-1.4417875638027524,-1.6664585377979175
413,-1.4422019153674928,-1.6671168270455197
415,-1.4422019153674928,-1.6671168270455197
417,-1.4422019153674928,-1.6671168270455197
419,-1.4422019153674928,-1.6671168270455197
421,-1.4422019153674928,-1.6671168270455197
423,-1.4428224587658796,-1.6681026976964095
425,-1.4422019153674928,-1.6671168270455197
427,-1.4422019153674928,-1.6671168270455197
429,-1.4422019153674928,-1.6671168270455197
431,-1.4422019153674928,-1.6671168270455197
433,-1.4422019153674928,-1.6671168270455197
435,-1.4428224587658796,-1.6681026976964095
437,-1.4428224587658796,-1.6681026976964095
439,-1.4428224587658796,-1.6681026976964095
441,-1.4475411898835557,-1.6755994473684792
443,-1.4475411898835557,-1.6755994473684792
445,-1.4485580418166735,-1.6772149419169156
447,-1.4485580418166735,-1.6772149419169156
449,-1.4485580418166735,-1.6772149419169156
451,-1.4485580418166735,-1.6772149419169156
453,-1.4485580418166735,-1.6772149419169156
455,-1.4485580418166735,-1.6772149419169156
457,-1.4517908558581902,-1.682350983153683
459,-1.4512878331542616,-1.68155182015908
461,-1.4517908558581902,-1.682350983153683
463,-1.4517908558581902,-1.682350983153683
465,-1.4517908558581902,-1.682350983153683
477,0.11350691954128453,1.3613414310372818
479,0.11350691954128453,1.3613414310372818
481,-0.09955069057920467,1.022852220914798
483,-0.15567914586953638,0.9336797361306346
485,-0.170322884971871,0.7337457365459163
487,-0.170322884971871,0.7337457365459163
489,-0.1649242070639008,0.7423227323159384
491,-0.15208924095186555,0.4606959677287826
493,-1.074992739464953,-1.0837237070781713
495,-1.085959179878697,-1.1011463269573882
497,-1.085959179878697,-1.1011463269573882
499,-1.0902446922325664,-1.1079548126566825
501,-1.0902446922325664,-1.1079548126566825
503,-1.0902446922325664,-1.1079548126566825
505,-1.0902446922325664,-1.1079548126566825
507,-1.0902446922325664,-1.1079548126566825
509,-1.0902446922325664,-1.1079548126566825
511,-1.0902446922325664,-1.1079548126566825
513,-1.0902446922325664,-1.1079548126566825
515,-1.0902446922325664,-1.1079548126566825
517,-1.0902446922325664,-1.1079548126566825
519,-1.0902446922325664,-1.1079548126566825
521,-1.0902446922325664,-1.1079548126566825
523,-1.088414925110235,-1.1050478222534972
525,-1.0902446922325664,-1.1079548126566825
527,-1.088414925110235,-1.1050478222534972
529,-1.088414925110235,-1.1050478222534972
531,-1.088414925110235,-1.1050478222534972
533,-1.088414925110235,-1.1050478222534972
535,0.7782580242934531,-0.20789549516223446
537,0.7718962321307616,-0.21449271307187506
539,0.7750168020817441,-0.218823402972281
541,0.7750168020817441,-0.218823402972281
543,0.7750168020817441,-0.218823402972281
545,0.7750168020817441,-0.218823402972281
547,0.7736702318354516,-0.21841968392344793
549,0.7162484668809848,-0.34899479069875494
551,0.7162484668809848,-0.34899479069875494
553,0.7184892953389078,-0.38031093095051155
555,0.7184892953389078,-0.38031093095051155
557,0.7184892953389078,-0.38031093095051155
559,0.7184892953389078,-0.38031093095051155
561,0.7184892953389078,-0.38031093095051155
563,0.7184892953389078,-0.38031093095051155
565,0.7184133477564006,-0.3804315905092058
567,0.7175790878466196,-0.3817569971808515
569,0.7175790878466196,-0.3817569971808515
571,0.7178064020261478,-0.3813958582521155
573,0.7198968964549919,-0.387438478354914
575,0.7198968964549919,-0.387438478354914
577,0.7198968964549919,-0.387438478354914
579,0.7198968964549919,-0.387438478354914
581,0.721184435508366,-0.3901072503412328
583,0.721184435508366,-0.3901072503412328
585,0.721184435508366,-0.3901072503412328
587,0.721184435508366,-0.3901072503412328
589,0.7210033104117752,-0.3903201291131024
591,0.7210033104117752,-0.3903201291131024
593,0.7210033104117752,-0.3903201291131024
595,0.7210033104117752,-0.3903201291131024
597,0.7218729096428408,-0.3912105856202669
599,0.7218729096428408,-0.3912105856202669
601,0.7487893207659446,-0.40337659548060534
603,0.7758212023487642,-0.38991166284334383
605,0.7760387990857679,-0.38962497247519795
607,0.7760387990857679,-0.38962497247519795
609,0.7758212023487642,-0.38991166284334383
611,0.7758212023487642,-0.38991166284334383
613,0.7758212023487642,-0.38991166284334383
615,0.7752007375400143,-0.3908974086371867
617,0.7753408209333231,-0.38471810129295275
619,0.7761576506227041,-0.3851214493608277
621,0.7761576506227041,-0.3851214493608277
623,0.7761576506227041,-0.3851214493608277
625,0.7776313486360625,-0.38611320168052926
627,0.7586126292175023,-0.3572541931990714
629,0.7586126292175023,-0.3572541931990714
631,0.7586126292175023,-0.3572541931990714
633,0.7586126292175023,-0.3572541931990714
635,0.7573870704643146,-0.35499137886583637
637,0.7573870704643146,-0.35499137886583637
639,0.7573870704643146,-0.35499137886583637
641,0.7573870704643146,-0.35499137886583637
643,0.7572709828223957,-0.35517580980071844
645,0.7572709828223957,-0.35517580980071844
647,0.7572709828223957,-0.35517580980071844
649,0.7565776269963286,-0.35239506779054686
651,0.7588108951493546,-0.35769076180205867
653,0.7588108951493546,-0.35769076180205867
655,0.7588108951493546,-0.35769076180205867
657,0.7588708295613223,-0.3575955427119978
659,0.7585113879508316,-0.3581665953336408
661,0.7585113879508316,-0.3581665953336408
663,0.7585113879508316,-0.3581665953336408
665,-0.7972972607903185,-0.6425429241997557
667,-0.7972972607903185,-0.6425429241997557
669,-0.7972972607903185,-0.6425429241997557
671,-0.7972972607903185,-0.6425429241997557
673,-0.7972972607903185,-0.6425429241997557
675,-0.7972972607903185,-0.6425429241997557
677,-0.7972972607903185,-0.6425429241997557
679,-0.8104512227776781,-0.6634409066776603
681,-0.8217148416186507,-0.6813356603193882
683,-0.9134187250365481,-0.8270275933403878
685,-0.9044118058469888,-0.8127181069982345
687,-0.9044118058469888,-0.8127181069982345
689,-0.9044118058469888,-0.8127181069982345
691,-0.9076191564374105,-0.8178136939022828
693,-0.9076191564374105,-0.8178136939022828
695,-0.9054844261118437,-0.8144222018954171
697,-0.9054844261118437,-0.8144222018954171
699,-0.8945963319769147,-0.797124052435337
701,-0.8945963319769147,-0.797124052435337
703,-0.8945963319769147,-0.797124052435337
705,-0.8945963319769147,-0.797124052435337
707,-0.9076191564374105,-0.8178136939022828
709,-0.9076191564374105,-0.8178136939022828
711,-0.9076191564374105,-0.8178136939022828
713,-0.9076191564374105,-0.8178136939022828
715,-0.9076191564374105,-0.8178136939022828
717,-0.8752104898233708,-0.7663253478295682
719,-0.8752104898233708,-0.7663253478295682
721,-0.9044118058469888,-0.8127181069982345
723,-0.9211648409149205,-0.8393340143300192
725,-0.9211648409149205,-0.8393340143300192
727,-0.9211648409149205,-0.8393340143300192
729,-0.9211648409149205,-0.8393340143300192
731,-0.9211648409149205,-0.8393340143300192
733,-0.9211648409149205,-0.8393340143300192
735,-0.9211648409149205,-0.8393340143300192
737,-0.9211648409149205,-0.8393340143300192
739,-0.9211648409149205,-0.8393340143300192
741,-0.9211648409149205,-0.8393340143300192
743,-0.9211648409149205,-0.8393340143300192
745,-0.9211648409149205,-0.8393340143300192
747,-0.6957933267919317,-0.48128143992792566
749,-0.6957933267919317,-0.48128143992792566
751,-0.6957933267919317,-0.48128143992792566
753,-0.6957933267919317,-0.48128143992792566
755,-0.6534858761831642,-0.41406668270447317
757,-0.6957933267919317,-0.48128143992792566
759,-0.6534858761831642,-0.41406668270447317
761,-0.6534858761831642,-0.41406668270447317
763,-0.6534858761831642,-0.41406668270447317
765,-0.6534858761831642,-0.41406668270447317
767,-0.6534858761831642,-0.41406668270447317
769,-0.6790938391586799,-0.45475060455793914
771,-0.6534858761831642,-0.41406668270447317
773,-0.6790938391586799,-0.45475060455793914
775,-0.6790938391586799,-0.45475060455793914
777,-0.6790938391586799,-0.45475060455793914
779,-0.6790938391586799,-0.45475060455793914
781,-0.6833494378268475,-0.46151156574102864
783,-0.6833494378268475,-0.46151156574102864
785,-0.6833494378268475,-0.46151156574102864
787,-0.6833494378268475,-0.46151156574102864
789,-0.6833494378268475,-0.46151156574102864
791,-0.6833494378268475,-0.46151156574102864
793,-0.6833494378268475,-0.46151156574102864
795,-0.6833494378268475,-0.46151156574102864
797,-0.6833494378268475,-0.46151156574102864
799,-0.6833494378268475,-0.46151156574102864
801,-0.6833494378268475,-0.46151156574102864
803,-0.6833494378268475,-0.46151156574102864
805,-0.6833494378268475,-0.46151156574102864
807,-0.6833494378268475,-0.46151156574102864
809,-0.6833494378268475,-0.46151156574102864
811,-0.6833494378268475,-0.46151156574102864
813,-0.6833494378268475,-0.46151156574102864
815,-0.6833494378268475,-0.46151156574102864
817,-0.6833494378268475,-0.46151156574102864
819,-0.6833494378268475,-0.46151156574102864
821,-0.6833494378268475,-0.46151156574102864
823,-0.6833494378268475,-0.46151156574102864
825,-0.6833494378268475,-0.46151156574102864
827,-0.6833494378268475,-0.46151156574102864
829,-0.6833494378268475,-0.46151156574102864
831,-0.6833494378268475,-0.46151156574102864
833,-0.6833494378268475,-0.46151156574102864
835,-0.6833494378268475,-0.46151156574102864
837,-0.6833494378268475,-0.46151156574102864
839,-0.6833494378268475,-0.46151156574102864
841,-0.6833494378268475,-0.46151156574102864
843,-0.6957933267919317,-0.48128143992792566
845,-0.6957933267919317,-0.48128143992792566
847,-0.6957933267919317,-0.48128143992792566
849,-0.6957933267919317,-0.48128143992792566
851,-0.6957933267919317,-0.48128143992792566
853,-0.6957933267919317,-0.48128143992792566
855,-0.6957933267919317,-0.48128143992792566
857,-0.6957933267919317,-0.48128143992792566
859,-0.6957933267919317,-0.48128143992792566
861,-0.6957933267919317,-0.48128143992792566
863,-0.6957933267919317,-0.48128143992792566
865,-0.6957933267919317,-0.48128143992792566
867,-0.6957933267919317,-0.48128143992792566
869,-0.6957933267919317,-0.48128143992792566
871,-0.6957933267919317,-0.48128143992792566
873,-0.6957933267919317,-0.48128143992792566
875,-0.6957933267919317,-0.48128143992792566
877,-0.6957933267919317,-0.48128143992792566
879,-0.6957933267919317,-0.48128143992792566
881,-0.6957933267919317,-0.48128143992792566
883,-0.6957933267919317,-0.48128143992792566
885,-0.6957933267919317,-0.48128143992792566
887,-0.5883301420733053,-0.310552365795895
889,-0.5883301420733053,-0.310552365795895
891,-0.5883301420733053,-0.310552365795895
893,-0.5883301420733053,-0.310552365795895
895,-0.7668381905086611,-0.5941519437749163
897,-0.7668381905086611,-0.5941519437749163
899,-0.7668381905086611,-0.5941519437749163
901,-0.7668381905086611,-0.5941519437749163
903,-0.7668381905086611,-0.5941519437749163
905,-0.7668381905086611,-0.5941519437749163
907,-0.7668381905086611,-0.5941519437749163
909,-0.7668381905086611,-0.5941519437749163
911,-0.7668381905086611,-0.5941519437749163
913,-0.7660185851172053,-0.5928498190518932
915,-0.6048710221632672,-0.33683121794867876
917,-0.6048710221632672,-0.33683121794867876
919,-0.6356337512039081,-0.3857046275785425
921,-0.6356337512039081,-0.3857046275785425
923,-0.6356337512039081,-0.3857046275785425
925,-0.6356337512039081,-0.3857046275785425
927,-0.6356337512039081,-0.3857046275785425
929,-0.6356337512039081,-0.3857046275785425
931,-0.6356337512039081,-0.3857046275785425
933,-0.6356337512039081,-0.3857046275785425
935,-0.6356337512039081,-0.3857046275785425
937,-0.5068530878231357,-0.1811080163513943
939,-1.1371859036919487,-1.1825313254603953
941,-1.140331474494376,-1.1875287614857766
943,-1.1467890311681304,-1.1977880207376952
945,-1.1593332986517726,-1.2177173684371367
947,-1.1585940771130532,-1.2165429512707873
949,0.0894307631275707,0.7662209694705837
955,1.3831241540581036,-0.5809410969556986
957,1.3823705061219118,-0.558421916655685
959,1.3823598347750694,-0.5584388704540562
961,1.377770218844483,-0.4871761805158511
963,1.3778073253879575,-0.4861278774361633
965,1.3778073253879575,-0.4861278774361633
967,1.377770218844483,-0.4871761805158511
969,1.377770218844483,-0.4871761805158511
971,1.3777808738293011,-0.4871592527121784
973,1.3793186335912588,-0.48527172966663434
975,1.3793669242645958,-0.4841927036837851
977,1.3793562260030081,-0.4842097002421909
979,1.3793562260030081,-0.4842097002421909
981,1.3934949977823363,-0.40989957061232485
983,1.3938613065722527,-0.4314760539519413
985,1.3938987763279436,-0.4304174897040361
987,1.3938987763279436,-0.4304174897040361
989,1.3938613065722527,-0.4314760539519413
991,1.3938987763279436,-0.4304174897040361
993,1.3938613065722527,-0.4314760539519413
995,1.3938987763279436,-0.4304174897040361
997,1.3938987763279436,-0.4304174897040361
999,1.394091949310766,-0.4301105916292122
1001,1.394091949310766,-0.4301105916292122
1003,1.3940544795550747,-0.4311691558771174
1005,0.607101726773473,0.35640193690558836
1007,0.6118046529108262,0.3638735768653005
1009,0.6118046529108262,0.3638735768653005
1011,0.487081934667588,0.2817870501982153
1013,0.487081934667588,0.2817870501982153
1015,0.487081934667588,0.2817870501982153
1017,0.487081934667588,0.2817870501982153
1019,0.487081934667588,0.2817870501982153
1021,0.487081934667588,0.2817870501982153
1023,0.487081934667588,0.2817870501982153
1025,0.4759958169339362,0.2925211223882178
1027,0.4759958169339362,0.2925211223882178
1029,0.4759958169339362,0.2925211223882178
1031,0.47663342099606876,0.29353409768274064
1033,0.47663342099606876,0.29353409768274064
1035,0.476155101295592,0.29277418088132284
1037,0.476155101295592,0.29277418088132284
1039,0.476155101295592,0.29277418088132284
1041,0.476155101295592,0.29277418088132284
1043,0.476155101295592,0.29277418088132284
1045,0.4782328981255672,0.2960752214185542
1047,0.4779123754530321,0.2955660001511629
1049,0.4775921670184613,0.2950572781203894
1051,0.4775921670184613,0.2950572781203894
1053,0.4775921670184613,0.2950572781203894
1055,0.4775921670184613,0.2950572781203894
1057,0.4775921670184613,0.2950572781203894
1059,0.4775921670184613,0.2950572781203894
1061,0.4775921670184613,0.2950572781203894
1063,0.4775921670184613,0.2950572781203894
1065,0.4775921670184613,0.2950572781203894
1067,0.4775921670184613,0.2950572781203894
1069,0.4775921670184613,0.2950572781203894
1071,0.4775921670184613,0.2950572781203894
1073,0.47290519809262815,0.2876109897260121
1075,0.4730629819493692,0.2878616643346694
1077,0.4729840804929879,0.28773631189298476
1079,0.4729840804929879,0.28773631189298476
1081,0.4729840804929879,0.28773631189298476
1083,0.4729840804929879,0.28773631189298476
1085,0.47290519809262815,0.2876109897260121
1087,0.4729840804929879,0.28773631189298476
1089,0.4729840804929879,0.28773631189298476
1091,0.4729840804929879,0.28773631189298476
1093,0.47290519809262815,0.2876109897260121
1095,0.47322084206703907,0.2881124601007048
1097,0.47322084206703907,0.2881124601007048
1099,0.47322084206703907,0.2881124601007048
1101,0.47322084206703907,0.2881124601007048
1103,0.4650346346695604,0.2751068562440563
1105,0.4630388759322633,0.2719361513900932
1107,0.4630388759322633,0.2719361513900932
1109,0.4631154108071539,0.2720577439928355
1111,0.4630388759322633,0.2719361513900932
1113,0.4630388759322633,0.2719361513900932
1115,0.4630388759322633,0.2719361513900932
1117,0.4630388759322633,0.2719361513900932
1119,0.4630388759322633,0.2719361513900932
1121,0.4630388759322633,0.2719361513900932
1123,0.4630388759322633,0.2719361513900932
1125,0.4631154108071539,0.2720577439928355
1127,0.4631154108071539,0.2720577439928355
1129,0.4631154108071539,0.2720577439928355
1131,0.4631154108071539,0.2720577439928355
1133,0.4631154108071539,0.2720577439928355
1135,0.4631154108071539,0.2720577439928355
1137,0.4631154108071539,0.2720577439928355
1139,0.4631154108071539,0.2720577439928355
1141,0.4631154108071539,0.2720577439928355
1143,0.4631154108071539,0.2720577439928355
1145,0.45587237905160793,0.28334534393338945
1147,-1.3067902901960387,2.7823907012747813
1149,-1.3067902901960387,2.7823907012747813
1151,-1.3067902901960387,2.7823907012747813
1153,-1.3067902901960387,2.7823907012747813
1179,-1.3072293741094305,2.7874664350995007
1181,-1.2289261851111524,2.661785050423036
1183,-1.2289261851111524,2.661785050423036
1185,-1.2289454802213875,2.661860454590221
1187,-1.2289454802213875,2.661860454590221
1189,-1.2289454802213875,2.661860454590221
1191,-1.228938197101028,2.661878021193069
1193,-1.2256904029760352,2.642813971604019
1195,-1.2256904029760352,2.642813971604019
1197,-1.2256904029760352,2.642813971604019
1199,0.037589031268028365,1.9147431494903242
1201,0.037589031268028365,1.9147431494903242
1203,0.037589031268028365,1.9147431494903242
1205,0.037589031268028365,1.9147431494903242
1207,0.03708977126275936,1.9133750840279957
1209,0.03708977126275936,1.9133750840279957
1211,0.03708977126275936,1.9133750840279957
1213,0.03708977126275936,1.9133750840279957
1215,0.03707615953735572,1.9133063976110931
1217,0.03708681331632961,1.9132915185955546
1256,-1.4561194156286317,-0.3453652120626699
1258,-1.4561194156286317,-0.3453652120626699
1260,-1.45087442941453,-0.337032389594088
1262,-1.45087442941453,-0.337032389594088
1264,-1.45087442941453,-0.337032389594088
1266,-1.4393788279235353,-0.31876908012408517
1268,-1.4393788279235353,-0.31876908012408517
1270,-1.4393788279235353,-0.31876908012408517
1272,1.255744679115595,1.4803404054206015
1274,1.255744679115595,1.4803404054206015
1276,1.255744679115595,1.4803404054206015
1278,1.255744679115595,1.4803404054206015
1280,1.255744679115595,1.4803404054206015
1282,1.255744679115595,1.4803404054206015
1284,1.255744679115595,1.4803404054206015
1286,1.255744679115595,1.4803404054206015
1288,1.2558563288125923,1.4805177856968832
1290,1.2558563288125923,1.4805177856968832
1292,1.2558563288125923,1.4805177856968832
1294,1.2558563288125923,1.4805177856968832
1296,1.255676467529201,1.4802320362054082
1298,1.2558563288125923,1.4805177856968832
1300,1.255676467529201,1.4802320362054082
1302,-0.9608908157028675,-0.7001517042561992
1304,0.3270875282957053,1.7006615403442373
1306,0.3270875282957053,1.7006615403442373
1308,0.3270875282957053,1.7006615403442373
1310,0.3270875282957053,1.7006615403442373
1312,0.3270875282957053,1.7006615403442373
1314,0.3270875282957053,1.7006615403442373
1316,0.3270875282957053,1.7006615403442373
1318,0.3270875282957053,1.7006615403442373
1320,0.3270875282957053,1.7006615403442373
1322,0.3270875282957053,1.7006615403442373
1324,0.3270875282957053,1.7006615403442373
1326,0.3270875282957053,1.7006615403442373
1328,0.3270875282957053,1.7006615403442373
1330,0.3270875282957053,1.7006615403442373
1332,0.3270875282957053,1.7006615403442373
1334,0.3270875282957053,1.7006615403442373
1336,0.3270875282957053,1.7006615403442373
1338,0.3270875282957053,1.7006615403442373
1340,0.3270875282957053,1.7006615403442373
1342,0.15525890644967213,1.4276737111265594
1344,0.3270875282957053,1.7006615403442373
1346,0.15525890644967213,1.4276737111265594
1348,0.15525890644967213,1.4276737111265594
1350,0.15525890644967213,1.4276737111265594
1352,0.15525890644967213,1.4276737111265594
1354,0.4371786808040612,1.3186955696948444
1356,0.4371786808040612,1.3186955696948444
1358,0.4371786808040612,1.3186955696948444
1360,0.4371786808040612,1.3186955696948444
1362,0.4371786808040612,1.3186955696948444
1364,0.4371786808040612,1.3186955696948444
1366,0.4371786808040612,1.3186955696948444
1368,0.4371786808040612,1.3186955696948444
1370,0.4371786808040612,1.3186955696948444
1372,0.22754112891882958,0.9856398796891528
1374,0.22754112891882958,0.9856398796891528
1376,0.4371786808040612,1.3186955696948444
1378,0.22754112891882958,0.9856398796891528
1380,0.22754112891882958,0.9856398796891528
1382,0.22754112891882958,0.9856398796891528
1384,0.22754112891882958,0.9856398796891528
1386,0.22754112891882958,0.9856398796891528
1388,0.22754112891882958,0.9856398796891528
1390,0.22754112891882958,0.9856398796891528
1392,0.22754112891882958,0.9856398796891528
1394,0.22754112891882958,0.9856398796891528
1396,0.22754112891882958,0.9856398796891528
1398,0.22754112891882958,0.9856398796891528
1400,0.22754112891882958,0.9856398796891528
1402,0.22754112891882958,0.9856398796891528
1404,0.22754112891882958,0.9856398796891528
1406,-0.8815189202482603,-0.47432973554751484
1434,-0.02502196089009785,0.7659228288349571
1436,-0.02502196089009785,0.7659228288349571
1438,-0.02502196089009785,0.7659228288349571
1440,-0.02502196089009785,0.7659228288349571
1442,-0.02502196089009785,0.7659228288349571
1444,-0.02502196089009785,0.7659228288349571
1446,-0.02502196089009785,0.7659228288349571
1448,-0.02502196089009785,0.7659228288349571
1450,-0.02502196089009785,0.7659228288349571
1452,-0.02502196089009785,0.7659228288349571
1454,-0.02502196089009785,0.7659228288349571
1456,-0.02502196089009785,0.7659228288349571
1458,-0.02502196089009785,0.7659228288349571
1460,-0.02502196089009785,0.7659228288349571
1462,-0.02502196089009785,0.7659228288349571
1464,-0.02502196089009785,0.7659228288349571
1466,-0.3890638821525851,0.05161064729444224
1468,-0.3864751295476866,0.055723454266879864
1470,-0.38791585785251076,0.05343453820504512
1472,-0.3887772541595503,0.05206601935510894
1474,0.8700288078308784,0.32421004289000205
1476,0.8700288078308784,0.32421004289000205
1478,0.8700288078308784,0.32421004289000205
1480,0.8700288078308784,0.32421004289000205
1482,0.8700288078308784,0.32421004289000205
1484,0.8700288078308784,0.32421004289000205
1486,0.8700288078308784,0.32421004289000205
1488,0.8700288078308784,0.32421004289000205
1490,0.8700288078308784,0.32421004289000205
1492,0.8700731754974688,0.32428053075668944
1494,0.8700288078308784,0.32421004289000205
1496,0.8700288078308784,0.32421004289000205
1498,0.8700288078308784,0.32421004289000205
1500,0.8700288078308784,0.32421004289000205
1502,0.8700288078308784,0.32421004289000205
1504,0.8700288078308784,0.32421004289000205
1506,0.8700288078308784,0.32421004289000205
1508,0.8709617968512312,0.3256923026242281
1510,0.8709617968512312,0.3256923026242281
1512,0.8709617968512312,0.3256923026242281
1514,0.8709617968512312,0.3256923026242281
1516,0.870917308316517,0.3256216227317498
1518,0.870917308316517,0.3256216227317498
1520,0.8709617968512312,0.3256923026242281
1522,0.8709617968512312,0.3256923026242281
1524,0.8709617968512312,0.3256923026242281
1526,0.8709617968512312,0.3256923026242281
1528,0.8709617968512312,0.3256923026242281
1530,0.8734241730855422,0.26934061271785154
1532,0.8709617968512312,0.3256923026242281
1534,0.8709617968512312,0.3256923026242281
1536,0.8734241730855422,0.26934061271785154
1538,0.8734241730855422,0.26934061271785154
1540,0.7565321713058603,0.484759358858568
1542,0.7550771537536857,0.4792995928762388
1544,0.7550771537536857,0.4792995928762388
1546,0.756366334761567,0.47610163401138217
1548,0.7567511145989955,0.4622956175840874
1550,0.757545620908625,0.46022484928149554
1552,0.757545620908625,0.46022484928149554
1554,0.7614402606832505,0.3963257758884524
1556,0.7614402606832505,0.3963257758884524
1558,0.7614402606832505,0.3963257758884524
1560,0.7620850074986746,0.39665755059233876
1562,0.7619935656241547,0.3986639820113253
1564,0.7624362518649804,0.3818762273301083
1566,0.7636995537329293,0.38007922309004516
1568,0.7460589684631622,0.38449859327540714
1570,0.7622651787391196,0.3883510323954741
1572,0.747360083351651,0.3864378871222284
1574,0.7669451364839119,0.3767322315232057
1576,0.7478923422889154,0.3827746465638124
1578,0.7478179182342308,0.3871439056687011
1580,0.7534156362835249,0.3705875805727934
1582,0.7499080727089501,0.38134643138316987
1584,0.7567207764943525,0.37712605077799755
1586,0.7517334791511717,0.37270524426328805
1588,0.7559068449461023,0.3776082647179662
1590,0.7531712235942984,0.3699793663368014
1592,0.7444802850902982,0.3071372087714854
1594,0.7535428496449001,0.3708102522347895
1596,0.7444802850902982,0.3071372087714854
1598,0.7417762703864026,0.37559588396322174
1600,0.7445008565397854,0.3843307703482462
1602,0.7500002654974159,0.3911275267346512
1604,-0.5732198179520849,0.2610017387109931
1606,-0.5732198179520849,0.2610017387109931
1608,-0.5399313975420816,-0.20970962861140524
1610,-0.5240892230768334,0.06387777226211362
1612,-0.5244162921464716,0.08032150330974869
1614,-0.5244162921464716,0.08032150330974869
1616,-0.5243952710737434,0.08303626102270614
1618,-0.5243952710737434,0.08303626102270614
1620,-0.5243952710737434,0.08303626102270614
1622,-0.5243952710737434,0.08303626102270614
1624,-0.5275346446725956,0.1103179684912942
1626,-0.5732198179520849,0.2610017387109931
1628,-0.5732198179520849,0.2610017387109931
1630,-0.5732198179520849,0.2610017387109931
1632,-0.5732198179520849,0.2610017387109931
1634,-0.5732198179520849,0.2610017387109931
1636,-0.5732198179520849,0.2610017387109931
1638,-0.5409259343300317,0.11618424851477771
1640,-0.5732198179520849,0.2610017387109931
1642,-0.5732198179520849,0.2610017387109931
1644,-0.5732198179520849,0.2610017387109931
1646,-0.5876460860939674,0.3162654422296868
1648,-0.5732198179520849,0.2610017387109931
1650,-0.5409259343300317,0.11618424851477771
1652,-0.5876460860939674,0.3162654422296868
1654,-0.5876460860939674,0.3162654422296868
1656,1.3062789903790255,1.103518649319738
1658,1.3022105587604331,1.1082582354450075
1660,1.30222314061481,1.1082241933769568
1662,1.3000598440524866,1.1134193368098706
1664,1.3022105587604331,1.1082582354450075
1666,1.3022105587604331,1.1082582354450075
1668,1.3022105587604331,1.1082582354450075
1670,1.302132961405851,1.1079526071671093
1672,1.3021803734582629,1.1080279317150674
1674,1.3020349883707558,1.1068858727870532
1676,1.3020085359058382,1.1077149523243983
1678,1.301909520858399,1.1066608631889647
1680,1.3019019914629508,1.1066270525223667
1682,1.315592568398085,1.096641244979998
1684,1.315592568398085,1.096641244979998
1686,1.315592568398085,1.096641244979998
1688,1.3171559914738302,1.098580376940893
1690,1.317152571003972,1.0984837446827929
1692,1.3171559914738302,1.098580376940893
1694,1.3171559914738302,1.098580376940893
1696,1.3171559914738302,1.098580376940893
1749,0.8211414764856838,0.025259984257520195
1751,0.5882717164725388,0.8540676708338973
1753,0.5895687183141014,0.8562158538549718
1755,0.5895541292542615,0.8561926759016535
1757,0.5895541292542615,0.8561926759016535
1759,0.5895541292542615,0.8561926759016535
1761,0.5893013557037787,0.8557910891224032
1763,0.5893013557037787,0.8557910891224032
1765,0.504127974665149,1.497437992195179
1767,0.504127974665149,1.497437992195179
1769,0.5893013557037787,0.8557910891224032
1771,0.5888218574125104,0.8548601207642774
1773,0.5888461194094985,0.8548986663210023
1775,0.5888218574125104,0.8548601207642774
1777,0.5888218574125104,0.8548601207642774
1779,0.5888218574125104,0.8548601207642774
1781,0.5888218574125104,0.8548601207642774
1783,0.5888218574125104,0.8548601207642774
1785,0.5888218574125104,0.8548601207642774
1787,0.5888218574125104,0.8548601207642774
1789,0.5888218574125104,0.8548601207642774
1791,0.5888218574125104,0.8548601207642774
1793,0.5888218574125104,0.8548601207642774
1795,0.5888218574125104,0.8548601207642774
1797,0.5888218574125104,0.8548601207642774
1799,0.5888218574125104,0.8548601207642774
1801,0.5888218574125104,0.8548601207642774
1803,0.5888218574125104,0.8548601207642774
1805,0.5888218574125104,0.8548601207642774
1807,0.5866165092564449,0.8716984932045061
1809,0.5823649435679638,0.8664383054213122
1811,0.48794678884887216,0.8920079758706965
1813,0.48794678884887216,0.8920079758706965
1815,0.48794678884887216,0.8920079758706965
1817,0.48782660439485076,0.8941428958511289
1819,0.48782660439485076,0.8941428958511289
1821,0.48782660439485076,0.8941428958511289
1823,0.5088452539049629,0.7375478566921989
1825,0.5088452539049629,0.7375478566921989
1827,0.4727183626686633,0.5960686944305484
1829,0.5920385281689302,0.8189842742760935
1831,0.5921058990083252,0.8208841282458603
1833,0.593654855533888,0.8215075974114204
1835,0.5972952139067531,0.7860133450488906
1837,0.5935024557664845,0.8283649379728917
1839,0.6001888181649242,0.7174425123832726
1841,0.6018258469366151,0.7604304217948165
1843,0.6018258469366151,0.7604304217948165
1845,0.608327989734978,0.7139623236683847
1847,0.6093810169890281,0.7570900930069402
1849,0.6093810169890281,0.7570900930069402
1851,0.6133892833148076,0.7508614102604072
1853,0.6163149607562383,0.653155647021279
1855,0.6158796384861056,0.6524640411627383
1857,0.6135065953911171,0.6944280750294485
1859,0.6275369552544396,0.6666582708809916
1861,0.613409935852944,0.6942745099410754
1863,0.6451795920828324,0.7574800506122579
1865,0.6450845624090811,0.7572973001810067
1867,0.6502325610653965,0.7520435348693744
1869,0.607984244874909,0.7240531825640174
1871,0.6211408738172791,0.7084243952107256
1873,0.6217215000411386,0.7076653794308377
1875,0.6184164285015968,0.703707644794777
1877,0.6181374314085204,0.7032643961090884
1879,0.6181880933880297,0.7021527633044322
1881,0.6224719246012974,0.7026518231444676
1883,0.6224719246012974,0.7026518231444676
1885,0.6225546423399099,0.7120900362415055
1887,0.6241273434471009,0.7098780901228466
1889,0.6232546847717174,0.7091982847747932
1891,0.6232546847717174,0.7091982847747932
1893,0.6139254405784885,0.9003326461880146
1895,0.6139254405784885,0.9003326461880146
1897,-0.6490949263284268,-0.06719262109465611
1899,-0.6041503732790927,-0.29780619392762464
1901,-0.6041503732790927,-0.29780619392762464
1903,-0.6634538353664186,-0.0900049288819343
1905,-0.7780572283206922,0.029940145960574215
1907,-0.7780572283206922,0.029940145960574215
1909,-0.7865191673453968,0.01649648133410491
1911,-1.164271282309162,-0.5836464328001136
1913,-1.3711698801881287,-1.4760836780080409
1915,-1.3711698801881287,-1.4760836780080409
1917,-1.3711698801881287,-1.4760836780080409
1919,-1.3711698801881287,-1.4760836780080409
1921,-1.3711698801881287,-1.4760836780080409
1923,-1.3711698801881287,-1.4760836780080409
1925,-1.4287973098342646,-1.2277395505247506
1927,-1.4287973098342646,-1.2277395505247506
1929,-1.4287973098342646,-1.2277395505247506
1931,-1.4287973098342646,-1.2277395505247506
1933,-1.4287973098342646,-1.2277395505247506
1935,-1.4253652721907244,-1.2222869984642266
1937,-1.4253652721907244,-1.2222869984642266
1939,-1.4253652721907244,-1.2222869984642266
1941,-1.4253652721907244,-1.2222869984642266
1943,-1.4253652721907244,-1.2222869984642266
1945,-1.4253652721907244,-1.2222869984642266
1947,-1.4253652721907244,-1.2222869984642266
1949,-1.4253652721907244,-1.2222869984642266
1951,-1.4253652721907244,-1.2222869984642266
1953,-1.4253652721907244,-1.2222869984642266
1955,-1.4253652721907244,-1.2222869984642266
1957,-1.4253652721907244,-1.2222869984642266
1959,-1.4253652721907244,-1.2222869984642266
1961,-1.4253652721907244,-1.2222869984642266
1963,-1.4253652721907244,-1.2222869984642266
1965,-1.4253652721907244,-1.2222869984642266
1967,-1.4253652721907244,-1.2222869984642266
1969,-1.4253652721907244,-1.2222869984642266
1971,-1.4253652721907244,-1.2222869984642266
1973,-1.4253652721907244,-1.2222869984642266
1975,-1.4253652721907244,-1.2222869984642266
1977,-1.4253652721907244,-1.2222869984642266
1979,-1.4253652721907244,-1.2222869984642266
1981,-1.4253652721907244,-1.2222869984642266
1983,-1.4253652721907244,-1.2222869984642266
1985,-1.4253652721907244,-1.2222869984642266
1987,-1.4253652721907244,-1.2222869984642266
1989,-1.4253652721907244,-1.2222869984642266
1991,-1.4253652721907244,-1.2222869984642266
1993,-1.4253652721907244,-1.2222869984642266
1995,-1.4253652721907244,-1.2222869984642266
1997,-1.4253652721907244,-1.2222869984642266
1999,-1.4253652721907244,-1.2222869984642266
2001,-1.4253652721907244,-1.2222869984642266
2003,-1.4253652721907244,-1.2222869984642266
2005,-1.4253652721907244,-1.2222869984642266
2007,-1.4253652721907244,-1.2222869984642266
2009,-1.4253652721907244,-1.2222869984642266
2011,-1.4253652721907244,-1.2222869984642266
2013,-1.4253652721907244,-1.2222869984642266
2015,-1.4253652721907244,-1.2222869984642266
2017,-1.4253652721907244,-1.2222869984642266
2019,-1.4253652721907244,-1.2222869984642266
2021,-1.4253652721907244,-1.2222869984642266
2023,-1.4253652721907244,-1.2222869984642266
2025,-1.4253652721907244,-1.2222869984642266
2027,-1.4253652721907244,-1.2222869984642266
2029,-1.4253652721907244,-1.2222869984642266
2031,-1.4253652721907244,-1.2222869984642266
2033,-1.4253652721907244,-1.2222869984642266
2035,-1.4253652721907244,-1.2222869984642266
2037,-1.4253652721907244,-1.2222869984642266
2039,-1.4253652721907244,-1.2222869984642266
2041,-1.4253652721907244,-1.2222869984642266
2043,-1.4253652721907244,-1.2222869984642266
2045,-1.4253652721907244,-1.2222869984642266
2047,-1.4253652721907244,-1.2222869984642266
2049,-1.4253652721907244,-1.2222869984642266
2051,-1.4326431561801007,-1.057180353230849
2053,-1.4326431561801007,-1.057180353230849
2055,-1.4326431561801007,-1.057180353230849
2057,-1.4326431561801007,-1.057180353230849
2059,-1.4326431561801007,-1.057180353230849
2061,-1.4326431561801007,-1.057180353230849
2063,-1.4326431561801007,-1.057180353230849
2065,-1.4326431561801007,-1.057180353230849
2067,-1.4326431561801007,-1.057180353230849
2069,-1.4326431561801007,-1.057180353230849
2071,-1.4326431561801007,-1.057180353230849
2073,-1.4326431561801007,-1.057180353230849
2075,-1.4326431561801007,-1.057180353230849
2077,-1.4326431561801007,-1.057180353230849
2079,-1.438460401429798,-1.0664223359440936
2081,-1.4399268046882057,-1.0687520423572032
2083,0.7627023658135789,0.44946527909425427
2085,0.7688126859579134,0.4294328297769468
2087,0.7668645698735055,0.42957822279450647
2089,0.7679373740446529,0.4222258193691449
2091,0.7671525338282165,0.4201846627100409
2093,0.7708027151358887,0.4179600197005117
2095,0.7698410288849736,0.4181400350886394
2097,0.7709892465106727,0.44058729789265977
2099,0.7709892465106727,0.44058729789265977
2101,0.8332268763722699,-0.3092534575408619
2103,0.8332268763722699,-0.3092534575408619
2105,0.8332268763722699,-0.3092534575408619
2107,0.8332268763722699,-0.3092534575408619
2109,0.8332268763722699,-0.3092534575408619
2111,0.8332268763722699,-0.3092534575408619
2113,0.4371786808040612,1.3186955696948444
2115,0.13790660349263378,0.8432355802414186
2117,-1.2625153545143377,-1.3816449210271715
2163,0.15062409696660153,0.22283413520297227
2165,0.15062409696660153,0.22283413520297227
2167,0.1680482691392821,0.15189673417954355
2169,0.16801521285899446,0.15184421695569203
2171,0.207606115343314,0.12802698518324948
2173,0.2128555278506756,0.23082656799939022
2175,0.2128555278506756,0.23082656799939022
2177,0.2128555278506756,0.23082656799939022
2179,0.2128555278506756,0.23082656799939022
2181,0.21791572468522816,0.22781219601876626
2183,-0.38767472178277784,0.5564040221460763
2185,-0.24414119978717227,0.9675421880988355
2187,-0.24763550753435018,0.9625148682390561
2189,-0.20207879828304354,0.921080996866987
2191,-0.20226131439681905,0.9207910295893502
2193,1.18762714820046,1.2578654433904277
2195,1.1876167108691196,1.2579170224728191
2197,1.1875583680747832,1.2584746152291741
2199,1.1876132317217976,1.257877257658535
2201,1.1875917782961865,1.2578770886771136
2203,1.187672038993686,1.257620824488323
2205,1.1876418912999203,1.2575729281984689
2207,1.1915981781289884,1.2582493341375856
2209,1.1918868533953693,1.2658767462436509
2211,1.1918691252604194,1.2659518653276052
2213,1.1918530829974807,1.2659930716484409
2215,1.1918897843775376,1.2659854609161698
2217,1.1919037658098075,1.2659044257623178
2219,1.198326946782433,1.2418050164692878
2221,1.198392760413262,1.2412626816942343
2223,1.1992873152401347,1.2377652440874451
2225,1.1993116971771542,1.2377117118576506
2227,1.1993116971771542,1.2377117118576506
2229,1.1993116971771542,1.2377117118576506
2231,1.1992703229398842,1.2375570911224028
2233,1.1992703229398842,1.2375570911224028
2235,1.1991208092260726,1.2374311548995882
2237,1.1992178409419023,1.2373105497993364
2239,1.1992617337039773,1.2372898525373743
2241,1.1993274373257412,1.2373662240269603
2243,1.199342307222875,1.2374559896894397
2245,1.199380750216173,1.2370324345703954
2247,1.1993821967476803,1.2370313744001866
2249,1.199380750216173,1.2370324345703954
2251,1.1970087307136037,1.2464079475171548
2253,1.1970119289930397,1.2466194692197552
2255,1.1970064847445705,1.2463435010846657
2257,1.1968787238581495,1.247369135979683
2259,1.197422080682987,1.247302876571574
2261,1.1976856371278308,1.2451206551794072
2263,1.1977365176270212,1.245340192830749
2265,1.1977935027222475,1.245083031302358
2267,1.197727509217484,1.2451686549542045
2269,1.1209640085886194,1.1243586815084479
2271,1.1201753457405708,1.1254816059651833
2273,1.119796188917375,1.1246643518323165
2275,1.1198035624231786,1.1248726619608878
2277,1.1204080473600957,1.1250163764507493
2279,1.1204080473600957,1.1250163764507493
2281,1.1204232185585947,1.1249843564870088
2283,1.1198035624231786,1.1248726619608878
2285,1.119796188917375,1.1246643518323165
2287,1.1198035624231786,1.1248726619608878
2289,1.1196562007986506,1.1237953560417873
2291,1.1196562007986506,1.1237953560417873
2293,1.119648827292847,1.123587045913216
2295,1.119648827292847,1.123587045913216
2297,1.119648827292847,1.123587045913216
2299,1.1196562007986506,1.1237953560417873
2301,1.1196562007986506,1.1237953560417873
2303,1.1196766622709529,1.123755664323604
2305,1.1435567262204367,1.346555057481249
2307,1.1435567262204367,1.346555057481249
2309,1.142271508519091,1.353370262937176
2311,1.1421640729777762,1.353868989190339
2313,0.7529444376860249,0.9706636588827362
2315,0.7529444376860249,0.9706636588827362
2317,-0.2998189680208698,0.866674607416142
2319,-0.31848762486815635,0.8370153105399963
2321,-0.3220966403416037,0.8312815899925999
2395,0.9467435792381856,-0.789861385817209
2397,0.9467435792381856,-0.789861385817209
2399,0.9467435792381856,-0.789861385817209
2437,0.9550890562822807,-0.7499243135465556
2439,0.9550890562822807,-0.7499243135465556
2441,0.9550890562822807,-0.7499243135465556
2443,0.9550890562822807,-0.7499243135465556
2445,0.9550890562822807,-0.7499243135465556
2447,0.9550890562822807,-0.7499243135465556
2449,0.9550890562822807,-0.7499243135465556
2451,0.9550890562822807,-0.7499243135465556
2453,0.9550890562822807,-0.7499243135465556
2455,0.9550890562822807,-0.7499243135465556
2457,1.005105524867603,-0.6704620735684221
2459,0.9550890562822807,-0.7499243135465556
2461,1.005105524867603,-0.6704620735684221
2463,1.005105524867603,-0.6704620735684221
2465,1.005105524867603,-0.6704620735684221
2467,1.1985628342253314,-0.8328336488332841
2469,1.2288522236442063,-1.3064577851995272
2471,1.2288522236442063,-1.3064577851995272
2473,1.2397734738222537,-1.3543269116791097
2475,1.2397734738222537,-1.3543269116791097
2477,1.2397734738222537,-1.3543269116791097
2479,1.24985408656151,-1.4098762586031777
2481,0.695547200791717,0.6377307963578743
2483,0.6948496452023176,0.6738606007837851
2485,0.6948496452023176,0.6738606007837851
2487,0.6948496452023176,0.6738606007837851
2489,0.6951283928466102,0.6743034531648221
2491,0.6986123028792807,0.6715705532938829
2493,0.6912405830270133,0.6672861522831014
2495,0.6912405830270133,0.6672861522831014
2497,0.7504765544968509,0.5985258848595459
2499,0.7504765544968509,0.5985258848595459
2501,0.7485628890898225,0.6021719313683795
2503,0.7457721400542691,0.5974803574035318
2505,0.7457721400542691,0.5974803574035318
2507,0.7457721400542691,0.5974803574035318
2509,0.7457721400542691,0.5974803574035318
2511,0.7436960118114222,0.5927441976172523
2513,0.7473898536941135,0.5929563835985755
2515,0.7473898536941135,0.5929563835985755
2517,0.7473898536941135,0.5929563835985755
2519,0.7769185108748232,0.5305142577801621
2521,0.7769156523242547,0.5304335003965933
2523,0.8035451505580476,0.11444449284574816
2525,0.7298151684878668,0.5909330129113022
2527,0.7298151684878668,0.5909330129113022
2529,0.7714147610825917,-0.39048600872576245
2531,0.7714147610825917,-0.39048600872576245
2533,0.8108896233745301,-0.4496282069464719
2539,0.8118423682819138,0.25335803813859253
2541,0.6038685471378656,-0.6205587146092779
2543,0.6020873412779822,-0.62465126957191
2545,0.6019576730791899,-0.6248572762297444
2547,0.6900083784612319,-0.9154961516383066
2549,0.876086470707591,-1.2289879017432033
2551,0.876086470707591,-1.2289879017432033
2553,0.876086470707591,-1.2289879017432033
2555,0.876086470707591,-1.2289879017432033
2557,0.8907992547811397,-1.2590210813222722
2559,0.8907992547811397,-1.2590210813222722
2561,0.1700169124777461,0.41641383787261854
2563,0.17033466392823582,0.42063127809543593
2565,0.17023582519580643,0.42259837717577
2567,0.17023582519580643,0.42259837717577
2569,0.17009834128023543,0.41657884505344767
2571,0.17009834128023543,0.41657884505344767
2573,0.17033466392823582,0.42063127809543593
2575,0.17009834128023543,0.41657884505344767
2577,0.16869044738252414,0.4209008231721007
2579,0.17009834128023543,0.41657884505344767
2581,0.16869044738252414,0.4209008231721007
2583,0.16869044738252414,0.4209008231721007
2585,0.1685837403049291,0.42073129534162634
2587,0.16774928521344062,0.42082981724013735
2589,0.16790873718601906,0.41965890336078726
2591,0.16790873718601906,0.41965890336078726
2593,0.16739481092522612,0.42026665631029025
2595,1.2603039309196378,1.7273194131088254
2597,0.8769852917361239,1.3110267702308303
2599,0.8628227711686216,1.3113107359818814
2601,0.8628227711686216,1.3113107359818814
2603,-1.1800932412040785,1.1570878478681277
2605,0.7832776035894963,1.4980074572034818
2607,0.7942428801507347,1.492483175699135
2609,0.7831182938890947,1.4982435204290072
2611,0.7947083908601326,1.4914171742328017
2613,0.7948843562353248,1.4910794420566547
2615,0.7947413293715268,1.491338889937173
2617,0.7948967272774848,1.4911125878049822
2619,0.794743392083513,1.4913417456044071
2667,1.0850848535901827,0.6286363092241152
2685,1.0724430230689304,0.6088215807867905
2687,1.0756179725782216,0.6138656913959869
2689,1.0724430230689304,0.6088215807867905
2691,1.072504981255041,0.6089200150903828
2693,1.072504981255041,0.6089200150903828
2695,1.0724430230689304,0.6088215807867905
2697,1.072504981255041,0.6089200150903828
2699,1.072504981255041,0.6089200150903828
2701,1.0735600726829269,0.610596261547058
2703,0.412130474372925,0.9246750555537255
2705,0.40756999512659875,0.9159744784239499
2707,0.40756999512659875,0.9159744784239499
2709,0.4075575789939592,0.9159547526468355
2711,0.4075575789939592,0.9159547526468355
2713,0.4083073110486879,0.906802461380716
2715,0.4083073110486879,0.906802461380716
2717,0.4083073110486879,0.906802461380716
2719,0.4083073110486879,0.906802461380716
2721,0.408009284191631,0.9063289796994775
2723,0.4517862753152793,0.8839863402639789
2725,0.4517862753152793,0.8839863402639789
2727,0.45165586975473226,0.8837791621436564
2729,0.45165586975473226,0.8837791621436564
2731,0.4508115575246287,0.880513158638227
2733,0.4508115575246287,0.880513158638227
2735,0.4508115575246287,0.880513158638227
2737,0.4508115575246287,0.880513158638227
2739,0.4508115575246287,0.880513158638227
2741,0.4508115575246287,0.880513158638227
2743,0.45076410373396686,0.880437767779814
2745,0.45076410373396686,0.880437767779814
2747,0.45034917690011667,0.8797785645897989
2749,0.45076410373396686,0.880437767779814
2751,0.45076410373396686,0.880437767779814
2753,0.449404808007147,0.8777032023831053
2755,0.44250334360554894,0.8834581501251464
2757,0.44250334360554894,0.8834581501251464
2759,0.4294103744201798,0.9634942692102794
2761,0.4294214413435892,0.963511851469656
2763,0.4293242963533626,0.9633801061577619
2765,0.43119358794590557,0.9640947665316629
2767,0.43119358794590557,0.9640947665316629
2769,0.4309520187065787,0.9637109802826603
2771,0.43094104253071336,0.9636935421958586
2773,0.43094104253071336,0.9636935421958586
2775,0.43094104253071336,0.9636935421958586
2777,0.4310886013334189,0.9622496194459611
2779,0.3936490416403012,0.9086086058597517
2781,0.3936490416403012,0.9086086058597517
2783,0.3936490416403012,0.9086086058597517
2785,0.3933401516046517,0.908117865612911
2787,0.3936490416403012,0.9086086058597517
2789,0.3934173467307736,0.9082405071709929
2791,0.3934173467307736,0.9082405071709929
2793,0.3933401516046517,0.908117865612911
2795,0.3933401516046517,0.908117865612911
2797,1.100206652872996,0.21969611226485022
2799,1.0942736897069152,0.21828678785213762
2801,1.0942736897069152,0.21828678785213762
2803,1.094029417278875,0.21789870698905378
2805,1.0939887229632104,0.21783405505403208
2807,1.0936633508403169,0.21731712936049752
2809,1.0948443701740276,0.21919344019108095
2811,1.0946200553431134,0.2188370663920321
2813,1.0946200553431134,0.2188370663920321
2815,1.0946200553431134,0.2188370663920321
2817,1.0946200553431134,0.2188370663920321
2819,1.0942126044705343,0.21818974042256895
2821,1.0940904682607848,0.21799569999780963
2823,1.0946641029348205,0.21089054390436693
2825,1.0942126044705343,0.21818974042256895
2827,1.0946641029348205,0.21089054390436693
2829,1.100206652872996,0.21969611226485022
2831,1.101038582200213,0.1950115686382202
2833,1.100206652872996,0.21969611226485022
2835,1.100206652872996,0.21969611226485022
2837,1.100206652872996,0.21969611226485022
2839,1.1007555971771033,0.22019600731443778
2841,1.1007555971771033,0.22019600731443778
2843,1.1007555971771033,0.22019600731443778
2845,1.1007555971771033,0.22019600731443778
2847,1.1007555971771033,0.22019600731443778
2849,1.1019674270117428,0.1964872443787079
2851,1.1019674270117428,0.1964872443787079
2853,1.1023226050694825,0.19648008751608578
2855,1.1019674270117428,0.1964872443787079
2857,1.101038582200213,0.1950115686382202
2859,1.1010798081487814,0.19507706518987927
2861,1.1014098032029722,0.1956013354338489
2863,1.1015129950704705,0.1957652785743949
2865,1.1015129950704705,0.1957652785743949
2867,1.1014510760376903,0.19566690647454119
2869,1.1014304389683938,0.1956341199184493
2871,1.1014304389683938,0.1956341199184493
2873,1.1014098032029722,0.1956013354338489
2875,1.1014304389683938,0.1956341199184493
2877,1.1014304389683938,0.1956341199184493
2879,1.1014304389683938,0.1956341199184493
2881,1.1014098032029722,0.1956013354338489
2883,-0.28105559635366967,0.24430875684255732
2885,-0.28105559635366967,0.24430875684255732
2887,-0.28105559635366967,0.24430875684255732
2889,-0.28105559635366967,0.24430875684255732
2891,-0.28105559635366967,0.24430875684255732
2893,0.015804337940602885,-0.06751222619082475
2895,-0.008102059786055316,-0.06635708208838388
2897,-0.02929112778100634,-0.10252052901265411
2899,0.5552003277149541,-0.10903006362354062
2901,0.5552003277149541,-0.10903006362354062
2903,0.5552003277149541,-0.10903006362354062
2905,0.6334735949628575,-0.1622514024542995
2907,0.5552003277149541,-0.10903006362354062
2909,0.5547902679283833,-0.10968153443080615
2911,0.6332422268729138,-0.16261898191775162
2913,0.6334431424275128,-0.16229978305252937
2915,0.6332422268729138,-0.16261898191775162
2917,0.6436386468367525,-0.1641378015036877
2919,0.645914809311563,-0.16841500803313791
2921,0.6332422268729138,-0.16261898191775162
2923,0.6427531475597961,-0.16404570496583337
2925,0.6436386468367525,-0.1641378015036877
2927,0.6457042880033198,-0.16551122379923996
2929,0.6456982945071482,-0.16552074579558507
2931,0.6456982945071482,-0.16552074579558507
2933,0.6456982945071482,-0.16552074579558507
2935,0.6457042880033198,-0.16551122379923996
2937,0.6456982945071482,-0.16552074579558507
2939,0.645914809311563,-0.16841500803313791
2941,0.645914809311563,-0.16841500803313791
2943,0.645914809311563,-0.16841500803313791
2945,0.645914809311563,-0.16841500803313791
2947,0.6436168572808145,-0.16321249036169244
2949,0.645914809311563,-0.16841500803313791
2951,0.6436168572808145,-0.16321249036169244
2953,-0.9707825309040062,-0.9181627061707365
2955,-0.970343830264374,-0.9174657330238715
2957,-0.9627943251362058,-0.905471671764083
2959,-0.9707825309040062,-0.9181627061707365
2961,-0.9627943251362058,-0.905471671764083
2963,-0.9707825309040062,-0.9181627061707365
2965,-0.9707825309040062,-0.9181627061707365
2967,-0.9707825309040062,-0.9181627061707365
2969,-0.9707825309040062,-0.9181627061707365
2971,-0.9707825309040062,-0.9181627061707365
3001,-0.5679921723974234,0.192525840770556
3003,-0.5679921723974234,0.192525840770556
3005,-0.5679921723974234,0.192525840770556
3007,-0.5679921723974234,0.192525840770556
3009,-0.5671964654913542,0.18509148901627484
3011,-0.5679921723974234,0.192525840770556
3013,-0.5679921723974234,0.192525840770556
3015,-0.5679921723974234,0.192525840770556
3017,-0.5679921723974234,0.192525840770556
3019,-0.5679921723974234,0.192525840770556
3021,-0.5679921723974234,0.192525840770556
3023,-0.5679921723974234,0.192525840770556
3025,-0.5679921723974234,0.192525840770556
3027,-0.5679921723974234,0.192525840770556
3029,-0.5679921723974234,0.192525840770556
3031,-0.5679921723974234,0.192525840770556
3033,-0.5679921723974234,0.192525840770556
3035,0.9076497206259468,-0.1208912669723051
3037,0.9095111661658569,-0.12317148643453442
3039,0.9166699827891761,-0.15294526751279275
3041,0.9166699827891761,-0.15294526751279275
3043,0.9167461949551068,-0.1529939936920211
3045,0.915857512115701,-0.1550978757291157
3047,0.915819276115773,-0.1551559234385399
3049,0.915795711402141,-0.155439476988735
3051,0.9159160270464626,-0.15526181749934956
3053,0.9160816899124636,-0.1554275112102059
3055,0.9174515962959716,-0.15345684347817595
3057,0.9185134273234117,-0.15571958642137296
3059,0.9185134273234117,-0.15571958642137296
3061,0.9186779180184305,-0.15512119753020231
3063,0.9186989321781353,-0.1550878118824627
3065,0.9186770641708097,-0.15657591512858124
3067,0.9186400288712624,-0.1562103665767844
3069,0.9185980230738179,-0.15627710209113468
3071,0.9164157153104772,-0.15489303567053922
3073,0.916467660282319,-0.15489963397957518
3075,0.9164071302713913,-0.15482553971269414
3077,0.9190022539813021,-0.15346618498524706
3079,0.9188231816924486,-0.15341325763679253
3081,0.9192074332930029,-0.1533104343063855
3083,0.9192166478248163,-0.15321551425960936
3085,0.918868683805815,-0.15292523079421985
3087,0.9202776072166475,-0.1610637513943461
3089,0.9208238855114547,-0.13898848444553474
3091,0.9208238855114547,-0.13898848444553474
3093,0.920878420213426,-0.13965950582009787
3095,0.9215634212587601,-0.14023878695420797
3097,0.921565547419073,-0.14016183106882446
3099,0.789338750923557,-0.4642442406146302
3101,0.7893254358422951,-0.46462040717141706
3103,0.7893254358422951,-0.46462040717141706
3105,0.7893254358422951,-0.46462040717141706
3107,0.7893254358422951,-0.46462040717141706
3109,0.7893254358422951,-0.46462040717141706
3111,0.8239410944562566,-0.49127943020832593
3113,0.8239410944562566,-0.49127943020832593
3115,0.8238581241580584,-0.49141124690656535
3117,0.8238581241580584,-0.49141124690656535
3119,0.825687187286457,-0.49317836487790184
3121,0.8297058549499019,-0.49150998053103456
3123,0.8295015581543352,-0.492889903600029
3125,0.8295015581543352,-0.492889903600029
3127,0.8186154425008578,-0.5483298506699859
3129,0.8291835625081078,-0.5575058248929188
3131,0.8355204401369883,-0.38324122550381384
3133,0.8355204401369883,-0.38324122550381384
3135,0.8343957245927883,-0.3880522774998305
3137,0.8343957245927883,-0.3880522774998305
3139,0.8346398137900728,-0.4493631071908681
3141,0.8341001953882092,-0.4486998373085882
3143,0.8341001953882092,-0.4486998373085882
3145,0.8277224187252855,-0.398187311412572
3147,0.822371061023973,-0.345598368868873
3149,0.822371061023973,-0.345598368868873
3151,0.822371061023973,-0.345598368868873
3153,0.8226143106290701,-0.3467301011230904
3155,0.8226143106290701,-0.3467301011230904
3157,0.822670744767802,-0.3466404429924436
3159,0.8226989654942295,-0.34659560811706874
3161,0.8232891723983794,-0.3584176359219184
3163,0.8232891723983794,-0.3584176359219184
3165,0.8261964485869543,-0.3614581349771454
3167,0.8280895539896993,-0.3590116825655234
3169,0.8263341610218918,-0.36123934826823817
3171,0.8305283548941716,-0.36149283571931495
3173,0.8306772465602881,-0.36195000334286975
3175,0.8324226832636056,-0.3633839810855398
3177,0.3836889026441601,0.06822744933661179
3179,0.3836889026441601,0.06822744933661179
3181,0.3836889026441601,0.06822744933661179
3183,0.3599444951590357,0.22802797090607704
3185,0.3600141134572426,0.2387233821621904
3187,0.3600141134572426,0.2387233821621904
3189,0.3600141134572426,0.2387233821621904
3191,0.3600141134572426,0.2387233821621904
3193,0.3600141134572426,0.2387233821621904
3195,0.3600141134572426,0.2387233821621904
3197,0.3600141134572426,0.2387233821621904
3199,0.3523710661064093,0.2736820356959006
3201,0.3772596144323082,0.2574141647109565
3203,0.36708816541187844,0.2558058873507423
3205,0.36083951877828885,0.28443887170778603
3207,0.36083951877828885,0.28443887170778603
3209,0.35797760567794434,0.2667386638339914
3211,0.35797760567794434,0.2667386638339914
3213,0.3668615082808839,0.27747676684461303
3215,0.3668615082808839,0.27747676684461303
3217,0.3668615082808839,0.27747676684461303
3219,0.36772128454221803,0.27879379124288034
3221,0.3668615082808839,0.27747676684461303
3223,0.36776596784170656,0.2788647805623465
3225,0.36749795969447363,0.2784389902513978
3227,0.36749795969447363,0.2784389902513978
3229,-1.3219629835313906,2.37123653016601
3231,0.12870979106123465,0.9352104845026761
3233,-0.5187884251054713,1.1181667897768655
3235,-0.5187884251054713,1.1181667897768655
3237,0.04400852865077667,-0.6179227780507681
3239,-2.306063166660115,3.212026287480638
3241,-2.3061082770253805,3.2119546196725834
3243,-2.3061082770253805,3.2119546196725834
3245,-2.3061082770253805,3.2119546196725834
3247,-2.3061082770253805,3.2119546196725834
3249,-2.3061082770253805,3.2119546196725834
3251,-2.3061082770253805,3.2119546196725834
3253,-2.3052959518493608,3.2144343320704536
3255,-2.3052959518493608,3.2144343320704536
3257,-2.3052959518493608,3.2144343320704536
3259,-2.3052959518493608,3.2144343320704536
3261,-2.3055755772970983,3.212800931194411
3263,-2.3052959518493608,3.2144343320704536
3265,-2.3058014036056886,3.212442156078254
3267,-2.3058014036056886,3.212442156078254
3269,-2.306045120769338,3.2120549573756567
3271,-2.306045120769338,3.2120549573756567
3273,-2.306045120769338,3.2120549573756567
3275,-2.306045120769338,3.2120549573756567
3277,-2.306045120769338,3.2120549573756567
3279,-2.306045120769338,3.2120549573756567
3281,-2.306045120769338,3.2120549573756567
3283,-2.306045120769338,3.2120549573756567
3285,-2.306045120769338,3.2120549573756567
3287,-2.3061172983508262,3.2119402872987104
3289,-2.3061172983508262,3.2119402872987104
3291,-2.3061172983508262,3.2119402872987104
3293,-2.3061172983508262,3.2119402872987104
3295,-2.306090233626922,3.211983285608001
3297,-2.306090233626922,3.211983285608001
3299,-2.306090233626922,3.211983285608001
3301,-2.306126319427102,3.2119259553207002
3303,-2.3067031506641396,3.211009531121215
3305,-2.3067031506641396,3.211009531121215
3307,-2.306694145506167,3.211023837809476
3309,-2.306694145506167,3.211023837809476
3311,-2.306694145506167,3.211023837809476
3313,-2.306694145506167,3.211023837809476
3315,-2.306694145506167,3.211023837809476
3317,-2.306694145506167,3.211023837809476
3319,-2.306694145506167,3.211023837809476
3321,-1.3364559489834753,-0.5160370212345499
3323,-1.2342735350253553,0.7517318331167687
3325,0.6010793721969795,0.18741559293848392
3327,0.6010096018339792,0.19833621751349154
3329,0.6010096018339792,0.19833621751349154
3331,0.60123490169124,0.15278649334826344
3333,0.5356083542510403,0.3576831622289812
3335,0.535382011499708,0.35732356662912457
3337,0.535382011499708,0.35732356662912457
3339,0.535268898917763,0.3571438622360461
3341,0.535268898917763,0.3571438622360461
3343,0.5351558254954457,0.3569642200567115
3345,0.5351558254954457,0.3569642200567115
3347,0.5502317260284297,0.20925667603568432
3349,0.5454301945993231,0.20162837972701259
3351,0.5445375373472903,0.18126287162797666
3353,0.5253968514782229,0.34629348699783247
3355,0.637418872280284,0.35789069288842795
3357,0.637418872280284,0.35789069288842795
3359,0.637418872280284,0.35789069288842795
3361,0.637418872280284,0.35789069288842795
3363,0.637418872280284,0.35789069288842795
3365,0.6239199959087942,0.3255161657749724
3367,0.6239199959087942,0.3255161657749724
3369,0.6239199959087942,0.3255161657749724
3371,0.6239199959087942,0.3255161657749724
3373,0.6190655930752791,0.31799118084877787
3375,0.6275504397160748,0.3380235402279434
3377,-1.4506087081817205,1.1756673945120952
3379,-1.6455410683488931,0.7190627701802805
3381,-1.6427835043716787,0.6997383630843625
3383,-1.644244369718756,0.7073116626595279
3385,-1.6393282816069537,0.7021144304777207
3387,-1.6485448120053294,0.7877468968824782
3389,-1.381531932685622,-0.5404844574166889
3391,-1.3831461661713378,-0.5430490248931763
3393,-1.3831461661713378,-0.5430490248931763
3395,-1.3831461661713378,-0.5430490248931763
3397,-1.3831461661713378,-0.5430490248931763
3399,-1.3831461661713378,-0.5430490248931763
3401,-1.3831461661713378,-0.5430490248931763
3403,-1.3831461661713378,-0.5430490248931763
3405,-1.3820708974566063,-0.5413407223466817
3407,-1.3820708974566063,-0.5413407223466817
3409,-1.3820708974566063,-0.5413407223466817
3411,-1.3820708974566063,-0.5413407223466817
3413,-1.3820708974566063,-0.5413407223466817
3415,-1.3820708974566063,-0.5413407223466817
3417,-1.3820708974566063,-0.5413407223466817
3419,-1.3820708974566063,-0.5413407223466817
3421,-1.3876769722509403,-0.5502472140131781
3423,-1.381531932685622,-0.5404844574166889
3425,-1.3876769722509403,-0.5502472140131781
3427,-1.381531932685622,-0.5404844574166889
3429,-1.3820708974566063,-0.5413407223466817
3431,-1.3820708974566063,-0.5413407223466817
3433,-1.381531932685622,-0.5404844574166889
3435,-1.3923378358052934,-0.4604239645089759
3437,-1.381531932685622,-0.5404844574166889
3439,-1.3876769722509403,-0.5502472140131781
3441,-1.381531932685622,-0.5404844574166889
3443,-1.381531932685622,-0.5404844574166889
3445,-1.381531932685622,-0.5404844574166889
3447,-1.3876769722509403,-0.5502472140131781
3449,-1.3876769722509403,-0.5502472140131781
3451,-1.3876769722509403,-0.5502472140131781
3453,-1.3876769722509403,-0.5502472140131781
3455,-1.3876769722509403,-0.5502472140131781
3457,-1.3876769722509403,-0.5502472140131781
3459,-1.3876769722509403,-0.5502472140131781
3461,-1.3923378358052934,-0.4604239645089759
3463,-1.3923378358052934,-0.4604239645089759
3465,-1.3876769722509403,-0.5502472140131781
3467,-1.3876769722509403,-0.5502472140131781
3469,-1.3879415430042499,-0.5506675432624294
3471,-1.3923378358052934,-0.4604239645089759
3473,-1.3967994671049786,-0.46751225416750497
3475,-1.3967994671049786,-0.46751225416750497
3477,-1.3923378358052934,-0.4604239645089759
3479,-1.3967994671049786,-0.46751225416750497
3481,-1.3967994671049786,-0.46751225416750497
3483,-1.3967994671049786,-0.46751225416750497
3485,-1.4340883093844254,-0.3801462244170879
3487,-1.3967994671049786,-0.46751225416750497
3489,-1.4333764763883092,-0.3790153200177649
3491,-1.4337325868111228,-0.37958108030985893
3493,-1.4340883093844254,-0.3801462244170879
3495,-0.035786550081385725,0.5821129946089887
3497,-0.035786550081385725,0.5821129946089887
3499,-0.035786550081385725,0.5821129946089887
3501,-0.03973037823235881,0.5725363002448
3503,-0.04129669371013571,0.5700478611387033
3505,-0.05085781693706011,0.5548578989161154
3507,-0.04129669371013571,0.5700478611387033
3509,-0.05031035729983202,0.555727659822915
3511,-0.05031035729983202,0.555727659822915
3513,-0.04129669371013571,0.5700478611387033
3515,-0.051316270124929925,0.5541295444707964
3517,-0.05697597292567669,0.545137852836457
3519,-0.0509989480085443,0.5546336809457565
3521,-0.051316270124929925,0.5541295444707964
3523,-0.0509989480085443,0.5546336809457565
3525,-0.059975444495332084,0.540372527806182
3527,-0.06189166835936982,0.5373281817169293
3529,-0.05697597292567669,0.545137852836457
3531,-0.06248819004779825,0.5363804748735879
3533,-0.062403039337640805,0.536515755639229
3535,-0.06004407500138491,0.5402634930443134
3537,-0.059975444495332084,0.540372527806182
3539,-0.062011059887356126,0.5371385018271542
3541,-0.06004407500138491,0.5402634930443134
3543,-0.06004407500138491,0.5402634930443134
3545,-0.06185754847664387,0.5373823887088641
3547,-0.06004407500138491,0.5402634930443134
3549,-0.06004407500138491,0.5402634930443134
3551,-0.06004407500138491,0.5402634930443134
3553,-0.06185754847664387,0.5373823887088641
3555,-0.06189166835936982,0.5373281817169293
3557,-0.06189166835936982,0.5373281817169293
3559,-0.06189166835936982,0.5373281817169293
3561,-0.06535330538307485,0.5318286044841707
3563,-0.06415267792249178,0.533736067167875
3565,-0.06427124595385818,0.5335476955849018
3567,-0.06535330538307485,0.5318286044841707
3569,-0.06535330538307485,0.5318286044841707
3571,-0.06535330538307485,0.5318286044841707
3573,-0.06535330538307485,0.5318286044841707
3575,-0.056895884473435916,0.5309161970312436
3577,-0.056895884473435916,0.5309161970312436
3579,0.7269345609550444,0.2745208417869277
3581,0.7269345609550444,0.2745208417869277
3583,0.7269345609550444,0.2745208417869277
3585,0.7269345609550444,0.2745208417869277
3587,0.7269345609550444,0.2745208417869277
3589,0.7269345609550444,0.2745208417869277
3591,0.7269345609550444,0.2745208417869277
3593,0.7269345609550444,0.2745208417869277
3595,0.7269345609550444,0.2745208417869277
3597,0.7269345609550444,0.2745208417869277
3599,0.7269345609550444,0.2745208417869277
3601,0.7269345609550444,0.2745208417869277
3603,0.7269345609550444,0.2745208417869277
3605,0.7269345609550444,0.2745208417869277
3607,0.7269345609550444,0.2745208417869277
3613,0.6493647717333585,-1.377064918164781
3615,0.6579850446779788,-1.1449627754715352
3617,0.6740791256375055,-1.194839923717429
3619,0.6959811475940505,-1.363258995848292
3621,0.8752556508455649,-1.2483368959164522
3623,0.8752556508455649,-1.2483368959164522
3625,0.8752556508455649,-1.2483368959164522
3627,0.9526611848040806,-0.9812117582675527
3629,0.9526611848040806,-0.9812117582675527
3631,0.2184817488547701,0.43519755096538515
3633,0.21849640004946014,0.43524484527684026
3635,0.2030308728578963,0.4070871447232977
3637,0.2030308728578963,0.4070871447232977
3639,0.2030308728578963,0.4070871447232977
3641,0.2030308728578963,0.4070871447232977
3643,0.20301129470251228,0.4070560404865228
3645,0.20301129470251228,0.4070560404865228
3647,0.22050256062812018,0.3929065424791904
3649,0.2650083288626937,0.4080933795669095
3651,0.2587010310250388,0.4024435554073114
3653,0.2588429231490814,0.3993898630584045
3655,0.26184235645652887,0.41586825972273495
3657,0.26064014880087716,0.40117383439527926
3659,-0.7093782829518195,1.074673851528836
3661,-0.7093782829518195,1.074673851528836
3663,-0.7651172193523346,1.021754958634892
3665,-0.7117710597862389,1.0708723954802877
3667,-0.7589545350676852,1.03154574777669
3669,-0.7589545350676852,1.03154574777669
3671,-0.7589545350676852,1.03154574777669
3673,-0.7589545350676852,1.03154574777669
3675,-0.7589545350676852,1.03154574777669
3677,-0.7589545350676852,1.03154574777669
3679,-0.7589545350676852,1.03154574777669
3681,-0.7651172193523346,1.021754958634892
3683,-0.7589545350676852,1.03154574777669
3685,-0.7651172193523346,1.021754958634892
3687,-0.7589545350676852,1.03154574777669
3689,-0.7651172193523346,1.021754958634892
3691,-0.7589545350676852,1.03154574777669
3693,-0.7651172193523346,1.021754958634892
3695,-0.7670365670711078,1.0399644902243275
3697,-0.7054146299610562,0.9910308574434237
3699,-0.4961964703105918,0.6814322087447641
3701,-0.719485713099634,0.9950911729991653
3703,-0.4961964703105918,0.6814322087447641
3705,-0.719485713099634,0.9950911729991653
3707,-0.719485713099634,0.9950911729991653
3709,-0.6932297027732325,0.9822686019066751
3711,-0.6882240480587607,0.9902211932714675
3713,-0.7042195739109799,0.9648087571320138
3715,-0.7042195739109799,0.9648087571320138
3717,-0.7066123507453992,0.9610073010834653
3719,-0.7005972161479782,0.9705636748619472
3721,-0.7066123507453992,0.9610073010834653
3723,-0.7148516634804932,0.9479173276341383
3725,-0.716011922523395,0.9460739991243186
3727,-0.716011922523395,0.9460739991243186
3729,-0.716011922523395,0.9460739991243186
3731,-0.716011922523395,0.9460739991243186
3733,-0.7206121757139706,0.9387654778846372
3735,-0.7240203378782355,0.9333508573118305
3737,-0.7240203378782355,0.9333508573118305
3739,-0.767554529373765,0.892307862017899
3741,-0.767554529373765,0.892307862017899
3743,-0.767554529373765,0.892307862017899
3745,-0.767554529373765,0.892307862017899
3747,-0.7685457670908932,0.8907330613256138
3749,0.8749239799548758,-0.904575150441215
3751,0.8749239799548758,-0.904575150441215
3753,0.8749239799548758,-0.904575150441215
3755,0.8815543300237072,-0.9390013908312504
3757,0.8912978880925425,-0.8994078621110526
3759,0.8704004304935701,-0.9102792715499696
3761,0.8758609427343166,-0.8779060032924698
3763,0.8758609427343166,-0.8779060032924698
3765,0.8670582288613554,-0.8498580877653594
3767,0.8670582288613554,-0.8498580877653594
3769,0.8693178981422529,-0.832041514732641
3771,0.8693178981422529,-0.832041514732641
3773,0.8700895954824353,-0.8342585368090655
3775,0.8700895954824353,-0.8342585368090655
3777,0.8790249735689368,-0.8184521363215079
3779,0.8755196658178925,-0.8235435225061742
3781,0.8756372092023623,-0.8263804596098955
3783,0.8823983669524988,-0.8312105675709314
3785,0.8823983669524988,-0.8312105675709314
3787,0.8822127991856047,-0.831711919645659
3789,0.8822127991856047,-0.831711919645659
3791,0.8822127991856047,-0.831711919645659
3793,0.8815123644820293,-0.8328247153323352
3795,0.8813724576145647,-0.8330469883834225
3797,0.8820483737387136,-0.8385161444636288
3799,0.8820483737387136,-0.8385161444636288
3801,0.8820483737387136,-0.8385161444636288
3803,0.8764161566076596,-0.8280956558895367
3805,0.8808938560620001,-0.8522308180325442
3807,0.8938625749087568,-0.9114791794508088
3837,0.9012779146221118,-0.7744099015208185
3839,0.9023171697423864,-0.7761739254896846
3841,0.9023171697423864,-0.7761739254896846
3843,0.9041505532351158,-0.7859040140452987
3845,0.9041505532351158,-0.7859040140452987
3847,0.8788385085711383,-0.7985937230959332
3849,0.8807927309044441,-0.8008038899795141
3851,-1.766102765657471,0.6573201629633418
3853,-1.7683392258353121,0.6537670505509767
3855,-1.7664058864004355,0.6568385885159422
3857,-1.7679172846416822,0.6544373976053193
3859,-1.76827898188474,0.6538627614116796
3861,-2.092914339119897,-0.03257615114369183
3863,-2.094316876256128,-0.013545551460190045
3865,-2.092936054659755,-0.032610651089172306
3867,-2.0942735071713345,-0.013476650061890826
3869,-2.0993228049604906,0.05482346265372326
3871,-2.1075311171582922,0.1344572829287235
3873,-2.100189209280743,0.05344698746542652
3875,-2.1074448543444255,0.1345943305174571
3877,-2.1075311171582922,0.1344572829287235
3879,-2.2238660356623865,-0.050366505584839794
3881,-2.1075311171582922,0.1344572829287235
3883,-2.2232311611977433,-0.04935786686058926
3885,-2.230272499696707,-0.037303440403937904
3887,-2.230272499696707,-0.037303440403937904
3889,-2.230272499696707,-0.037303440403937904
3891,-2.230272499696707,-0.037303440403937904
3893,-2.2303615272941415,-0.03744488046382507
3895,-2.2303615272941415,-0.03744488046382507
3897,-2.2305098527177187,-0.03768052825617034
3899,-2.230628464576882,-0.03786896946930893
3901,-2.2305098527177187,-0.03768052825617034
3903,-2.2305098527177187,-0.03768052825617034
3905,0.9981361661384649,-0.8029722786348461
3907,1.008625718704582,-0.7580624478968974
3909,1.0100547660661439,-0.7686513732518858
3911,1.0086997708088339,-0.7580967200854213
3913,1.0156317105890793,-0.7598127101339152
3915,1.0087078531779496,-0.7580838794516794
3917,1.0155022897572423,-0.752053121315706
3919,1.0107888508604082,-0.7544819187655801
3921,1.009764634186109,-0.7630585822700359
3923,1.0103339650601644,-0.7666165032007627
3925,1.0103780919564844,-0.7665463978509834
3927,1.009764634186109,-0.7630585822700359
3929,1.0094636612003367,-0.7631058430830627
3931,1.0074111834498793,-0.755839392525659
3933,1.0074111834498793,-0.755839392525659
3935,1.0068268949800225,-0.7601321590744544
3937,1.0047433820964733,-0.7591604230939867
3939,1.0088670509733304,-0.7594208037373809
3941,1.0059808935018333,-0.756990909273421
3943,1.005995259570764,-0.7569680855905578
3945,1.0076439467137501,-0.7599753511242091
3947,1.005631119542914,-0.7563515440118583
3949,1.0068105773722416,-0.7619549090016675
3951,1.0065828672873494,-0.7603064119572528
3953,1.0041206082334944,-0.7558006705975111
3955,1.0047987059831516,-0.7564244514282598
3957,1.0043497749131804,-0.7624483148515133
3959,1.0043497749131804,-0.7624483148515133
3961,1.0091002447423263,-0.7703320406170615
3963,1.0024295648948642,-0.7047316519452977
3965,1.0031264674986824,-0.7049836003197973
3967,1.00225116349067,-0.7046132901669333
3969,1.00225116349067,-0.7046132901669333
3971,0.1907958686285786,1.005444920084953
3973,0.1907958686285786,1.005444920084953
3975,0.1907958686285786,1.005444920084953
3977,0.1610833417053209,0.9582399891589521
3979,0.1610833417053209,0.9582399891589521
3981,0.1610833417053209,0.9582399891589521
3983,0.13384985952688724,0.9149735699672148
3985,-0.8620243381570715,-0.7453762249160202
3987,-0.8620243381570715,-0.7453762249160202
3989,-0.8620243381570715,-0.7453762249160202
3991,-0.8620243381570715,-0.7453762249160202
3993,-0.8620243381570715,-0.7453762249160202
3995,-0.8692826941335997,-0.7569077312531718
3997,-0.8692826941335997,-0.7569077312531718
3999,-0.8662779574210548,-0.7521340413770857
4001,-0.9307200088339176,-0.8545145152267482
4003,-0.9307200088339176,-0.8545145152267482
4005,-0.9513651472171588,-0.8873138908522457
4007,-0.9513651472171588,-0.8873138908522457
4009,-0.9513651472171588,-0.8873138908522457
4011,-0.9513651472171588,-0.8873138908522457
4013,-0.9513651472171588,-0.8873138908522457
4015,-0.9600875755803054,-0.9011714004963352
4017,-0.9600875755803054,-0.9011714004963352
4019,-0.9632432772029106,-0.9061849315737458
4021,-0.9632432772029106,-0.9061849315737458
4023,-0.9632432772029106,-0.9061849315737458
4025,-0.9532209054886167,-0.8902621739533697
4027,-0.9532209054886167,-0.8902621739533697
4029,-0.9532209054886167,-0.8902621739533697
4031,-0.9532209054886167,-0.8902621739533697
4033,-0.9532209054886167,-0.8902621739533697
4035,-0.9532209054886167,-0.8902621739533697
4037,-0.9532209054886167,-0.8902621739533697
4039,-0.9532209054886167,-0.8902621739533697
4041,0.3125119307675392,-1.1609681218345738
4043,0.28909869025626495,-1.198165240879451
4045,0.28909869025626495,-1.198165240879451
4047,0.28909869025626495,-1.198165240879451
4049,0.27163207408923634,-1.225914829859383
4051,0.27639096221945936,-1.2183542818773154
4053,0.27639096221945936,-1.2183542818773154
4055,0.27639096221945936,-1.2183542818773154
4057,0.27639096221945936,-1.2183542818773154
4059,0.27639096221945936,-1.2183542818773154
4061,0.27639096221945936,-1.2183542818773154
4063,0.2765859405345663,-1.2169103212555312
4065,0.25864248046844723,-1.2454174823994588
4067,0.24536971426864723,-1.2665042116862932
4069,0.24392771379341815,-1.268795148872627
4071,0.24392771379341815,-1.268795148872627
4073,0.24392771379341815,-1.268795148872627
4075,0.24392771379341815,-1.268795148872627
4077,0.24392771379341815,-1.268795148872627
4079,0.24392771379341815,-1.268795148872627
4081,0.24392771379341815,-1.268795148872627
4083,0.24392771379341815,-1.268795148872627
4085,0.8719576119282783,0.6624353838623883
4087,0.6723317896695575,-0.0805907694189276
4089,0.6723317896695575,-0.0805907694189276
4091,0.6769627848055882,-0.12574882517442934
4093,0.6835798228483234,-0.1507374068534434
4095,0.6453378385402435,-0.3613413414244965
4097,0.6782393379810198,-0.6466346773515381
4099,0.6782393379810198,-0.6466346773515381
4101,0.6782393379810198,-0.6466346773515381
4103,0.6782393379810198,-0.6466346773515381
4105,0.6782393379810198,-0.6466346773515381
4107,0.7216529346184967,-0.6849235001697216
4109,0.7862648684178035,-0.9082332967914307
4111,0.7832802303583944,-0.9073349670919796
4113,0.7832802303583944,-0.9073349670919796
4115,0.7832802303583944,-0.9073349670919796
4117,0.8025367265830805,-0.8333698347900796
4119,0.32093532936049285,0.20518091529838373
4121,0.3200045387523375,0.20101096446583805
4123,0.3200045387523375,0.20101096446583805
4125,0.3079890230407001,0.16614827032100435
4127,0.3079890230407001,0.16614827032100435
4129,0.307902359669816,0.16601058635871618
4131,0.30722936265560913,0.16759558075839565
4133,0.31006947130183987,0.16842671445647636
4135,0.30720572261077567,0.16668035478556517
4137,0.30720572261077567,0.16668035478556517
4139,0.30720572261077567,0.16668035478556517
4141,0.30720572261077567,0.16668035478556517
4143,0.30901040342679803,0.1658709103273644
4145,0.30901040342679803,0.1658709103273644
4147,0.30901040342679803,0.1658709103273644
4149,0.30901040342679803,0.1658709103273644
4151,0.30901040342679803,0.1658709103273644
4153,0.31006947130183987,0.16842671445647636
4155,0.353401369713953,0.1572673746869727
4159,0.353401369713953,0.1572673746869727
4161,0.353401369713953,0.1572673746869727
4163,0.353401369713953,0.1572673746869727
4165,0.8982931310307367,0.7111224027372219
4167,-1.319590850834997,-1.170304038822946
4169,-1.319590850834997,-1.170304038822946
4171,-1.3214661435108193,-1.173283356652658
4173,-1.3236404625629894,-1.1767377441214137
4175,-1.3254927127659628,-1.1796804538786434
4177,-1.3254927127659628,-1.1796804538786434
4179,-1.3254927127659628,-1.1796804538786434
4181,-1.3254927127659628,-1.1796804538786434
4183,-1.3254927127659628,-1.1796804538786434
4185,-1.3254927127659628,-1.1796804538786434
4187,-1.3254927127659628,-1.1796804538786434
4189,-1.3254927127659628,-1.1796804538786434
4191,-1.3254927127659628,-1.1796804538786434
4193,-1.3254927127659628,-1.1796804538786434
4195,-1.3258004024515557,-1.1801692871035174
4197,-1.3214661435108193,-1.173283356652658
4199,-1.3142182925301513,-1.1617685398284932
4201,-1.116912278087349,-0.6716350525831142
4203,-1.116912278087349,-0.6716350525831142
4205,-1.116912278087349,-0.6716350525831142
4207,-1.116912278087349,-0.6716350525831142
4209,-1.116912278087349,-0.6716350525831142
4211,-1.116315179973881,-0.6706864299609092
4213,-1.116315179973881,-0.6706864299609092
4215,-1.116315179973881,-0.6706864299609092
4217,-1.116315179973881,-0.6706864299609092
4219,-1.116315179973881,-0.6706864299609092
4221,-1.1186970507094298,-0.6744705592554873
4223,-1.1186970507094298,-0.6744705592554873
4225,-1.1186970507094298,-0.6744705592554873
4227,-1.1186970507094298,-0.6744705592554873
4229,-1.1186970507094298,-0.6744705592554873
4231,-1.1186970507094298,-0.6744705592554873
4233,-1.1186970507094298,-0.6744705592554873
4235,-1.1186970507094298,-0.6744705592554873
4237,-1.1186970507094298,-0.6744705592554873
4239,-1.1186970507094298,-0.6744705592554873
4241,-1.1186970507094298,-0.6744705592554873
4243,-1.1186970507094298,-0.6744705592554873
4245,-1.1186970507094298,-0.6744705592554873
4247,-1.1186970507094298,-0.6744705592554873
4249,-1.1186970507094298,-0.6744705592554873
4251,-1.1186970507094298,-0.6744705592554873
4253,-1.1216501682698905,-0.6791622406738316
4255,-1.1216501682698905,-0.6791622406738316
4257,-1.1216501682698905,-0.6791622406738316
4259,-1.1216501682698905,-0.6791622406738316
4261,-1.1127094847293346,-0.6649579843326174
4263,-1.1127094847293346,-0.6649579843326174
4265,-1.1127094847293346,-0.6649579843326174
4267,-1.1127094847293346,-0.6649579843326174
4269,-1.1127094847293346,-0.6649579843326174
4271,-1.1127094847293346,-0.6649579843326174
4273,-1.1127094847293346,-0.6649579843326174
4275,-1.1127094847293346,-0.6649579843326174
4277,-1.1127094847293346,-0.6649579843326174
4279,-1.1127094847293346,-0.6649579843326174
4281,-1.1044481172865432,-0.6518329720945626
4283,-1.1044481172865432,-0.6518329720945626
4285,-1.1044481172865432,-0.6518329720945626
4287,-1.1044481172865432,-0.6518329720945626
4289,-1.8534066593925633,-0.5000339505107914
4291,-1.8534066593925633,-0.5000339505107914
4293,-1.8534448842831333,-0.5000946792170261
4295,-1.8528327485488827,-0.49912216600307735
4297,-1.8814427988599307,-0.4850669037006208
4299,-1.9038824439164583,-0.5207172506951155
4301,-1.9038824439164583,-0.5207172506951155
4303,-1.9038824439164583,-0.5207172506951155
4305,-1.9038824439164583,-0.5207172506951155
4307,-1.9038824439164583,-0.5207172506951155
4309,-1.9038824439164583,-0.5207172506951155
4311,-1.9046407432802812,-0.5219219772127536
4313,-1.9046407432802812,-0.5219219772127536
4315,-1.8535595321204197,-0.5002768227033032
4317,-1.8535595321204197,-0.5002768227033032
4319,-1.9046407432802812,-0.5219219772127536
4321,-1.8535595321204197,-0.5002768227033032
4323,-1.8523728926797436,-0.49839158308784104
4325,-1.9047724419018648,-0.5221312096469716
4327,-1.8523728926797436,-0.49839158308784104
4329,-1.9047724419018648,-0.5221312096469716
4331,-1.8523728926797436,-0.49839158308784104
4333,-1.9047724419018648,-0.5221312096469716
4335,-1.8523728926797436,-0.49839158308784104
4337,-1.9047724419018648,-0.5221312096469716
4339,-1.9047724419018648,-0.5221312096469716
4341,-1.8523728926797436,-0.49839158308784104
4343,-1.8523728926797436,-0.49839158308784104
4345,-1.8523728926797436,-0.49839158308784104
4347,-1.8523728926797436,-0.49839158308784104
4349,-1.9047724419018648,-0.5221312096469716
4351,-1.8523728926797436,-0.49839158308784104
4353,-1.906643399924383,-0.5251036409196975
4355,-1.8523728926797436,-0.49839158308784104
4357,-1.8523728926797436,-0.49839158308784104
4359,-1.1238080639518062,0.13025883355786036
4361,-1.1396906603377532,0.046843539093961044
4363,-2.3002248749289795,2.068239601529828
4365,-2.3002248749289795,2.068239601529828
4367,-2.3002248749289795,2.068239601529828
4369,-2.3002248749289795,2.068239601529828
4371,-2.3002248749289795,2.068239601529828
4373,-2.3002248749289795,2.068239601529828
4375,-2.3002248749289795,2.068239601529828
4377,-2.3002248749289795,2.068239601529828
4379,-2.3002248749289795,2.068239601529828
4381,-2.3002248749289795,2.068239601529828
4383,-2.3002248749289795,2.068239601529828
4385,-2.3002248749289795,2.068239601529828
4387,-2.3002248749289795,2.068239601529828
4389,-2.3002248749289795,2.068239601529828
4391,-2.3002248749289795,2.068239601529828
4393,-2.3002248749289795,2.068239601529828
4395,-2.3002248749289795,2.068239601529828
4397,-2.3002248749289795,2.068239601529828
4399,-2.3002248749289795,2.068239601529828
4401,-2.3002248749289795,2.068239601529828
4403,-2.3002248749289795,2.068239601529828
4405,-2.3002248749289795,2.068239601529828
4407,-2.3002248749289795,2.068239601529828
4409,-2.3002248749289795,2.068239601529828
4411,-2.3002248749289795,2.068239601529828
4413,-2.3002248749289795,2.068239601529828
4415,-2.3002248749289795,2.068239601529828
4417,-2.3002248749289795,2.068239601529828
4419,-2.3002248749289795,2.068239601529828
4421,-2.3002248749289795,2.068239601529828
4423,-2.3002248749289795,2.068239601529828
4425,-2.3002248749289795,2.068239601529828
4427,-2.3002248749289795,2.068239601529828
4429,-2.3002248749289795,2.068239601529828
4431,-2.3002248749289795,2.068239601529828
4433,-2.3002248749289795,2.068239601529828
4435,-2.3002248749289795,2.068239601529828
4437,-2.3002248749289795,2.068239601529828
4439,-2.3002248749289795,2.068239601529828
4441,-2.3002248749289795,2.068239601529828
4443,-2.3002248749289795,2.068239601529828
4445,-2.3002248749289795,2.068239601529828
4447,-2.3002248749289795,2.068239601529828
4449,-2.3002248749289795,2.068239601529828
4451,-2.3002248749289795,2.068239601529828
4453,-2.3002248749289795,2.068239601529828
4455,-2.3002248749289795,2.068239601529828
4457,-2.3002248749289795,2.068239601529828
4459,-2.3002248749289795,2.068239601529828
4461,-2.3002248749289795,2.068239601529828
4463,-2.3002248749289795,2.068239601529828
4465,-2.3002248749289795,2.068239601529828
4467,-2.3002248749289795,2.068239601529828
4469,-2.3002248749289795,2.068239601529828
4471,-2.3002248749289795,2.068239601529828
4473,-2.3002248749289795,2.068239601529828
4475,-2.3002248749289795,2.068239601529828
4477,-2.3002248749289795,2.068239601529828
4479,-2.3002248749289795,2.068239601529828
4481,-2.3002248749289795,2.068239601529828
4483,-2.3002248749289795,2.068239601529828
4485,-2.3002248749289795,2.068239601529828
4487,-2.301278886370002,2.0661580462731988
4489,-2.301278886370002,2.0661580462731988
4491,-2.301278886370002,2.0661580462731988
4493,-2.301278886370002,2.0661580462731988
4495,-2.301278886370002,2.0661580462731988
4497,-2.301278886370002,2.0661580462731988
4499,-2.301278886370002,2.0661580462731988
4501,-0.12163218936302637,2.707811077214937
4503,-1.5747148757719345,-0.8328325682184188
4505,-1.5747148757719345,-0.8328325682184188
4507,-1.5763706099440349,-0.8354630687284442
4509,-1.5763706099440349,-0.8354630687284442
4511,-1.5763706099440349,-0.8354630687284442
4513,-1.5763706099440349,-0.8354630687284442
4515,-1.5763706099440349,-0.8354630687284442
4517,-1.5794234519440606,-0.8403131845099612
4519,-1.5794234519440606,-0.8403131845099612
4521,-1.5794234519440606,-0.8403131845099612
4523,-1.5789556372394442,-0.839569957221531
4525,-1.5790336529037594,-0.8396939023862969
4527,-1.5790336529037594,-0.8396939023862969
4529,-1.5790336529037594,-0.8396939023862969
4531,-1.5797349565714895,-0.8408080786150257
4533,-1.5797349565714895,-0.8408080786150257
4535,-1.57965710826291,-0.840684399331917
4537,-1.57965710826291,-0.840684399331917
4539,-1.57965710826291,-0.840684399331917
4541,-1.57965710826291,-0.840684399331917
4543,-1.57965710826291,-0.840684399331917
4545,-1.57965710826291,-0.840684399331917
4547,-1.57965710826291,-0.840684399331917
4549,-1.57965710826291,-0.840684399331917
4551,-1.57965710826291,-0.840684399331917
4553,-1.57965710826291,-0.840684399331917
4555,-1.57965710826291,-0.840684399331917
4557,-1.57965710826291,-0.840684399331917
4559,-1.57965710826291,-0.840684399331917
4561,-1.57965710826291,-0.840684399331917
4563,-1.57965710826291,-0.840684399331917
4565,-1.5805900655564533,-0.8421666086610786
4567,-1.5805900655564533,-0.8421666086610786
4569,-1.5805900655564533,-0.8421666086610786
4571,-0.6896306425072823,-0.4714906507861273
4573,-0.6885921278736492,-0.4698407402392087
4575,-0.6885921278736492,-0.4698407402392087
4577,-0.6885921278736492,-0.4698407402392087
4579,-0.6896306425072823,-0.4714906507861273
4581,-0.6896306425072823,-0.4714906507861273
4583,-0.6896306425072823,-0.4714906507861273
4585,-0.6998381162821273,-0.4877074840334325
4587,-0.6998381162821273,-0.4877074840334325
4589,-0.6988316052325777,-0.48610841826925283
4591,-0.6988316052325777,-0.48610841826925283
4593,-0.6988316052325777,-0.48610841826925283
4595,-0.7755544062375409,-0.30598163181999655
4597,-0.7097362245807516,-0.5034328216912297
4599,-0.7097362245807516,-0.5034328216912297
4601,-0.7097362245807516,-0.5034328216912297
4603,-0.7097362245807516,-0.5034328216912297
4605,-0.7067981605967042,-0.49876505621368117
4607,-0.7116803528036854,-0.5065215000359533
4609,-0.7116803528036854,-0.5065215000359533
4611,-0.7116803528036854,-0.5065215000359533
4613,-0.7116803528036854,-0.5065215000359533
4615,-0.7116803528036854,-0.5065215000359533
4617,-0.7295943342732186,-0.5349818278991166
4619,-0.7543227674873463,-0.5742684218934972
4621,-1.3797239836733473,-0.7871517134088517
4623,-1.3776361058382685,-0.783834656961873
4625,-1.3776361058382685,-0.783834656961873
4627,-1.3820742218825077,-0.7908855874280349
4629,-1.3820742218825077,-0.7908855874280349
4631,-1.3820742218825077,-0.7908855874280349
4633,-1.3947729190145688,-0.8110602808331898
4653,-1.3123007963547322,-1.158722172390768
4655,-1.3123007963547322,-1.158722172390768
4657,-1.3123007963547322,-1.158722172390768
4659,-1.3123007963547322,-1.158722172390768
4661,-1.3123007963547322,-1.158722172390768
4663,-1.3123007963547322,-1.158722172390768
4665,-1.3123007963547322,-1.158722172390768
4667,-1.3167575673386933,-1.1658027403611155
4669,-1.319590850834997,-1.170304038822946
4671,-1.319590850834997,-1.170304038822946
4673,-1.3119801163318172,-1.1582127011374423
4675,-1.319590850834997,-1.170304038822946
4677,-1.3119801163318172,-1.1582127011374423
4679,-1.3119801163318172,-1.1582127011374423
4681,-1.3119801163318172,-1.1582127011374423
4683,-1.3119801163318172,-1.1582127011374423
4685,-1.3197475371306864,-1.1705529697127417
4687,-1.3197475371306864,-1.1705529697127417
4689,-1.3197475371306864,-1.1705529697127417
4691,-1.3197475371306864,-1.1705529697127417
4693,-0.9811383546008052,-0.9346152261314877
4695,-0.9811383546008052,-0.9346152261314877
4697,-0.9811383546008052,-0.9346152261314877
4699,-0.9811383546008052,-0.9346152261314877
4701,-0.9828328464799098,-0.9373073018446845
4703,-0.9811383546008052,-0.9346152261314877
4705,-0.9811383546008052,-0.9346152261314877
4707,-0.9924091720703686,-0.9525214163893707
4709,-1.009203236291938,-0.9792025076204723
4711,-1.009203236291938,-0.9792025076204723
4713,0.308027669621476,0.06792811079721742
4715,0.308027669621476,0.06792811079721742
4717,0.308027669621476,0.06792811079721742
4719,0.308027669621476,0.06792811079721742
4721,0.308027669621476,0.06792811079721742
4723,0.2896393669348375,0.038714218609215124
4725,0.2896393669348375,0.038714218609215124
4727,0.36987284600679526,-0.03984385075343065
4729,0.36987284600679526,-0.03984385075343065
4731,0.36987284600679526,-0.03984385075343065
4733,0.36987284600679526,-0.03984385075343065
4735,0.36987284600679526,-0.03984385075343065
4737,0.33080711694605974,0.20579558189751296
4739,0.33080711694605974,0.20579558189751296
4741,0.2882068376655533,0.13811560146169993
4743,0.33080711694605974,0.20579558189751296
4745,0.29811860062155543,0.15386263256751728
4747,0.2890955799203292,0.1395275654072802
4749,0.2890955799203292,0.1395275654072802
4751,0.2890955799203292,0.1395275654072802
4753,0.2890955799203292,0.1395275654072802
4755,0.2882068376655533,0.13811560146169993
4757,0.2882068376655533,0.13811560146169993
4759,0.2882068376655533,0.13811560146169993
4761,0.2882068376655533,0.13811560146169993
4763,0.2882068376655533,0.13811560146169993
4765,0.12789453205564974,0.1345581802774261
4767,0.2855550295088876,0.133902616777236
4769,0.1286882446627872,0.1358191685767988
4771,0.1286882446627872,0.1358191685767988
4773,0.1286882446627872,0.1358191685767988
4775,0.1286882446627872,0.1358191685767988
4777,0.1286882446627872,0.1358191685767988
4779,0.1286882446627872,0.1358191685767988
4781,0.12789453205564974,0.1345581802774261
4783,0.12789453205564974,0.1345581802774261
4785,0.12789453205564974,0.1345581802774261
4787,0.12789453205564974,0.1345581802774261
4789,0.12789453205564974,0.1345581802774261
4793,0.350262235559781,-0.613668675867037
4795,0.39823309414533736,-0.6421518091472773
4797,0.39823309414533736,-0.6421518091472773
4799,0.3912437309131166,-0.6523773983717537
4801,0.36952094738253316,-0.6695015395373816
4803,0.36952094738253316,-0.6695015395373816
4805,0.36952094738253316,-0.6695015395373816
4807,0.36952094738253316,-0.6695015395373816
4809,0.34989842385181996,-0.6856146897712485
4811,0.34989842385181996,-0.6856146897712485
4813,0.33342225417356436,-0.40977278364715386
4815,0.33342225417356436,-0.40977278364715386
4817,0.32982119699928775,-0.41549386067339805
4819,0.3505377982768469,-0.3976425255789527
4821,0.3475065693074483,-0.4024583042736062
4823,0.3475065693074483,-0.4024583042736062
4825,0.36822441180821447,-0.4170548823339887
4827,0.3471137791436184,-0.4355322235724359
4829,0.9959001784816591,0.02352485098521857
4831,0.9959001784816591,0.02352485098521857
4833,0.9959001784816591,0.02352485098521857
4835,0.9959001784816591,0.02352485098521857
4837,0.9959001784816591,0.02352485098521857
4839,0.9959001784816591,0.02352485098521857
4841,0.9959001784816591,0.02352485098521857
4843,0.9959001784816591,0.02352485098521857
4845,0.9959001784816591,0.02352485098521857
4847,0.9959001784816591,0.02352485098521857
4849,0.9959001784816591,0.02352485098521857
4851,0.9959001784816591,0.02352485098521857
4853,0.9959001784816591,0.02352485098521857
4855,0.9959001784816591,0.02352485098521857
4857,0.9959001784816591,0.02352485098521857
4859,0.9959001784816591,0.02352485098521857
4861,0.9959001784816591,0.02352485098521857
4863,0.9959001784816591,0.02352485098521857
4865,0.9959001784816591,0.02352485098521857
4867,0.6867963103448494,-0.1981918790682447
4869,0.6514491028485867,-0.3091917403360388
4871,0.6171768819649455,-0.2713049390036695
4873,0.6171768819649455,-0.2713049390036695
4875,0.6171768819649455,-0.2713049390036695
4877,1.2942217270174678,-1.845696606090181
4879,1.2942217270174678,-1.845696606090181
4881,1.2941280706832212,-1.8458445861860484
4883,1.2941420764684468,-1.845822334893662
4885,1.2940880636683936,-1.8459296254899062
4887,1.2941090880005,-1.8456784042508247
4889,1.2941153073858613,-1.845668523379462
4891,1.2941153073858613,-1.845668523379462
4893,1.2941153073858613,-1.845668523379462
4895,1.2941153073858613,-1.845668523379462
4897,1.2941153073858613,-1.845668523379462
4899,1.2941054370188816,-1.8459069358420104
4901,1.2941054370188816,-1.8459069358420104
4903,1.2941054370188816,-1.8459069358420104
4905,1.2941054370188816,-1.8459069358420104
4907,1.2940861558795922,-1.8462047602831309
4909,1.294004841377149,-1.8463323207525335
4911,1.2942287460543733,-1.8460678781613682
4913,1.2942225454719827,-1.8460777291600456
4915,1.2942225454719827,-1.8460777291600456
4917,1.2942225454719827,-1.8460777291600456
4919,1.2942225454719827,-1.8460777291600456
4921,1.2952378641887374,-1.8458617881467105
4923,1.2952378641887374,-1.8458617881467105
4925,1.2952378641887374,-1.8458617881467105
4927,1.2951320663514803,-1.8462067580783548
4929,-0.37903238221622654,-1.4794823426100439
4931,-0.37903238221622654,-1.4794823426100439
4933,-0.37903238221622654,-1.4794823426100439
4935,-0.37903238221622654,-1.4794823426100439
4937,-0.37903238221622654,-1.4794823426100439
4939,-0.3811412094768779,-1.482832681860253
4941,-0.3811412094768779,-1.482832681860253
4943,-0.3811412094768779,-1.482832681860253
4945,-0.3811412094768779,-1.482832681860253
4947,-0.3811412094768779,-1.482832681860253
4949,-0.3811412094768779,-1.482832681860253
4951,-0.385533068267459,-1.48981012243209
4953,-0.3811412094768779,-1.482832681860253
4955,-0.3811412094768779,-1.482832681860253
4957,-0.385533068267459,-1.48981012243209
4959,-0.3839559193081902,-1.4873044719408153
4961,-0.3839559193081902,-1.4873044719408153
4963,-0.385533068267459,-1.48981012243209
4965,-0.3839559193081902,-1.4873044719408153
4967,-0.3839559193081902,-1.4873044719408153
4969,-0.3839559193081902,-1.4873044719408153
4971,-0.385533068267459,-1.48981012243209
4973,-0.3839559193081902,-1.4873044719408153
4975,-0.3811412094768779,-1.482832681860253
4977,-0.3811412094768779,-1.482832681860253
4979,-0.385533068267459,-1.48981012243209
4981,-0.3839559193081902,-1.4873044719408153
4983,-0.3811412094768779,-1.482832681860253
4985,1.0869301014381547,0.3140706056311642
4987,1.0869301014381547,0.3140706056311642
4989,1.0869301014381547,0.3140706056311642
4991,1.0869301014381547,0.3140706056311642
4993,1.0869301014381547,0.3140706056311642
4995,1.0869301014381547,0.3140706056311642
4997,1.0869301014381547,0.3140706056311642
4999,1.0869301014381547,0.3140706056311642
5001,1.0869301014381547,0.3140706056311642
5003,1.0869301014381547,0.3140706056311642
5005,1.0869301014381547,0.3140706056311642
5007,1.0869301014381547,0.3140706056311642
5009,1.0869301014381547,0.3140706056311642
5011,1.0869301014381547,0.3140706056311642
5013,1.0869301014381547,0.3140706056311642
5015,1.0869301014381547,0.3140706056311642
5017,1.0869301014381547,0.3140706056311642
5019,1.0869301014381547,0.3140706056311642
5021,1.0869301014381547,0.3140706056311642
5023,1.0869301014381547,0.3140706056311642
5025,1.0869301014381547,0.3140706056311642
5027,1.0869301014381547,0.3140706056311642
5029,1.0869301014381547,0.3140706056311642
5031,1.0869301014381547,0.3140706056311642
5033,1.0869301014381547,0.3140706056311642
5035,1.0869301014381547,0.3140706056311642
5037,1.0869301014381547,0.3140706056311642
5039,1.0869301014381547,0.3140706056311642
5041,1.0869301014381547,0.3140706056311642
5043,1.0869301014381547,0.3140706056311642
5045,1.0869301014381547,0.3140706056311642
5047,1.0869301014381547,0.3140706056311642
5049,1.0869301014381547,0.3140706056311642
5051,1.0869301014381547,0.3140706056311642
5053,1.0869301014381547,0.3140706056311642
5055,1.0869301014381547,0.3140706056311642
5057,1.0869301014381547,0.3140706056311642
5059,1.0869301014381547,0.3140706056311642
5061,1.0869301014381547,0.3140706056311642
5063,1.0869301014381547,0.3140706056311642
5065,1.0869301014381547,0.3140706056311642
5067,1.0869301014381547,0.3140706056311642
5069,1.0869301014381547,0.3140706056311642
5071,1.0869301014381547,0.3140706056311642
5073,1.0869301014381547,0.3140706056311642
5075,1.0869301014381547,0.3140706056311642
5077,1.0869301014381547,0.3140706056311642
5079,1.0869301014381547,0.3140706056311642
5081,1.0869301014381547,0.3140706056311642
5083,1.0869301014381547,0.3140706056311642
5085,1.0869301014381547,0.3140706056311642
5087,1.0869301014381547,0.3140706056311642
5089,1.0869301014381547,0.3140706056311642
5091,1.0869301014381547,0.3140706056311642
5093,1.0869301014381547,0.3140706056311642
5095,1.0869301014381547,0.3140706056311642
5097,1.0869301014381547,0.3140706056311642
5099,0.8410689755134287,-2.2687028641913938
5101,0.8386627790475449,-2.2992813135300487
5103,0.8421491283076754,-2.272874216285676
5105,0.8388876899259393,-2.298994086997683
5107,0.8423598706920808,-2.2725694456942054
5109,0.8390996950270412,-2.298687358605211
5111,0.8392660212916204,-2.298453230220466
5113,0.838933462832902,-2.298921366595373
5115,0.8396148273046226,-2.29794933554398
5117,0.8396301263924825,-2.297925029553868
5119,0.8423598706920808,-2.2725694456942054
5121,0.8415108431918943,-2.2514090591917357
5123,0.8409873203176932,-2.251047476269539
5125,0.8416861652838626,-2.2502758956419813
5127,0.8411630692985544,-2.2519615750600543
5129,0.8416861652838626,-2.2502758956419813
5131,0.8412784563341945,-2.2509236316240706
5133,0.8416861652838626,-2.2502758956419813
5135,0.8423695646781663,-2.254991191058607
5137,0.8423695646781663,-2.254991191058607
5139,0.8423695646781663,-2.254991191058607
5141,0.8417876733521151,-2.2558759131232313
5143,0.8403188086212793,-2.267556657859331
5145,0.8423095504233964,-2.255086536996645
5147,0.8423095504233964,-2.255086536996645
5149,0.842293866752178,-2.2551213972022466
5151,0.8474646422939351,-2.2814238307420016
5153,0.8474802216556998,-2.2813892023857525
5155,0.8474646422939351,-2.2814238307420016
5157,0.8474646422939351,-2.2814238307420016
5159,0.8418001843127721,-2.2564417000938395
5161,0.8413957188636679,-2.2570942104508203
5163,0.8417852216457471,-2.2564654716049333
5165,0.8418306274694239,-2.2590152059300603
5167,0.8418306274694239,-2.2590152059300603
5169,0.838433861074415,-2.267610677882444
5171,0.8409615301403891,-2.2543970823029995
5173,0.8413957188636679,-2.2570942104508203
5175,0.8418306274694239,-2.2590152059300603
5177,0.8419516342525696,-2.2557238142950706
5179,0.8424475168877645,-2.2660220666878
5181,0.8424335881604103,-2.266034389894573
5183,0.8419637449903491,-2.267336978134515
5185,0.8423160329057638,-2.2662211524573763
5187,0.8423160329057638,-2.2662211524573763
5189,0.8407541380470118,-2.266913976635208
5191,0.6085489213534918,0.13491208914094927
5193,0.6085489213534918,0.13491208914094927
5195,0.6085489213534918,0.13491208914094927
5197,0.6085489213534918,0.13491208914094927
5199,0.7721364970037339,-0.016297767712855925
5201,0.5913884828228942,0.18583195732471583
5203,0.7721364970037339,-0.016297767712855925
5205,0.7721364970037339,-0.016297767712855925
5207,0.7721364970037339,-0.016297767712855925
5209,0.7721364970037339,-0.016297767712855925
5211,0.7721364970037339,-0.016297767712855925
5213,0.7721364970037339,-0.016297767712855925
5215,0.7721364970037339,-0.016297767712855925
5217,0.7721364970037339,-0.016297767712855925
5219,0.7721364970037339,-0.016297767712855925
5221,0.7721364970037339,-0.016297767712855925
5223,0.7721364970037339,-0.016297767712855925
5225,0.7721364970037339,-0.016297767712855925
5227,0.7721364970037339,-0.016297767712855925
5229,0.7721364970037339,-0.016297767712855925
5231,0.7721364970037339,-0.016297767712855925
5233,0.7721364970037339,-0.016297767712855925
5235,0.7721364970037339,-0.016297767712855925
5237,0.7721364970037339,-0.016297767712855925
5239,0.7721364970037339,-0.016297767712855925
5241,0.7721364970037339,-0.016297767712855925
5243,0.7721364970037339,-0.016297767712855925
5245,0.7721364970037339,-0.016297767712855925
5247,0.7721364970037339,-0.016297767712855925
5249,0.7721364970037339,-0.016297767712855925
5251,0.7721364970037339,-0.016297767712855925
5253,0.7721364970037339,-0.016297767712855925
5255,0.7721364970037339,-0.016297767712855925
5257,0.7721364970037339,-0.016297767712855925
5259,0.7721364970037339,-0.016297767712855925
5261,0.7721364970037339,-0.016297767712855925
5263,0.7721364970037339,-0.016297767712855925
5265,0.7721364970037339,-0.016297767712855925
5267,0.7721364970037339,-0.016297767712855925
5269,0.7721364970037339,-0.016297767712855925
5271,0.7721364970037339,-0.016297767712855925
5273,0.7721364970037339,-0.016297767712855925
5275,0.7721364970037339,-0.016297767712855925
5277,0.7721364970037339,-0.016297767712855925
5279,0.7721364970037339,-0.016297767712855925
5375,-2.301819332827399,0.323987628068478
5377,0.5679935593215505,0.5407042716524552
5379,0.5652938475207475,0.5364822500631078
5381,0.565429044174117,0.5366970398957003
5383,0.5653917161284546,0.5366712163387749
5385,0.5653917161284546,0.5366712163387749
5387,0.5704610737693899,0.5344130529614677
5389,0.5704161074889995,0.5343416140641534
5391,0.5704161074889995,0.5343416140641534
5393,0.5704161074889995,0.5343416140641534
5395,0.5715200953503683,0.5359957451458429
5397,0.5656006584638597,0.5359298174347664
5399,0.563486490706153,0.5352123735545822
5401,0.5626834543245883,0.5339365723741327
5403,0.5625498066747243,0.533724243476744
5405,0.5851979370602395,0.3860410229349786
5407,0.5852089079950777,0.3878552379252407
5409,0.5851979370602395,0.3860410229349786
5411,0.5855473955149777,0.38659621510224235
5413,0.5847288840796768,0.38709261360089947
5415,0.5871800218659896,0.3909867889496291
5417,0.5879580627225697,0.39033533404624676
5419,0.5901578212324881,0.37864408968485985
5421,0.589211796753122,0.37905123451348516
5423,0.5902085606226088,0.37875686848180407
5425,0.5905809102312448,0.37739749195079014
5427,0.5896275492390693,0.37588286682653166
5429,0.6062079423947275,0.03135284128128812
5431,0.6629327321786389,0.06989095684138613
5433,0.6145320600873468,0.10054185093468684
5435,0.6814550665276647,0.07460475280128018
5437,0.6813306347868361,0.07440706541689847
5439,0.6813306347868361,0.07440706541689847
5441,0.6813306347868361,0.07440706541689847
5443,0.6764138849825269,0.06500499334173443
5445,0.6767409063636405,0.06552453924729296
5447,0.6767409063636405,0.06552453924729296
5449,0.5891971160639469,-0.06862082606940173
5451,0.5891971160639469,-0.06862082606940173
5453,0.5891971160639469,-0.06862082606940173
5455,0.5891971160639469,-0.06862082606940173
5457,0.5891971160639469,-0.06862082606940173
5459,0.5891971160639469,-0.06862082606940173
5461,0.5899623775964213,-0.060350209361774536
5463,-1.2730024926851369,-1.1219690311153923
5465,-1.2730024926851369,-1.1219690311153923
5467,-1.2732272276346357,-1.1223260723658772
5469,-1.2732536568770112,-1.1223680610719886
5471,-1.313344379605581,-1.1860610550089745
5473,-1.3132859359126448,-1.1859682042563189
5475,-1.3134261832104857,-1.1861910181564699
5477,-1.3134261832104857,-1.1861910181564699
5479,-1.2208810141170428,0.4291502749720721
5481,-1.0722009860713213,0.7032740149207702
5483,-1.094478658392055,0.6678809974972277
5485,-1.1285316156652927,0.6137803314696949
5487,-1.1285316156652927,0.6137803314696949
5489,1.0452716894475205,1.1842449697874695
5491,1.0451057503324432,1.1850711495851658
5493,1.0451057503324432,1.1850711495851658
5495,1.0451162213355851,1.1850877850931911
5497,1.0454035996643996,1.1857475666569919
5499,1.045331429424104,1.1855926363311455
5501,1.0453607301032308,1.1856391869506153
5503,0.9810128352099271,0.9338235624997998
5505,0.9810277107844619,0.9338471956451803
5507,0.981078292806242,0.93392755639169
5509,0.981078292806242,0.93392755639169
5511,0.9813400822243679,0.9335499920734149
5513,0.9811140024797826,0.9339842891185031
5515,0.9823106608921865,0.9267635290718667
5517,0.33639957339654786,-1.2132503774921792
5519,0.3358826449154928,-1.214071632894148
5521,-2.01401582402231,0.47350538257459535
5523,0.5841395483763082,0.09165940532174754
5525,0.5841395483763082,0.09165940532174754
5527,0.5850917681578519,0.07147100185820447
5529,0.5959952967226397,0.06390713143271
5531,0.9133821497133311,-1.9054061452294684
5533,0.913337409863489,-1.9056707462448308
5535,0.9134527665520753,-1.905673061087038
5537,0.9134194451559311,-1.905540415010357
5539,0.9266573501296763,-1.92205595841552
5541,0.9134194451559311,-1.905540415010357
5543,0.9133712088347737,-1.9054235272386775
5545,0.9133712088347737,-1.9054235272386775
5547,0.10089202952501462,0.7844297300385832
5549,0.10089202952501462,0.7844297300385832
5551,0.10089202952501462,0.7844297300385832
5553,0.10089202952501462,0.7844297300385832
5555,0.10089202952501462,0.7844297300385832
5557,0.10089202952501462,0.7844297300385832
5559,0.10089202952501462,0.7844297300385832
5561,0.10089202952501462,0.7844297300385832
5563,0.10089202952501462,0.7844297300385832
5565,0.10089202952501462,0.7844297300385832
5615,0.7988394675065703,1.2551185564936456
5617,0.7988394675065703,1.2551185564936456
5619,0.7988669280800725,1.2547339353774296
5621,0.7989468644456639,1.2546622130867817
5623,0.7989468644456639,1.2546622130867817
5625,0.7989468644456639,1.2546622130867817
5627,0.7989468644456639,1.2546622130867817
5629,0.7989468644456639,1.2546622130867817
5631,0.7989468644456639,1.2546622130867817
5633,0.7989468644456639,1.2546622130867817
5635,0.7989468644456639,1.2546622130867817
5637,0.7989468644456639,1.2546622130867817
5639,-2.8666071866161946,2.530680130921891
5641,0.728286638413484,1.1185176920747666
5643,0.728286638413484,1.1185176920747666
5645,0.728286638413484,1.1185176920747666
5647,0.728286638413484,1.1185176920747666
5649,0.728286638413484,1.1185176920747666
5651,0.7282003605808166,1.1183806206253406
5653,0.733739953117463,1.122236679922712
5655,0.7282003605808166,1.1183806206253406
5657,0.733739953117463,1.122236679922712
5659,0.728286638413484,1.1185176920747666
5661,0.7283650925891392,1.1186423339119376
5663,0.7282003605808166,1.1183806206253406
5665,0.7282003605808166,1.1183806206253406
5667,0.7260892668711626,1.1170130858964376
5669,0.7260892668711626,1.1170130858964376
5671,0.7260892668711626,1.1170130858964376
5673,0.7260892668711626,1.1170130858964376
5675,0.7260892668711626,1.1170130858964376
5677,0.7260892668711626,1.1170130858964376
5679,0.7260892668711626,1.1170130858964376
5681,0.7260892668711626,1.1170130858964376
5683,0.7260892668711626,1.1170130858964376
5685,0.7260892668711626,1.1170130858964376
5687,0.7260892668711626,1.1170130858964376
5689,0.7260892668711626,1.1170130858964376
5691,0.7260892668711626,1.1170130858964376
5693,0.7260892668711626,1.1170130858964376
5695,0.7553008197749743,-2.478259900113718
5697,0.758369986618261,-2.482842908123121
5699,0.7633079226531548,-2.5002107499627124
5701,0.7630099680778082,-2.5006499393714825
5703,0.7630099680778082,-2.5006499393714825
5705,0.7630099680778082,-2.5006499393714825
5707,0.7627154310502554,-2.500261717580333
5709,0.7627154310502554,-2.500261717580333
5711,0.76258632102372,-2.5012632760259277
5713,0.7612983126105028,-2.503173486537876
5715,0.7612063505147546,-2.503319588698383
5717,0.7613898295155309,-2.503520709050126
5719,0.7606748025464583,-2.504380985786254
5721,0.7561187005190023,-2.5027811762924643
5723,0.7562830366008085,-2.502090703817982
5725,0.7577783293123682,-2.4870311209280693
5727,0.7577783293123682,-2.4870311209280693
5729,0.7575985211231251,-2.4873167860677277
5731,0.7575985211231251,-2.4873167860677277
5733,0.7580170323224535,-2.488095008472681
5735,0.7580170323224535,-2.488095008472681
5737,0.7580170323224535,-2.488095008472681
5739,0.7580170323224535,-2.488095008472681
5741,0.7580170323224535,-2.488095008472681
5743,0.7580170323224535,-2.488095008472681
5745,0.7580170323224535,-2.488095008472681
5747,0.7579036755249616,-2.4881361267219453
5749,0.7609151577213219,-2.4966492158459572
5751,0.7608659586241304,-2.4967190796013536
5753,0.760639388890947,-2.4970873357212215
5755,0.7610624173253423,-2.501355886388968
5757,0.7610624173253423,-2.501355886388968
5759,-2.3575141181014994,2.1362753699043533
5761,-1.1391594918198926,1.770974254225376
5763,-1.1391594918198926,1.770974254225376
5765,-1.7445944494098817,0.21702499708381745
5767,-1.7445944494098817,0.21702499708381745
5769,-1.7445944494098817,0.21702499708381745
5771,-1.7445944494098817,0.21702499708381745
5773,-1.7445944494098817,0.21702499708381745
5775,-1.7445944494098817,0.21702499708381745
5777,-1.7474056659635462,0.21255875684862935
5779,-1.7474056659635462,0.21255875684862935
5781,-1.7474056659635462,0.21255875684862935
5783,-1.7474056659635462,0.21255875684862935
5785,-1.7485053129311765,0.21081172404714324
5787,-1.7485053129311765,0.21081172404714324
5789,-1.761945455028095,0.18945908107068662
5791,-1.7485053129311765,0.21081172404714324
5793,-1.7619303501593373,0.18948307850073423
5795,-1.761945455028095,0.18945908107068662
5797,-1.761945455028095,0.18945908107068662
5799,-1.761945455028095,0.18945908107068662
5801,-1.761945455028095,0.18945908107068662
5803,-1.761945455028095,0.18945908107068662
5805,-1.761945455028095,0.18945908107068662
5807,-1.761945455028095,0.18945908107068662
5809,-1.761945455028095,0.18945908107068662
5811,-1.761945455028095,0.18945908107068662
5813,-1.7619303501593373,0.18948307850073423
5815,-1.7619303501593373,0.18948307850073423
5817,-1.7619303501593373,0.18948307850073423
5819,-1.7619303501593373,0.18948307850073423
5821,-1.7619303501593373,0.18948307850073423
5823,-1.7619303501593373,0.18948307850073423
5825,-1.7619303501593373,0.18948307850073423
5827,-1.7619303501593373,0.18948307850073423
5829,-1.7619303501593373,0.18948307850073423
5831,-1.7619303501593373,0.18948307850073423
5833,-1.7619303501593373,0.18948307850073423
5835,-1.7619303501593373,0.18948307850073423
5837,-1.7619303501593373,0.18948307850073423
5839,-1.7619303501593373,0.18948307850073423
5841,-1.7619303501593373,0.18948307850073423
5843,-1.7619303501593373,0.18948307850073423
5845,-1.7619303501593373,0.18948307850073423
5847,-1.7619303501593373,0.18948307850073423
5849,-1.7619303501593373,0.18948307850073423
5851,-1.7619303501593373,0.18948307850073423
5853,-1.7625566159051282,0.18848811663337842
5855,-1.7625566159051282,0.18848811663337842
5857,-1.7625566159051282,0.18848811663337842
5859,-1.7625566159051282,0.18848811663337842
5861,-1.7625566159051282,0.18848811663337842
5863,-1.7625566159051282,0.18848811663337842
5865,-1.7625905357786185,0.18843422740042085
5867,-1.7625566159051282,0.18848811663337842
5869,-1.7625905357786185,0.18843422740042085
5871,-1.7625905357786185,0.18843422740042085
5873,-1.7625566159051282,0.18848811663337842
5875,-1.7625905357786185,0.18843422740042085
5877,-1.28378613197205,-1.5129382559076832
5879,-1.2835964945184843,-1.5126369748042727
5881,-1.2838809094246466,-1.5130888308862023
5883,-1.2838809094246466,-1.5130888308862023
5885,-1.2838809094246466,-1.5130888308862023
5887,-1.2838809094246466,-1.5130888308862023
5889,-1.2838809094246466,-1.5130888308862023
5891,-1.2838809094246466,-1.5130888308862023
5893,-1.2853936201799119,-1.5154921070160887
5965,0.29762633392881116,-1.2346636442206242
5967,0.29762633392881116,-1.2346636442206242
5969,0.29762633392881116,-1.2346636442206242
5971,0.29762633392881116,-1.2346636442206242
5973,0.29416568937785725,-1.2401616446905657
5975,0.29416568937785725,-1.2401616446905657
5977,0.29416568937785725,-1.2401616446905657
5979,0.2914233342484316,-1.2445184832991922
5981,0.2914233342484316,-1.2445184832991922
5983,0.2914233342484316,-1.2445184832991922
5985,0.2914233342484316,-1.2445184832991922
5987,0.288839252909448,-1.248623868930948
5989,0.288839252909448,-1.248623868930948
5991,0.288839252909448,-1.248623868930948
5993,0.28762231372725233,-1.250557246397801
5995,0.28762231372725233,-1.250557246397801
5997,0.28951729462504144,-1.2475466494661673
5999,0.28951729462504144,-1.2475466494661673
6001,0.288839252909448,-1.248623868930948
6003,0.28762231372725233,-1.250557246397801
6005,0.28762231372725233,-1.250557246397801
6007,0.2667119694452246,-1.283777960341837
6009,0.2542917437713735,-1.303510240148727
6011,0.2542917437713735,-1.303510240148727
6013,0.25477958938425493,-1.3027351893252785
6015,0.25477958938425493,-1.3027351893252785
6017,0.25477958938425493,-1.3027351893252785
6019,0.21612467712963518,-1.2969805767534053
6021,0.21612467712963518,-1.2969805767534053
6023,0.2216148343544949,-1.3554247493348017
6025,0.2216148343544949,-1.3554247493348017
6027,0.2216148343544949,-1.3554247493348017
6029,0.2216148343544949,-1.3554247493348017
6237,-0.9564433249186147,-0.8953817010471283
6239,-0.2617938440226857,0.20822287786222876
6249,-1.1190436169458595,-1.153708284091319
6257,-1.1190436169458595,-1.153708284091319
6281,-0.6704125951568649,-0.44095852539496894
6285,-0.6428921071804363,-0.39723613391569434
6359,-0.43847666995330215,-0.0724769298453741
6361,0.06764852143213335,0.7316150533429412
6363,-0.22091398734438278,0.273169585887038
6365,-0.3824880017727872,0.016473472149254702
6367,0.06764852143213335,0.7316150533429412
6369,-0.22091398734438278,0.273169585887038
6371,-0.3824880017727872,0.016473472149254702
6373,-0.9997605086746152,0.8771812529336515
6377,-1.1052388758736356,0.15324245673608566
6379,-0.6999825251555168,0.7714552971311099
6383,-0.6096301886334237,0.7074695718328605
6385,-0.4409136264578452,0.4495823148975447
6389,1.1326351279031501,-0.43927181579550933
6391,1.1326351279031501,-0.43927181579550933
6411,1.2916787777551726,-0.5893587316668035
6413,1.2861232574486239,-0.6184610307796715
6419,1.1307573118307133,-0.43767764971993683
6461,1.1489646969752174,-0.39073572229909226
6469,1.1492979067001778,-0.4195784079847948
6471,1.1511913182468148,-0.4165703043151085
6477,-0.7100035490893942,0.17712542281548777
6479,-0.7402380867809625,0.1290911621483858
6485,-0.5166917620682991,0.8165093464485381
6501,-0.4967240842066436,0.8598831851821601
6551,0.17643320382671684,1.0332946814548205
6639,0.9593970481820357,-0.8135342636791796
6641,0.3656771762395175,0.25212016575099006
6643,0.3305061874313098,0.04356059839375775
6645,0.5770483910551394,-0.2380567317914682
6647,1.1517369618118065,-0.4841162939893705
6649,0.42233702067127626,-0.525000229513486
6651,0.46116238920429065,-0.5456873114655962
6653,0.8449424088833472,-0.5474305544359823
6655,0.8489106922654933,-0.5112758585944623
6657,0.5928393186267954,-0.23104269871387986
6659,0.9533668170029415,-0.5330860073433795
6661,0.5765755572364482,-0.07185938157335338
6663,1.1610264362469507,-0.7666385190309264
6665,0.9690667108212719,-0.5475246369854764
6667,0.7235209899660051,-0.07467975476690826
6669,0.46045619957327955,-0.5468092501293339
6671,0.7379920778979319,-0.7636948084150127
6673,0.3652151383604414,-0.609546853166114
6675,1.0787731415886848,-1.0116384967048908
6677,1.1230707528359272,-0.9193657776457144
6679,1.00859439314172,-0.647080849435475
6681,0.9302533669626775,-0.5449653381752629
6685,0.7718158088103997,0.1502418578820904
6687,0.7750558026768154,0.14051727799701066
6713,0.6996122882215008,-0.8496544288151736
6731,-0.2438126659849055,1.0619710936616844
6733,-0.4394251867810874,1.053215223814107
6737,-0.46199651910782935,0.9716215239207984
6747,-0.20397732042999842,1.0013411997246175
6761,-0.20397732042999842,1.0013411997246175
6763,0.8485661844667302,-0.8051219384077729
6767,0.32036572801832336,-0.5234198485083731
6769,0.9449243262709588,-0.6006216198626912
6771,0.6019102914371885,-0.07612394186586066
6773,1.0212154870776877,-0.7157041143828725
6797,-1.0659266359736363,-0.3680562267225479
6813,-0.5505400039969617,1.1202843339759212
6821,0.007667599181148201,1.1150091989927011
6823,0.6989065187638308,-0.6180613315021459
6829,0.8265345900941466,-0.9851441328828353
6833,0.9238543506171475,-1.090573747052664
6835,0.858247538712818,-0.8655204947549607
6837,0.9806694158719729,0.2744907284417127
6839,1.4580766445773694,-0.10912225888981252
6841,1.4501902503621094,-0.13648728983486905
6843,0.858247538712818,-0.8655204947549607
6845,0.8044573051591764,-0.39263437120896705
6847,1.2428085496779064,-0.8423547577262238
6849,1.2759018413668197,-0.6061776057442753
6851,1.4436751501726306,-0.1519813242833457
6853,1.3751733188403625,-0.5446019658524991
6855,0.41245296897060374,0.4636341085748087
6857,0.8540392147515401,-0.6063116361104526
6859,1.4395534939376844,-0.1593406193318624
6863,1.3645430645616325,-0.56024283689015
6865,0.9727988524489051,0.26198659495975657
6867,1.1282468804152113,-0.5694482963011428
6869,1.159172904558936,-0.5835900851609307
6871,0.9605625839977606,-0.7264384886235377
6873,0.8723288082317289,-0.6653347456880319
6875,1.3636570337736427,-0.5647816491193576
6877,1.1270323961055584,-0.5920813036328739
6881,1.1201270104099859,-0.6030520384888755
6883,1.364048800635574,-0.5675801244030867
6885,1.387782322604249,-0.6279820501463266
6887,1.366170326517528,-0.5676160640684199
6891,1.0405355689480138,-0.9331050938127627
6893,1.428003775146329,-0.7027344681099066
6895,1.3718320612165344,-0.5800015671271582
6897,1.4164900061216887,-0.7385316838978857
6899,0.8819980355550248,-0.6914942860867078
6901,1.0403104202255824,-0.9988949756359362
6903,1.0403104202255824,-0.9988949756359362
6905,1.3428065060068661,-1.0845491973859436
6907,1.0893381131346214,-1.0900070899210221
6909,0.8858284174103263,-0.71466338773368
6911,1.4464503759905027,-0.2466324543789931
6913,1.3916098120565419,-0.6346037603956463
6915,1.4111667233968272,-0.7360484193860711
6917,1.399623648125956,-0.6432821328868045
6919,1.1012731759101813,-1.1392948629386896
6935,1.1379043741414363,-0.9023115367148883
6937,0.7102849754563209,0.4027021904126522
6941,1.1499184022441802,-0.7052070561653148
6943,1.1499184022441802,-0.7052070561653148
6945,1.1472485297987562,-0.7094487399740665
6947,1.1472485297987562,-0.7094487399740665
6949,0.9896944719756302,-0.2677290184337272
6975,-0.15694939414225767,0.9788274145090835
7057,0.9471726696732172,-0.9041048948147813
7059,1.0264719421239659,-0.7157568955048584
7061,1.1383103352456683,-1.2497565330335971
7063,1.01150415104611,-0.7677593797486156
7065,1.0819929234924797,-1.1827661989251654
7067,0.9957721709093531,-0.9246454176091232
7069,1.0624520962031374,-0.6064717416149327
7071,1.0830129657434002,-0.5478609706292134
7073,1.1170765864116636,-0.9819381440828051
7075,1.0917775392449534,-1.2907576938232614
7077,1.1190286939158056,-0.8905263479873864
7079,1.1851693360748015,-1.4279753242554212
7081,0.7590811033314704,-1.1485797176514194
7083,1.0657946869977337,-0.3841486809409369
7085,1.1320090356110195,-1.2039587338042348
7087,1.0641184731023392,-0.3864708703590758
7089,1.1320634745125426,-1.2321984920467972
7091,1.0678137259692448,-0.39246064743579984
7093,1.1081856489566595,-0.7975412358538323
7095,1.1181929419937853,-0.9095026429568742
7097,1.0681792582535194,-0.463442712837375
7103,1.1483196687513588,-1.75892859156204
7111,1.200664479073772,-1.1651669939845792
7115,1.243642847185289,-1.663550124016011
7119,-0.08188552515913212,0.49404709560385024
7121,1.2015051185267835,-1.189090112756943
7125,1.202954693829051,-1.0701389012629827
7127,1.2046909117222058,-1.4818013957688239
7129,1.115829132850069,-0.817814508034726
7133,1.2739967361186495,-1.759605116871944
7193,1.1932995313993884,-0.8355989144562563
7195,1.1755451821698193,-0.8809899768628884
7197,1.1868095591229626,-0.77721894036683
7215,-0.4062450465269227,1.3022484509645904
7217,1.2493646264906608,-1.0879240828220835
7219,0.3996193902934499,1.3829414812606802
7221,1.1772193762923058,-0.8262163077966453
7223,0.9186401850330268,-0.1103142447299308
7225,0.7936145565843122,-0.24402547101266872
7229,-0.5466877044114056,0.4744689333850123
7231,0.6495740161227957,-0.3181457737526456
7233,1.1604694390352364,0.34791018851563943
7235,0.19592272768262323,-0.21589645215390116
7237,0.48703197955934135,-0.2803330489536673
7239,1.2474734140187727,-0.7370450493437094
7241,0.6033524326159736,0.06023211127405621
7243,0.5102947764576214,-0.07761320131903686
7245,1.1770861356224973,-0.4085158593567296
7247,1.1428641783315256,-0.46749719733476264
7249,0.8511705036234818,0.024655521337373754
7251,0.46207603389706653,0.01908921133907883
7255,0.021503213235929602,0.41387426444154557
7257,0.6499026458245846,-0.5833552962748768
7259,0.8498993989564243,0.033359403656912805
7261,0.5580652236877013,-0.25602766774801866
7263,0.213689901942662,-0.22281236150894448
7265,0.5870176396481277,-0.20022071379045595
7267,0.8228692767908748,0.022411778365933475
7269,0.1669434583606796,-0.20124979715358676
7271,1.0588580003193744,-0.532151467199728
7273,0.2133650758819738,-0.2233284196617012
7275,1.182814868046084,-0.4180428792310288
7277,0.6080298575807773,0.4795904903201483
7279,0.49815684658750337,-0.3946662117382488
7281,0.5979099389929754,0.06404621329725192
7283,-0.4404140321047155,0.4031322688113645
7285,0.715878050321939,0.25176281449345195
7287,0.14665440615202427,-0.3263184883599126
7289,0.14665440615202427,-0.3263184883599126
7291,0.6685178446468002,-0.12822867123227644
7293,0.12734185543106472,0.00706889437484914
7295,0.7482074432255627,0.019297649631760772
7297,0.269768000004796,-0.16894739954582869
7299,0.6862093083833022,0.5471846488594946
7303,1.152760471128433,-0.4843882154184424
7305,0.12734185543106472,0.00706889437484914
7307,0.6873538074158478,0.5449276656333006
7309,0.8006468907115202,-0.3020123732058717
7311,0.7495538969745493,-0.11853349917403655
7313,0.26037220459370736,0.035743376309209006
7315,0.6403315371353756,-0.392695964084236
7317,1.0418223448143529,-0.4259978855928115
7319,0.7385532912955373,0.026534593729930084
7321,0.5076734991173794,0.09327014660372653
7323,0.2406500227959746,-0.3213784406532591
7325,0.8853559109863003,0.02798858210616187
7327,1.182694148589273,-0.4181294852290047
7329,0.04965260413081076,0.20607294740880513
7331,0.7636589838513741,-0.3530939348085528
7333,0.07294794652288436,0.569056607551926
7335,0.7604704848193553,0.2281096967193926
7337,0.03883753527071172,-0.10616797925012378
7339,0.7659530361625775,-0.4014482741680372
7341,0.4384281708593582,0.03184286730472433
7343,-0.23971318179750675,0.31808584062282635
7345,0.7642895689872047,-0.35685268956303634
7347,0.5538440896919207,0.039802885785841326
7349,0.5328387120965309,-0.035160394244004155
7351,0.5981144237388539,0.13137330103876746
7353,0.8502359891744888,0.023170838121838632
7355,0.27895313869133787,0.33984436446033306
7357,0.41341679316376284,-0.18313140993873633
7359,1.1188091923867178,-0.4123695699109771
7361,0.7006865954304651,0.11897138236498528
7363,0.41442997790294217,-0.09422005237639777
7365,0.8768528041380441,0.09161193504612536
7367,-0.07192087102229806,-0.26880158559942074
7369,0.11109862847447456,-0.3842407991690645
7371,0.43288120123089174,-0.04264614346930683
7375,0.8768528041380441,0.09161193504612536
7381,0.712716544388651,-0.6653549473349268
7383,1.3029167106136732,-0.7421447096266252
7385,0.6857140256634274,-0.212934769253779
7387,1.1369986350242234,-0.7438066238097845
7391,1.130386977343348,-0.7363671309358212
7393,0.8302947458223736,-0.39222608420386035
7395,1.241154566146369,-0.753006824005582
7403,0.8064214351475981,-0.2858538331603732
7405,1.13866022492144,-0.7634133991360259
7409,-0.32282930961388845,0.9069532428671014
7411,-1.574543098741309,0.16311366340036945
7421,-0.7277836642608074,1.0166839441661557
7423,-0.2836639949789829,0.49711236727591307
7427,-0.8135053216489012,1.3947678028854213
7435,-0.3920476170406643,0.9061817928908492
7437,-0.39749128600554146,0.8975333188605277
7439,-0.42837530836374027,0.8484672079268702
7447,1.2303434091896994,0.922993487956058
7449,0.3855843935407575,1.2583437326514806
7451,-0.52145034688668,0.39973690695303715
7453,-0.3945607889152302,1.6175471290510872
7459,-0.3945607889152302,1.6175471290510872
7461,-0.3945607889152302,1.6175471290510872
7465,-0.2294065925811414,0.9749224703843465
7469,-0.23341415914382513,0.9685555631448028
7471,-0.4036761501259221,1.6030653585363277
7473,0.9969385263623549,2.2296151995888542
7481,0.4401463586478879,1.3450275007712804
7483,-0.41544724665926536,1.584364364163991
7485,-0.41254400463560065,1.5889768072437231
7495,-0.4183249091256387,1.5797925598773892
7505,-0.6319942792282537,1.2988974123481887
7523,-0.40416665810183855,0.30266341483154985
7525,-0.39759836112687313,0.014084436496428987
7529,-0.43428648571489054,-0.044202776551958096
7569,-0.9513651472171588,-0.8873138908522457
7641,-0.27312258350530594,0.1902246656557414
7679,-0.9573582066851675,-0.8968351933975804
8237,-0.6218927636034933,-0.3638740248765939
8653,-1.1848888037908356,-1.2583179493969556
8751,-1.3729237523995512,-1.5570531186968997
8757,-1.3740735729471036,-1.5588798633445264
8825,-0.41530294061758566,-0.03566032735929991
8893,-0.3181244736166572,0.11872919441115375
9137,-0.40555258738915867,-0.02016973136116168
9219,0.018809576441455315,0.6540235704395092
9351,-1.0425221716382476,-1.0321370172168034
9353,-1.0435763282621182,-1.0338117785302232
9355,-0.9102680969679673,-0.8220221227274377
9441,-1.0501747865635163,-1.0442948912301313
9443,-0.9191171064511228,-0.8360807345208653
9601,-1.2077412344292369,-1.2946240977283716
10351,-0.13127946191818712,0.41557388533477163
10459,-0.43623190113702026,-0.06891061732031943
10709,-1.332223022770805,-1.4923909936704718
10713,-1.3335251344373706,-1.494459686496126
11081,-1.0361247675611744,-1.0219733236896942
11421,-1.0730752432895336,-1.0806773396404465
11819,-1.1283760397562872,-1.1685349050406668
12093,0.018809576441455315,0.6540235704395092
12097,-0.5723946608167331,-0.2852353237976839
12641,-1.1321426186327028,-1.1745189499570687
12839,-0.47644858484209807,-0.13280372817131975
13243,0.19485261259432513,0.9337069303591569
13621,-0.2946652853461474,0.15599931164990816
13625,-0.2946652853461474,0.15599931164990816
13685,-0.7717130955908413,-0.6018968103852014
13693,-0.7765163082890212,-0.6095277777622298
13735,-1.1390244996527021,-1.185452342429175
13739,-1.1387624759105288,-1.1850360596713267
13997,-1.2594502402108827,-1.3767753079731013
14183,-0.30108326732305224,0.3697158641013762
14187,-0.23697578039677225,0.4715648081514957
14189,0.1250966252938908,0.8228840922108969
14191,-0.25077994054322367,0.4280167244436321
14193,0.15544582050687786,1.3970314017337906
14195,0.1250966252938908,0.8228840922108969
14197,0.6507343016451896,1.9599939316194779
14205,-0.07144277716692488,0.7345506525941636
14207,0.15494780978623884,1.0942222499316412
14209,0.3047486769202082,1.108301172677941
14211,0.3047486769202082,1.108301172677941
14213,-0.2540169866903772,0.22057813846127336
14215,0.8861855194131273,1.0893028338729116
14217,1.2935254206960818,0.6716265345643345
14219,1.0452332454924407,0.4291241380423788
14223,0.8826559143715756,1.0301754791861455
14225,0.67839877446592,1.4268484991315697
14227,0.39420048842589706,1.8609254462875569
14229,0.9222528967388578,1.0873983827881781
14231,0.6786368750240267,1.5030391137069188
14233,0.6007930520845165,1.242444754227996
14235,0.4528189992328305,1.593042572253644
14237,0.9206482022448181,1.00320815709822
14239,0.44451769501256805,1.5835865414807955
14241,0.9645530856766124,1.2071077288981247
14243,0.9645530856766124,1.2071077288981247
14247,1.3269822542136225,1.0357136810712926
14251,0.8119884484413213,1.4798707433542098
14255,0.7705479394091913,1.8699436022513767
14259,0.5475805008501,1.729014510873988
14261,0.9580698522452059,0.9799686568209579
14267,0.3430137574214124,1.6236728291612548
14271,-0.07716774863469689,1.195719989999117
14275,1.3063128407644151,0.837293719871977
14283,0.9560760043783572,0.42392198789151836
14293,0.6090272287495268,1.6486137001021461
14339,1.1923372557109015,-0.026570630076013575
14401,0.8409409205240633,1.3248470053835397
14407,1.0737162668818705,1.3588447776587471
14409,0.8409409205240633,1.3248470053835397
14411,1.0061373401529659,1.368990592513689
14417,0.6920872777456785,1.389428311241757
14419,0.49828064516815135,0.12247736711834352
14427,1.1085631120654547,0.7878399979124273
14429,0.5575746098544249,0.8898633467874653
14431,0.9985319523567053,1.3578117809051504
14441,0.9123781120664006,1.023392088010983
14445,1.0075632902653602,1.3721600617918124
14459,0.3789522716943427,-0.13502492466553348
14465,0.29016062026387024,1.1714717960249332
14469,0.5493054953421211,0.8767260266133614
14473,0.6839274742280173,0.18865670409176452
14475,0.8513032490678661,0.007994422937148277
14477,0.7645928211995842,0.347412989791632
14479,0.39247737652884235,-0.11120090440731328
14481,0.4031604662762896,-0.092612538080195
14483,0.3846815972002696,-0.12491037571953303
14485,0.42418761534344723,-0.05579456402475086
14487,0.4405106256469078,-0.02720525858456666
14489,0.4344738154258981,-0.03796257086875787
14491,0.429296413806771,-0.04677971085055507
14493,0.8718567165045606,0.44098394554206577
14523,0.6285748071432918,1.1040444870451678
14525,1.060872439065364,0.303501549139819
14531,1.1031602388091921,0.28207672694245356
14535,1.0407351912626988,0.3235594460083416
14541,0.7925246388980582,0.0018399838887432826
14543,0.7925246388980582,0.0018399838887432826
14547,1.05888694616004,0.3003471538340283
14551,1.2280481361117233,-0.25391664397899993
14553,1.2173951486575918,-0.24901819018436336
14555,1.0430358057516358,0.31867409990638595
14569,1.1165678287621061,0.3648250464236566
14571,1.0430358057516358,0.31867409990638595
14573,0.7919666714225803,0.0011678728079457558
14603,0.9147483783700915,0.4971598622670774
14607,0.9966280516842665,0.44127124504609966
14609,1.0040800045168359,0.49670818160066604
14611,0.9746326528653716,0.7649979835548248
14633,0.68919930071363,0.9291847517006491
14637,1.0548848873189034,0.9533312745201608
14639,0.7698748979409468,0.8869690884158069
14641,1.037389399499386,0.7048761083643132
14653,0.5395771001131309,0.9613215094285184
14661,0.10810473508017189,1.4971526772085655
14663,0.5862583235745169,0.5276241676434351
14687,0.8387594969674712,0.3187717335468708
14713,0.562664076270015,0.48957637754652594
14721,-0.15133423067811674,1.0863125087632757
14729,0.45923183028551007,-0.07250262906560594
14761,-0.07663364871168568,0.7389490063311839
14763,-0.7442590675075846,-0.25626205371514627
14767,-0.266708259561872,0.700719485159256
14771,0.5930392042567139,1.732366907862604
14781,0.7749721460916437,0.26174666204471986
14787,-0.07148257099858321,1.05411297261235
14789,0.8368682282186309,0.26329831650655244
14791,0.8061111742681667,0.6329939654586282
14795,-0.07148257099858321,1.05411297261235
14801,1.0643548447767441,0.26832795591202996
14803,0.2927833822327976,0.3501838595803257
14805,0.5973104483213713,0.14982581501963296
14809,0.6424907980435741,0.6386117444260265
14811,0.592043393382956,-0.09910819633306822
14823,0.9582812512261656,0.5963958767339853
14835,0.4448352865865592,1.12328092760452
14913,0.4715907503477826,1.3733667651144637
14937,0.3776301672784719,1.2240895647938899
14939,-0.38027343897688054,1.768985824552303
14941,0.7804687144846865,0.8565181144532467
14943,-0.26342672759103164,1.401128493539282
14947,0.7889262199544407,0.735530976367948
14949,0.6000024472157257,0.8428885002958432
14951,-0.17786950997498294,1.4326417606581192
14953,-0.3169112003202789,1.6115830505631774
14955,0.5799416384332804,0.7446284886249099
14961,0.3683202495054173,0.9934923021315148
14965,-0.24031277249603444,1.3406556670131313
14975,-0.3169112003202789,1.6115830505631774
14977,0.5360931212196105,0.8105260740278322
14983,0.7553525605839924,0.43861232375625864
14985,0.8205298665449241,0.42260252111493035
14987,0.7559027317348466,0.4379267221124104
15015,-0.2785002619992367,0.8147073654669493
15041,0.986144710313413,-0.699481773583075
15049,0.7128794853698573,0.42275521593070786
15055,1.0464994022788752,-0.6587135834893328
15059,1.1091541901779112,0.6002692464461467
15061,0.8287763394780195,0.39266490699979123
15079,1.0955577854526157,0.058716264861084035
15093,0.8164195639858743,1.4933282212644978
15111,1.1495464813517182,0.016974962933852273
15119,0.9617884835609906,-0.02008473522118671
15121,1.034669842237356,0.06624771840747992
15129,0.9562122652688918,0.971666227614598
15131,0.8306017724104787,1.099530172129188
15133,0.9292356142385315,0.9790673853177859
15135,0.9738968376905333,0.9870630955248212
15139,1.0606271197471238,0.798166710513714
15155,0.55673250204475,2.1262771381865444
15157,0.5540758107105873,2.054075106083049
15183,1.0814956715295878,1.1316545991007432
15211,1.3558249399006679,0.7311049197371348
15217,0.45548321017669585,0.6517270530301246
15219,1.289974798313526,0.8896545826869665
15221,0.9878739083802777,0.6612082268893856
15223,1.2398586978589863,0.898693824448425
15231,1.212844328129888,0.5003432247082027
15245,0.9462504748954644,0.4869314459480774
15249,0.9557681610064,0.7678437591598243
15251,1.2525972110085701,0.37746867075076124
15261,1.2485278580100574,0.3404176106422501
15263,1.2351155453870335,0.08478106685385235
15271,1.2712021226354584,-0.08532889605805119
15273,1.0862020749379144,0.04303108920005705
15275,0.9213560914626789,0.7131725637402052
15281,1.1141395730005719,0.14598094289659713
15285,1.127119418233958,0.21418065209263934
15311,1.002782642354789,0.8404982413968348
15313,0.9869300275070665,0.8311315622809444
15315,0.8751230839776906,1.2060236710822294
15317,0.9849324739512576,0.8282622708916549
15319,0.9953663194350949,0.8497577513675219
15323,0.9650015600434984,0.8220664706156341
15325,0.9676287041803793,1.0842419379280495
15327,1.041238129514483,0.6278542014154486
15329,1.0448573342899925,0.6293956927774034
15333,1.0429685184538442,0.6503854423961456
15335,1.0429685184538442,0.6503854423961456
15337,1.0418144092066883,0.6485518841991678
15339,1.0404424855345888,0.6455319584728622
15341,1.048367035937149,0.548107404333544
15343,1.0431129533720884,0.558458158746429
15347,1.045913039308375,0.5577879921990158
15351,0.7612404395666276,0.14593883418811462
15353,0.7886659151420962,0.12382064397652381
15363,1.051513413825068,0.7034887869621298
15367,1.3019083908322873,1.0777431210287614
15369,-0.09819461212864226,1.6575462310154017
15375,0.6245533616092438,1.3581258285669646
15381,1.129984899728084,0.49560098973321637
15385,1.1237405277918684,0.49945979236538907
15391,0.07420633101400581,1.586227345387508
15393,-0.16398187450200516,1.8143819567330275
15395,1.072148235114743,0.6751430185026969
15397,1.0666125653011935,0.6793442802813509
15399,-0.4546336595886738,1.8481591903760415
15401,-0.4737527927828587,1.869970310800019
15403,1.0494571493133273,0.3842203442356495
15405,0.6097658481413656,1.4027802762557064
15407,0.1245182761033229,1.3967316277786197
15417,1.0705267535981353,0.32716310306037405
15419,1.126275409803752,0.33852681138710045
15443,0.40827892591280845,1.5600417980795762
15445,1.3132137196786966,1.1157668193195476
15459,0.35148721224705465,1.1825556895483742
15465,0.7323859441590413,1.4038294495795336
15485,0.8449684837661724,1.8495792946310234
15495,0.9425226831637568,0.8727802276414941
15541,0.790431391925169,1.0722698304983147
15563,0.6635692677572247,1.6783671670323226
15581,0.8179262795937734,0.5578233102079586
15663,1.1360307123042879,0.8378167155583444
15673,1.1300376528362794,0.8282954130130097
15685,0.9898780144649088,0.9130601500664738
15707,0.6567119334469995,0.8252689812960833
15785,0.269441048712967,1.7877334710655952
15853,0.9168312856731952,0.9181447796276923
15855,0.9506257470997868,0.963733646840499
15915,0.9259596395845835,1.1883821692325847
15993,1.0511041193476074,1.2731549149163834
16145,0.8909942748632359,0.4342916914104803
16279,0.829417161087547,0.9669948073281268
16379,0.5402318866124075,1.4085985144826365
16403,0.7589545036911227,1.24184508459658
16409,0.7859141084652429,1.2912091333183606
16517,0.6062478049303675,1.2772700103939405
16553,0.4666833798470178,0.85581600701027
16599,0.6914749604233577,1.3279597914621704
16601,0.48058388519277717,0.8779000389870143
16645,0.7355233146607921,0.7545885912765444
16647,0.15230511955903217,1.168128764020312
16733,0.7890684313502521,1.315325270551206
16735,1.0777532074563987,0.9128194943529973
16739,0.5545924786274068,2.3075555934738667
16761,0.70251609064768,0.9949744110874319
16763,0.6864965351558175,0.6686828512297222
16767,0.7281860228717506,0.43172088191312025
16781,0.5441573524560278,1.5102720049139
16783,0.6735264748477723,0.6568914465968373
16795,1.0029050164180844,0.9860920688531583
16797,0.9473684036216851,1.3743453228901872
16799,1.0029050164180844,0.9860920688531583
16803,0.9403445117002942,1.369214994841206
16805,0.9448755655015612,1.3823231728997023
16819,0.9816356126136366,1.331976188828401
16829,0.952461779928164,1.2984769277285921
16831,0.9969903370214935,0.8014477703563041
16833,1.0273798925920785,0.4490606399902571
16835,1.0220787797518125,0.7252036638181732
16839,0.9796032826905626,0.7537233747922326
16841,1.0228748201036484,0.4419033343803289
16843,0.7464141008115437,0.8886897631900783
16845,0.7464141008115437,0.8886897631900783
16863,0.9840375187340419,0.7025858692199768
16865,1.0508873427876264,0.48640743198789915
16867,1.0221848158056912,0.6712458335914548
16869,0.9401503579074602,0.7302546671615286
16871,1.0588835155514,0.19709317227924722
16873,1.0637223088996617,0.20478066740074333
16895,0.23161598982522907,1.2053979750452548
16919,0.6467212538005797,1.2345985087881806
16921,0.7610240476357938,1.7880882118220622
16923,0.6040207542316356,1.5837611621313674
16925,0.9098121134591192,1.2314401310155116
16927,0.7961472968962099,1.2262259585713118
16929,0.833142257438655,0.8899603889899051
16931,0.9166837509961037,1.0575680532608687
16933,0.888494180723315,0.9617341181693781
16935,0.9519554189273873,1.1783869839437136
16937,0.8253254592963521,1.2031174361489207
16939,1.2552847695004006,1.3134256298207487
16941,0.7561565797808821,1.2549814073357426
16943,0.9014905957833094,1.0678678417864402
16945,0.08411047886741278,1.7789292146145856
16947,0.9921916737275588,0.8685874122606106
16951,0.7995740483460192,0.9373377354545224
16953,0.7769745091528963,1.0019676129823203
16955,0.5452191912319562,0.9719720544765008
16961,0.6040207542316356,1.5837611621313674
16963,1.2941829309399917,1.1862409173362745
16967,0.9251298229484871,0.9341905648726184
16971,0.7659092624980214,1.265022259488864
16973,0.09461963228002201,1.8150299357036044
16977,0.7890961195873127,1.0572895766071637
16979,0.16945450861533984,1.7697571298517247
16981,0.7659092624980214,1.265022259488864
16985,0.9219557204445292,0.9291477999190225
16987,1.0242363228815399,0.9324362002849489
16989,1.0257931443812394,0.92597924022687
16993,0.919095945685591,1.075832616295276
16995,0.6065993832170606,1.0101912943875135
17013,1.442234258738523,1.0534792254119838
17015,1.442234258738523,1.0534792254119838
17637,-0.5890243385305693,0.6254158807326115
17641,-0.33599168827119724,0.6472133197552753
17643,-0.6349319478238605,0.5200325862678172
17645,-0.6321522495385153,0.524448752751864
17649,-0.5926676298982791,0.7125275929777705
17651,-0.31404781043027585,0.9840939821588575
17653,-0.3319801477239699,0.8761633795911914
17655,-0.3278482115355786,0.7854998117983568
17657,-0.7287715413498153,0.6259733313451376
17659,-0.37211073368036707,0.7609131288519458
17661,-0.599009820962441,0.7024516175524388
17665,-0.20761842835309086,0.9293457064979744
17667,-0.599009820962441,0.7024516175524388
17669,-0.3902492547833405,0.6863619315423602
17677,-0.600576311145642,0.6999629008880749
17681,-0.47451631465883126,0.937625196935146
17687,-0.23679634813194028,1.0083388927553298
17689,-0.23679634813194028,1.0083388927553298
17697,-0.7115158141961808,0.859173458465098
17705,-0.1936946544325085,0.9986324549048835
17709,-0.2321634679419767,1.0156992492110606
17715,-0.2321634679419767,1.0156992492110606
17717,-0.1311834260683081,1.240907590858404
17719,-0.13752561713246994,1.2308316154330718
17771,-0.1903755392957874,0.7235047705180898
17781,-0.1903755392957874,0.7235047705180898
17997,0.681274627367739,1.0421608590959293
17999,-0.5843831074702488,0.3183676149792596
18001,0.6838125536472149,0.04914885679859745
18003,0.5769952886972447,-0.0243870470313773
18005,1.0849214559478852,0.8326373989661134
18011,0.3798139308283821,1.5404132375634532
18015,0.3877080898979662,1.7052783276657884
18021,-0.2495160809488626,1.2795906042389584
18031,-0.2262411466790082,0.9160787874472373
18035,0.31012096501046243,0.533272556863968
18043,0.783945814219133,1.8277390194874725
18049,0.1477899613080115,1.1479270785180078
18051,-0.5897090136299802,0.5360234818232018
18053,0.6777747385233226,-0.14006628293500206
18061,0.7465051014599149,1.2420910011434574
18151,-0.4096093313549052,0.05156825836463437
18153,-0.40462278293644666,0.05949049514578979
18159,-0.4096093313549052,0.05156825836463437
18315,1.089048316810518,-0.061854078754819235
18323,1.1027618828232313,-0.08052572801955077
18333,1.0943136119338595,-0.08676299428402198
18343,0.09111265026395093,0.7768956379454274
18349,1.1340563229805223,-0.16637959622568282
18351,1.1303822981888538,-0.1716670352139741
18353,1.0978160676971545,-0.1658429370109023
18357,1.0981622389824501,-0.1652929672404706
18359,1.0817222990950839,-0.16881146121719107
18363,1.1259777565358935,-0.10452790929592456
18367,1.0970948313247293,-0.1480116537786234
18371,1.0632720272620069,-0.17012543983473136
18373,1.0828718637950443,-0.16415695109101494
18377,1.0515208355562016,-0.10897087722324422
18381,1.063175301211879,-0.11216041166433674
18383,1.0850500487089603,-0.16030576653064538
18389,1.0984233884322296,-0.13971309145759367
18393,1.0630471733577334,-0.12505733305754738
18403,1.1107057455434628,-0.17026049443378216
18413,1.1226741991206368,-0.2087693241398437
18417,1.1153683503705676,-0.22024272028860065
18419,0.933135016962775,-0.09536754151078562
18421,0.7963740683950143,0.6957074419827591
18423,0.7829459145392657,0.286406083716687
18645,-0.44338866287804113,1.590543987672073
18647,-0.6345390670735045,0.31702722864869964
18649,-1.4505023871656022,0.576040734631178
18651,-1.0054619716729414,1.0317154905403574
18653,-1.0109766665328688,1.0229541761421166
18655,-0.7335585630263176,-0.5196627660053846
18657,-0.9920447185974819,1.053031769235858
18659,-1.0970035369781503,1.4442278942198408
18661,-1.0966030310087724,1.4448641866721377
18663,-1.0970035369781503,1.4442278942198408
18665,-0.9915174988266642,1.0538693746313377
18667,-1.0173762133926116,1.0127870783300676
18669,-1.0173762133926116,1.0127870783300676
18671,-0.9977784928215431,0.8685113088403106
18673,-0.9676570536814735,0.9163658874048073
18675,-0.9687623426452695,0.9146098910425985
18677,-0.968272242731156,0.8899941504573239
18679,-0.966621291058707,0.8926170529072373
18681,-0.966621291058707,0.8926170529072373
18683,-0.7502707689702386,-0.5462138072292256
18689,-0.9655160020949108,0.8943730492694458
18705,-0.9785388265554071,0.8736834078025005
18707,-0.9785388265554071,0.8736834078025005
18709,-0.9785388265554071,0.8736834078025005
18711,-0.9785388265554071,0.8736834078025005
18717,-1.153166440606411,-0.9059019968986205
18721,-1.1523828834682661,-0.9046571428113788
18735,-1.1539481224564339,-0.9071438716752674
18753,-1.1570562751157303,-0.912081860691433
18769,-1.1677076291282347,-0.9290038960244518
18771,-1.1669582309170154,-0.927813310959504
18783,-1.1684553118136238,-0.9301917555965957
18873,-0.028437459214301422,0.880979139607046
19009,-0.052058296870492,0.8434522065106228
19157,-0.4001647018328556,0.4670772459655537
19195,-1.0350462440370518,-1.020259850157478
19197,-1.0310609052408033,-1.0139282566488041
19199,-1.0310609052408033,-1.0139282566488041
19205,-1.0310609052408033,-1.0139282566488041
19207,-0.24605043132625073,0.23323477640570167
19215,-1.033240752556565,-1.017391426988894
19219,-1.033240752556565,-1.017391426988894
19231,-0.7568645124324899,-0.5783065467852948
19239,-1.033240752556565,-1.017391426988894
19245,-1.033240752556565,-1.017391426988894
19247,-1.033240752556565,-1.017391426988894
19259,-1.033240752556565,-1.017391426988894
19261,-1.033240752556565,-1.017391426988894
19281,-0.5493300752003618,-0.24859212028726824
19283,-0.5493300752003618,-0.24859212028726824
19285,-0.5493300752003618,-0.24859212028726824
19287,-0.5493300752003618,-0.24859212028726824
19289,-0.6476429193366933,-0.40478385142413004
19291,-0.5493300752003618,-0.24859212028726824
19293,-0.5493300752003618,-0.24859212028726824
19295,-0.4104641472693243,-0.02797283223780376
19297,-0.5493300752003618,-0.24859212028726824
19299,-0.5493300752003618,-0.24859212028726824
19301,-0.5493300752003618,-0.24859212028726824
19303,-0.5493300752003618,-0.24859212028726824
19305,-0.5493300752003618,-0.24859212028726824
19307,-0.5493300752003618,-0.24859212028726824
19309,-0.6476429193366933,-0.40478385142413004
19311,-0.5493300752003618,-0.24859212028726824
19313,-0.5493300752003618,-0.24859212028726824
19315,-0.5493300752003618,-0.24859212028726824
19317,-0.5493300752003618,-0.24859212028726824
19319,-0.5493300752003618,-0.24859212028726824
19321,-0.5493300752003618,-0.24859212028726824
19323,-0.5493300752003618,-0.24859212028726824
19325,-0.5493300752003618,-0.24859212028726824
19327,-0.5493300752003618,-0.24859212028726824
19329,-0.5493300752003618,-0.24859212028726824
19331,-0.15874206552103018,0.3719434560054638
19333,-0.5493300752003618,-0.24859212028726824
19335,-0.15874206552103018,0.3719434560054638
19337,-0.5493300752003618,-0.24859212028726824
19339,-0.5493300752003618,-0.24859212028726824
19341,-0.48236921663997884,-0.14220996331850533
19343,-0.15874206552103018,0.3719434560054638
19345,-0.15874206552103018,0.3719434560054638
19347,-0.5493300752003618,-0.24859212028726824
19349,-0.5493300752003618,-0.24859212028726824
19351,-0.15874206552103018,0.3719434560054638
19353,-0.21208608300013845,0.2871946674921036
19355,-0.4104641472693243,-0.02797283223780376
19357,-0.5493300752003618,-0.24859212028726824
19359,-0.15874206552103018,0.3719434560054638
19361,-0.4104641472693243,-0.02797283223780376
19363,-0.21208608300013845,0.2871946674921036
19365,-0.15874206552103018,0.3719434560054638
19367,-0.15874206552103018,0.3719434560054638
19369,-0.4862575075277067,-0.14838737472647678
19373,-0.5493300752003618,-0.24859212028726824
19377,-0.15874206552103018,0.3719434560054638
19379,-0.5493300752003618,-0.24859212028726824
19381,-0.6344081866248078,-0.38375754675801294
19383,-0.5493300752003618,-0.24859212028726824
19385,-0.5493300752003618,-0.24859212028726824
19387,-0.5493300752003618,-0.24859212028726824
19389,-0.5493300752003618,-0.24859212028726824
19393,-0.5493300752003618,-0.24859212028726824
19395,-0.6476429193366933,-0.40478385142413004
19397,-0.15874206552103018,0.3719434560054638
19399,-0.5493300752003618,-0.24859212028726824
19401,-0.5493300752003618,-0.24859212028726824
19405,-0.15874206552103018,0.3719434560054638
19407,-0.5493300752003618,-0.24859212028726824
19409,-0.5493300752003618,-0.24859212028726824
19411,-0.5493300752003618,-0.24859212028726824
19413,-0.4104641472693243,-0.02797283223780376
19415,-0.21208608300013845,0.2871946674921036
19417,-0.15874206552103018,0.3719434560054638
19419,-0.15874206552103018,0.3719434560054638
19421,-0.5493300752003618,-0.24859212028726824
19423,-0.5493300752003618,-0.24859212028726824
19425,-0.15874206552103018,0.3719434560054638
19427,-0.5493300752003618,-0.24859212028726824
19429,-0.5493300752003618,-0.24859212028726824
19431,-0.5493300752003618,-0.24859212028726824
19435,-0.9304078021822512,-0.5520005543474134
19437,-0.7077804548020892,-0.5003256481563984
19439,-0.9065535353384552,-0.8161207187305842
19441,-0.7077804548020892,-0.5003256481563984
19443,-0.922785076660264,0.005963464836508913
19445,-0.922785076660264,0.005963464836508913
19447,-0.922785076660264,0.005963464836508913
19449,-0.922785076660264,0.005963464836508913
19451,-0.922785076660264,0.005963464836508913
19453,-0.922785076660264,0.005963464836508913
19455,-0.922785076660264,0.005963464836508913
19459,-0.922785076660264,0.005963464836508913
19461,-1.027575507622971,-0.005109012355935146
19463,-0.922785076660264,0.005963464836508913
19465,-0.922785076660264,0.005963464836508913
19473,-0.922785076660264,0.005963464836508913
19475,-1.077488437558414,-0.18163482198602054
19477,-0.922785076660264,0.005963464836508913
19481,-0.9289636587558688,-0.0038525814996686627
19483,-0.9289636587558688,-0.0038525814996686627
19485,-0.9289636587558688,-0.0038525814996686627
19487,-0.9289636587558688,-0.0038525814996686627
19489,-0.9289636587558688,-0.0038525814996686627
19495,-0.9289636587558688,-0.0038525814996686627
19501,-0.9289636587558688,-0.0038525814996686627
19503,-0.9289636587558688,-0.0038525814996686627
19505,-1.0321610817945155,-0.012394212722194247
19507,-0.9289636587558688,-0.0038525814996686627
19509,-0.9289636587558688,-0.0038525814996686627
19511,-0.9289636587558688,-0.0038525814996686627
19517,-0.9289636587558688,-0.0038525814996686627
19519,-0.9289636587558688,-0.0038525814996686627
19521,-0.9289636587558688,-0.0038525814996686627
19523,-0.9289636587558688,-0.0038525814996686627
19525,-0.9289636587558688,-0.0038525814996686627
19533,-0.8787162040934265,-0.7718949515321305
19535,-0.8787162040934265,-0.7718949515321305
19537,-0.06827469839298378,0.5156709089873857
19539,-0.8781345252627417,-0.7709708258563
19541,-0.8781345252627417,-0.7709708258563
19543,-0.8781345252627417,-0.7709708258563
19545,-0.8781345252627417,-0.7709708258563
19547,-0.8781345252627417,-0.7709708258563
19549,-0.8781345252627417,-0.7709708258563
19551,-0.8781345252627417,-0.7709708258563
19553,-0.8781345252627417,-0.7709708258563
19555,-0.8781345252627417,-0.7709708258563
19557,-0.8781345252627417,-0.7709708258563
19559,-0.8781345252627417,-0.7709708258563
19561,-0.8781345252627417,-0.7709708258563
19563,-0.8781345252627417,-0.7709708258563
19565,-0.8781345252627417,-0.7709708258563
19567,-0.8781345252627417,-0.7709708258563
19569,-0.8781345252627417,-0.7709708258563
19573,-0.8781345252627417,-0.7709708258563
19575,-0.4995131704584695,-0.16944693168173539
19579,-0.4995131704584695,-0.16944693168173539
19581,-0.8781345252627417,-0.7709708258563
19583,-0.06827469839298378,0.5156709089873857
19585,-0.06827469839298378,0.5156709089873857
19587,-0.8781345252627417,-0.7709708258563
19589,-0.8781345252627417,-0.7709708258563
19591,-0.8781345252627417,-0.7709708258563
19593,-0.8781345252627417,-0.7709708258563
19595,-0.8781345252627417,-0.7709708258563
19597,-0.8781345252627417,-0.7709708258563
19599,-0.8781345252627417,-0.7709708258563
19601,-0.8781345252627417,-0.7709708258563
19603,-0.8781345252627417,-0.7709708258563
19605,-0.4995131704584695,-0.16944693168173539
19607,-0.8781345252627417,-0.7709708258563
19609,-0.8781345252627417,-0.7709708258563
19611,-0.4995131704584695,-0.16944693168173539
19613,-0.47843407774742225,-0.13595812347711037
19615,-0.8781345252627417,-0.7709708258563
19617,-0.8781345252627417,-0.7709708258563
19619,-0.8781345252627417,-0.7709708258563
19623,-0.8781345252627417,-0.7709708258563
19625,-0.8781345252627417,-0.7709708258563
19627,-0.8781345252627417,-0.7709708258563
19629,-0.47843407774742225,-0.13595812347711037
19631,-0.47843407774742225,-0.13595812347711037
19633,-0.8781345252627417,-0.7709708258563
19635,-0.8781345252627417,-0.7709708258563
19637,-0.8781345252627417,-0.7709708258563
19639,-0.8781345252627417,-0.7709708258563
19643,-0.8781345252627417,-0.7709708258563
19645,-0.8781345252627417,-0.7709708258563
19647,-0.8781345252627417,-0.7709708258563
19649,-0.17417545201753645,0.3474241027574712
19651,-0.8781345252627417,-0.7709708258563
19653,-0.8781345252627417,-0.7709708258563
19655,-0.8781345252627417,-0.7709708258563
19657,-0.8781345252627417,-0.7709708258563
19659,-0.8781345252627417,-0.7709708258563
19661,-0.8781345252627417,-0.7709708258563
19663,-0.8781345252627417,-0.7709708258563
19665,-0.8781345252627417,-0.7709708258563
19667,-0.8781345252627417,-0.7709708258563
19669,-0.47843407774742225,-0.13595812347711037
19671,-0.8781345252627417,-0.7709708258563
19673,-0.8781345252627417,-0.7709708258563
19675,-0.8781345252627417,-0.7709708258563
19677,-0.8781345252627417,-0.7709708258563
19679,-0.8781345252627417,-0.7709708258563
19681,-0.8781345252627417,-0.7709708258563
19687,-0.035594718324585106,0.6457733227474756
19689,-0.035594718324585106,0.6457733227474756
19691,-0.035594718324585106,0.6457733227474756
19693,-0.035594718324585106,0.6457733227474756
19695,0.605549346445818,0.37810787189915873
19697,0.6933119405252379,0.3146424484090282
19699,0.6325615245759986,-1.3318216019543987
19701,0.9859065210175797,-1.0176214411035807
19703,0.07413984122289509,1.6883693479075241
19705,0.8683483775231636,-0.6741330684831193
19707,0.5693694385456907,0.6287781134239131
19709,-0.035594718324585106,0.6457733227474756
19715,0.6512145247087169,0.42463619399063485
19717,-0.035594718324585106,0.6457733227474756
19719,-0.035594718324585106,0.6457733227474756
19721,0.7184287084949815,-1.2394672960333066
19725,0.7569171406709023,0.07373748951674843
19731,-0.035594718324585106,0.6457733227474756
19745,-0.035594718324585106,0.6457733227474756
19749,0.9742927326676201,-0.6168453055968475
19755,0.5218774788022632,-0.2917443674967298
19757,0.5868483104107451,-0.32817790623786375
19759,0.6789814248232157,-0.06249028931271899
19761,0.6411671786006775,-0.5882038406203601
19763,0.6720277630790308,-0.5934708710975543
19765,0.6590682379686836,-0.5597640423779724
19767,0.6623416720401084,-0.6088593723723285
19771,0.7009083932635743,-0.6481756307187437
19773,0.6916922360658994,-0.6616405338465069
19775,0.6858071655481565,-0.670990272022672
19781,0.6743458991507124,-0.6891990325906716
19783,0.6743458991507124,-0.6891990325906716
19785,0.6543526485834185,-0.7198285456378681
19789,0.6858071655481565,-0.670990272022672
19799,0.6003841661824179,0.042302147551151484
19807,0.6257992649019366,0.015414195962268588
19809,0.626608714082293,0.01670018529416031
19811,0.6205043023816614,0.03706353528296298
19813,0.6150079274247354,0.08286738582691582
19817,0.6150079274247354,0.08286738582691582
19821,0.6414807719140125,-0.11129356009681902
19825,0.4117273485721748,1.299877607896996
19827,0.6744971890888928,-0.47862399410519557
19829,0.6380325281535202,-0.11528648757709992
19841,0.6755288801647747,-0.39619248155986714
19901,-0.5213387525279025,0.5111235656005797
19905,-0.3510354711804913,0.088059901771093
19937,0.7600005166250985,0.38610728647102666
19973,0.06934490455307167,0.7775443685578881
19983,0.3756137725098132,1.3703019630500175
19985,0.1793631498833744,0.20079935299045856
19989,0.5964435508337983,-0.2837515828280802
19993,0.05775556665589731,0.3321924908882584
19997,0.2689596833796884,0.20635411673583987
19999,0.1509294447312157,0.2870191675453976
20001,0.3901797375902584,0.27870303509813815
20003,-0.44631039234983777,-0.06330541577309771
20005,0.0014387131913388197,0.8503390447101125
20007,0.32834301952204087,-0.03129301822793379
20015,0.04149523536838258,-0.3024672654125084
20017,0.7807227774174497,-0.06314630232239404
20019,0.8351833905377063,-0.13353164447605584
20021,0.9714879308377368,-0.43112003617097844
20025,1.0130414829813326,0.4905074248778149
20027,0.94598560288725,0.6388265074622782
20029,0.3451514209561928,0.3861655283414618
20033,0.6758696727706061,-1.6806114399618384
20037,0.1946008701875489,-1.2340612328534342
20093,0.39953827850031115,-0.5537438300124033
20113,0.4117273485721748,1.299877607896996
20125,0.47127586209776395,1.3944836127979505
20127,0.10726500702106098,0.9069999631830967
20129,0.7415168921575677,0.9976209311313722
20131,-0.19580973749108188,0.826002695950015
20137,-0.03128791966227176,0.8109907418959638
20143,1.2104300804084864,-2.116584273807235
20145,1.204431785743768,-2.1287681104571017
20149,1.2246180525373924,-2.0814300571564104
20151,0.16266029287577685,-0.08960863209035189
20153,1.2210820181238609,-2.0384694846795144
20155,1.2062865623037167,-2.1246200519189116
20157,0.8413329734692899,-0.852478392602646
20159,1.2707040230419213,-1.8972438758824837
20161,0.40419992678792643,-0.2624778978152106
20163,1.2136543463995928,-2.116986378109432
20165,1.2626137808453288,-1.9360281992935253
20167,0.4001121683998299,-0.2684960622831663
20169,1.2398073024510718,-1.9942529339782453
20171,1.2305314180814197,-2.0195696364791504
20173,1.2710605297393203,-1.8995672093374107
20295,0.36137979777188095,1.2198893704791665
20427,1.0778494502748839,-1.005429990530788
20429,1.1776906531076978,-0.4782322395205924
20431,0.7519799772841813,-0.6533285591277528
20433,0.7442950985159863,-0.006021251009238937
20435,1.0862710449727608,-1.0149150297530167
20437,0.9121958669164569,-1.0539069633362121
20439,0.7411681016729639,-0.23876470771328975
20441,-0.07417038674737245,0.3055270979229535
20443,1.1995232815437373,-0.4958063816314983
20445,0.6938997920435681,-0.969037562727415
20447,0.9130308510711241,-1.1081656490882308
20449,1.1274253172258635,-0.7068584344525992
20451,0.8060511805253225,-0.8864768861934319
20457,1.105896828773712,-0.4382587959457903
20459,1.075233829084595,-0.7238226441931019
20463,0.8997298513366332,-0.16120645009370416
20465,0.9236395188530936,-1.2055483659447181
20467,0.4368567653866792,-0.6437970139037379
20469,0.942063310382415,-1.023652034750644
20475,0.7731550644864296,-0.661846193819399
20477,0.8241956659145132,-1.085730644628112
20479,0.778533360056466,-0.502640003784503
20481,0.8476966222270541,-0.8421538743102253
20483,1.0786697932069658,-0.2899319036219478
20485,1.1492035866107349,-0.18616312497899395
20489,0.7582568596199623,-1.3119131262005868
20491,0.9185217026027516,-0.45594468483672584
20493,1.0934299946345154,-0.5895174977449902
20641,-0.5050335144423861,-0.17821722096482417
20651,0.20595483532059516,-0.27788568985551115
20655,0.2809134480167027,0.23720175479978245
20657,0.9448834463175181,-0.6493981651695647
20663,0.9597359726954784,-0.6657877260227612
20665,0.8949873693406369,0.07764062172257712
20679,-0.5262266279530202,-0.21188717646744157
20687,0.9489085961727758,-0.6632564729126083
20689,0.9733506752806836,-1.0920596192159158
20691,-0.8884494638989996,-0.7873583908415371
20693,0.7401515154342754,-0.6618914285898507
20697,0.9613796871546597,-0.6814840181212318
20701,0.6934871395316585,-0.8329858947118026
20703,-0.35188914438131264,0.06508653536362848
20709,0.7485274892226305,-0.3426629358937579
20735,1.0226286095814843,0.3154763995573585
20737,1.0226286095814843,0.3154763995573585
20739,1.0226286095814843,0.3154763995573585
20741,1.0226286095814843,0.3154763995573585
20743,1.0226286095814843,0.3154763995573585
20745,1.0226286095814843,0.3154763995573585
20747,1.0226286095814843,0.3154763995573585
20749,1.0226286095814843,0.3154763995573585
20751,1.0226286095814843,0.3154763995573585
20753,1.0226286095814843,0.3154763995573585
20755,1.0226286095814843,0.3154763995573585
20757,1.0226286095814843,0.3154763995573585
20759,1.0226286095814843,0.3154763995573585
20761,1.0226286095814843,0.3154763995573585
20763,1.0226286095814843,0.3154763995573585
20765,1.0226286095814843,0.3154763995573585
20767,1.0226297576958168,0.31507166217409327
20769,1.0226297576958168,0.31507166217409327
20771,1.0226297576958168,0.31507166217409327
20773,1.0226297576958168,0.31507166217409327
20775,1.0226297576958168,0.31507166217409327
20777,1.0226297576958168,0.31507166217409327
20779,1.0226297576958168,0.31507166217409327
20781,1.0226297576958168,0.31507166217409327
20783,1.0226297576958168,0.31507166217409327
20785,1.0226297576958168,0.31507166217409327
20787,1.0226297576958168,0.31507166217409327
20789,1.0226297576958168,0.31507166217409327
20791,1.0226297576958168,0.31507166217409327
20793,1.0226297576958168,0.31507166217409327
20795,1.0226297576958168,0.31507166217409327
20797,1.0226297576958168,0.31507166217409327
20799,1.0226297576958168,0.31507166217409327
20801,1.0226297576958168,0.31507166217409327
20803,1.0226297576958168,0.31507166217409327
20805,1.0226297576958168,0.31507166217409327
20807,1.0226297576958168,0.31507166217409327
20809,1.0226297576958168,0.31507166217409327
20811,1.0226297576958168,0.31507166217409327
20813,1.0226297576958168,0.31507166217409327
20815,1.0226297576958168,0.31507166217409327
20817,1.0226297576958168,0.31507166217409327
20819,1.0226297576958168,0.31507166217409327
20821,1.0226297576958168,0.31507166217409327
20823,1.0226297576958168,0.31507166217409327
20825,1.0226297576958168,0.31507166217409327
20827,1.0226297576958168,0.31507166217409327
20829,1.0226297576958168,0.31507166217409327
20831,1.0226297576958168,0.31507166217409327
20833,1.0226297576958168,0.31507166217409327
20835,1.0226297576958168,0.31507166217409327
20837,1.0226297576958168,0.31507166217409327
20839,1.0226297576958168,0.31507166217409327
20841,1.040673652103197,0.29580298202403893
20843,1.0226297576958168,0.31507166217409327
20845,1.0226297576958168,0.31507166217409327
20875,0.06825768399413917,-0.5440286410050215
20877,0.06825768399413917,-0.5440286410050215
20879,0.06825768399413917,-0.5440286410050215
