,factor_1,factor_2
1,0.31341057082514767,-0.1380740788530954
3,0.31341057082514767,-0.1380740788530954
5,0.3317388993602264,-0.18917797463940134
7,0.31341057082514767,-0.1380740788530954
9,0.31341057082514767,-0.1380740788530954
11,0.31341057082514767,-0.1380740788530954
13,0.3317388993602264,-0.18917797463940134
15,0.31341057082514767,-0.1380740788530954
17,0.31341057082514767,-0.1380740788530954
19,0.3317388993602264,-0.18917797463940134
21,0.2899750543259122,-0.1688282153533462
23,0.27611029970397477,-0.16392783613686124
25,0.27611029970397477,-0.16392783613686124
27,0.33142910903386075,-0.18963268831256452
29,0.2899750543259122,-0.1688282153533462
31,0.33142910903386075,-0.18963268831256452
33,0.2899750543259122,-0.1688282153533462
35,0.2899750543259122,-0.1688282153533462
37,0.2899750543259122,-0.1688282153533462
39,-0.17787863463900436,0.31141708347662933
41,-0.17787863463900436,0.31141708347662933
43,-0.8600726711520043,-0.6899148812498209
45,-0.9495921698356535,-0.8213125931917327
47,-1.0579855554719997,-0.9804136055039772
49,-1.0579855554719997,-0.9804136055039772
51,-1.0602566112742713,-0.9837470863712607
53,-1.0605797533034635,-0.9842213978217553
55,-1.0605797533034635,-0.9842213978217553
57,-1.0605797533034635,-0.9842213978217553
59,-1.0605797533034635,-0.9842213978217553
61,-1.0605797533034635,-0.9842213978217553
63,-1.0605797533034635,-0.9842213978217553
65,-1.0605797533034635,-0.9842213978217553
67,-1.1324220000714114,-1.0896722435579904
69,-1.1308654866854915,-1.087387575965742
71,-1.1308654866854915,-1.087387575965742
73,-1.1316446772873792,-1.0885312805637373
75,-1.1316446772873792,-1.0885312805637373
77,-1.1316446772873792,-1.0885312805637373
79,-1.1316446772873792,-1.0885312805637373
81,-1.1373022402929838,-1.096835514222716
83,-1.1258866519170476,-1.080079587132804
85,-1.127729865159314,-1.0827850759505044
87,-1.127729865159314,-1.0827850759505044
89,-1.136536542181699,-1.0957116140519088
91,-1.127729865159314,-1.0827850759505044
93,-1.136536542181699,-1.0957116140519088
95,-1.136536542181699,-1.0957116140519088
97,-1.136536542181699,-1.0957116140519088
99,-1.136536542181699,-1.0957116140519088
101,-1.136536542181699,-1.0957116140519088
103,-1.136536542181699,-1.0957116140519088
105,-1.1367919758297718,-1.0960865423904635
107,-1.1367919758297718,-1.0960865423904635
109,-1.1367919758297718,-1.0960865423904635
111,-1.1656026465653204,-1.1383751640855084
113,-1.1656026465653204,-1.1383751640855084
115,-1.1667686780247406,-1.1400866779799461
117,-1.1667686780247406,-1.1400866779799461
119,-0.3901258012118522,-0.00012165907577897367
189,-1.22402296788584,-1.224125158950367
191,-1.2282872289699849,-1.2303842886128291
193,-1.2294405425726564,-1.2320771350962312
195,-1.2294405425726564,-1.2320771350962312
197,-1.2294405425726564,-1.2320771350962312
199,-1.2294405425726564,-1.2320771350962312
201,-1.205763370227415,-1.1973235192117924
203,-1.205763370227415,-1.1973235192117924
205,-0.3163669129192596,1.3365958114065901
207,-0.1599291384856956,1.5662169098724794
209,-0.15657728389338496,1.4982673336029066
211,-0.1815336715441904,1.4616360713207133
213,-0.236627341811262,1.38076897172761
215,-0.2416549308834726,1.3733894207874604
217,-0.20222645239359377,0.8447362498788948
219,-0.19193120676216238,0.8598477254763016
221,-0.20222645239359377,0.8447362498788948
223,-0.18665835888628232,0.8675872700056655
225,-0.18665835888628232,0.8675872700056655
227,-0.18665835888628232,0.8675872700056655
229,-0.1694269108309254,1.4883811604612003
231,-0.1694269108309254,1.4883811604612003
233,-0.1694269108309254,1.4883811604612003
235,-0.486589388421926,-0.1417119810893663
237,-0.486589388421926,-0.1417119810893663
239,-0.5224571832374155,-0.1943591276938425
241,-0.5224571832374155,-0.1943591276938425
243,-0.5224571832374155,-0.1943591276938425
245,-0.8618658904653521,-0.6925469884247797
247,-0.9223695041616526,-0.34226640976546835
249,-0.9223695041616526,-0.34226640976546835
251,-0.9223695041616526,-0.34226640976546835
253,-0.9711509302553991,-0.413868327428492
255,-0.9711509302553991,-0.413868327428492
257,-0.9711509302553991,-0.413868327428492
259,-0.9711509302553991,-0.413868327428492
261,-0.9706977184423379,-0.41320309810820977
263,-1.1668906331999596,-0.49701272801387875
265,-1.1668906331999596,-0.49701272801387875
267,-1.1668906331999596,-0.49701272801387875
269,-1.1668906331999596,-0.49701272801387875
271,-1.169682825006613,-0.501111138081988
273,-1.169682825006613,-0.501111138081988
275,-1.17544448989759,-0.5095681736416463
277,-1.1653075760494755,-0.6988536031594608
279,-1.1653075760494755,-0.6988536031594608
321,-1.163310507385031,-0.6959222836485434
323,-1.163310507385031,-0.6959222836485434
325,-1.1620560648169123,-0.6940809989492642
327,-1.1620560648169123,-0.6940809989492642
329,-1.1620560648169123,-0.6940809989492642
331,-1.1620560648169123,-0.6940809989492642
333,-1.1607967506149477,-0.6922325636118544
335,-1.1620560648169123,-0.6940809989492642
337,-1.1605442998435669,-0.6918620135727555
339,-1.1605442998435669,-0.6918620135727555
341,-1.4365649699949166,-1.536096664369294
343,-1.4365649699949166,-1.536096664369294
345,-1.4365649699949166,-1.536096664369294
347,-1.4365649699949166,-1.536096664369294
349,-1.4365649699949166,-1.536096664369294
351,-1.4365649699949166,-1.536096664369294
353,-1.4360580557140104,-1.5353526099717467
355,-1.4343285956174197,-1.532814089281524
357,-1.4343285956174197,-1.532814089281524
359,-1.437374388198539,-1.5372847373760028
361,-0.9988635973841393,-0.8936337404186807
363,-0.8832035434807665,-0.723866631917689
365,-1.437374388198539,-1.5372847373760028
367,-0.9976894029830267,-0.891910244867991
369,-1.437374388198539,-1.5372847373760028
371,-1.436969931645375,-1.5366910715663504
373,-1.436969931645375,-1.5366910715663504
375,-0.8832035434807665,-0.723866631917689
377,-1.4359565776973915,-1.5352036594146925
379,-1.4359565776973915,-1.5352036594146925
381,-1.4273170143561464,-1.5225224126258947
383,-1.4273170143561464,-1.5225224126258947
385,-1.4310479049782165,-1.5279986552149876
387,-1.4310479049782165,-1.5279986552149876
389,-1.4310479049782165,-1.5279986552149876
391,-1.4310479049782165,-1.5279986552149876
393,-1.4310479049782165,-1.5279986552149876
395,-1.4310479049782165,-1.5279986552149876
397,-1.4310479049782165,-1.5279986552149876
399,-1.4314598110348213,-1.5286032554883207
401,-1.4310479049782165,-1.5279986552149876
403,-1.4314598110348213,-1.5286032554883207
405,-1.4314598110348213,-1.5286032554883207
407,-1.4314598110348213,-1.5286032554883207
409,-1.4314598110348213,-1.5286032554883207
411,-1.4314598110348213,-1.5286032554883207
413,-1.4318711945336502,-1.5292070887455629
415,-1.4318711945336502,-1.5292070887455629
417,-1.4318711945336502,-1.5292070887455629
419,-1.4318711945336502,-1.5292070887455629
421,-1.4318711945336502,-1.5292070887455629
423,-1.4324872928813503,-1.5301114047259845
425,-1.4318711945336502,-1.5292070887455629
427,-1.4318711945336502,-1.5292070887455629
429,-1.4318711945336502,-1.5292070887455629
431,-1.4318711945336502,-1.5292070887455629
433,-1.4318711945336502,-1.5292070887455629
435,-1.4324872928813503,-1.5301114047259845
437,-1.4324872928813503,-1.5301114047259845
439,-1.4324872928813503,-1.5301114047259845
441,-1.437172222980357,-1.5369879970289946
443,-1.437172222980357,-1.5369879970289946
445,-1.4381817910419596,-1.5384698522146787
447,-1.4381817910419596,-1.5384698522146787
449,-1.4381817910419596,-1.5384698522146787
451,-1.4381817910419596,-1.5384698522146787
453,-1.4381817910419596,-1.5384698522146787
455,-1.4381817910419596,-1.5384698522146787
457,-1.441391447924264,-1.5431810221458666
459,-1.4408920284516664,-1.5424479687109878
461,-1.441391447924264,-1.5431810221458666
463,-1.441391447924264,-1.5431810221458666
465,-1.441391447924264,-1.5431810221458666
477,0.11269385149166149,1.248726503609575
479,0.11269385149166149,1.248726503609575
481,-0.09883759320897414,0.9382383055505824
483,-0.15456399148061753,0.856442480782463
485,-0.16910283515949037,0.673047721347373
487,-0.16910283515949037,0.673047721347373
489,-0.1637428288367849,0.6809151980106029
491,-0.15099980162068535,0.4225855849921881
493,-1.067292396141674,-0.9940742893481153
495,-1.0781802822051234,-1.0100556491374195
497,-1.0781802822051234,-1.0100556491374195
499,-1.082435096754971,-1.0163009130721823
501,-1.082435096754971,-1.0163009130721823
503,-1.082435096754971,-1.0163009130721823
505,-1.082435096754971,-1.0163009130721823
507,-1.082435096754971,-1.0163009130721823
509,-1.082435096754971,-1.0163009130721823
511,-1.082435096754971,-1.0163009130721823
513,-1.082435096754971,-1.0163009130721823
515,-1.082435096754971,-1.0163009130721823
517,-1.082435096754971,-1.0163009130721823
519,-1.082435096754971,-1.0163009130721823
521,-1.082435096754971,-1.0163009130721823
523,-1.08061843654446,-1.0136343990886696
525,-1.082435096754971,-1.0163009130721823
527,-1.08061843654446,-1.0136343990886696
529,-1.08061843654446,-1.0136343990886696
531,-1.08061843654446,-1.0136343990886696
533,-1.08061843654446,-1.0136343990886696
535,0.7726832387519814,-0.1906976522357886
537,0.7663670171145648,-0.19674912519182647
539,0.76946523392854,-0.20072156526766452
541,0.76946523392854,-0.20072156526766452
543,0.76946523392854,-0.20072156526766452
545,0.76946523392854,-0.20072156526766452
547,0.7681283093782832,-0.2003512432714363
549,0.7111178656245513,-0.32012472024387895
551,0.7111178656245513,-0.32012472024387895
553,0.7133426426731754,-0.34885027977770333
555,0.7133426426731754,-0.34885027977770333
557,0.7133426426731754,-0.34885027977770333
559,0.7133426426731754,-0.34885027977770333
561,0.7133426426731754,-0.34885027977770333
563,0.7133426426731754,-0.34885027977770333
565,0.7132672391152355,-0.34896095795543314
567,0.712438955141375,-0.350176722348708
569,0.712438955141375,-0.350176722348708
571,0.7126646410334178,-0.34984545809602585
573,0.7147401609194333,-0.35538821151671557
575,0.7147401609194333,-0.35538821151671557
577,0.7147401609194333,-0.35538821151671557
579,0.7147401609194333,-0.35538821151671557
581,0.71601847712656,-0.35783621334449195
583,0.71601847712656,-0.35783621334449195
585,0.71601847712656,-0.35783621334449195
587,0.71601847712656,-0.35783621334449195
589,0.7158386494577351,-0.35803148203934604
591,0.7158386494577351,-0.35803148203934604
593,0.7158386494577351,-0.35803148203934604
595,0.7158386494577351,-0.35803148203934604
597,0.7167020196117222,-0.3588482768679297
599,0.7167020196117222,-0.3588482768679297
601,0.7434256242170987,-0.3700078718155428
603,0.770263872148992,-0.35765680552892104
605,0.7704799102060906,-0.3573938311913512
607,0.7704799102060906,-0.3573938311913512
609,0.770263872148992,-0.35765680552892104
611,0.770263872148992,-0.35765680552892104
613,0.770263872148992,-0.35765680552892104
615,0.7696478518279785,-0.3585610069809075
617,0.7697869317817452,-0.35289287356575477
619,0.7705979103906361,-0.35326285526986806
621,0.7705979103906361,-0.35326285526986806
623,0.7705979103906361,-0.35326285526986806
625,0.7720610520716202,-0.3541725663668733
627,0.7531785667537338,-0.32770087606414644
629,0.7531785667537338,-0.32770087606414644
631,0.7531785667537338,-0.32770087606414644
633,0.7531785667537338,-0.32770087606414644
635,0.7519617868720827,-0.3256252496516709
637,0.7519617868720827,-0.3256252496516709
639,0.7519617868720827,-0.3256252496516709
641,0.7519617868720827,-0.3256252496516709
643,0.7518465307843367,-0.32579442381417123
645,0.7518465307843367,-0.32579442381417123
647,0.7518465307843367,-0.32579442381417123
649,0.7511581415759125,-0.3232437145147738
651,0.7533754124753015,-0.3281013301844464
653,0.7533754124753015,-0.3281013301844464
655,0.7533754124753015,-0.3281013301844464
657,0.7534349175675799,-0.32801398795075126
659,0.7530780506942979,-0.3285378011010335
661,0.7530780506942979,-0.3285378011010335
663,0.7530780506942979,-0.3285378011010335
665,-0.79158609418109,-0.5893895248186709
667,-0.79158609418109,-0.5893895248186709
669,-0.79158609418109,-0.5893895248186709
671,-0.79158609418109,-0.5893895248186709
673,-0.79158609418109,-0.5893895248186709
675,-0.79158609418109,-0.5893895248186709
677,-0.79158609418109,-0.5893895248186709
679,-0.8046458322545147,-0.6085587530498606
681,-0.8158287680090311,-0.6249731900445263
683,-0.9068757619797055,-0.758612976491642
685,-0.8979333607794298,-0.7454872209382605
687,-0.8979333607794298,-0.7454872209382605
689,-0.8979333607794298,-0.7454872209382605
691,-0.9011177366093739,-0.7501612830607087
693,-0.9011177366093739,-0.7501612830607087
695,-0.8989982976953729,-0.7470503471417702
697,-0.8989982976953729,-0.7470503471417702
699,-0.8881881967039296,-0.7311831611429257
701,-0.8881881967039296,-0.7311831611429257
703,-0.8881881967039296,-0.7311831611429257
705,-0.8881881967039296,-0.7311831611429257
707,-0.9011177366093739,-0.7501612830607087
709,-0.9011177366093739,-0.7501612830607087
711,-0.9011177366093739,-0.7501612830607087
713,-0.9011177366093739,-0.7501612830607087
715,-0.9011177366093739,-0.7501612830607087
717,-0.8689412184093802,-0.7029322331675965
719,-0.8689412184093802,-0.7029322331675965
721,-0.8979333607794298,-0.7454872209382605
723,-0.9145663912026843,-0.7699013672685397
725,-0.9145663912026843,-0.7699013672685397
727,-0.9145663912026843,-0.7699013672685397
729,-0.9145663912026843,-0.7699013672685397
731,-0.9145663912026843,-0.7699013672685397
733,-0.9145663912026843,-0.7699013672685397
735,-0.9145663912026843,-0.7699013672685397
737,-0.9145663912026843,-0.7699013672685397
739,-0.9145663912026843,-0.7699013672685397
741,-0.9145663912026843,-0.7699013672685397
743,-0.9145663912026843,-0.7699013672685397
745,-0.9145663912026843,-0.7699013672685397
747,-0.690809248945033,-0.4414681548885597
749,-0.690809248945033,-0.4414681548885597
751,-0.690809248945033,-0.4414681548885597
753,-0.690809248945033,-0.4414681548885597
755,-0.6488048533085087,-0.37981363761242337
757,-0.690809248945033,-0.4414681548885597
759,-0.6488048533085087,-0.37981363761242337
761,-0.6488048533085087,-0.37981363761242337
763,-0.6488048533085087,-0.37981363761242337
765,-0.6488048533085087,-0.37981363761242337
767,-0.6488048533085087,-0.37981363761242337
769,-0.6742293823876992,-0.4171320430696745
771,-0.6488048533085087,-0.37981363761242337
773,-0.6742293823876992,-0.4171320430696745
775,-0.6742293823876992,-0.4171320430696745
777,-0.6742293823876992,-0.4171320430696745
779,-0.6742293823876992,-0.4171320430696745
781,-0.6784544975283155,-0.4233337138825334
783,-0.6784544975283155,-0.4233337138825334
785,-0.6784544975283155,-0.4233337138825334
787,-0.6784544975283155,-0.4233337138825334
789,-0.6784544975283155,-0.4233337138825334
791,-0.6784544975283155,-0.4233337138825334
793,-0.6784544975283155,-0.4233337138825334
795,-0.6784544975283155,-0.4233337138825334
797,-0.6784544975283155,-0.4233337138825334
799,-0.6784544975283155,-0.4233337138825334
801,-0.6784544975283155,-0.4233337138825334
803,-0.6784544975283155,-0.4233337138825334
805,-0.6784544975283155,-0.4233337138825334
807,-0.6784544975283155,-0.4233337138825334
809,-0.6784544975283155,-0.4233337138825334
811,-0.6784544975283155,-0.4233337138825334
813,-0.6784544975283155,-0.4233337138825334
815,-0.6784544975283155,-0.4233337138825334
817,-0.6784544975283155,-0.4233337138825334
819,-0.6784544975283155,-0.4233337138825334
821,-0.6784544975283155,-0.4233337138825334
823,-0.6784544975283155,-0.4233337138825334
825,-0.6784544975283155,-0.4233337138825334
827,-0.6784544975283155,-0.4233337138825334
829,-0.6784544975283155,-0.4233337138825334
831,-0.6784544975283155,-0.4233337138825334
833,-0.6784544975283155,-0.4233337138825334
835,-0.6784544975283155,-0.4233337138825334
837,-0.6784544975283155,-0.4233337138825334
839,-0.6784544975283155,-0.4233337138825334
841,-0.6784544975283155,-0.4233337138825334
843,-0.690809248945033,-0.4414681548885597
845,-0.690809248945033,-0.4414681548885597
847,-0.690809248945033,-0.4414681548885597
849,-0.690809248945033,-0.4414681548885597
851,-0.690809248945033,-0.4414681548885597
853,-0.690809248945033,-0.4414681548885597
855,-0.690809248945033,-0.4414681548885597
857,-0.690809248945033,-0.4414681548885597
859,-0.690809248945033,-0.4414681548885597
861,-0.690809248945033,-0.4414681548885597
863,-0.690809248945033,-0.4414681548885597
865,-0.690809248945033,-0.4414681548885597
867,-0.690809248945033,-0.4414681548885597
869,-0.690809248945033,-0.4414681548885597
871,-0.690809248945033,-0.4414681548885597
873,-0.690809248945033,-0.4414681548885597
875,-0.690809248945033,-0.4414681548885597
877,-0.690809248945033,-0.4414681548885597
879,-0.690809248945033,-0.4414681548885597
881,-0.690809248945033,-0.4414681548885597
883,-0.690809248945033,-0.4414681548885597
885,-0.690809248945033,-0.4414681548885597
887,-0.5841158400458769,-0.2848623872649693
889,-0.5841158400458769,-0.2848623872649693
891,-0.5841158400458769,-0.2848623872649693
893,-0.5841158400458769,-0.2848623872649693
895,-0.76134520704604,-0.5450016156472691
897,-0.76134520704604,-0.5450016156472691
899,-0.76134520704604,-0.5450016156472691
901,-0.76134520704604,-0.5450016156472691
903,-0.76134520704604,-0.5450016156472691
905,-0.76134520704604,-0.5450016156472691
907,-0.76134520704604,-0.5450016156472691
909,-0.76134520704604,-0.5450016156472691
911,-0.76134520704604,-0.5450016156472691
913,-0.7605314726178681,-0.5438072072383475
915,-0.6005382351908845,-0.3089673608002381
917,-0.6005382351908845,-0.3089673608002381
919,-0.6310806059291131,-0.3537977909444794
921,-0.6310806059291131,-0.3537977909444794
923,-0.6310806059291131,-0.3537977909444794
925,-0.6310806059291131,-0.3537977909444794
927,-0.6310806059291131,-0.3537977909444794
929,-0.6310806059291131,-0.3537977909444794
931,-0.6310806059291131,-0.3537977909444794
933,-0.6310806059291131,-0.3537977909444794
935,-0.6310806059291131,-0.3537977909444794
937,-0.5032224188451807,-0.16612612741964577
939,-1.1290400608789268,-1.0847081957432292
941,-1.1321630994592868,-1.0892922263711902
943,-1.1385743996314,-1.098702803793719
945,-1.1510288105394424,-1.1169835261052268
947,-1.1502948841617329,-1.1159062608369559
949,0.08879015640115887,0.7028364893517575
955,1.3732166165892756,-0.5328836163106049
957,1.3724683671526647,-0.5122273014148162
959,1.3724577722463707,-0.5122428527356533
961,1.3679010324619105,-0.44687526190537685
963,1.3679378732053349,-0.44591367812516075
965,1.3679378732053349,-0.44591367812516075
967,1.3679010324619105,-0.44687526190537685
969,1.3679010324619105,-0.44687526190537685
971,1.3679116111233842,-0.4468597344288658
973,1.3694383556685121,-0.445128353895366
975,1.3694863004281044,-0.44413858871805806
977,1.3694756787998597,-0.4441541792616701
979,1.3694756787998597,-0.4441541792616701
981,1.3835131723166718,-0.3759912436160748
983,1.383876857178685,-0.39578284474316305
985,1.3839140585325789,-0.3948118486344752
987,1.3839140585325789,-0.3948118486344752
989,1.383876857178685,-0.39578284474316305
991,1.3839140585325789,-0.3948118486344752
993,1.383876857178685,-0.39578284474316305
995,1.3839140585325789,-0.3948118486344752
997,1.3839140585325789,-0.3948118486344752
999,1.3841058477867174,-0.39453033824244427
1001,1.3841058477867174,-0.39453033824244427
1003,1.3840686464328231,-0.3955013343511321
1005,0.6027529609105166,0.3269191213938802
1007,0.6074221992427785,0.3337726811478148
1009,0.6074221992427785,0.3337726811478148
1011,0.4835928895923867,0.25847663924277986
1013,0.4835928895923867,0.25847663924277986
1015,0.4835928895923867,0.25847663924277986
1017,0.4835928895923867,0.25847663924277986
1019,0.4835928895923867,0.25847663924277986
1021,0.4835928895923867,0.25847663924277986
1023,0.4835928895923867,0.25847663924277986
1025,0.4725861834766347,0.2683227514154634
1027,0.4725861834766347,0.2683227514154634
1029,0.4725861834766347,0.2683227514154634
1031,0.4732192202798431,0.2692519298485392
1033,0.4732192202798431,0.2692519298485392
1035,0.4727443268591697,0.26855487602439637
1037,0.4727443268591697,0.26855487602439637
1039,0.4727443268591697,0.26855487602439637
1041,0.4727443268591697,0.26855487602439637
1043,0.4727443268591697,0.26855487602439637
1045,0.4748072401012289,0.2715828429358195
1047,0.47448901338338334,0.2711157462337757
1049,0.4741710986525658,0.27064910746974946
1051,0.4741710986525658,0.27064910746974946
1053,0.4741710986525658,0.27064910746974946
1055,0.4741710986525658,0.27064910746974946
1057,0.4741710986525658,0.27064910746974946
1059,0.4741710986525658,0.27064910746974946
1061,0.4741710986525658,0.27064910746974946
1063,0.4741710986525658,0.27064910746974946
1065,0.4741710986525658,0.27064910746974946
1067,0.4741710986525658,0.27064910746974946
1069,0.4741710986525658,0.27064910746974946
1071,0.4741710986525658,0.27064910746974946
1073,0.4695177032277894,0.26381880211094294
1075,0.4696743568537641,0.2640487400386925
1077,0.4695960205810166,0.26393375718967677
1079,0.4695960205810166,0.26393375718967677
1081,0.4695960205810166,0.26393375718967677
1083,0.4695960205810166,0.26393375718967677
1085,0.4695177032277894,0.26381880211094294
1087,0.4695960205810166,0.26393375718967677
1089,0.4695960205810166,0.26393375718967677
1091,0.4695960205810166,0.26393375718967677
1093,0.4695177032277894,0.26381880211094294
1095,0.46983108619439845,0.2642787891012578
1097,0.46983108619439845,0.2642787891012578
1099,0.46983108619439845,0.2642787891012578
1101,0.46983108619439845,0.2642787891012578
1103,0.46170351789759645,0.25234905431101534
1105,0.45972205509635866,0.24944064125900794
1107,0.45972205509635866,0.24944064125900794
1109,0.4597980417398136,0.2495521752961168
1111,0.45972205509635866,0.24944064125900794
1113,0.45972205509635866,0.24944064125900794
1115,0.45972205509635866,0.24944064125900794
1117,0.45972205509635866,0.24944064125900794
1119,0.45972205509635866,0.24944064125900794
1121,0.45972205509635866,0.24944064125900794
1123,0.45972205509635866,0.24944064125900794
1125,0.4597980417398136,0.2495521752961168
1127,0.4597980417398136,0.2495521752961168
1129,0.4597980417398136,0.2495521752961168
1131,0.4597980417398136,0.2495521752961168
1133,0.4597980417398136,0.2495521752961168
1135,0.4597980417398136,0.2495521752961168
1137,0.4597980417398136,0.2495521752961168
1139,0.4597980417398136,0.2495521752961168
1141,0.4597980417398136,0.2495521752961168
1143,0.4597980417398136,0.2495521752961168
1145,0.4526068929683768,0.2599060254666591
1147,-1.2974295442890056,2.552221605002705
1149,-1.2974295442890056,2.552221605002705
1151,-1.2974295442890056,2.552221605002705
1153,-1.2974295442890056,2.552221605002705
1179,-1.2978654829747538,2.556877456362026
1181,-1.2201231921262572,2.4415928756699734
1183,-1.2201231921262572,2.4415928756699734
1185,-1.2201423490225605,2.441662042140559
1187,-1.2201423490225605,2.441662042140559
1189,-1.2201423490225605,2.441662042140559
1191,-1.220135118072346,2.441678155572542
1193,-1.2169105884112772,2.424191150883472
1195,-1.2169105884112772,2.424191150883472
1197,-1.2169105884112772,2.424191150883472
1199,0.03731977508114718,1.7563488951861324
1201,0.03731977508114718,1.7563488951861324
1203,0.03731977508114718,1.7563488951861324
1205,0.03731977508114718,1.7563488951861324
1207,0.03682409135440269,1.7550940008866318
1209,0.03682409135440269,1.7550940008866318
1211,0.03682409135440269,1.7550940008866318
1213,0.03682409135440269,1.7550940008866318
1215,0.03681057713194486,1.7550309964505155
1217,0.036821154596211894,1.755017348279214
1256,-1.445689001535218,-0.3167953930549158
1258,-1.445689001535218,-0.3167953930549158
1260,-1.4404815859884255,-0.30915189082310374
1262,-1.4404815859884255,-0.30915189082310374
1264,-1.4404815859884255,-0.30915189082310374
1266,-1.4290683293123665,-0.2923993862281035
1268,-1.4290683293123665,-0.2923993862281035
1270,-1.4290683293123665,-0.2923993862281035
1272,1.2467495810088083,1.3578814663741943
1274,1.2467495810088083,1.3578814663741943
1276,1.2467495810088083,1.3578814663741943
1278,1.2467495810088083,1.3578814663741943
1280,1.2467495810088083,1.3578814663741943
1282,1.2467495810088083,1.3578814663741943
1284,1.2467495810088083,1.3578814663741943
1286,1.2467495810088083,1.3578814663741943
1288,1.2468604309413354,1.3580441731332487
1290,1.2468604309413354,1.3580441731332487
1292,1.2468604309413354,1.3580441731332487
1294,1.2468604309413354,1.3580441731332487
1296,1.2466818580328154,1.357782061839739
1298,1.2468604309413354,1.3580441731332487
1300,1.2466818580328154,1.357782061839739
1302,-0.9540078025387224,-0.6422327049768496
1304,0.32474454850414575,1.5599768659646227
1306,0.32474454850414575,1.5599768659646227
1308,0.32474454850414575,1.5599768659646227
1310,0.32474454850414575,1.5599768659646227
1312,0.32474454850414575,1.5599768659646227
1314,0.32474454850414575,1.5599768659646227
1316,0.32474454850414575,1.5599768659646227
1318,0.32474454850414575,1.5599768659646227
1320,0.32474454850414575,1.5599768659646227
1322,0.32474454850414575,1.5599768659646227
1324,0.32474454850414575,1.5599768659646227
1326,0.32474454850414575,1.5599768659646227
1328,0.32474454850414575,1.5599768659646227
1330,0.32474454850414575,1.5599768659646227
1332,0.32474454850414575,1.5599768659646227
1334,0.32474454850414575,1.5599768659646227
1336,0.32474454850414575,1.5599768659646227
1338,0.32474454850414575,1.5599768659646227
1340,0.32474454850414575,1.5599768659646227
1342,0.15414676230230387,1.3095715453484582
1344,0.32474454850414575,1.5599768659646227
1346,0.15414676230230387,1.3095715453484582
1348,0.15414676230230387,1.3095715453484582
1350,0.15414676230230387,1.3095715453484582
1352,0.15414676230230387,1.3095715453484582
1354,0.43404710064335705,1.2096084571640302
1356,0.43404710064335705,1.2096084571640302
1358,0.43404710064335705,1.2096084571640302
1360,0.43404710064335705,1.2096084571640302
1362,0.43404710064335705,1.2096084571640302
1364,0.43404710064335705,1.2096084571640302
1366,0.43404710064335705,1.2096084571640302
1368,0.43404710064335705,1.2096084571640302
1370,0.43404710064335705,1.2096084571640302
1372,0.22591121575893836,0.9041042994222154
1374,0.22591121575893836,0.9041042994222154
1376,0.43404710064335705,1.2096084571640302
1378,0.22591121575893836,0.9041042994222154
1380,0.22591121575893836,0.9041042994222154
1382,0.22591121575893836,0.9041042994222154
1384,0.22591121575893836,0.9041042994222154
1386,0.22591121575893836,0.9041042994222154
1388,0.22591121575893836,0.9041042994222154
1390,0.22591121575893836,0.9041042994222154
1392,0.22591121575893836,0.9041042994222154
1394,0.22591121575893836,0.9041042994222154
1396,0.22591121575893836,0.9041042994222154
1398,0.22591121575893836,0.9041042994222154
1400,0.22591121575893836,0.9041042994222154
1402,0.22591121575893836,0.9041042994222154
1404,0.22591121575893836,0.9041042994222154
1406,-0.8752044605475778,-0.43509151982320116
1434,-0.02484272461956145,0.7025630119529052
1436,-0.02484272461956145,0.7025630119529052
1438,-0.02484272461956145,0.7025630119529052
1440,-0.02484272461956145,0.7025630119529052
1442,-0.02484272461956145,0.7025630119529052
1444,-0.02484272461956145,0.7025630119529052
1446,-0.02484272461956145,0.7025630119529052
1448,-0.02484272461956145,0.7025630119529052
1450,-0.02484272461956145,0.7025630119529052
1452,-0.02484272461956145,0.7025630119529052
1454,-0.02484272461956145,0.7025630119529052
1456,-0.02484272461956145,0.7025630119529052
1458,-0.02484272461956145,0.7025630119529052
1460,-0.02484272461956145,0.7025630119529052
1462,-0.02484272461956145,0.7025630119529052
1464,-0.02484272461956145,0.7025630119529052
1466,-0.38627695591831696,0.047341233929764116
1468,-0.38370674695851015,0.05111381511595478
1470,-0.3851371550982063,0.049014246201216874
1472,-0.3859923810870119,0.04775893601991835
1474,0.8637966536260274,0.2973902535124235
1476,0.8637966536260274,0.2973902535124235
1478,0.8637966536260274,0.2973902535124235
1480,0.8637966536260274,0.2973902535124235
1482,0.8637966536260274,0.2973902535124235
1484,0.8637966536260274,0.2973902535124235
1486,0.8637966536260274,0.2973902535124235
1488,0.8637966536260274,0.2973902535124235
1490,0.8637966536260274,0.2973902535124235
1492,0.863840703479992,0.2974549103760939
1494,0.8637966536260274,0.2973902535124235
1496,0.8637966536260274,0.2973902535124235
1498,0.8637966536260274,0.2973902535124235
1500,0.8637966536260274,0.2973902535124235
1502,0.8637966536260274,0.2973902535124235
1504,0.8637966536260274,0.2973902535124235
1506,0.8637966536260274,0.2973902535124235
1508,0.8647229594981971,0.2987498955340073
1510,0.8647229594981971,0.2987498955340073
1512,0.8647229594981971,0.2987498955340073
1514,0.8647229594981971,0.2987498955340073
1516,0.8646787896419063,0.2986850625295915
1518,0.8646787896419063,0.2986850625295915
1520,0.8647229594981971,0.2987498955340073
1522,0.8647229594981971,0.2987498955340073
1524,0.8647229594981971,0.2987498955340073
1526,0.8647229594981971,0.2987498955340073
1528,0.8647229594981971,0.2987498955340073
1530,0.8671676973413831,0.24705981462927537
1532,0.8647229594981971,0.2987498955340073
1534,0.8647229594981971,0.2987498955340073
1536,0.8671676973413831,0.24705981462927537
1538,0.8671676973413831,0.24705981462927537
1540,0.7511130114917575,0.4446583681936741
1542,0.7496684164608538,0.4396502531608086
1544,0.7496684164608538,0.4396502531608086
1546,0.7509483628609074,0.43671684064506894
1548,0.7513303864593928,0.4240529062132078
1550,0.7521192015944385,0.422153439111622
1552,0.7521192015944385,0.422153439111622
1554,0.7559859434472603,0.3635403206956284
1556,0.7559859434472603,0.3635403206956284
1558,0.7559859434472603,0.3635403206956284
1560,0.7566260718390866,0.3638446498349057
1562,0.7565352849772027,0.36568510222505624
1564,0.7569748001863427,0.3502860893627515
1566,0.7582290528228437,0.3486377396023569
1568,0.7407148298604801,0.3526915240196272
1570,0.7568049524843885,0.35622527589339814
1572,0.7420066246568636,0.3544703926925416
1574,0.7614513869503248,0.3455676228913084
1576,0.7425350709390249,0.35111018821326845
1578,0.7424611799956364,0.3551180069140148
1580,0.7480188007035959,0.3399312789717943
1582,0.7445363623626724,0.34980011999065735
1584,0.7513002656714004,0.34592886403910456
1586,0.7463486931293163,0.341873762110677
1588,0.7504921644437962,0.346371187554367
1590,0.7477761387811891,0.3393733783459556
1592,0.7391474548467551,0.2817297439815579
1594,0.748145102815507,0.3401355304546317
1596,0.7391474548467551,0.2817297439815579
1598,0.7364628094286294,0.34452527797833327
1600,0.7391678789396902,0.3525375839923267
1602,0.7446278947595867,0.3587720889040112
1604,-0.5691137535705381,0.2394107614636115
1606,-0.5691137535705381,0.2394107614636115
1608,-0.5360637833904166,-0.19236171421716686
1610,-0.5203350889310244,0.058593579389161585
1612,-0.5206598151530933,0.07367702745682508
1614,-0.5206598151530933,0.07367702745682508
1616,-0.5206389446576398,0.07616721091099754
1618,-0.5206389446576398,0.07616721091099754
1620,-0.5206389446576398,0.07616721091099754
1622,-0.5206389446576398,0.07616721091099754
1624,-0.5237558304259758,0.10119208006067981
1626,-0.5691137535705381,0.2394107614636115
1628,-0.5691137535705381,0.2394107614636115
1630,-0.5691137535705381,0.2394107614636115
1632,-0.5691137535705381,0.2394107614636115
1634,-0.5691137535705381,0.2394107614636115
1636,-0.5691137535705381,0.2394107614636115
1638,-0.5370511961537722,0.10657308087054838
1640,-0.5691137535705381,0.2394107614636115
1642,-0.5691137535705381,0.2394107614636115
1644,-0.5691137535705381,0.2394107614636115
1646,-0.5834366840679064,0.2901028580222482
1648,-0.5691137535705381,0.2394107614636115
1650,-0.5370511961537722,0.10657308087054838
1652,-0.5834366840679064,0.2901028580222482
1654,-0.5834366840679064,0.2901028580222482
1656,1.2969219069935962,1.0122317246915988
1658,1.2928826181953228,1.0165792356655758
1660,1.2928951099238832,1.0165480096765305
1662,1.2907473093976058,1.021313392663361
1664,1.2928826181953228,1.0165792356655758
1666,1.2928826181953228,1.0165792356655758
1668,1.2928826181953228,1.0165792356655758
1670,1.2928055766828868,1.016298890028425
1672,1.2928526491152548,1.0163679834661647
1674,1.2927083054441655,1.0153203996495106
1676,1.2926820424624454,1.0160808948260178
1678,1.29258373667548,1.0151140036328365
1680,1.2925762612142844,1.0150829899029057
1682,1.3061687703775868,1.005923243307521
1684,1.3061687703775868,1.005923243307521
1686,1.3061687703775868,1.005923243307521
1688,1.3077209944061194,1.0077019634862794
1690,1.3077175984376286,1.0076133249867507
1692,1.3077209944061194,1.0077019634862794
1694,1.3077209944061194,1.0077019634862794
1696,1.3077209944061194,1.0077019634862794
1749,0.8152595099813602,0.02317038995800771
1751,0.5840578329569462,0.7834162041434106
1753,0.5853455441688102,0.7853866819470399
1755,0.5853310596127176,0.7853654213551353
1757,0.5853310596127176,0.7853654213551353
1759,0.5853310596127176,0.7853654213551353
1761,0.5850800967192284,0.7849970552396878
1763,0.5850800967192284,0.7849970552396878
1765,0.5005168261045336,1.3735646809347852
1767,0.5005168261045336,1.3735646809347852
1769,0.5850800967192284,0.7849970552396878
1771,0.5846040331501959,0.7841430998422326
1773,0.5846281213546554,0.7841784567756084
1775,0.5846040331501959,0.7841430998422326
1777,0.5846040331501959,0.7841430998422326
1779,0.5846040331501959,0.7841430998422326
1781,0.5846040331501959,0.7841430998422326
1783,0.5846040331501959,0.7841430998422326
1785,0.5846040331501959,0.7841430998422326
1787,0.5846040331501959,0.7841430998422326
1789,0.5846040331501959,0.7841430998422326
1791,0.5846040331501959,0.7841430998422326
1793,0.5846040331501959,0.7841430998422326
1795,0.5846040331501959,0.7841430998422326
1797,0.5846040331501959,0.7841430998422326
1799,0.5846040331501959,0.7841430998422326
1801,0.5846040331501959,0.7841430998422326
1803,0.5846040331501959,0.7841430998422326
1805,0.5846040331501959,0.7841430998422326
1807,0.5824144822524056,0.7995885431853779
1809,0.5781933712026032,0.7947634965445564
1811,0.4844515486861359,0.8182179543688363
1813,0.4844515486861359,0.8182179543688363
1815,0.4844515486861359,0.8182179543688363
1817,0.48433222513240165,0.8201762662969617
1819,0.48433222513240165,0.8201762662969617
1821,0.48433222513240165,0.8201762662969617
1823,0.505200314725709,0.6765353168089709
1825,0.505200314725709,0.6765353168089709
1827,0.46933220613557014,0.5467598059806634
1829,0.5877976623843124,0.7512350289293472
1831,0.5878645506357101,0.7529777203298639
1833,0.5894024117402511,0.7535496139441096
1835,0.5930166936492838,0.7209915703553488
1837,0.589251103636529,0.7598396912958739
1839,0.5958895705616676,0.658093156943446
1841,0.5975148730368829,0.6975249560447635
1843,0.5975148730368829,0.6975249560447635
1845,0.6039704399561294,0.6549008616185823
1847,0.6050159242091087,0.6944609509442848
1849,0.6050159242091087,0.6944609509442848
1851,0.6089954786880946,0.6887475266329092
1853,0.6119001990384444,0.5991243260673192
1855,0.6114679950507087,0.5984899322657926
1857,0.6091119504394136,0.6369825543905766
1859,0.6230418086119521,0.6115099656265639
1861,0.609015983288828,0.6368416927437417
1863,0.6405580684373019,0.6948186498917659
1865,0.640463719476161,0.6946510172157548
1867,0.6455748422024109,0.6898318617571708
1869,0.6036291573949587,0.6641569693516437
1871,0.6166915433195725,0.6498210499838895
1873,0.6172680104257915,0.6491248226456223
1875,0.6139866136373695,0.6454944856694407
1877,0.6137096150446774,0.6450879040662585
1879,0.6137599141244001,0.6440682294175568
1881,0.6180130595759226,0.6445260052810773
1883,0.6180130595759226,0.6445260052810773
1885,0.6180951847942668,0.6531834563600516
1887,0.6196566203942356,0.6511544901654204
1889,0.618790212711215,0.6505309206948555
1891,0.618790212711215,0.6505309206948555
1893,0.6095277953723427,0.8258539788238668
1895,0.6095277953723427,0.8258539788238668
1897,-0.6444453565233181,-0.06163421232538325
1899,-0.5998227484288527,-0.2731706233410988
1901,-0.5998227484288527,-0.2731706233410988
1903,-0.6587014104207297,-0.08255940617683906
1905,-0.7724838811125891,0.02746339230594112
1907,-0.7724838811125891,0.02746339230594112
1909,-0.7808852059272821,0.015131834665827694
1911,-1.1559314226374802,-0.5353651573061742
1913,-1.3613479730771625,-1.3539768703503623
1915,-1.3613479730771625,-1.3539768703503623
1917,-1.3613479730771625,-1.3539768703503623
1919,-1.3613479730771625,-1.3539768703503623
1921,-1.3613479730771625,-1.3539768703503623
1923,-1.3613479730771625,-1.3539768703503623
1925,-1.4185626083137899,-1.126176638216175
1927,-1.4185626083137899,-1.126176638216175
1929,-1.4185626083137899,-1.126176638216175
1931,-1.4185626083137899,-1.126176638216175
1933,-1.4185626083137899,-1.126176638216175
1935,-1.4151551548996901,-1.1211751403442567
1937,-1.4151551548996901,-1.1211751403442567
1939,-1.4151551548996901,-1.1211751403442567
1941,-1.4151551548996901,-1.1211751403442567
1943,-1.4151551548996901,-1.1211751403442567
1945,-1.4151551548996901,-1.1211751403442567
1947,-1.4151551548996901,-1.1211751403442567
1949,-1.4151551548996901,-1.1211751403442567
1951,-1.4151551548996901,-1.1211751403442567
1953,-1.4151551548996901,-1.1211751403442567
1955,-1.4151551548996901,-1.1211751403442567
1957,-1.4151551548996901,-1.1211751403442567
1959,-1.4151551548996901,-1.1211751403442567
1961,-1.4151551548996901,-1.1211751403442567
1963,-1.4151551548996901,-1.1211751403442567
1965,-1.4151551548996901,-1.1211751403442567
1967,-1.4151551548996901,-1.1211751403442567
1969,-1.4151551548996901,-1.1211751403442567
1971,-1.4151551548996901,-1.1211751403442567
1973,-1.4151551548996901,-1.1211751403442567
1975,-1.4151551548996901,-1.1211751403442567
1977,-1.4151551548996901,-1.1211751403442567
1979,-1.4151551548996901,-1.1211751403442567
1981,-1.4151551548996901,-1.1211751403442567
1983,-1.4151551548996901,-1.1211751403442567
1985,-1.4151551548996901,-1.1211751403442567
1987,-1.4151551548996901,-1.1211751403442567
1989,-1.4151551548996901,-1.1211751403442567
1991,-1.4151551548996901,-1.1211751403442567
1993,-1.4151551548996901,-1.1211751403442567
1995,-1.4151551548996901,-1.1211751403442567
1997,-1.4151551548996901,-1.1211751403442567
1999,-1.4151551548996901,-1.1211751403442567
2001,-1.4151551548996901,-1.1211751403442567
2003,-1.4151551548996901,-1.1211751403442567
2005,-1.4151551548996901,-1.1211751403442567
2007,-1.4151551548996901,-1.1211751403442567
2009,-1.4151551548996901,-1.1211751403442567
2011,-1.4151551548996901,-1.1211751403442567
2013,-1.4151551548996901,-1.1211751403442567
2015,-1.4151551548996901,-1.1211751403442567
2017,-1.4151551548996901,-1.1211751403442567
2019,-1.4151551548996901,-1.1211751403442567
2021,-1.4151551548996901,-1.1211751403442567
2023,-1.4151551548996901,-1.1211751403442567
2025,-1.4151551548996901,-1.1211751403442567
2027,-1.4151551548996901,-1.1211751403442567
2029,-1.4151551548996901,-1.1211751403442567
2031,-1.4151551548996901,-1.1211751403442567
2033,-1.4151551548996901,-1.1211751403442567
2035,-1.4151551548996901,-1.1211751403442567
2037,-1.4151551548996901,-1.1211751403442567
2039,-1.4151551548996901,-1.1211751403442567
2041,-1.4151551548996901,-1.1211751403442567
2043,-1.4151551548996901,-1.1211751403442567
2045,-1.4151551548996901,-1.1211751403442567
2047,-1.4151551548996901,-1.1211751403442567
2049,-1.4151551548996901,-1.1211751403442567
2051,-1.422380906252884,-0.96972669462415
2053,-1.422380906252884,-0.96972669462415
2055,-1.422380906252884,-0.96972669462415
2057,-1.422380906252884,-0.96972669462415
2059,-1.422380906252884,-0.96972669462415
2061,-1.422380906252884,-0.96972669462415
2063,-1.422380906252884,-0.96972669462415
2065,-1.422380906252884,-0.96972669462415
2067,-1.422380906252884,-0.96972669462415
2069,-1.422380906252884,-0.96972669462415
2071,-1.422380906252884,-0.96972669462415
2073,-1.422380906252884,-0.96972669462415
2075,-1.422380906252884,-0.96972669462415
2077,-1.422380906252884,-0.96972669462415
2079,-1.4281564816531265,-0.9782041481834209
2081,-1.4296123808326455,-0.9803411331288233
2083,0.757239007918562,0.412283938225266
2085,0.7633055588715345,0.3939086432225443
2087,0.7613713974513143,0.39404200882086315
2089,0.7624365169562001,0.3872978219378685
2091,0.7616572986745904,0.3854255169009901
2093,0.7652813331551918,0.38338490414673626
2095,0.7643265356152692,0.3835500280319627
2097,0.7654665283761826,0.4041403746987145
2099,0.7654665283761826,0.4041403746987145
2101,0.8272583402336507,-0.2836709292465491
2103,0.8272583402336507,-0.2836709292465491
2105,0.8272583402336507,-0.2836709292465491
2107,0.8272583402336507,-0.2836709292465491
2109,0.8272583402336507,-0.2836709292465491
2111,0.8272583402336507,-0.2836709292465491
2113,0.43404710064335705,1.2096084571640302
2115,0.13691875664078518,0.7734801819935363
2117,-1.2534717569868694,-1.2673504178518886
2163,0.14954515269393698,0.2044005156919744
2165,0.14954515269393698,0.2044005156919744
2167,0.16684451276051873,0.1393313047390386
2169,0.16681169326760448,0.13928313192373726
2171,0.206118999844328,0.11743614491607707
2173,0.21133080997814024,0.211731786476557
2175,0.21133080997814024,0.211731786476557
2177,0.21133080997814024,0.211731786476557
2179,0.21133080997814024,0.211731786476557
2181,0.21635475982098865,0.20896677389549193
2183,-0.38489774632434837,0.5103763342010169
2185,-0.24239237768940242,0.8875037122162844
2187,-0.2458616551565211,0.8828922698492906
2189,-0.2006312758319528,0.8448859533221946
2191,-0.200812484553886,0.8446199731525551
2193,1.1791199867607074,1.1538104117931751
2195,1.1791096241936252,1.1538577240733612
2197,1.179051699317969,1.1543691908055171
2199,1.1791061699679868,1.1538212487436785
2201,1.1790848702166625,1.1538210937409916
2203,1.1791645559940687,1.153586028622739
2205,1.1791346242530103,1.1535420944816033
2207,1.183062571572656,1.1541625457542353
2209,1.1833491790123636,1.161158991637425
2211,1.1833315778668534,1.1612278966078622
2213,1.183315650517186,1.1612656941976296
2215,1.1833520889994422,1.161258713051767
2217,1.1833659702804975,1.1611843814094385
2219,1.1897431409900756,1.1390785595932233
2221,1.1898084831874391,1.1385810886487575
2223,1.1906966301763464,1.1353729713206964
2225,1.1907208374616878,1.1353238674642958
2227,1.1907208374616878,1.1353238674642958
2229,1.1907208374616878,1.1353238674642958
2231,1.190679759594635,1.13518203749739
2233,1.190679759594635,1.13518203749739
2235,1.1905313168712455,1.1350665191596625
2237,1.1906276535335203,1.134955890935382
2239,1.1906712318847859,1.1349369058233632
2241,1.1907364648610965,1.1350069595960552
2243,1.190751228242801,1.1350892995287838
2245,1.1907893958628468,1.1347007823714919
2247,1.1907908320326197,1.1346998099022731
2249,1.1907893958628468,1.1347007823714919
2251,1.188434367511816,1.143300720076049
2253,1.1884375428814697,1.143494743963153
2255,1.188432137631015,1.143241604877997
2257,1.188305291916067,1.1441823956651098
2259,1.1888447565898743,1.1441216174671258
2261,1.1891064251381438,1.1421199170655845
2263,1.1891569411722565,1.142321293794097
2265,1.1892135180742165,1.142085405567316
2267,1.189147997291384,1.142163946131027
2269,1.1129343657805504,1.0313477964843232
2271,1.1121513522494442,1.032377828700127
2273,1.1117749113866497,1.0316281806892547
2275,1.111782232074863,1.0318192586749728
2277,1.1123823869903975,1.031951084599279
2279,1.1123823869903975,1.031951084599279
2281,1.1123974495151978,1.0319217134389986
2283,1.111782232074863,1.0318192586749728
2285,1.1117749113866497,1.0316281806892547
2287,1.111782232074863,1.0318192586749728
2289,1.1116359260250006,1.0308310712717206
2291,1.1116359260250006,1.0308310712717206
2293,1.1116286053367874,1.0306399932860024
2295,1.1116286053367874,1.0306399932860024
2297,1.1116286053367874,1.0306399932860024
2299,1.1116359260250006,1.0308310712717206
2301,1.1116359260250006,1.0308310712717206
2303,1.1116562409285347,1.0307946629913736
2305,1.135365248196199,1.2351633106215962
2307,1.135365248196199,1.2351633106215962
2309,1.1340892367128883,1.241414738431206
2311,1.133982570749379,1.2418722083033278
2313,0.7475509773763104,0.8903669640128082
2315,0.7475509773763104,0.8903669640128082
2317,-0.2976713172472088,0.7949802508113938
2319,-0.31620624754748616,0.7677744747707368
2321,-0.31978941107125575,0.7625150676531783
2395,0.939961904970439,-0.7245212877244206
2397,0.939961904970439,-0.7245212877244206
2399,0.939961904970439,-0.7245212877244206
2437,0.9482476020401427,-0.6878879498387611
2439,0.9482476020401427,-0.6878879498387611
2441,0.9482476020401427,-0.6878879498387611
2443,0.9482476020401427,-0.6878879498387611
2445,0.9482476020401427,-0.6878879498387611
2447,0.9482476020401427,-0.6878879498387611
2449,0.9482476020401427,-0.6878879498387611
2451,0.9482476020401427,-0.6878879498387611
2453,0.9482476020401427,-0.6878879498387611
2455,0.9482476020401427,-0.6878879498387611
2457,0.9979057947359772,-0.6149991044436178
2459,0.9482476020401427,-0.6878879498387611
2461,0.9979057947359772,-0.6149991044436178
2463,0.9979057947359772,-0.6149991044436178
2465,0.9979057947359772,-0.6149991044436178
2467,1.1899773387338448,-0.76393873475486
2469,1.220049760457018,-1.1983830250304317
2471,1.220049760457018,-1.1983830250304317
2473,1.2308927799895892,-1.2422922498412474
2475,1.2308927799895892,-1.2422922498412474
2477,1.2308927799895892,-1.2422922498412474
2479,1.240901183702541,-1.2932463603831068
2481,0.690564885984356,0.5849754730327525
2483,0.6898723270961697,0.6181164935939858
2485,0.6898723270961697,0.6181164935939858
2487,0.6898723270961697,0.6181164935939858
2489,0.6901490780269193,0.6185227116762242
2491,0.693608032260007,0.6160158868468699
2493,0.686289117205076,0.6120859064817105
2495,0.686289117205076,0.6120859064817105
2497,0.7451007720254517,0.5490137290180068
2499,0.7451007720254517,0.5490137290180068
2501,0.7432008145069503,0.5523581617996526
2503,0.7404300560489272,0.5480546912521602
2505,0.7404300560489272,0.5480546912521602
2507,0.7404300560489272,0.5480546912521602
2509,0.7404300560489272,0.5480546912521602
2511,0.7383687994416424,0.5437103231784208
2513,0.7420361817496459,0.543904956392787
2515,0.7420361817496459,0.543904956392787
2517,0.7420361817496459,0.543904956392787
2519,0.7713533204802124,0.4866282617492072
2521,0.7713504824058945,0.4865541848990317
2523,0.7977892293244471,0.10497724387904003
2525,0.7245873867982059,0.5420489660099044
2527,0.7245873867982059,0.5420489660099044
2529,0.765888994919801,-0.35818363950992216
2531,0.765888994919801,-0.35818363950992216
2533,0.8050810925184277,-0.4124333881153537
2539,0.8060270127630793,0.2323993745530262
2541,0.59954294105293,-0.5692239259831019
2543,0.5977744942528496,-0.5729779304766135
2545,0.5976457548879108,-0.5731668955427556
2547,0.6850657391158397,-0.8397631060359727
2549,0.8698109245037293,-1.127321721453014
2551,0.8698109245037293,-1.127321721453014
2553,0.8698109245037293,-1.127321721453014
2555,0.8698109245037293,-1.127321721453014
2557,0.8844183185737474,-1.1548704513109405
2559,0.8844183185737474,-1.1548704513109405
2561,0.16879905439482165,0.38196662789078
2563,0.1691145297413244,0.38583518669869665
2565,0.1690163990063962,0.38763956045889836
2567,0.1690163990063962,0.38763956045889836
2569,0.1688798999098965,0.38211798510013945
2571,0.1688798999098965,0.38211798510013945
2573,0.1691145297413244,0.38583518669869665
2575,0.1688798999098965,0.38211798510013945
2577,0.16748209097925254,0.3860824340632996
2579,0.1688798999098965,0.38211798510013945
2581,0.16748209097925254,0.3860824340632996
2583,0.16748209097925254,0.3860824340632996
2585,0.16737614826136182,0.38592693016825436
2587,0.16654767050391148,0.3860173019905259
2589,0.1667059802967455,0.38494325020509346
2591,0.1667059802967455,0.38494325020509346
2593,0.1661957353711892,0.3855007277036759
2595,1.251276174169774,1.5844295062002385
2597,0.8707033071348185,1.2025740476299835
2599,0.8566422349461648,1.20283452274032
2601,0.8566422349461648,1.20283452274032
2603,-1.1716400463338739,1.0613694916612915
2605,0.7776668620061845,1.3740870378046588
2607,0.7885535925539883,1.3690197441995404
2609,0.7775086934664092,1.3743035730540243
2611,0.7890157687364153,1.3680419261051606
2613,0.7891904736437437,1.3677321323165772
2615,0.7890484713040334,1.3679701177604358
2617,0.7892027560701687,1.3677625361326038
2619,0.7890505192404869,1.3679727371968826
2667,1.0773122188543491,0.5766333137024454
2685,1.0647609437681937,0.5584577289465621
2687,1.0679131506110853,0.563084573073419
2689,1.0647609437681937,0.5584577289465621
2691,1.064822458138,0.5585480204200732
2693,1.064822458138,0.5585480204200732
2695,1.0647609437681937,0.5584577289465621
2697,1.064822458138,0.5585480204200732
2699,1.064822458138,0.5585480204200732
2701,1.0658699917788108,0.5600856019035347
2703,0.40917831848372627,0.8481826988963296
2705,0.40465050667284047,0.8402018639559194
2707,0.40465050667284047,0.8402018639559194
2709,0.40463817947892633,0.8401837699641217
2711,0.40463817947892633,0.8401837699641217
2713,0.40538254108415345,0.8317885882615788
2715,0.40538254108415345,0.8317885882615788
2717,0.40538254108415345,0.8317885882615788
2719,0.40538254108415345,0.8317885882615788
2721,0.4050866490406954,0.8313542746420443
2723,0.44855005864054664,0.8108598965326224
2725,0.44855005864054664,0.8108598965326224
2727,0.4484205871956923,0.810669856911469
2729,0.4484205871956923,0.810669856911469
2731,0.4475823229078726,0.8076740286459588
2733,0.4475823229078726,0.8076740286459588
2735,0.4475823229078726,0.8076740286459588
2737,0.4475823229078726,0.8076740286459588
2739,0.4475823229078726,0.8076740286459588
2741,0.4475823229078726,0.8076740286459588
2743,0.4475352090362322,0.8076048743831973
2745,0.4475352090362322,0.8076048743831973
2747,0.4471232543890372,0.807000202788057
2749,0.4475352090362322,0.8076048743831973
2751,0.4475352090362322,0.8076048743831973
2753,0.44618565016008127,0.805096521806194
2755,0.4393336220415154,0.8103754001305677
2757,0.4393336220415154,0.8103754001305677
2759,0.42633443986897634,0.8837906513445893
2761,0.4263454275182598,0.8838067791379381
2763,0.42624897839299064,0.8836859322593097
2765,0.42810487995367064,0.8843414734260028
2767,0.42810487995367064,0.8843414734260028
2769,0.4278650411130812,0.8839894353186447
2771,0.42785414356130275,0.8839734397714109
2773,0.42785414356130275,0.8839734397714109
2775,0.42785414356130275,0.8839734397714109
2777,0.42800064537692417,0.8826489633646449
2779,0.390829271182113,0.8334453221483903
2781,0.390829271182113,0.8334453221483903
2783,0.390829271182113,0.8334453221483903
2785,0.3905225937747319,0.8329951776521995
2787,0.390829271182113,0.8334453221483903
2789,0.390599235939934,0.8331076738713914
2791,0.390599235939934,0.8331076738713914
2793,0.3905225937747319,0.8329951776521995
2795,0.3905225937747319,0.8329951776521995
2797,1.09232569829288,0.20152208099335361
2799,1.0864352338820245,0.20022934082823773
2801,1.0864352338820245,0.20022934082823773
2803,1.0861927112160907,0.19987336337230502
2805,1.0861523084002571,0.19981405967160906
2807,1.0858292669694345,0.1993398958805155
2809,1.0870018264745276,0.20106099171271533
2811,1.0867791184462894,0.2007340984015162
2813,1.0867791184462894,0.2007340984015162
2815,1.0867791184462894,0.2007340984015162
2817,1.0867791184462894,0.2007340984015162
2819,1.0863745862088705,0.20014032150167743
2821,1.0862533248801436,0.19996233277993258
2823,1.0868228505181179,0.1934449400642752
2825,1.0863745862088705,0.20014032150167743
2827,1.0868228505181179,0.1934449400642752
2829,1.09232569829288,0.20152208099335361
2831,1.0931516683785085,0.17887952920339376
2833,1.09232569829288,0.20152208099335361
2835,1.09232569829288,0.20152208099335361
2837,1.09232569829288,0.20152208099335361
2839,1.092870710421958,0.2019806229749692
2841,1.092870710421958,0.2019806229749692
2843,1.092870710421958,0.2019806229749692
2845,1.092870710421958,0.2019806229749692
2847,1.092870710421958,0.2019806229749692
2849,1.09407385972748,0.18023313188224313
2851,1.09407385972748,0.18023313188224313
2853,1.0944264935885148,0.1802265670603438
2855,1.09407385972748,0.18023313188224313
2857,1.0931516683785085,0.17887952920339376
2859,1.0931925990190754,0.17893960765108297
2861,1.093520230266406,0.17942050842569604
2863,1.0936226829542068,0.17957088961590842
2865,1.0936226829542068,0.17957088961590842
2867,1.0935612074572694,0.17948065520042497
2869,1.09354071821457,0.17945058086299528
2871,1.09354071821457,0.17945058086299528
2873,1.093520230266406,0.17942050842569604
2875,1.09354071821457,0.17945058086299528
2877,1.09354071821457,0.17945058086299528
2879,1.09354071821457,0.17945058086299528
2881,1.093520230266406,0.17942050842569604
2883,-0.27904235058428023,0.22409868147534076
2885,-0.27904235058428023,0.22409868147534076
2887,-0.27904235058428023,0.22409868147534076
2889,-0.27904235058428023,0.22409868147534076
2891,-0.27904235058428023,0.22409868147534076
2893,0.015691128963767988,-0.06192737856948293
2895,-0.008044023448052325,-0.06086779202982467
2897,-0.02908131079158924,-0.09403967206421532
2899,0.5512233397971287,-0.10001071519083504
2901,0.5512233397971287,-0.10001071519083504
2903,0.5512233397971287,-0.10001071519083504
2905,0.6289359232294897,-0.14882939861613514
2907,0.5512233397971287,-0.10001071519083504
2909,0.5508162173337823,-0.1006082940529876
2911,0.628706212465834,-0.1491665706199619
2913,0.6289056888304808,-0.14887377700196308
2915,0.628706212465834,-0.1491665706199619
2917,0.6390281612261794,-0.15055974813437473
2919,0.6412880191885294,-0.1544831291708769
2921,0.628706212465834,-0.1491665706199619
2923,0.6381490049208495,-0.15047527014443965
2925,0.6390281612261794,-0.15055974813437473
2927,0.6410790058777739,-0.1518195561311075
2929,0.641073055313965,-0.15182829043459106
2931,0.641073055313965,-0.15182829043459106
2933,0.641073055313965,-0.15182829043459106
2935,0.6410790058777739,-0.1518195561311075
2937,0.641073055313965,-0.15182829043459106
2939,0.6412880191885294,-0.1544831291708769
2941,0.6412880191885294,-0.1544831291708769
2943,0.6412880191885294,-0.1544831291708769
2945,0.6412880191885294,-0.1544831291708769
2947,0.6390065277522832,-0.1497109819683334
2949,0.6412880191885294,-0.1544831291708769
2951,0.6390065277522832,-0.1497109819683334
2953,-0.9638286618165526,-0.8422090738454063
2955,-0.9633931036591132,-0.8415697567564294
2957,-0.9558976768323824,-0.8305678862193646
2959,-0.9638286618165526,-0.8422090738454063
2961,-0.9558976768323824,-0.8305678862193646
2963,-0.9638286618165526,-0.8422090738454063
2965,-0.9638286618165526,-0.8422090738454063
2967,-0.9638286618165526,-0.8422090738454063
2969,-0.9638286618165526,-0.8422090738454063
2971,-0.9638286618165526,-0.8422090738454063
3001,-0.5639235544692948,0.17659942944418194
3003,-0.5639235544692948,0.17659942944418194
3005,-0.5639235544692948,0.17659942944418194
3007,-0.5639235544692948,0.17659942944418194
3009,-0.5631335473378719,0.16978007328482841
3011,-0.5639235544692948,0.17659942944418194
3013,-0.5639235544692948,0.17659942944418194
3015,-0.5639235544692948,0.17659942944418194
3017,-0.5639235544692948,0.17659942944418194
3019,-0.5639235544692948,0.17659942944418194
3021,-0.5639235544692948,0.17659942944418194
3023,-0.5639235544692948,0.17659942944418194
3025,-0.5639235544692948,0.17659942944418194
3027,-0.5639235544692948,0.17659942944418194
3029,-0.5639235544692948,0.17659942944418194
3031,-0.5639235544692948,0.17659942944418194
3033,-0.5639235544692948,0.17659942944418194
3035,0.9011480818617849,-0.11089071828823524
3037,0.9029961935723502,-0.11298231001652237
3039,0.910103730457896,-0.14029309972543577
3041,0.910103730457896,-0.14029309972543577
3043,0.9101793967040066,-0.14033779510459257
3045,0.9092970796405895,-0.14226763665667577
3047,0.9092591175311874,-0.1423208824564283
3049,0.909235721615333,-0.14258097946460604
3051,0.9093551754196304,-0.142418016589933
3053,0.9095196516162734,-0.14257000353715318
3055,0.9108797451432973,-0.14076235633661296
3057,0.9119339701068427,-0.14283791726468426
3059,0.9119339701068427,-0.14283791726468426
3061,0.91209728252895,-0.1422890291967578
3063,0.912118146160899,-0.1422584053266381
3065,0.912096434797575,-0.14362340746436028
3067,0.9120596647877465,-0.1432880983680691
3069,0.9120179598844848,-0.14334931328711975
3071,0.9098512843374352,-0.14207974168461832
3073,0.9099028572192132,-0.1420857941584389
3075,0.9098427607943447,-0.14201782922862008
3077,0.9124192952219291,-0.14077092508152692
3079,0.9122415056562543,-0.14072237606856505
3081,0.91262300480171,-0.14062805864389752
3083,0.9126321533283719,-0.14054099071558
3085,0.912286681830773,-0.14027472051434522
3087,0.9136855128999726,-0.14773999420825357
3089,0.9142278781167973,-0.12749087059770337
3091,0.9142278781167973,-0.12749087059770337
3093,0.9142820221780574,-0.12810638273580605
3095,0.9149621164523668,-0.12863774370720696
3097,0.9149642273826565,-0.12856715388198295
3099,0.7836845923815144,-0.4258403323271172
3101,0.7836713726782893,-0.42618538106986603
3103,0.7836713726782893,-0.42618538106986603
3105,0.7836713726782893,-0.42618538106986603
3107,0.7836713726782893,-0.42618538106986603
3109,0.7836713726782893,-0.42618538106986603
3111,0.8180390738448159,-0.45063907642325063
3113,0.8180390738448159,-0.45063907642325063
3115,0.8179566978760101,-0.45075998878289614
3117,0.8179566978760101,-0.45075998878289614
3119,0.8197726591354084,-0.4523809245713054
3121,0.8237625404456301,-0.4508505548164137
3123,0.8235597070603805,-0.4521163258198589
3125,0.8235597070603805,-0.4521163258198589
3127,0.8127515703782127,-0.5029700864464032
3129,0.8232439892673528,-0.5113869919686893
3131,0.8295354748377118,-0.35153817011047844
3133,0.8295354748377118,-0.35153817011047844
3135,0.8284188158091639,-0.35595123504826715
3137,0.8284188158091639,-0.35595123504826715
3139,0.8286611565568528,-0.41219021833929637
3141,0.8281254035271033,-0.41158181646290753
3143,0.8281254035271033,-0.41158181646290753
3145,0.8217933118889622,-0.3652478634864239
3147,0.8164802868107763,-0.31700926231413673
3149,0.8164802868107763,-0.31700926231413673
3151,0.8164802868107763,-0.31700926231413673
3153,0.8167217939804098,-0.3180473737155904
3155,0.8167217939804098,-0.3180473737155904
3157,0.816777823872464,-0.31796513241928503
3159,0.8168058424493566,-0.31792400644170865
3161,0.817391821607935,-0.32876807473328834
3163,0.817391821607935,-0.32876807473328834
3165,0.8202782725165189,-0.33155705306590905
3167,0.8221578173053052,-0.32931297975956425
3169,0.8204149984954647,-0.33135636515924494
3171,0.8245791486924756,-0.331588883241245
3173,0.8247269738239961,-0.3320082323590413
3175,0.8264599076876467,-0.333323586444382
3177,0.3809404782397658,0.06258343595360201
3179,0.3809404782397658,0.06258343595360201
3181,0.3809404782397658,0.06258343595360201
3183,0.35736615570771213,0.20916469912898242
3185,0.3574352753190181,0.21897534853552883
3187,0.3574352753190181,0.21897534853552883
3189,0.3574352753190181,0.21897534853552883
3191,0.3574352753190181,0.21897534853552883
3193,0.3574352753190181,0.21897534853552883
3195,0.3574352753190181,0.21897534853552883
3197,0.3574352753190181,0.21897534853552883
3199,0.34984697632738465,0.25104209990501164
3201,0.3745572440380835,0.23611996414020028
3203,0.3644586547186332,0.23464472911167072
3205,0.35825476813096585,0.260909092796566
3207,0.35825476813096585,0.260909092796566
3209,0.35541335536762364,0.2446731080630631
3211,0.35541335536762364,0.2446731080630631
3213,0.3642336211685814,0.2545229176127776
3215,0.3642336211685814,0.2545229176127776
3217,0.3642336211685814,0.2545229176127776
3219,0.3650872387163257,0.25573099314366315
3221,0.3642336211685814,0.2545229176127776
3223,0.36513160194226,0.25579610997818353
3225,0.3648655135798511,0.25540554253188413
3227,0.3648655135798511,0.25540554253188413
3229,-1.312493553217913,2.1750795458339436
3231,0.12778782243404904,0.8578466002920476
3233,-0.5150722614154323,1.0256681197063846
3235,-0.5150722614154323,1.0256681197063846
3237,0.04369328858698609,-0.5668060433216328
3239,-2.2895444708061423,2.9463162319327783
3241,-2.2895892580387134,2.94625049273662
3243,-2.2895892580387134,2.94625049273662
3245,-2.2895892580387134,2.94625049273662
3247,-2.2895892580387134,2.94625049273662
3249,-2.2895892580387134,2.94625049273662
3251,-2.2895892580387134,2.94625049273662
3253,-2.2887827516766412,2.9485250746467515
3255,-2.2887827516766412,2.9485250746467515
3257,-2.2887827516766412,2.9485250746467515
3259,-2.2887827516766412,2.9485250746467515
3261,-2.2890603741229905,2.947026794407547
3263,-2.2887827516766412,2.9485250746467515
3265,-2.2892845828019506,2.946697698424595
3267,-2.2892845828019506,2.946697698424595
3269,-2.28952655418094,2.946342530153746
3271,-2.28952655418094,2.946342530153746
3273,-2.28952655418094,2.946342530153746
3275,-2.28952655418094,2.946342530153746
3277,-2.28952655418094,2.946342530153746
3279,-2.28952655418094,2.946342530153746
3281,-2.28952655418094,2.946342530153746
3283,-2.28952655418094,2.946342530153746
3285,-2.28952655418094,2.946342530153746
3287,-2.2895982147429756,2.9462373459868725
3289,-2.2895982147429756,2.9462373459868725
3291,-2.2895982147429756,2.9462373459868725
3293,-2.2895982147429756,2.9462373459868725
3295,-2.2895713438879772,2.946276787325538
3297,-2.2895713438879772,2.946276787325538
3299,-2.2895713438879772,2.946276787325538
3301,-2.2896071711998527,2.9462241996002407
3303,-2.2901798705033416,2.9453835852177233
3305,-2.2901798705033416,2.9453835852177233
3307,-2.2901709298507424,2.945396708406663
3309,-2.2901709298507424,2.945396708406663
3311,-2.2901709298507424,2.945396708406663
3313,-2.2901709298507424,2.945396708406663
3315,-2.2901709298507424,2.945396708406663
3317,-2.2901709298507424,2.945396708406663
3319,-2.2901709298507424,2.945396708406663
3321,-1.3268827032620825,-0.4733486328762679
3323,-1.2254322381257476,0.6895459450643955
3325,0.5967737454140848,0.17191191919698443
3327,0.5967044748272496,0.18192915148851277
3329,0.5967044748272496,0.18192915148851277
3331,0.5969281608259346,0.14014745991545421
3333,0.5317717067434466,0.32809435927464997
3335,0.5315469853211058,0.32776451068128115
3337,0.5315469853211058,0.32776451068128115
3339,0.5314346829825077,0.3275996720645051
3341,0.5314346829825077,0.3275996720645051
3343,0.5313224195230307,0.32743489051493424
3345,0.5313224195230307,0.32743489051493424
3347,0.5462903289917501,0.19194623146369624
3349,0.5415231916930634,0.18494897452223422
3351,0.5406369286863667,0.16626817252580606
3353,0.5216333505829837,0.31764687783878126
3355,0.6328529399003701,0.32828472227165745
3357,0.6328529399003701,0.32828472227165745
3359,0.6328529399003701,0.32828472227165745
3361,0.6328529399003701,0.32828472227165745
3363,0.6328529399003701,0.32828472227165745
3365,0.6194507581191997,0.2985883293413437
3367,0.6194507581191997,0.2985883293413437
3369,0.6194507581191997,0.2985883293413437
3371,0.6194507581191997,0.2985883293413437
3373,0.6146311281423517,0.2916858375032441
3375,0.623055196482252,0.31006105000782175
3377,-1.4402177681589097,1.0784120731844988
3379,-1.6337537969435547,0.65957938134511
3381,-1.6310159858340398,0.6418535568333069
3383,-1.6324663867711646,0.6488003665635289
3385,-1.6275855133774517,0.6440330676164233
3387,-1.6367360243082427,0.7225817167143944
3389,-1.3716358005507694,-0.49577369157934403
3391,-1.3732384710262548,-0.49812610905902416
3393,-1.3732384710262548,-0.49812610905902416
3395,-1.3732384710262548,-0.49812610905902416
3397,-1.3732384710262548,-0.49812610905902416
3399,-1.3732384710262548,-0.49812610905902416
3401,-1.3732384710262548,-0.49812610905902416
3403,-1.3732384710262548,-0.49812610905902416
3405,-1.3721709046317012,-0.496559123277679
3407,-1.3721709046317012,-0.496559123277679
3409,-1.3721709046317012,-0.496559123277679
3411,-1.3721709046317012,-0.496559123277679
3413,-1.3721709046317012,-0.496559123277679
3415,-1.3721709046317012,-0.496559123277679
3417,-1.3721709046317012,-0.496559123277679
3419,-1.3721709046317012,-0.496559123277679
3421,-1.3777368222240118,-0.5047288387836983
3423,-1.3716358005507694,-0.49577369157934403
3425,-1.3777368222240118,-0.5047288387836983
3427,-1.3716358005507694,-0.49577369157934403
3429,-1.3721709046317012,-0.496559123277679
3431,-1.3721709046317012,-0.496559123277679
3433,-1.3716358005507694,-0.49577369157934403
3435,-1.3823642992742204,-0.4223360828306466
3437,-1.3716358005507694,-0.49577369157934403
3439,-1.3777368222240118,-0.5047288387836983
3441,-1.3716358005507694,-0.49577369157934403
3443,-1.3716358005507694,-0.49577369157934403
3445,-1.3716358005507694,-0.49577369157934403
3447,-1.3777368222240118,-0.5047288387836983
3449,-1.3777368222240118,-0.5047288387836983
3451,-1.3777368222240118,-0.5047288387836983
3453,-1.3777368222240118,-0.5047288387836983
3455,-1.3777368222240118,-0.5047288387836983
3457,-1.3777368222240118,-0.5047288387836983
3459,-1.3777368222240118,-0.5047288387836983
3461,-1.3823642992742204,-0.4223360828306466
3463,-1.3823642992742204,-0.4223360828306466
3465,-1.3777368222240118,-0.5047288387836983
3467,-1.3777368222240118,-0.5047288387836983
3469,-1.3779994978150947,-0.5051143969264359
3471,-1.3823642992742204,-0.4223360828306466
3473,-1.3867939712019692,-0.4288380043619135
3475,-1.3867939712019692,-0.4288380043619135
3477,-1.3823642992742204,-0.4223360828306466
3479,-1.3867939712019692,-0.4288380043619135
3481,-1.3867939712019692,-0.4288380043619135
3483,-1.3867939712019692,-0.4288380043619135
3485,-1.4238157075958244,-0.3486991983451438
3487,-1.3867939712019692,-0.4288380043619135
3489,-1.423108973572248,-0.3476618463155304
3491,-1.423462533119678,-0.3481808049362854
3493,-1.4238157075958244,-0.3486991983451438
3495,-0.03553020535284408,0.5339585704887541
3497,-0.03553020535284408,0.5339585704887541
3499,-0.03553020535284408,0.5339585704887541
3501,-0.039445783237879915,0.525174093797687
3503,-0.041000878949709885,0.5228915070831743
3505,-0.0504935143360186,0.5089581116955668
3507,-0.041000878949709885,0.5228915070831743
3509,-0.04994997623891588,0.5097559229362757
3511,-0.04994997623891588,0.5097559229362757
3513,-0.041000878949709885,0.5228915070831743
3515,-0.05094868355106269,0.5082900092789684
3517,-0.056567845003878896,0.5000421418446181
3519,-0.0506336344632758,0.508752441820406
3521,-0.05094868355106269,0.5082900092789684
3523,-0.0506336344632758,0.508752441820406
3525,-0.05954583088342046,0.4956710211779354
3527,-0.06144832853229819,0.49287851405140704
3529,-0.056567845003878896,0.5000421418446181
3531,-0.06204057724135471,0.4920092048348126
3533,-0.06195603647922608,0.4921332947020812
3535,-0.05961396977828406,0.49557100615315486
3537,-0.05954583088342046,0.4956710211779354
3539,-0.06156686483985217,0.492704525145932
3541,-0.05961396977828406,0.49557100615315486
3543,-0.05961396977828406,0.49557100615315486
3545,-0.061414453055698426,0.49292823685126214
3547,-0.05961396977828406,0.49557100615315486
3549,-0.05961396977828406,0.49557100615315486
3551,-0.05961396977828406,0.49557100615315486
3553,-0.061414453055698426,0.49292823685126214
3555,-0.06144832853229819,0.49287851405140704
3557,-0.06144832853229819,0.49287851405140704
3559,-0.06144832853229819,0.49287851405140704
3561,-0.06488516930151282,0.48783388109407405
3563,-0.06369314212566698,0.48958355178908325
3565,-0.06381086083543783,0.48941076296269287
3567,-0.06488516930151282,0.48783388109407405
3569,-0.06488516930151282,0.48783388109407405
3571,-0.06488516930151282,0.48783388109407405
3573,-0.06488516930151282,0.48783388109407405
3575,-0.05648833023791138,0.4869969511787825
3577,-0.05648833023791138,0.4869969511787825
3579,0.7217274135135677,0.2518115170206405
3581,0.7217274135135677,0.2518115170206405
3583,0.7217274135135677,0.2518115170206405
3585,0.7217274135135677,0.2518115170206405
3587,0.7217274135135677,0.2518115170206405
3589,0.7217274135135677,0.2518115170206405
3591,0.7217274135135677,0.2518115170206405
3593,0.7217274135135677,0.2518115170206405
3595,0.7217274135135677,0.2518115170206405
3597,0.7217274135135677,0.2518115170206405
3599,0.7217274135135677,0.2518115170206405
3601,0.7217274135135677,0.2518115170206405
3603,0.7217274135135677,0.2518115170206405
3605,0.7217274135135677,0.2518115170206405
3607,0.7217274135135677,0.2518115170206405
3613,0.6447132689828579,-1.2631492888547957
3615,0.6532717935465104,-1.0502474476871555
3617,0.6692505900540485,-1.09599858367635
3619,0.6909957243569863,-1.250485440748565
3621,0.8689860559360166,-1.1450700991130645
3623,0.8689860559360166,-1.1450700991130645
3625,0.8689860559360166,-1.1450700991130645
3627,0.9458371217900324,-0.900042487701595
3629,0.9458371217900324,-0.900042487701595
3631,0.2169167294697187,0.3991964864996255
3633,0.21693127571557974,0.3992398684601224
3635,0.20157653054577154,0.373411471439164
3637,0.20157653054577154,0.373411471439164
3639,0.20157653054577154,0.373411471439164
3641,0.20157653054577154,0.373411471439164
3643,0.20155709263181665,0.37338294025370977
3645,0.20155709263181665,0.37338294025370977
3647,0.21892306584814264,0.3604039382401856
3649,0.2631100322130002,0.3743344670150175
3651,0.25684791454913536,0.3691520160824486
3653,0.256988790277411,0.3663509358515734
3655,0.2599667381688229,0.38146618187480086
3657,0.258773142117096,0.3679873308361424
3659,-0.7042968939114378,0.9857730695213723
3661,-0.7042968939114378,0.9857730695213723
3663,-0.7596365634787908,0.9372318126465313
3665,-0.7066725309062615,0.9822860832210198
3667,-0.7535180234781376,0.9462126734459418
3669,-0.7535180234781376,0.9462126734459418
3671,-0.7535180234781376,0.9462126734459418
3673,-0.7535180234781376,0.9462126734459418
3675,-0.7535180234781376,0.9462126734459418
3677,-0.7535180234781376,0.9462126734459418
3679,-0.7535180234781376,0.9462126734459418
3681,-0.7596365634787908,0.9372318126465313
3683,-0.7535180234781376,0.9462126734459418
3685,-0.7596365634787908,0.9372318126465313
3687,-0.7535180234781376,0.9462126734459418
3689,-0.7596365634787908,0.9372318126465313
3691,-0.7535180234781376,0.9462126734459418
3693,-0.7596365634787908,0.9372318126465313
3695,-0.7615421626057376,0.9539349880554497
3697,-0.7003616331950804,0.909049316629984
3699,-0.49264213637239934,0.6250617516462671
3701,-0.7143319229356011,0.9127737486731706
3703,-0.49264213637239934,0.6250617516462671
3705,-0.7143319229356011,0.9127737486731706
3707,-0.7143319229356011,0.9127737486731706
3709,-0.6882639885713808,0.9010119055362802
3711,-0.683294190154765,0.9083066307118933
3713,-0.699175137520845,0.8849964002251576
3715,-0.699175137520845,0.8849964002251576
3717,-0.7015507745156686,0.8815094139248051
3719,-0.6955787272804552,0.8902752510201304
3721,-0.7015507745156686,0.8815094139248051
3723,-0.7097310677481382,0.8695022888898566
3725,-0.7108830156716749,0.8678114469654195
3727,-0.7108830156716749,0.8678114469654195
3729,-0.7108830156716749,0.8678114469654195
3731,-0.7108830156716749,0.8678114469654195
3733,-0.7154503165197453,0.8611075121801322
3735,-0.718834065478411,0.8561408079705193
3737,-0.718834065478411,0.8561408079705193
3739,-0.7620564146623507,0.8184930328844382
3741,-0.7620564146623507,0.8184930328844382
3743,-0.7620564146623507,0.8184930328844382
3745,-0.7620564146623507,0.8184930328844382
3747,-0.7630405519866514,0.8170485052167091
3749,0.8686567608564701,-0.8297455282778573
3751,0.8686567608564701,-0.8297455282778573
3753,0.8686567608564701,-0.8297455282778573
3755,0.8752396166771925,-0.861323909582183
3757,0.8849133800957332,-0.8250056961221948
3759,0.8641656142967034,-0.8349777845259267
3761,0.8695870120230619,-0.8052825463145986
3763,0.8695870120230619,-0.8052825463145986
3765,0.8608473533843455,-0.779554852518474
3767,0.8608473533843455,-0.779554852518474
3769,0.8630908362961438,-0.7632121287592337
3771,0.8630908362961438,-0.7632121287592337
3773,0.8638570058460044,-0.7652457510106401
3775,0.8638570058460044,-0.7652457510106401
3777,0.8727283784034793,-0.7507469112886748
3779,0.8692481797272649,-0.7554171201899496
3781,0.8693648811298472,-0.7580193759280937
3783,0.8760776076357273,-0.7624499204547855
3785,0.8760776076357273,-0.7624499204547855
3787,0.8758933691201503,-0.7629097989313225
3789,0.8758933691201503,-0.7629097989313225
3791,0.8758933691201503,-0.7629097989313225
3793,0.8751979517413391,-0.7639305402643738
3795,0.8750590470489341,-0.7641344261107917
3797,0.8757301214787881,-0.7691511544597757
3799,0.8757301214787881,-0.7691511544597757
3801,0.8757301214787881,-0.7691511544597757
3803,0.8701382488114576,-0.7595926851688538
3805,0.874583873795124,-0.7817313022341729
3807,0.8874596956539132,-0.8360784318459211
3837,0.8948219181139555,-0.7103480042841976
3839,0.8958537288851356,-0.711966102016849
3841,0.8958537288851356,-0.711966102016849
3843,0.8976739795614106,-0.720891283594997
3845,0.8976739795614106,-0.720891283594997
3847,0.872543249084005,-0.732531255503108
3849,0.8744834730130946,-0.7345585896472138
3851,-1.7534518917115467,0.6029443386762031
3853,-1.7556723317707712,0.5996851521573269
3855,-1.7537528411526004,0.6025026017524464
3857,-1.7552534130087671,0.6003000457573374
3859,-1.7556125193571626,0.5997729454806755
3861,-2.0779224620906085,-0.029881337915150352
3863,-2.0793149526311034,-0.012425016038378018
3865,-2.0779440220786136,-0.029912983904402096
3867,-2.079271894205936,-0.012361814404878596
3869,-2.084285023074977,0.050288273958716455
3871,-2.092434537831915,0.12333450592809449
3873,-2.085145221203803,0.049025665615211156
3875,-2.092348892932252,0.12346021646066603
3877,-2.092434537831915,0.12333450592809449
3879,-2.2079361308817247,-0.04620001197647141
3881,-2.092434537831915,0.12333450592809449
3883,-2.2073058041234663,-0.0452748113773984
3885,-2.2142967043990756,-0.03421756926381377
3887,-2.2142967043990756,-0.03421756926381377
3889,-2.2142967043990756,-0.03421756926381377
3891,-2.2142967043990756,-0.03421756926381377
3893,-2.2143850942777235,-0.03434730890695285
3895,-2.2143850942777235,-0.03434730890695285
3897,-2.2145323572227897,-0.034563463089224686
3899,-2.214650119446412,-0.034736315785729485
3901,-2.2145323572227897,-0.034563463089224686
3903,-2.2145323572227897,-0.034563463089224686
3905,0.9909863586276969,-0.7365476016043215
3907,1.0014007728667338,-0.6953528692348189
3909,1.002819583735615,-0.7050658416266474
3911,1.0014742945240296,-0.6953843063079665
3913,1.0083565797212768,-0.6969583436542419
3915,1.0014823189978548,-0.6953725278963859
3917,1.0082280859513648,-0.6898406551791125
3919,1.0035484101641838,-0.6920685340039318
3921,1.0025315301162079,-0.6999357058877658
3923,1.003096782783003,-0.7031993031475366
3925,1.0031405935913729,-0.703134997157637
3927,1.0025315301162079,-0.6999357058877658
3929,1.0022327130476212,-0.6999790571209416
3931,1.0001949375205015,-0.6933137127838602
3933,1.0001949375205015,-0.6933137127838602
3935,0.9996148344015336,-0.6972513666604524
3937,0.9975462460508977,-0.6963600160810488
3939,1.0016403764342026,-0.6965988571263738
3941,0.9987748929659799,-0.6943699720363132
3943,0.9987891561284826,-0.694349036408372
3945,1.0004260334642323,-0.6971075304126282
3947,0.9984276244933493,-0.6937834973067575
3949,0.9995986336793625,-0.6989233323346544
3951,0.9993725547178888,-0.6974112047349572
3953,0.9969279332157766,-0.6932781940691228
3955,0.9976011736438097,-0.6938503735665219
3957,0.9971554583382252,-0.699375921925841
3959,0.9971554583382252,-0.699375921925841
3961,1.0018718997992822,-0.7066074783055866
3963,0.9952490030885236,-0.6464337833647783
3965,0.9959409136685679,-0.646664889688002
3967,0.9950718796018548,-0.6463252128869479
3969,0.9950718796018548,-0.6463252128869479
3971,0.18942916759036088,0.9222709975652742
3973,0.18942916759036088,0.9222709975652742
3975,0.18942916759036088,0.9222709975652742
3977,0.1599294762053461,0.8789710237273795
3979,0.1599294762053461,0.8789710237273795
3981,0.1599294762053461,0.8789710237273795
3983,0.1328910717748484,0.8392837541495796
3985,-0.8558495212367865,-0.6837160950165747
3987,-0.8558495212367865,-0.6837160950165747
3989,-0.8558495212367865,-0.6837160950165747
3991,-0.8558495212367865,-0.6837160950165747
3993,-0.8558495212367865,-0.6837160950165747
3995,-0.8630558844593825,-0.694293674792995
3997,-0.8630558844593825,-0.694293674792995
3999,-0.8600726711520043,-0.6899148812498209
4001,-0.92405311393988,-0.7838260840042748
4003,-0.92405311393988,-0.7838260840042748
4005,-0.9445503679257005,-0.8139121804908828
4007,-0.9445503679257005,-0.8139121804908828
4009,-0.9445503679257005,-0.8139121804908828
4011,-0.9445503679257005,-0.8139121804908828
4013,-0.9445503679257005,-0.8139121804908828
4015,-0.9532103161524301,-0.8266233484404358
4017,-0.9532103161524301,-0.8266233484404358
4019,-0.9563434129842978,-0.8312221426813947
4021,-0.9563434129842978,-0.8312221426813947
4023,-0.9563434129842978,-0.8312221426813947
4025,-0.9463928331066186,-0.8166165712958497
4027,-0.9463928331066186,-0.8166165712958497
4029,-0.9463928331066186,-0.8166165712958497
4031,-0.9463928331066186,-0.8166165712958497
4033,-0.9463928331066186,-0.8166165712958497
4035,-0.9463928331066186,-0.8166165712958497
4037,-0.9463928331066186,-0.8166165712958497
4039,-0.9463928331066186,-0.8166165712958497
4041,0.31027335829054875,-1.0649287757855361
4043,0.2870278305308388,-1.0990488189652008
4045,0.2870278305308388,-1.0990488189652008
4047,0.2870278305308388,-1.0990488189652008
4049,0.2696863305029657,-1.1245028648301756
4051,0.27441112996347544,-1.1175677518366438
4053,0.27441112996347544,-1.1175677518366438
4055,0.27441112996347544,-1.1175677518366438
4057,0.27441112996347544,-1.1175677518366438
4059,0.27441112996347544,-1.1175677518366438
4061,0.27441112996347544,-1.1175677518366438
4063,0.27460471161801736,-1.1162432406908862
4065,0.2567897833994579,-1.1423921896991946
4067,0.24361209212699086,-1.161734550942727
4069,0.242180420929648,-1.1638359737874722
4071,0.242180420929648,-1.1638359737874722
4073,0.242180420929648,-1.1638359737874722
4075,0.242180420929648,-1.1638359737874722
4077,0.242180420929648,-1.1638359737874722
4079,0.242180420929648,-1.1638359737874722
4081,0.242180420929648,-1.1638359737874722
4083,0.242180420929648,-1.1638359737874722
4085,0.8657116413940623,0.6076364106008708
4087,0.6675157705305009,-0.07392401893110892
4089,0.6675157705305009,-0.07392401893110892
4091,0.6721135931146002,-0.11534644227600574
4093,0.6786832322653785,-0.13826788102662213
4095,0.6407151813502647,-0.3314499210846747
4097,0.6733810021373687,-0.5931427938299325
4099,0.6733810021373687,-0.5931427938299325
4101,0.6733810021373687,-0.5931427938299325
4103,0.6733810021373687,-0.5931427938299325
4105,0.6733810021373687,-0.5931427938299325
4107,0.7164836203033321,-0.6282642312261675
4109,0.7806327285832003,-0.8331010599596606
4111,0.7776694699591208,-0.8322770432368098
4113,0.7776694699591208,-0.8322770432368098
4115,0.7776694699591208,-0.8322770432368098
4117,0.7967880288501954,-0.7644305655328328
4119,0.31863641874471005,0.1882076319184223
4121,0.31771229553716285,0.18438263401221666
4123,0.31771229553716285,0.18438263401221666
4125,0.30578284886840285,0.15240390393513584
4127,0.30578284886840285,0.15240390393513584
4129,0.305696806280976,0.15227760967205722
4131,0.305028630051017,0.15373148778803025
4133,0.30784839454900514,0.15449386719790806
4135,0.30500515934357036,0.15289197251066558
4137,0.30500515934357036,0.15289197251066558
4139,0.30500515934357036,0.15289197251066558
4141,0.30500515934357036,0.15289197251066558
4143,0.3067969129449594,0.15214948813083956
4145,0.3067969129449594,0.15214948813083956
4147,0.3067969129449594,0.15214948813083956
4149,0.3067969129449594,0.15214948813083956
4151,0.3067969129449594,0.15214948813083956
4153,0.30784839454900514,0.15449386719790806
4155,0.35086989970693794,0.14425766706819793
4159,0.35086989970693794,0.14425766706819793
4161,0.35086989970693794,0.14425766706819793
4163,0.35086989970693794,0.14425766706819793
4165,0.8918585150003785,0.6522958688856451
4167,-1.3101384124838833,-1.0734923930479567
4169,-1.3101384124838833,-1.0734923930479567
4171,-1.3120002721411324,-1.0762252512801513
4173,-1.3141590162014152,-1.079393879728259
4175,-1.3159979984426993,-1.0820931582358433
4177,-1.3159979984426993,-1.0820931582358433
4179,-1.3159979984426993,-1.0820931582358433
4181,-1.3159979984426993,-1.0820931582358433
4183,-1.3159979984426993,-1.0820931582358433
4185,-1.3159979984426993,-1.0820931582358433
4187,-1.3159979984426993,-1.0820931582358433
4189,-1.3159979984426993,-1.0820931582358433
4191,-1.3159979984426993,-1.0820931582358433
4193,-1.3159979984426993,-1.0820931582358433
4195,-1.3163034840983214,-1.0825415534655984
4197,-1.3120002721411324,-1.0762252512801513
4199,-1.3048043386654467,-1.0656629804017959
4201,-1.1089116584668492,-0.6160750505291694
4203,-1.1089116584668492,-0.6160750505291694
4205,-1.1089116584668492,-0.6160750505291694
4207,-1.1089116584668492,-0.6160750505291694
4209,-1.1089116584668492,-0.6160750505291694
4211,-1.108318837461777,-0.6152049012901439
4213,-1.108318837461777,-0.6152049012901439
4215,-1.108318837461777,-0.6152049012901439
4217,-1.108318837461777,-0.6152049012901439
4219,-1.108318837461777,-0.6152049012901439
4221,-1.1106836464798444,-0.6186759941662525
4223,-1.1106836464798444,-0.6186759941662525
4225,-1.1106836464798444,-0.6186759941662525
4227,-1.1106836464798444,-0.6186759941662525
4229,-1.1106836464798444,-0.6186759941662525
4231,-1.1106836464798444,-0.6186759941662525
4233,-1.1106836464798444,-0.6186759941662525
4235,-1.1106836464798444,-0.6186759941662525
4237,-1.1106836464798444,-0.6186759941662525
4239,-1.1106836464798444,-0.6186759941662525
4241,-1.1106836464798444,-0.6186759941662525
4243,-1.1106836464798444,-0.6186759941662525
4245,-1.1106836464798444,-0.6186759941662525
4247,-1.1106836464798444,-0.6186759941662525
4249,-1.1106836464798444,-0.6186759941662525
4251,-1.1106836464798444,-0.6186759941662525
4253,-1.1136156103913037,-0.6229795632783122
4255,-1.1136156103913037,-0.6229795632783122
4257,-1.1136156103913037,-0.6229795632783122
4259,-1.1136156103913037,-0.6229795632783122
4261,-1.1047389703835826,-0.6099503327319212
4263,-1.1047389703835826,-0.6099503327319212
4265,-1.1047389703835826,-0.6099503327319212
4267,-1.1047389703835826,-0.6099503327319212
4269,-1.1047389703835826,-0.6099503327319212
4271,-1.1047389703835826,-0.6099503327319212
4273,-1.1047389703835826,-0.6099503327319212
4275,-1.1047389703835826,-0.6099503327319212
4277,-1.1047389703835826,-0.6099503327319212
4279,-1.1047389703835826,-0.6099503327319212
4281,-1.0965367804247814,-0.5979110674394729
4283,-1.0965367804247814,-0.5979110674394729
4285,-1.0965367804247814,-0.5979110674394729
4287,-1.0965367804247814,-0.5979110674394729
4289,-1.840130413822684,-0.45866939216832203
4291,-1.840130413822684,-0.45866939216832203
4293,-1.840168364902306,-0.45872509718344634
4295,-1.8395606139933116,-0.4578330336660354
4297,-1.8679657259807751,-0.44494047185008534
4299,-1.8902446323042452,-0.47764169737657447
4301,-1.8902446323042452,-0.47764169737657447
4303,-1.8902446323042452,-0.47764169737657447
4305,-1.8902446323042452,-0.47764169737657447
4307,-1.8902446323042452,-0.47764169737657447
4309,-1.8902446323042452,-0.47764169737657447
4311,-1.890997499849574,-0.4787467647005224
4313,-1.890997499849574,-0.4787467647005224
4315,-1.8402821914989682,-0.45889217312309555
4317,-1.8402821914989682,-0.45889217312309555
4319,-1.890997499849574,-0.4787467647005224
4321,-1.8402821914989682,-0.45889217312309555
4323,-1.8391040521446262,-0.45716288712635006
4325,-1.8911282550930637,-0.47893868869553646
4327,-1.8391040521446262,-0.45716288712635006
4329,-1.8911282550930637,-0.47893868869553646
4331,-1.8391040521446262,-0.45716288712635006
4333,-1.8911282550930637,-0.47893868869553646
4335,-1.8391040521446262,-0.45716288712635006
4337,-1.8911282550930637,-0.47893868869553646
4339,-1.8911282550930637,-0.47893868869553646
4341,-1.8391040521446262,-0.45716288712635006
4343,-1.8391040521446262,-0.45716288712635006
4345,-1.8391040521446262,-0.45716288712635006
4347,-1.8391040521446262,-0.45716288712635006
4349,-1.8911282550930637,-0.47893868869553646
4351,-1.8391040521446262,-0.45716288712635006
4353,-1.892985811146817,-0.4816652300508396
4355,-1.8391040521446262,-0.45716288712635006
4357,-1.8391040521446262,-0.45716288712635006
4359,-1.1157580487245355,0.1194833669823966
4361,-1.1315268755560037,0.04296847760295518
4363,-2.283747999683743,1.8971475835252627
4365,-2.283747999683743,1.8971475835252627
4367,-2.283747999683743,1.8971475835252627
4369,-2.283747999683743,1.8971475835252627
4371,-2.283747999683743,1.8971475835252627
4373,-2.283747999683743,1.8971475835252627
4375,-2.283747999683743,1.8971475835252627
4377,-2.283747999683743,1.8971475835252627
4379,-2.283747999683743,1.8971475835252627
4381,-2.283747999683743,1.8971475835252627
4383,-2.283747999683743,1.8971475835252627
4385,-2.283747999683743,1.8971475835252627
4387,-2.283747999683743,1.8971475835252627
4389,-2.283747999683743,1.8971475835252627
4391,-2.283747999683743,1.8971475835252627
4393,-2.283747999683743,1.8971475835252627
4395,-2.283747999683743,1.8971475835252627
4397,-2.283747999683743,1.8971475835252627
4399,-2.283747999683743,1.8971475835252627
4401,-2.283747999683743,1.8971475835252627
4403,-2.283747999683743,1.8971475835252627
4405,-2.283747999683743,1.8971475835252627
4407,-2.283747999683743,1.8971475835252627
4409,-2.283747999683743,1.8971475835252627
4411,-2.283747999683743,1.8971475835252627
4413,-2.283747999683743,1.8971475835252627
4415,-2.283747999683743,1.8971475835252627
4417,-2.283747999683743,1.8971475835252627
4419,-2.283747999683743,1.8971475835252627
4421,-2.283747999683743,1.8971475835252627
4423,-2.283747999683743,1.8971475835252627
4425,-2.283747999683743,1.8971475835252627
4427,-2.283747999683743,1.8971475835252627
4429,-2.283747999683743,1.8971475835252627
4431,-2.283747999683743,1.8971475835252627
4433,-2.283747999683743,1.8971475835252627
4435,-2.283747999683743,1.8971475835252627
4437,-2.283747999683743,1.8971475835252627
4439,-2.283747999683743,1.8971475835252627
4441,-2.283747999683743,1.8971475835252627
4443,-2.283747999683743,1.8971475835252627
4445,-2.283747999683743,1.8971475835252627
4447,-2.283747999683743,1.8971475835252627
4449,-2.283747999683743,1.8971475835252627
4451,-2.283747999683743,1.8971475835252627
4453,-2.283747999683743,1.8971475835252627
4455,-2.283747999683743,1.8971475835252627
4457,-2.283747999683743,1.8971475835252627
4459,-2.283747999683743,1.8971475835252627
4461,-2.283747999683743,1.8971475835252627
4463,-2.283747999683743,1.8971475835252627
4465,-2.283747999683743,1.8971475835252627
4467,-2.283747999683743,1.8971475835252627
4469,-2.283747999683743,1.8971475835252627
4471,-2.283747999683743,1.8971475835252627
4473,-2.283747999683743,1.8971475835252627
4475,-2.283747999683743,1.8971475835252627
4477,-2.283747999683743,1.8971475835252627
4479,-2.283747999683743,1.8971475835252627
4481,-2.283747999683743,1.8971475835252627
4483,-2.283747999683743,1.8971475835252627
4485,-2.283747999683743,1.8971475835252627
4487,-2.2847944610738073,1.8952382218042287
4489,-2.2847944610738073,1.8952382218042287
4491,-2.2847944610738073,1.8952382218042287
4493,-2.2847944610738073,1.8952382218042287
4495,-2.2847944610738073,1.8952382218042287
4497,-2.2847944610738073,1.8952382218042287
4499,-2.2847944610738073,1.8952382218042287
4501,-0.12076091871823716,2.4838114684495225
4503,-1.5634349436062962,-0.763937743532238
4505,-1.5634349436062962,-0.763937743532238
4507,-1.565078817492174,-0.7663506398341778
4509,-1.565078817492174,-0.7663506398341778
4511,-1.565078817492174,-0.7663506398341778
4513,-1.565078817492174,-0.7663506398341778
4515,-1.565078817492174,-0.7663506398341778
4517,-1.5681097915012367,-0.7707995370644197
4519,-1.5681097915012367,-0.7707995370644197
4521,-1.5681097915012367,-0.7707995370644197
4523,-1.5676453278274738,-0.7701177921383423
4525,-1.567722784653224,-0.770231484125311
4527,-1.567722784653224,-0.770231484125311
4529,-1.567722784653224,-0.770231484125311
4531,-1.568419064771662,-0.7712534917971449
4533,-1.568419064771662,-0.7712534917971449
4535,-1.5683417741028518,-0.7711400436971722
4537,-1.5683417741028518,-0.7711400436971722
4539,-1.5683417741028518,-0.7711400436971722
4541,-1.5683417741028518,-0.7711400436971722
4543,-1.5683417741028518,-0.7711400436971722
4545,-1.5683417741028518,-0.7711400436971722
4547,-1.5683417741028518,-0.7711400436971722
4549,-1.5683417741028518,-0.7711400436971722
4551,-1.5683417741028518,-0.7711400436971722
4553,-1.5683417741028518,-0.7711400436971722
4555,-1.5683417741028518,-0.7711400436971722
4557,-1.5683417741028518,-0.7711400436971722
4559,-1.5683417741028518,-0.7711400436971722
4561,-1.5683417741028518,-0.7711400436971722
4563,-1.5683417741028518,-0.7711400436971722
4565,-1.5692680484754762,-0.7724996394833749
4567,-1.5692680484754762,-0.7724996394833749
4569,-1.5692680484754762,-0.7724996394833749
4571,-0.6846907089443798,-0.432487294089149
4573,-0.683659633355618,-0.43097386991682185
4575,-0.683659633355618,-0.43097386991682185
4577,-0.683659633355618,-0.43097386991682185
4579,-0.6846907089443798,-0.432487294089149
4581,-0.6846907089443798,-0.432487294089149
4583,-0.6846907089443798,-0.432487294089149
4585,-0.6948250649672214,-0.4473626141365944
4587,-0.6948250649672214,-0.4473626141365944
4589,-0.6938257637157993,-0.44589582868863786
4591,-0.6938257637157993,-0.44589582868863786
4593,-0.6938257637157993,-0.44589582868863786
4595,-0.7699989871405867,-0.2806697603996397
4597,-0.7046522715477667,-0.4617870968297707
4599,-0.7046522715477667,-0.4617870968297707
4601,-0.7046522715477667,-0.4617870968297707
4603,-0.7046522715477667,-0.4617870968297707
4605,-0.7017352533815675,-0.4575054652481862
4607,-0.7065824736721963,-0.464620268892449
4609,-0.7065824736721963,-0.464620268892449
4611,-0.7065824736721963,-0.464620268892449
4613,-0.7065824736721963,-0.464620268892449
4615,-0.7065824736721963,-0.464620268892449
4617,-0.724368134454028,-0.4907262588328791
4619,-0.7489194339828712,-0.5267629282817415
4621,-1.3698408021637356,-0.7220357689006548
4623,-1.3677678801284097,-0.7189931109715891
4625,-1.3677678801284097,-0.7189931109715891
4627,-1.3721742052442132,-0.7254607637936265
4629,-1.3721742052442132,-0.7254607637936265
4631,-1.3721742052442132,-0.7254607637936265
4633,-1.3847819395966336,-0.7439665359554407
4653,-1.3029005778189555,-1.0628686191398145
4655,-1.3029005778189555,-1.0628686191398145
4657,-1.3029005778189555,-1.0628686191398145
4659,-1.3029005778189555,-1.0628686191398145
4661,-1.3029005778189555,-1.0628686191398145
4663,-1.3029005778189555,-1.0628686191398145
4665,-1.3029005778189555,-1.0628686191398145
4667,-1.307325424246192,-1.0693634577479696
4669,-1.3101384124838833,-1.0734923930479567
4671,-1.3101384124838833,-1.0734923930479567
4673,-1.3025821948778558,-1.0624012931315479
4675,-1.3101384124838833,-1.0734923930479567
4677,-1.3025821948778558,-1.0624012931315479
4679,-1.3025821948778558,-1.0624012931315479
4681,-1.3025821948778558,-1.0624012931315479
4683,-1.3025821948778558,-1.0624012931315479
4685,-1.3102939764108101,-1.0737207315033714
4687,-1.3102939764108101,-1.0737207315033714
4689,-1.3102939764108101,-1.0737207315033714
4691,-1.3102939764108101,-1.0737207315033714
4693,-0.9741103051073514,-0.8573005837765347
4695,-0.9741103051073514,-0.8573005837765347
4697,-0.9741103051073514,-0.8573005837765347
4699,-0.9741103051073514,-0.8573005837765347
4701,-0.975792659072637,-0.8597699615653464
4703,-0.9741103051073514,-0.8573005837765347
4705,-0.9741103051073514,-0.8573005837765347
4707,-0.9853003879255414,-0.8737255113104428
4709,-1.0019741536041054,-0.898199449299765
4711,-1.0019741536041054,-0.898199449299765
4713,0.30582121861759715,0.06230885974577389
4715,0.30582121861759715,0.06230885974577389
4717,0.30582121861759715,0.06230885974577389
4719,0.30582121861759715,0.06230885974577389
4721,0.30582121861759715,0.06230885974577389
4723,0.28756463425669354,0.035511642958685495
4725,0.28756463425669354,0.035511642958685495
4727,0.3672233882052215,-0.03654782797858639
4729,0.3672233882052215,-0.03654782797858639
4731,0.3672233882052215,-0.03654782797858639
4733,0.3672233882052215,-0.03654782797858639
4735,0.3672233882052215,-0.03654782797858639
4737,0.3284374931516362,0.18877145114533836
4739,0.3284374931516362,0.18877145114533836
4741,0.28614236642154667,0.1266901955490979
4743,0.3284374931516362,0.18877145114533836
4745,0.2959831298489956,0.14113457713235408
4747,0.2870247424747322,0.12798535689568513
4749,0.2870247424747322,0.12798535689568513
4751,0.2870247424747322,0.12798535689568513
4753,0.2870247424747322,0.12798535689568513
4755,0.28614236642154667,0.1266901955490979
4757,0.28614236642154667,0.1266901955490979
4759,0.28614236642154667,0.1266901955490979
4761,0.28614236642154667,0.1266901955490979
4763,0.28614236642154667,0.1266901955490979
4765,0.12697840325789733,0.1234270566950045
4767,0.283509553586881,0.12282572370180918
4769,0.12776643037586766,0.1245837316292041
4771,0.12776643037586766,0.1245837316292041
4773,0.12776643037586766,0.1245837316292041
4775,0.12776643037586766,0.1245837316292041
4777,0.12776643037586766,0.1245837316292041
4779,0.12776643037586766,0.1245837316292041
4781,0.12697840325789733,0.1234270566950045
4783,0.12697840325789733,0.1234270566950045
4785,0.12697840325789733,0.1234270566950045
4787,0.12697840325789733,0.1234270566950045
4789,0.12697840325789733,0.1234270566950045
4793,0.34775325166810195,-0.5629038553585141
4795,0.3953804873927215,-0.5890307641721091
4797,0.3953804873927215,-0.5890307641721091
4799,0.388441190076784,-0.5984104568696998
4801,0.36687401028656264,-0.6141180291491817
4803,0.36687401028656264,-0.6141180291491817
4805,0.36687401028656264,-0.6141180291491817
4807,0.36687401028656264,-0.6141180291491817
4809,0.3473920460010503,-0.6288982432049173
4811,0.3473920460010503,-0.6288982432049173
4813,0.3310338977368168,-0.3758749449123759
4815,0.3310338977368168,-0.3758749449123759
4817,0.32745863550565996,-0.3811227544251
4819,0.3480268404857631,-0.3647481442435348
4821,0.3450173246897646,-0.3691655448709072
4823,0.3450173246897646,-0.3691655448709072
4825,0.3655867620019963,-0.38255464291085844
4827,0.34462734814411505,-0.3995034738173757
4829,0.9887663877047648,0.021578792982393066
4831,0.9887663877047648,0.021578792982393066
4833,0.9887663877047648,0.021578792982393066
4835,0.9887663877047648,0.021578792982393066
4837,0.9887663877047648,0.021578792982393066
4839,0.9887663877047648,0.021578792982393066
4841,0.9887663877047648,0.021578792982393066
4843,0.9887663877047648,0.021578792982393066
4845,0.9887663877047648,0.021578792982393066
4847,0.9887663877047648,0.021578792982393066
4849,0.9887663877047648,0.021578792982393066
4851,0.9887663877047648,0.021578792982393066
4853,0.9887663877047648,0.021578792982393066
4855,0.9887663877047648,0.021578792982393066
4857,0.9887663877047648,0.021578792982393066
4859,0.9887663877047648,0.021578792982393066
4861,0.9887663877047648,0.021578792982393066
4863,0.9887663877047648,0.021578792982393066
4865,0.9887663877047648,0.021578792982393066
4867,0.6818766795523208,-0.18179675322459443
4869,0.6467826697040494,-0.28361431750489907
4871,0.6127559461689639,-0.2488616449702273
4873,0.6127559461689639,-0.2488616449702273
4875,0.6127559461689639,-0.2488616449702273
4877,1.2849510117199472,-1.693014123496497
4879,1.2849510117199472,-1.693014123496497
4881,1.2848580262608624,-1.693149862160952
4883,1.2848719317204291,-1.6931294515733442
4885,1.284818305822621,-1.6932278667159848
4887,1.2848391795541052,-1.6929974273769928
4889,1.2848453543890237,-1.6929883638858891
4891,1.2848453543890237,-1.6929883638858891
4893,1.2848453543890237,-1.6929883638858891
4895,1.2848453543890237,-1.6929883638858891
4897,1.2848453543890237,-1.6929883638858891
4899,1.2848355547250467,-1.6932070540351694
4901,1.2848355547250467,-1.6932070540351694
4903,1.2848355547250467,-1.6932070540351694
4905,1.2848355547250467,-1.6932070540351694
4907,1.284816411699613,-1.6934802413962315
4909,1.284735679665835,-1.6935972496171852
4911,1.284957980478379,-1.693354682642624
4913,1.2849518243117426,-1.6933637187322157
4915,1.2849518243117426,-1.6933637187322157
4917,1.2849518243117426,-1.6933637187322157
4919,1.2849518243117426,-1.6933637187322157
4921,1.285959870139654,-1.693165641115227
4923,1.285959870139654,-1.693165641115227
4925,1.285959870139654,-1.693165641115227
4927,1.2858548301490684,-1.693482073926843
4929,-0.37631731320547407,-1.3570943855222668
4931,-0.37631731320547407,-1.3570943855222668
4933,-0.37631731320547407,-1.3570943855222668
4935,-0.37631731320547407,-1.3570943855222668
4937,-0.37631731320547407,-1.3570943855222668
4939,-0.37841103460231784,-1.3601675729846008
4941,-0.37841103460231784,-1.3601675729846008
4943,-0.37841103460231784,-1.3601675729846008
4945,-0.37841103460231784,-1.3601675729846008
4947,-0.37841103460231784,-1.3601675729846008
4949,-0.37841103460231784,-1.3601675729846008
4951,-0.38277143381250056,-1.3665678152535625
4953,-0.37841103460231784,-1.3601675729846008
4955,-0.37841103460231784,-1.3601675729846008
4957,-0.38277143381250056,-1.3665678152535625
4959,-0.38120558222112316,-1.364269440939888
4961,-0.38120558222112316,-1.364269440939888
4963,-0.38277143381250056,-1.3665678152535625
4965,-0.38120558222112316,-1.364269440939888
4967,-0.38120558222112316,-1.364269440939888
4969,-0.38120558222112316,-1.364269440939888
4971,-0.38277143381250056,-1.3665678152535625
4973,-0.38120558222112316,-1.364269440939888
4975,-0.37841103460231784,-1.3601675729846008
4977,-0.37841103460231784,-1.3601675729846008
4979,-0.38277143381250056,-1.3665678152535625
4981,-0.38120558222112316,-1.364269440939888
4983,-0.37841103460231784,-1.3601675729846008
4985,1.0791442488996101,0.28808958598836976
4987,1.0791442488996101,0.28808958598836976
4989,1.0791442488996101,0.28808958598836976
4991,1.0791442488996101,0.28808958598836976
4993,1.0791442488996101,0.28808958598836976
4995,1.0791442488996101,0.28808958598836976
4997,1.0791442488996101,0.28808958598836976
4999,1.0791442488996101,0.28808958598836976
5001,1.0791442488996101,0.28808958598836976
5003,1.0791442488996101,0.28808958598836976
5005,1.0791442488996101,0.28808958598836976
5007,1.0791442488996101,0.28808958598836976
5009,1.0791442488996101,0.28808958598836976
5011,1.0791442488996101,0.28808958598836976
5013,1.0791442488996101,0.28808958598836976
5015,1.0791442488996101,0.28808958598836976
5017,1.0791442488996101,0.28808958598836976
5019,1.0791442488996101,0.28808958598836976
5021,1.0791442488996101,0.28808958598836976
5023,1.0791442488996101,0.28808958598836976
5025,1.0791442488996101,0.28808958598836976
5027,1.0791442488996101,0.28808958598836976
5029,1.0791442488996101,0.28808958598836976
5031,1.0791442488996101,0.28808958598836976
5033,1.0791442488996101,0.28808958598836976
5035,1.0791442488996101,0.28808958598836976
5037,1.0791442488996101,0.28808958598836976
5039,1.0791442488996101,0.28808958598836976
5041,1.0791442488996101,0.28808958598836976
5043,1.0791442488996101,0.28808958598836976
5045,1.0791442488996101,0.28808958598836976
5047,1.0791442488996101,0.28808958598836976
5049,1.0791442488996101,0.28808958598836976
5051,1.0791442488996101,0.28808958598836976
5053,1.0791442488996101,0.28808958598836976
5055,1.0791442488996101,0.28808958598836976
5057,1.0791442488996101,0.28808958598836976
5059,1.0791442488996101,0.28808958598836976
5061,1.0791442488996101,0.28808958598836976
5063,1.0791442488996101,0.28808958598836976
5065,1.0791442488996101,0.28808958598836976
5067,1.0791442488996101,0.28808958598836976
5069,1.0791442488996101,0.28808958598836976
5071,1.0791442488996101,0.28808958598836976
5073,1.0791442488996101,0.28808958598836976
5075,1.0791442488996101,0.28808958598836976
5077,1.0791442488996101,0.28808958598836976
5079,1.0791442488996101,0.28808958598836976
5081,1.0791442488996101,0.28808958598836976
5083,1.0791442488996101,0.28808958598836976
5085,1.0791442488996101,0.28808958598836976
5087,1.0791442488996101,0.28808958598836976
5089,1.0791442488996101,0.28808958598836976
5091,1.0791442488996101,0.28808958598836976
5093,1.0791442488996101,0.28808958598836976
5095,1.0791442488996101,0.28808958598836976
5097,1.0791442488996101,0.28808958598836976
5099,0.8350442651760963,-2.081027823543235
5101,0.8326553046767547,-2.1090767165379676
5103,0.8361166806647297,-2.084854106793902
5105,0.8328786044828904,-2.1088132503895585
5107,0.8363259134680439,-2.0845745478923563
5109,0.8330890909578613,-2.1085318956431616
5111,0.8332542258010533,-2.108317135177776
5113,0.832924049511268,-2.1087465456734256
5115,0.8336005332613167,-2.1078549244323965
5117,0.8336157227593861,-2.1078326291188496
5119,0.8363259134680439,-2.0845745478923563
5121,0.8354829676863679,-2.065164622615842
5123,0.8349631948894659,-2.0648329510983925
5125,0.8356570339184121,-2.0641251983206272
5127,0.8351376849525302,-2.0656714324379077
5129,0.8356570339184121,-2.0641251983206272
5131,0.8352522454525511,-2.064719351315413
5133,0.8356570339184121,-2.0641251983206272
5135,0.836335538014571,-2.0684504279983895
5137,0.836335538014571,-2.0684504279983895
5139,0.836335538014571,-2.0684504279983895
5141,0.8357578148682879,-2.0692619627575883
5143,0.8342994718482577,-2.07997643541031
5145,0.8362759536514172,-2.068537886586753
5147,0.8362759536514172,-2.068537886586753
5149,0.8362603823248207,-2.068569863034148
5151,0.841394118782073,-2.0926964672215305
5153,0.8414095865464009,-2.092664703444098
5155,0.841394118782073,-2.0926964672215305
5157,0.841394118782073,-2.0926964672215305
5159,0.8357702362109514,-2.0697809458499172
5161,0.8353686680119459,-2.0703794782665947
5163,0.835755380723881,-2.069802750898421
5165,0.8358004612984484,-2.0721415622769324
5167,0.8358004612984484,-2.0721415622769324
5169,0.8324280264793379,-2.0800259867080584
5171,0.8349375894512883,-2.067905465998233
5173,0.8353686680119459,-2.0703794782665947
5175,0.8358004612984484,-2.0721415622769324
5177,0.8359206012908331,-2.0691224460767894
5179,0.8364129318401405,-2.078568790991058
5181,0.8363991028864672,-2.0785800947790394
5183,0.835932625277479,-2.079774928361138
5185,0.8362823896987363,-2.0787514076890394
5187,0.8362823896987363,-2.0787514076890394
5189,0.8347316829403366,-2.0793869190262217
5191,0.6041897890064536,0.1237516889787711
5193,0.6041897890064536,0.1237516889787711
5195,0.6041897890064536,0.1237516889787711
5197,0.6041897890064536,0.1237516889787711
5199,0.7666055609321824,-0.014949559330761508
5201,0.5871522734160884,0.1704592874633969
5203,0.7666055609321824,-0.014949559330761508
5205,0.7666055609321824,-0.014949559330761508
5207,0.7666055609321824,-0.014949559330761508
5209,0.7666055609321824,-0.014949559330761508
5211,0.7666055609321824,-0.014949559330761508
5213,0.7666055609321824,-0.014949559330761508
5215,0.7666055609321824,-0.014949559330761508
5217,0.7666055609321824,-0.014949559330761508
5219,0.7666055609321824,-0.014949559330761508
5221,0.7666055609321824,-0.014949559330761508
5223,0.7666055609321824,-0.014949559330761508
5225,0.7666055609321824,-0.014949559330761508
5227,0.7666055609321824,-0.014949559330761508
5229,0.7666055609321824,-0.014949559330761508
5231,0.7666055609321824,-0.014949559330761508
5233,0.7666055609321824,-0.014949559330761508
5235,0.7666055609321824,-0.014949559330761508
5237,0.7666055609321824,-0.014949559330761508
5239,0.7666055609321824,-0.014949559330761508
5241,0.7666055609321824,-0.014949559330761508
5243,0.7666055609321824,-0.014949559330761508
5245,0.7666055609321824,-0.014949559330761508
5247,0.7666055609321824,-0.014949559330761508
5249,0.7666055609321824,-0.014949559330761508
5251,0.7666055609321824,-0.014949559330761508
5253,0.7666055609321824,-0.014949559330761508
5255,0.7666055609321824,-0.014949559330761508
5257,0.7666055609321824,-0.014949559330761508
5259,0.7666055609321824,-0.014949559330761508
5261,0.7666055609321824,-0.014949559330761508
5263,0.7666055609321824,-0.014949559330761508
5265,0.7666055609321824,-0.014949559330761508
5267,0.7666055609321824,-0.014949559330761508
5269,0.7666055609321824,-0.014949559330761508
5271,0.7666055609321824,-0.014949559330761508
5273,0.7666055609321824,-0.014949559330761508
5275,0.7666055609321824,-0.014949559330761508
5277,0.7666055609321824,-0.014949559330761508
5279,0.7666055609321824,-0.014949559330761508
5375,-2.285331036227597,0.2971862376233154
5377,0.5639249314586646,0.4959753220122493
5379,0.5612445581212548,0.4921025608244753
5381,0.5613787863395746,0.49229958249042116
5383,0.5613417256806178,0.4922758951484988
5385,0.5613417256806178,0.4922758951484988
5387,0.5663747707095413,0.4902045349485999
5389,0.5663301265297422,0.4901390057268843
5391,0.5663301265297422,0.4901390057268843
5393,0.5663301265297422,0.4901390057268843
5395,0.5674262063511353,0.4916563012965756
5397,0.5615491713289679,0.49159582735648494
5399,0.5594501476898954,0.49093773294488974
5401,0.5586528635851714,0.48976747050297637
5403,0.5585201732745996,0.4895727061950617
5405,0.5810060715136115,0.35410635849975675
5407,0.5810169638619052,0.35577049527686183
5409,0.5810060715136115,0.35410635849975675
5411,0.5813530267420673,0.35461562322795237
5413,0.5805403784338691,0.35507095790556725
5415,0.5829739583318405,0.3586429934411027
5417,0.5837464259584859,0.3580454291672084
5419,0.5859304272496503,0.3473213254549487
5421,0.5849911792935256,0.3476947898384756
5423,0.5859808031854801,0.3474247747951206
5425,0.5863504855948714,0.3461778506481279
5427,0.585403953678541,0.3447885206148435
5429,0.6018655788508944,0.028759224525751352
5431,0.658184039977652,0.06410933229584612
5433,0.6101300695695414,0.09222467716158729
5435,0.6765736959109082,0.06843318655718479
5437,0.676450155494355,0.06825185256508069
5439,0.676450155494355,0.06825185256508069
5441,0.676450155494355,0.06825185256508069
5443,0.6715686251479435,0.05962755279616895
5445,0.6718933040230882,0.06010412004617796
5447,0.6718933040230882,0.06010412004617796
5449,0.5849766037644533,-0.06294427118636496
5451,0.5849766037644533,-0.06294427118636496
5453,0.5849766037644533,-0.06294427118636496
5455,0.5849766037644533,-0.06294427118636496
5457,0.5849766037644533,-0.06294427118636496
5459,0.5849766037644533,-0.06294427118636496
5461,0.5857363836073164,-0.05535782883726157
5463,-1.2638837741252846,-1.0291558263347804
5465,-1.2638837741252846,-1.0291558263347804
5467,-1.2641068992627313,-1.0294833318834968
5469,-1.2641331391882562,-1.0295218471368919
5471,-1.3039366857176249,-1.0879459337106445
5473,-1.3038786606661215,-1.087860763897196
5475,-1.3040179033503458,-1.0880651458517503
5477,-1.3040179033503458,-1.0880651458517503
5479,-1.21213564996672,0.3936494623399788
5481,-1.0645206405199488,0.6450967271761753
5483,-1.0866387343439956,0.6126315440179595
5485,-1.1204477648886608,0.5630062744189618
5487,-1.1204477648886608,0.5630062744189618
5489,1.0377842427147586,1.08628008141437
5491,1.0376194922478552,1.0870379167278403
5493,1.0376194922478552,1.0870379167278403
5495,1.0376298882455426,1.0870531760884228
5497,1.037915208037853,1.087658378212245
5499,1.0378435547644242,1.0875162642651586
5501,1.0378726455581437,1.0875589640544738
5503,0.9739856848317585,0.8565744093310254
5505,0.974000453850196,0.8565960874599116
5507,0.9740506735449393,0.8566698004842336
5509,0.9740506735449393,0.8566698004842336
5511,0.9743105877239832,0.8563234696077185
5513,0.9740861274244302,0.8567218400813386
5515,0.975274213983018,0.8500984065760718
5517,0.3339898899504557,-1.1128860602842516
5519,0.3334766643100167,-1.113639378565243
5521,-1.9995891095579807,0.4343353602131689
5523,0.5799552642355228,0.08407701853542142
5525,0.5799552642355228,0.08407701853542142
5527,0.580900663115894,0.06555867045922951
5529,0.5917260879779295,0.058620509866418674
5531,0.906839448651324,-1.747784280594213
5533,0.9067950292801154,-1.7480269928875671
5535,0.9069095596504633,-1.7480291162379258
5537,0.9068764769407593,-1.7479074431089259
5539,0.9200195567036575,-1.7630567629645826
5541,0.9068764769407593,-1.7479074431089259
5543,0.9068285861440134,-1.7478002247027888
5545,0.9068285861440134,-1.7478002247027888
5547,0.10016932393138271,0.7195389575208315
5549,0.10016932393138271,0.7195389575208315
5551,0.10016932393138271,0.7195389575208315
5553,0.10016932393138271,0.7195389575208315
5555,0.10016932393138271,0.7195389575208315
5557,0.10016932393138271,0.7195389575208315
5559,0.10016932393138271,0.7195389575208315
5561,0.10016932393138271,0.7195389575208315
5563,0.10016932393138271,0.7195389575208315
5565,0.10016932393138271,0.7195389575208315
5615,0.7931172538262737,1.1512907569937056
5617,0.7931172538262737,1.1512907569937056
5619,0.7931445176953369,1.1509379530822719
5621,0.7932238814640757,1.150872163910511
5623,0.7932238814640757,1.150872163910511
5625,0.7932238814640757,1.150872163910511
5627,0.7932238814640757,1.150872163910511
5629,0.7932238814640757,1.150872163910511
5631,0.7932238814640757,1.150872163910511
5633,0.7932238814640757,1.150872163910511
5635,0.7932238814640757,1.150872163910511
5637,0.7932238814640757,1.150872163910511
5639,-2.8460732251301755,2.3213334139345463
5641,0.7230698058269385,1.0259899941381596
5643,0.7230698058269385,1.0259899941381596
5645,0.7230698058269385,1.0259899941381596
5647,0.7230698058269385,1.0259899941381596
5649,0.7230698058269385,1.0259899941381596
5651,0.7229841460160571,1.0258642617187355
5653,0.7284840575736259,1.0294013342960748
5655,0.7229841460160571,1.0258642617187355
5657,0.7284840575736259,1.0294013342960748
5659,0.7230698058269385,1.0259899941381596
5661,0.7231476980229026,1.0261043251663537
5663,0.7229841460160571,1.0258642617187355
5665,0.7229841460160571,1.0258642617187355
5667,0.7208881744051441,1.0246098542485342
5669,0.7208881744051441,1.0246098542485342
5671,0.7208881744051441,1.0246098542485342
5673,0.7208881744051441,1.0246098542485342
5675,0.7208881744051441,1.0246098542485342
5677,0.7208881744051441,1.0246098542485342
5679,0.7208881744051441,1.0246098542485342
5681,0.7208881744051441,1.0246098542485342
5683,0.7208881744051441,1.0246098542485342
5685,0.7208881744051441,1.0246098542485342
5687,0.7208881744051441,1.0246098542485342
5689,0.7208881744051441,1.0246098542485342
5691,0.7208881744051441,1.0246098542485342
5693,0.7208881744051441,1.0246098542485342
5695,0.7498904803269925,-2.2732495680725866
5697,0.7529376622418773,-2.2774534536204136
5699,0.7578402270585468,-2.293384566801236
5701,0.7575444067790337,-2.2937874249250925
5703,0.7575444067790337,-2.2937874249250925
5705,0.7575444067790337,-2.2937874249250925
5707,0.7572519795668781,-2.293431318199157
5709,0.7572519795668781,-2.293431318199157
5711,0.75712379437592,-2.294350024225003
5713,0.7558450121710492,-2.2961022154382875
5715,0.755753708814364,-2.296236231516767
5717,0.7559358735259858,-2.2964207144891584
5719,0.7552259684083872,-2.2972098261229847
5721,0.7507025024616594,-2.2957423584693344
5723,0.7508656613780729,-2.2951090042943703
5725,0.7523502430710135,-2.281295202804754
5727,0.7523502430710135,-2.281295202804754
5729,0.7521717228763202,-2.281557236724325
5731,0.7521717228763202,-2.281557236724325
5733,0.7525872362136156,-2.2822710818484153
5735,0.7525872362136156,-2.2822710818484153
5737,0.7525872362136156,-2.2822710818484153
5739,0.7525872362136156,-2.2822710818484153
5741,0.7525872362136156,-2.2822710818484153
5743,0.7525872362136156,-2.2822710818484153
5745,0.7525872362136156,-2.2822710818484153
5747,0.7524746914088253,-2.2823087986521995
5749,0.7554646018810496,-2.29011765525083
5751,0.7554157552047868,-2.2901817396318793
5753,0.7551908084265015,-2.2905195323167353
5755,0.7556108066411933,-2.2944349735347065
5757,0.7556108066411933,-2.2944349735347065
5759,-2.3406268709300497,1.9595551950367833
5761,-1.1309995118823992,1.6244730660818805
5763,-1.1309995118823992,1.6244730660818805
5765,-1.7320976429411894,0.19907192980813038
5767,-1.7320976429411894,0.19907192980813038
5769,-1.7320976429411894,0.19907192980813038
5771,-1.7320976429411894,0.19907192980813038
5773,-1.7320976429411894,0.19907192980813038
5775,-1.7320976429411894,0.19907192980813038
5777,-1.7348887223052483,0.19497515259558545
5779,-1.7348887223052483,0.19497515259558545
5781,-1.7348887223052483,0.19497515259558545
5783,-1.7348887223052483,0.19497515259558545
5785,-1.7359804923274125,0.19337264046148495
5787,-1.7359804923274125,0.19337264046148495
5789,-1.7493243605569269,0.1737863628393474
5791,-1.7359804923274125,0.19337264046148495
5793,-1.7493093638867372,0.17380837511799827
5795,-1.7493243605569269,0.1737863628393474
5797,-1.7493243605569269,0.1737863628393474
5799,-1.7493243605569269,0.1737863628393474
5801,-1.7493243605569269,0.1737863628393474
5803,-1.7493243605569269,0.1737863628393474
5805,-1.7493243605569269,0.1737863628393474
5807,-1.7493243605569269,0.1737863628393474
5809,-1.7493243605569269,0.1737863628393474
5811,-1.7493243605569269,0.1737863628393474
5813,-1.7493093638867372,0.17380837511799827
5815,-1.7493093638867372,0.17380837511799827
5817,-1.7493093638867372,0.17380837511799827
5819,-1.7493093638867372,0.17380837511799827
5821,-1.7493093638867372,0.17380837511799827
5823,-1.7493093638867372,0.17380837511799827
5825,-1.7493093638867372,0.17380837511799827
5827,-1.7493093638867372,0.17380837511799827
5829,-1.7493093638867372,0.17380837511799827
5831,-1.7493093638867372,0.17380837511799827
5833,-1.7493093638867372,0.17380837511799827
5835,-1.7493093638867372,0.17380837511799827
5837,-1.7493093638867372,0.17380837511799827
5839,-1.7493093638867372,0.17380837511799827
5841,-1.7493093638867372,0.17380837511799827
5843,-1.7493093638867372,0.17380837511799827
5845,-1.7493093638867372,0.17380837511799827
5847,-1.7493093638867372,0.17380837511799827
5849,-1.7493093638867372,0.17380837511799827
5851,-1.7493093638867372,0.17380837511799827
5853,-1.7499311435917604,0.1728957199783531
5855,-1.7499311435917604,0.1728957199783531
5857,-1.7499311435917604,0.1728957199783531
5859,-1.7499311435917604,0.1728957199783531
5861,-1.7499311435917604,0.1728957199783531
5863,-1.7499311435917604,0.1728957199783531
5865,-1.7499648204918223,0.17284628865134055
5867,-1.7499311435917604,0.1728957199783531
5869,-1.7499648204918223,0.17284628865134055
5871,-1.7499648204918223,0.17284628865134055
5873,-1.7499311435917604,0.1728957199783531
5875,-1.7499648204918223,0.17284628865134055
5877,-1.2745901684953391,-1.3877827085871086
5879,-1.2744018894449012,-1.3875063505109582
5881,-1.2746842670420255,-1.3879208274764412
5883,-1.2746842670420255,-1.3879208274764412
5885,-1.2746842670420255,-1.3879208274764412
5887,-1.2746842670420255,-1.3879208274764412
5889,-1.2746842670420255,-1.3879208274764412
5891,-1.2746842670420255,-1.3879208274764412
5893,-1.2761861420104648,-1.3901252961941786
5965,0.29549438934057015,-1.1325279466494498
5967,0.29549438934057015,-1.1325279466494498
5969,0.29549438934057015,-1.1325279466494498
5971,0.29549438934057015,-1.1325279466494498
5973,0.2920585339348671,-1.137571133279304
5975,0.2920585339348671,-1.137571133279304
5977,0.2920585339348671,-1.137571133279304
5979,0.2893358227297543,-1.1415675589507066
5981,0.2893358227297543,-1.1415675589507066
5983,0.2893358227297543,-1.1415675589507066
5985,0.2893358227297543,-1.1415675589507066
5987,0.2867702515748444,-1.1453333327154889
5989,0.2867702515748444,-1.1453333327154889
5991,0.2867702515748444,-1.1453333327154889
5993,0.2855620295208325,-1.1471067744320913
5995,0.2855620295208325,-1.1471067744320913
5997,0.2874434363701947,-1.1443452246147527
5999,0.2874434363701947,-1.1443452246147527
6001,0.2867702515748444,-1.1453333327154889
6003,0.2855620295208325,-1.1471067744320913
6005,0.2855620295208325,-1.1471067744320913
6007,0.2648014693480999,-1.1775793546569813
6009,0.25247021171871104,-1.195679311221683
6011,0.25247021171871104,-1.195679311221683
6013,0.25295456281616924,-1.194968375314776
6015,0.25295456281616924,-1.194968375314776
6017,0.25295456281616924,-1.194968375314776
6019,0.21457654182282435,-1.1896898044341206
6021,0.21457654182282435,-1.1896898044341206
6023,0.22002737218157772,-1.2432992705239858
6025,0.22002737218157772,-1.2432992705239858
6027,0.22002737218157772,-1.2432992705239858
6029,0.22002737218157772,-1.2432992705239858
6237,-0.9495921698356535,-0.8213125931917327
6239,-0.25991857323723,0.19099795269310635
6249,-1.1110277302074096,-1.0582694972274747
6257,-1.1110277302074096,-1.0582694972274747
6281,-0.6656103235121953,-0.4044808929628571
6285,-0.6382869691517092,-0.36437537072089987
6359,-0.43533579209065815,-0.06648138456287968
6361,0.06716394435433941,0.6710932957156462
6363,-0.2193315454496469,0.25057204173774583
6365,-0.3797481796116149,0.015110728881272956
6367,0.06716394435433941,0.6710932957156462
6369,-0.2193315454496469,0.25057204173774583
6371,-0.3797481796116149,0.015110728881272956
6373,-0.9925990657408869,0.8046177498418523
6377,-1.0973218746828202,0.1405657044161122
6379,-0.6949684394169695,0.7076378151097604
6383,-0.6052633109975346,0.6489452129374127
6385,-0.43775529228962823,0.412391292417321
6389,1.124521883018165,-0.4029337138843999
6391,1.124521883018165,-0.4029337138843999
6411,1.282426278006143,-0.5406049148194231
6413,1.2769105527718114,-0.5672997699010918
6419,1.1226575180397913,-0.4014714228056616
6461,1.140734480799581,-0.3584126959025498
6469,1.141065303690485,-0.38486941368831074
6471,1.142945152430206,-0.3821101508815655
6477,-0.7049176811685969,0.1624729879588116
6479,-0.7349356440760773,0.11841228943838401
6485,-0.5129906171078075,0.7489648357931298
6501,-0.49316597088651437,0.7887506387923761
6551,0.17516938483221092,0.9478169292095181
6639,0.952524735111327,-0.7462358622822748
6641,0.3630577726852824,0.231263903301477
6643,0.32813871924268206,0.03995711324669754
6645,0.5729149019978255,-0.21836384581653231
6647,1.1434868874638855,-0.4440684999009745
6649,0.4193117536737352,-0.48157037319805623
6651,0.4578590099401441,-0.5005461473330285
6653,0.8388899525290481,-0.5021451831441207
6655,0.8428298104685612,-0.46898133027228933
6657,0.5885927166532442,-0.2119300381019569
6659,0.9465376994336469,-0.488987267188268
6661,0.5724454551626972,-0.06591492204513863
6663,1.1527098199217518,-0.703219497751181
6665,0.9621251324249392,-0.5022314828558623
6667,0.7183382944743967,-0.06850198409773366
6669,0.4571578788573543,-0.5015752753040813
6671,0.7327057237105514,-0.7005193011794455
6673,0.36259904445674307,-0.5591230042564505
6675,1.0710457186459963,-0.9279522198517067
6677,1.115026019085005,-0.8433126230376151
6679,1.0013696716938423,-0.5935520569976289
6681,0.923589814698302,-0.4998838981999433
6685,0.7662871698791894,0.13781332560043966
6687,0.7695039551561693,0.12889319699632087
6713,0.6946008545487751,-0.7793680409493876
6731,-0.24206619722681683,0.974121128240513
6733,-0.43627751454211533,0.9660895745894243
6737,-0.4586871648390175,0.8912455911027057
6747,-0.20251619856395192,0.9185067513148325
6761,-0.20251619856395192,0.9185067513148325
6763,0.8424877704337471,-0.7385194339977217
6767,0.31807089754720674,-0.48012072684050583
6769,0.9381556836004735,-0.550936097487301
6771,0.5975987126481187,-0.06982670298567552
6773,1.013900358734159,-0.6564985653094666
6797,-1.0582912345861721,-0.3376093275709564
6813,-0.5465963987163475,1.0276104932385786
6821,0.007612674953297575,1.0227717358824273
6823,0.6939001406295582,-0.5669331351466206
6829,0.8206139918625174,-0.9036495625266692
6833,0.9172366355207667,-1.0003576700430055
6835,0.8520997756053786,-0.7939216103885643
6837,0.9736447254609362,0.2517838947567285
6839,1.4476322105428767,-0.10009528374202747
6841,1.4398023078189643,-0.1251965835585997
6843,0.8520997756053786,-0.7939216103885643
6845,0.7986948500176387,-0.36015428192994603
6847,1.233906115115986,-0.7726722241993907
6849,1.2667623543129645,-0.5560324727726166
6851,1.4333338763244476,-0.13940889725341643
6853,1.3653227344639935,-0.4995505853074034
6855,0.4094985030015032,0.42528067254489343
6857,0.8479215965354361,-0.556155415677841
6859,1.4292417441661807,-0.14615940566038038
6863,1.354768626381005,-0.5138975887548576
6865,0.9658305401307431,0.24031414695680067
6867,1.1201650692422915,-0.5223415403472588
6869,1.1508695653749068,-0.5353134709409029
6871,0.953681922009327,-0.6663449545461249
6873,0.866080178759576,-0.6102959270694736
6875,1.3538889423719394,-0.5180609345520983
6877,1.1189592844761813,-0.5431022661043436
6881,1.112103363152491,-0.5531654633790524
6883,1.354277902945764,-0.5206279101666039
6885,1.3778414179360472,-0.5760331772252655
6887,1.356384232001674,-0.5206608767770436
6891,1.0330820477968188,-0.8559153748881867
6893,1.4177747578405582,-0.6446018135657446
6895,1.3620054107979405,-0.5320218076775302
6897,1.4063434637677754,-0.6774377583851281
6899,0.875680143875485,-0.6342914587364867
6901,1.0328585118503606,-0.9162628874437556
6903,1.0328585118503606,-0.9162628874437556
6905,1.3331877702392814,-0.9948314922086808
6907,1.0815350116267504,-0.9998378887724088
6909,0.8794830880986405,-0.6555439312109002
6911,1.4360892227600572,-0.2262301546193769
6913,1.3816414904749352,-0.582107116428929
6915,1.4010583125605358,-0.6751599182043491
6917,1.3895979221668076,-0.5900675835761371
6919,1.0933845816565615,-1.0450484047148776
6935,1.1297533848107446,-0.8276691686008842
6937,0.7051970916338658,0.36938925589500915
6941,1.1416813545265894,-0.6468698604839553
6943,1.1416813545265894,-0.6468698604839553
6945,1.139030606800528,-0.6507606573635333
6947,1.139030606800528,-0.6507606573635333
6949,0.9826051336577205,-0.2455815370643898
6975,-0.15582514076369297,0.8978553852032541
7057,0.9403879217626959,-0.829314173842584
7059,1.0191191609600656,-0.656546980192325
7061,1.1301564379512632,-1.1463722988796108
7063,1.0042585865413176,-0.7042476369476549
7065,1.0742424367418462,-1.0849236396530129
7067,0.9886392970709817,-0.8481555127062279
7069,1.0548415834945832,-0.5563022766946732
7071,1.0752551722684998,-0.502539993803531
7073,1.1090747898246025,-0.9007087843400956
7075,1.0839569637413318,-1.1839817001580248
7077,1.1110129140733846,-0.8168588919292493
7079,1.1766797803327405,-1.3098482079837528
7081,0.7536436851133949,-1.0535651837517983
7083,1.0581602307816909,-0.35237055765804376
7085,1.123900275524326,-1.1043630538799054
7087,1.0564960238720218,-0.3545006474406064
7089,1.123954324471372,-1.1302667204906727
7091,1.0601648070571363,-0.35999492919527193
7093,1.10024753956334,-0.7315658336890367
7095,1.110183148774805,-0.8342654013679998
7097,1.0605277209757409,-0.4251051097326831
7103,1.1400940730150932,-1.613423862789958
7111,1.1920639291672344,-1.068780302536606
7115,1.2347344364181305,-1.525935435872956
7119,-0.0812989661678164,0.4531777908513283
7121,1.1928985469866464,-1.090724417200984
7125,1.1943377387513412,-0.9816132662123616
7127,1.196061519840627,-1.3592215984878206
7129,1.107836271970526,-0.7501620298452671
7133,1.2648708956355472,-1.614044423558608
7193,1.1847517377800039,-0.7664752479279694
7195,1.167124565767108,-0.8081114027983676
7197,1.1783082542033176,-0.7129246696061448
7215,-0.40333504888991945,1.19452190165471
7217,1.2404152297117332,-0.9979271953105417
7219,0.3967568532818692,1.2685397220853423
7221,1.1687867673718224,-0.7578688033273135
7223,0.9120598198308995,-0.10118866434188838
7225,0.7879297697688287,-0.22383883004070887
7229,-0.542771693763112,0.4352192027284336
7231,0.6449210145215791,-0.291827641941079
7233,1.15215681256932,0.31912984014910567
7235,0.1945193021406606,-0.19803674206435706
7237,0.48354329232049575,-0.2571429180697124
7239,1.23853756429444,-0.6760741034440108
7241,0.5990305235411356,0.05524950023666418
7243,0.5066394541186489,-0.07119276568496119
7245,1.1686544811260435,-0.3747219977980818
7247,1.134677661137549,-0.4288241930830696
7249,0.8450734344397297,0.02261593032603943
7251,0.4587661100512204,0.017510084971078303
7255,0.021349182312378662,0.3796371368616065
7257,0.6452472901967433,-0.5350981046131881
7259,0.8438114348968063,0.030599797039348578
7261,0.554067714066086,-0.23484816305832518
7263,0.2121592073163008,-0.2043805431941175
7265,0.5828127392835344,-0.1836577556383226
7267,0.8169749337791986,0.02055779762556743
7269,0.16574761591657844,-0.1846017096241981
7271,1.051273232689113,-0.4881300354758859
7273,0.21183670803615334,-0.20485391121044247
7275,1.1743421777315735,-0.38346090924690757
7277,0.6036744433697877,0.4399170865501114
7279,0.49458847016342167,-0.3620180414998645
7281,0.5936270153623114,0.058748086392384394
7283,-0.43725927661000974,0.36978375670344543
7285,0.7107501024180097,0.23093611339057565
7287,0.14560389740365426,-0.29932428099418956
7289,0.14560389740365426,-0.29932428099418956
7291,0.6637291454002537,-0.11762114678929296
7293,0.12642968554354472,0.006484130693330083
7295,0.7428479147577358,0.017701280518723356
7297,0.2678356090765511,-0.15497147939444073
7299,0.6812938823788334,0.5019196197375096
7303,1.144503065221104,-0.44431792703779704
7305,0.12642968554354472,0.006484130693330083
7307,0.6824301831834653,0.49984934206249376
7309,0.7949117301724239,-0.27702885274918965
7311,0.7441847236451756,-0.10872799329366002
7313,0.2585071172367374,0.03278655913071782
7315,0.6357447408755986,-0.3602107796270177
7317,1.0343596062837401,-0.39075784964250826
7319,0.7332629170476667,0.0243395592741412
7321,0.5040369534033312,0.08555451366148442
7323,0.23892620855216287,-0.2947928913223909
7325,0.8790139663129976,0.02567326864340461
7327,1.1742223230073596,-0.3835403508936381
7329,0.049296934660064004,0.18902587201084736
7331,0.7581887735497783,-0.32388476880724293
7333,0.07242540882348185,0.5219822534621604
7335,0.7550231142415372,0.20923966429700674
7337,0.03855933585183631,-0.09738539245315181
7339,0.7604663932007885,-0.3682390679904478
7341,0.4352876404034087,0.029208713881597195
7343,-0.23799607829420766,0.2917726666895049
7345,0.758814841704366,-0.32733258621401634
7347,0.5498768167219475,0.03651025177648009
7349,0.5290219039745344,-0.03225180338219438
7351,0.593830035351555,0.12050564181300932
7353,0.8441456140658069,0.021254065302001815
7355,0.276954953159314,0.31173124928741547
7357,0.41045542316925065,-0.1679821388082233
7359,1.1107949848685292,-0.3782569159285482
7361,0.6956674663249797,0.10912965325460468
7363,0.4114613503056061,-0.08642583990427903
7365,0.8705717685663961,0.08403347516712922
7367,-0.07140569042744438,-0.24656537772050086
7369,0.11030281139535207,-0.3524550555439568
7371,0.42978040459729744,-0.039118305233892085
7375,0.8705717685663961,0.08403347516712922
7381,0.7076112428526563,-0.6103144575654382
7383,1.2935837117709497,-0.6807519019811711
7385,0.6808021474475576,-0.19532005993866003
7387,1.128854133646341,-0.6822763368069403
7391,1.1222898363170377,-0.675452264819317
7393,0.8243472129994738,-0.3597797698547735
7395,1.2322639793305554,-0.6907154642448327
7403,0.8006449106317409,-0.2622070036858902
7405,1.130503821311848,-0.7002611710608575
7409,-0.32051683211745313,0.8319268965757243
7411,-1.5632643970417588,0.14962033031911323
7421,-0.7225704345578129,0.9325802902415504
7423,-0.28163206483694475,0.45598949252322407
7427,-0.8076780541316072,1.279387728997005
7435,-0.38923931784062593,0.8312192636413317
7437,-0.394643992942169,0.8232862216496449
7439,-0.42530678815470324,0.7782790311278518
7447,1.2215302644041732,0.8466402364552807
7449,0.38282239143473407,1.154249135292697
7451,-0.5177151154291458,0.3666692710607013
7453,-0.3917344874668472,1.483737969647053
7459,-0.3917344874668472,1.483737969647053
7461,-0.3917344874668472,1.483737969647053
7465,-0.22776331680945797,0.89427347172255
7469,-0.23174217653786214,0.8884332573319662
7471,-0.4007845539008758,1.4704541818707617
7473,0.989797297735067,2.0451736273507324
7481,0.4369935205405657,1.2337621187486278
7483,-0.41247133220464355,1.4533001992003034
7485,-0.4095888865636073,1.4575310848464293
7495,-0.41532838151881024,1.4491065905641176
7505,-0.6274672040678876,1.1914480726802024
7523,-0.4012715482904407,0.2776260379331577
7525,-0.39475030106744075,0.01291932261849686
7529,-0.4311756228058728,-0.04054616818023687
7569,-0.9445503679257005,-0.8139121804908828
7641,-0.27116616316391967,0.17448861558822934
7679,-0.9505004981591512,-0.8226458475682048
8237,-0.6174380472001126,-0.3337730920980462
8653,-1.1764012575459746,-1.1542254849192193
8751,-1.363089282024037,-1.4282482355387274
8757,-1.3642308662248206,-1.4299238654760904
8825,-0.41232805985000537,-0.03271038028058955
8893,-0.3158456976059421,0.10890749993589317
9137,-0.40264754994667795,-0.018501220595465794
9219,0.018674840465064662,0.5999204518229437
9351,-1.0350544201372092,-0.9467550310087182
9353,-1.036101025670154,-0.948291250205172
9355,-0.9037477023591909,-0.7540215759253146
9441,-1.0426522181692264,-0.9579071631350583
9443,-0.9125333249853103,-0.7669172101506204
9601,-1.19908999260279,-1.187528261600948
10351,-0.13033908633149385,0.3811961591664245
10459,-0.43310710290908655,-0.0632100898908316
10709,-1.3226800981705722,-1.3689351877908953
10713,-1.3239728826049533,-1.3708327511062592
11081,-1.0287028416791961,-0.9374321137797936
11421,-1.0653886352951827,-0.9912799280861343
11819,-1.1202933033945421,-1.0718696082035406
12093,0.018674840465064662,0.5999204518229437
12097,-0.5682945071664913,-0.2616396595822642
12641,-1.124032901669659,-1.0773586319822466
12839,-0.4730357081365302,-0.12181773900712711
13243,0.19345685245629762,0.8564674254092309
13621,-0.29255455121807633,0.14309450264336765
13625,-0.29255455121807633,0.14309450264336765
13685,-0.7661851924106975,-0.5521057997870369
13693,-0.7709539989352606,-0.5591055068367332
13735,-1.1308654866854915,-1.087387575965742
13739,-1.1306053398609006,-1.0870057295744773
13997,-1.2504285985828314,-1.2628836362317133
14183,-0.29892656017316394,0.3391316739376169
14187,-0.2352782853334425,0.43255531689772747
14189,0.12420053834559569,0.7548122402764891
14191,-0.24898356409352276,0.3926096830783095
14193,0.15433233746450167,1.2814640750267774
14195,0.12420053834559569,0.7548122402764891
14197,0.6460729887349311,1.7978563742545404
14205,-0.07093102123411027,0.6737860519231649
14207,0.1538378940735634,1.00370435599526
14209,0.3025657138605985,1.016618620980335
14211,0.3025657138605985,1.016618620980335
14213,-0.25219742276622065,0.2023311428960038
14215,0.8798376321232134,0.999191891249265
14217,1.2842596931510695,0.6160672371507135
14219,1.0377460741398203,0.39362548754858045
14223,0.8763333102018334,0.9449557582687016
14225,0.6735392965534652,1.3088145977776677
14227,0.39137676786700804,1.7069831807367577
14229,0.9156466531103544,0.9974449830232202
14231,0.6737756915595476,1.37870245807297
14233,0.5964894762579542,1.139665376005657
14235,0.4495753849930433,1.4612605155458742
14237,0.9140534532972363,0.920219267440747
14239,0.44133354433023597,1.4525867207315883
14241,0.957643839092366,1.1072515530791698
14243,0.957643839092366,1.1072515530791698
14247,1.3174768700689543,0.9500358207120037
14251,0.8061720465271589,1.357450656397599
14255,0.7650283824273933,1.7152553232786372
14259,0.5436580949594543,1.585984379545976
14261,0.9512070460892842,0.8989022199571134
14267,0.3405566955271456,1.4893569304061491
14271,-0.07661498382414812,1.0968058477952711
14275,1.2969555149033118,0.7680298531084339
14283,0.949227480470627,0.388853677464033
14293,0.6046646702108238,1.5122346052178723
14339,1.1837963550247443,-0.0243726145675612
14401,0.8349171274649098,1.2152510245645323
14407,1.0660250671339588,1.2464363821359876
14409,0.8349171274649098,1.2152510245645323
14411,0.9989302189649617,1.255742899679076
14417,0.6871297469153143,1.2744899387885888
14419,0.4947113819552208,0.11234561067935862
14427,1.1006222988440786,0.7226671161013227
14429,0.5535806145774341,0.8162507365088743
14431,0.9913793097665445,1.245488838489001
14441,0.9058426030851464,0.9387335129512118
14445,1.000345954770762,1.2586501793664013
14459,0.3762377765279518,-0.1238551903538741
14465,0.28808215376553886,1.074563549287425
14469,0.545370733042607,0.8042001814359206
14473,0.6790283933631549,0.1730503612921802
14475,0.8452052290074626,0.0073330962939068475
14477,0.7591159216730984,0.318673771443582
14479,0.3896659988934956,-0.10200197642773724
14481,0.4002725639763673,-0.08495130481643542
14483,0.3819260619674794,-0.11457735229431888
14485,0.4211490922430463,-0.051179042425793686
14487,0.4373551782373542,-0.02495474438489337
14489,0.43136161064447837,-0.03482217414984155
14491,0.42622129557349825,-0.04290992945522187
14493,0.8656114687002515,0.40450421026642386
14523,0.624072226203279,1.0127140632801201
14525,1.0532732416911814,0.27839483883824934
14531,1.0952581272250255,0.2587423529129603
14535,1.033280240185234,0.29679347628169145
14541,0.7868476593356566,0.0016877739821211715
14543,0.7868476593356566,0.0016877739821211715
14547,1.0513019711861356,0.27550138615151143
14551,1.219251432730936,-0.2329117705633764
14553,1.2086747543138836,-0.22841853400962744
14555,1.0355643750080588,0.2923122631064123
14569,1.1085696764867004,0.33464544181446965
14571,1.0355643750080588,0.2923122631064123
14573,0.7862936886696144,0.0010712622820974297
14603,0.9081958907957398,0.4560330585625023
14607,0.9894890470362917,0.40476774335002924
14609,0.9968876203499741,0.45561874250155193
14611,0.9676512047442644,0.7017146731110032
14633,0.6842624569203406,0.8523193371955096
14637,1.0473285797265963,0.8744683751424138
14639,0.764360162061828,0.8135959013186826
14641,1.0299584148584557,0.6465662898432624
14653,0.5357120238500871,0.8817976298559282
14661,0.10733036373380933,1.373302968202374
14663,0.5820588623112709,0.4839772499829658
14687,0.8327513297908957,0.29240182015047017
14713,0.5586336243386735,0.44907690623776525
14721,-0.15025019960515731,0.9964489362978637
14729,0.455942279920792,-0.06650495785367502
14761,-0.07608470974351253,0.677820558446251
14763,-0.7389278218806381,-0.23506315979797732
14767,-0.2647977860392296,0.6427535170565569
14771,0.588791170470724,1.5890594545233945
14781,0.7694208978163725,0.24009406213218296
14787,-0.07097053001624717,0.9669130584652478
14789,0.8308736084997713,0.24151735830664672
14791,0.800336872200149,0.5806304893628598
14795,-0.07097053001624717,0.9669130584652478
14801,1.0567307023786705,0.2461309283384009
14803,0.2906861284749113,0.32121542518621177
14805,0.5930318189373761,0.1374316992595794
14809,0.637888534655781,0.5857835459936754
14811,0.5878024927480392,-0.09090961948593947
14823,0.9514169307858475,0.5470599226189283
14835,0.44164886094546085,1.0303591981551163
14913,0.46821267108041187,1.2597570599671337
14937,0.37492514255549675,1.1228285920787342
14939,-0.37754948007990846,1.6226491262702214
14941,0.7748780934190954,0.7856639384908116
14943,-0.2615397602018487,1.2852222410596297
14947,0.7832750164370946,0.6746852798835673
14949,0.5957045346171084,0.7731618137157258
14951,-0.1765954024919571,1.3141286204362097
14953,-0.3146411151784266,1.4782672606039982
14955,0.5757874245865675,0.683030214088299
14961,0.3656819131985888,0.9113071419992204
14965,-0.23859137402955782,1.2297519383789492
14975,-0.3146411151784266,1.4782672606039982
14977,0.5322530012494107,0.7434765206065723
14983,0.7499418505083972,0.4023287773346437
14985,0.8146522810995146,0.387643361596909
14987,0.7504880806961244,0.4016998910581574
15015,-0.2765053204947158,0.7473119209846855
15041,0.9790807995007426,-0.6416181933135456
15049,0.7077730166617966,0.38778342496314316
15055,1.0390031612445736,-0.6042224905797654
15059,1.1012091429703605,0.5506128736329653
15061,0.8228396832403527,0.3601822916932879
15079,1.087710131446436,0.053859049943942555
15093,0.8105714212889646,1.3697948846383516
15111,1.1413120977624103,0.015570734593113955
15119,0.954899040259744,-0.018423255633648404
15121,1.0272583382160023,0.060767475295342384
15129,0.9493627653028125,0.8912865967505058
15131,0.8246520403074805,1.008573188292624
15133,0.9225793522981801,0.898075504786841
15135,0.9669206603301119,0.9054097818631647
15139,1.053029679634088,0.7321395668960952
15155,0.5527445389194303,1.9503840520372313
15157,0.5501068778862418,1.8841548247129694
15183,1.0737487466735531,1.0380401702400448
15211,1.3461129510283565,0.6706253621470138
15217,0.45222051177177874,0.5978139103707275
15219,1.280734504439229,0.8160592421053753
15221,0.9807976110478662,0.6065107683473252
15223,1.230977393553043,0.8243507261539194
15231,1.2041565320346883,0.45895308212176433
15245,0.9394723328122562,0.4466507726375408
15249,0.9489218422295204,0.7043250361986679
15251,1.243624658714544,0.34624314128866274
15261,1.2395844551363406,0.3122570745389891
15263,1.2262682170337902,0.07776768029753833
15271,1.262096300411537,-0.07827019115274181
15273,1.0784214373685455,0.039471406906609746
15275,0.9147562717924659,0.6541764333955647
15281,1.1061588147059382,0.13390488841436318
15285,1.1190456832512865,0.19646287898890502
15311,0.9955995513986585,0.7709692853979723
15313,0.979860491342906,0.7623774507588792
15315,0.8688544386656218,1.1062571723196553
15317,0.9778772465797257,0.7597455171948985
15319,0.98823635277514,0.7794628162986103
15323,0.958089100966302,0.7540622552009961
15325,0.9606974264534646,0.994549650328452
15327,1.0337795758106312,0.5759159045888347
15329,1.0373728556488777,0.5773298783906101
15333,1.035497569699843,0.5965832824635922
15335,1.035497569699843,0.5965832824635922
15337,1.0343517275200906,0.5949014026175258
15339,1.0329896311546332,0.5921312957160582
15341,1.0408574167470304,0.5027660416494015
15343,1.0356409700078824,0.5122605454329784
15347,1.0384209984849393,0.5116458174077321
15351,0.755787553680957,0.13386626308561314
15353,0.7830165762293657,0.11357776697479807
15363,1.0439812566316007,0.6452937325226413
15367,1.292582614743924,0.9885884383068188
15369,-0.09749122856322108,1.52042820591303
15375,0.6200795869207815,1.2457769070291653
15381,1.1218906388474403,0.45460314142018915
15385,1.1156909963368122,0.4581427303940742
15391,0.07367477930710485,1.4550090680971826
15393,-0.16280724635234087,1.6642899315252566
15395,1.0644682674268309,0.6192928252311443
15397,1.0589722504932717,0.623146543932418
15399,-0.45137704664922834,1.6952729941919868
15401,-0.47035922646295414,1.7152798224026644
15403,1.0419397214683688,0.3524362927142195
15405,0.6053979987549262,1.2867373825290491
15407,0.12362633196191812,1.2811890994222896
15417,1.0628584008392472,0.300099026210752
15419,1.1182077205871976,0.31052268881540795
15443,0.40535435927549984,1.430989680903463
15445,1.3038069617284995,1.0234666832044124
15459,0.3489694536532695,1.0847305443485842
15465,0.7271397475959135,1.2876997645637638
15485,0.8389158406333561,1.6965756224530937
15495,0.935771243843384,0.8005807927640195
15541,0.784769406622505,0.9835679175237875
15563,0.6588160159510306,1.539526761236126
15581,0.8120673440542282,0.5116782137873737
15663,1.1278931443102138,0.7685095847613101
15673,1.1219430140767632,0.7597759176839881
15685,0.9827873614030664,0.8375286190393753
15707,0.6520078018130007,0.7569998429902127
15785,0.26751099978863024,1.639845901853268
15853,0.9102638779037988,0.8421926302487398
15855,0.9438162642485256,0.8840102268194934
15915,0.9193268439697501,1.0900750372425325
15993,1.043574893995334,1.1678350847263257
16145,0.884611941696095,0.3983655628173163
16279,0.8234759145431543,0.8870016126985835
16379,0.5363621200099198,1.2920743157279058
16403,0.7535179923263304,1.1391153131448006
16409,0.7802844811797571,1.184395794998198
16517,0.6019051558448755,1.1716097651044832
16553,0.4633404528521073,0.7850199118326657
16599,0.6865218157189937,1.2181063100849996
16601,0.47714138667556716,0.8052770753973635
16645,0.73025464461565,0.69216638219147
16647,0.1512141338551833,1.071497064589751
16733,0.7834162091501446,1.2065169609605046
16735,1.0700330904635063,0.8373078712087343
16739,0.550619844828908,2.116666519087544
16761,0.6974838565780738,0.9126666457154046
16763,0.6815790517004667,0.6133670656034746
16767,0.722969911010273,0.39600741967857506
16781,0.54025946711972,1.3853370192065426
16783,0.6687018979894885,0.6025510872279037
16795,0.9957210488771486,0.9045190819160593
16797,0.9405822536378772,1.2606546680190154
16799,0.9957210488771486,0.9045190819160593
16803,0.9336086749672412,1.2559487386607258
16805,0.938107272112193,1.2679725623558626
16819,0.9746040011822473,1.2217904570050109
16829,0.9456391452828374,1.1910623720198983
16831,0.9898487372662448,0.7351492059858638
16833,1.0200206076351122,0.41191277228405676
16835,1.014757467506072,0.6652122787701454
16839,0.972586229160431,0.6913727394427168
16841,1.0155478056947367,0.4053475440424239
16843,0.7410674183395801,0.8151742358538241
16845,0.7410674183395801,0.8151742358538241
16863,0.9769887020685348,0.6444655072960377
16865,1.0433596702402,0.446170106946027
16867,1.0148627440068956,0.61571802909464
16869,0.9334159119287885,0.6698454454400694
16871,1.0512985651514888,0.18078893530629922
16873,1.0561026974562995,0.1878404939276122
16895,0.2299568877910116,1.1056832360485918
16919,0.6420886869878917,1.1324681994479306
16921,0.7555727117998107,1.6401712972128828
16923,0.5996940578631704,1.4527468961508294
16925,0.9032949851324663,1.129571093737912
16927,0.7904443676605645,1.1247882558862043
16929,0.8271743274388651,0.8163397510407122
16931,0.9101174000409759,0.9700823227508624
16933,0.8821297561266334,0.8821761061577478
16935,0.9451364114261411,1.080906688660655
16937,0.8194135222602119,1.103591351310907
16939,1.2462929657990591,1.2047744651593957
16941,0.7507401103883845,1.151164953294122
16943,0.8950330758062965,0.9795300767236883
16945,0.08350798218014506,1.6317699643079204
16947,0.9850844475578233,0.796734821744933
16951,0.7938465727467767,0.8597978776004707
16953,0.7714089176337469,0.9190813454756153
16955,0.54131369977625,0.8915671245440975
16961,0.5996940578631704,1.4527468961508294
16963,1.2849124935449212,1.0881109171967704
16967,0.9185029714417009,0.8569110519831754
16971,0.7604229330939274,1.1603751910174198
16973,0.09394185686170502,1.6648843074076716
16977,0.7834436990519761,0.9698268826605296
16979,0.1682406791203936,1.6233566264959574
16981,0.7604229330939274,1.1603751910174198
16985,0.9153516055369092,0.8522854421945784
16987,1.0168995558125027,0.8553018145739034
16989,1.0184452255531244,0.8493789968490892
16993,0.912512315797695,0.9868359772110324
16995,0.6022542157205941,0.9266247351747603
17013,1.431903306223989,0.966331737051205
17015,1.431903306223989,0.966331737051205
17637,-0.5848050638639235,0.5736792903262113
17641,-0.33358492657088656,0.5936735689089724
17643,-0.6303838296778762,0.4770136707868051
17645,-0.6276240428117867,0.48106451652414495
17649,-0.588422257758294,0.6535848168717865
17651,-0.31179823620390407,0.9026862839457648
17653,-0.32960212132421973,0.8036840785445062
17655,-0.32549978284944303,0.7205205183724985
17657,-0.723551235326705,0.5741906266731734
17659,-0.36944524553479857,0.6979677318848094
17661,-0.5947190187029556,0.6443423613962755
17665,-0.20613122465406483,0.8524669772487108
17667,-0.5947190187029556,0.6443423613962755
17669,-0.38745383753709833,0.6295836705216195
17677,-0.596274287868767,0.6420595200840868
17681,-0.4711172791107506,0.8600615592613954
17687,-0.2351001383703542,0.9249255706883942
17689,-0.2351001383703542,0.9249255706883942
17697,-0.7064191136808081,0.7880996231531621
17705,-0.19230718893227028,0.9160220833463127
17709,-0.23050044423526211,0.9316770526992528
17715,-0.23050044423526211,0.9316770526992528
17717,-0.1302437384016242,1.1382553721695696
17719,-0.13654049934628573,1.1290129166940583
17771,-0.1890118491431808,0.663653923869419
17781,-0.1890118491431808,0.663653923869419
17997,0.6763945492652752,0.955949665607416
17999,-0.580197078677082,0.29203113168505535
18001,0.6789142959766818,0.04508309135920178
18003,0.5728621800205344,-0.022369665154207796
18005,1.0771499916552534,0.7637587193635123
18011,0.3770932634610859,1.4129848636068123
18015,0.3849308754184405,1.5642117364816808
18021,-0.2477287577256922,1.1737383913053174
18031,-0.22462054549788044,0.8402975441717528
18035,0.30789951940003374,0.48915838467965084
18043,0.7783302861372045,1.6765420513032778
18049,0.14673131839813267,1.0529665332115272
18051,-0.5854848345271119,0.491681743498914
18053,0.6729197306792019,-0.12847950982417775
18061,0.7411577671358881,1.1393408866142922
18151,-0.4066752348126147,0.047302351560577424
18153,-0.40172440583058644,0.05456923318994323
18159,-0.4066752348126147,0.047302351560577424
18315,1.0812472911596342,-0.05673729289105979
18323,1.0948626247261106,-0.07386435798391229
18333,1.0864748701397313,-0.07958565575458287
18343,0.09045999591348948,0.7126281118924939
18349,1.1259328978500123,-0.1526160937514139
18351,1.1222851906800686,-0.15746613728227676
18353,1.0899522372574366,-0.15212382886501277
18357,1.0902959288629657,-0.15161935451870653
18359,1.0739737508698888,-0.15484678636008797
18363,1.1179121994568595,-0.09588099482527544
18367,1.0892361672154256,-0.1357676117854006
18371,1.0556556412573614,-0.15605206806788746
18373,1.0751150810557573,-0.15057731360082094
18377,1.0439886251996982,-0.09995642489670432
18381,1.0555596080712568,-0.10288210988649635
18383,1.0772776632860057,-0.1470447125051787
18389,1.0905552076578577,-0.12815553558183587
18393,1.055432398017232,-0.11471215280702979
18403,1.1027495842989878,-0.1561759504778576
18413,1.1146323059468104,-0.19149919502225277
18417,1.1073787901489354,-0.20202347168842913
18419,0.9264508229828572,-0.08747840472163151
18421,0.7906695147591914,0.6381560876321412
18423,0.7773375488971761,0.2627135701434884
18645,-0.4402125996317816,1.4589686226251242
18647,-0.6299937631945862,0.29080162680267563
18649,-1.4401122087370763,0.5283886291072432
18651,-0.9982596882563703,0.9463683744941541
18653,-1.0037348804832236,0.938331826684687
18655,-0.7283039668084443,-0.4766744433507316
18657,-0.984938545090628,0.9659212960159195
18659,-1.0891455268247168,1.324756308482006
18661,-1.088747889743057,1.3253399645958321
18663,-1.0891455268247168,1.324756308482006
18665,-0.9844151018785655,0.9666896117617386
18667,-1.0100885863748146,0.9290057867851867
18669,-1.0100885863748146,0.9290057867851867
18671,-0.9906312473814168,0.7966650138658974
18673,-0.9607255728825905,0.8405608942160762
18675,-0.961822944486408,0.8389501600183655
18677,-0.9613363552356347,0.8163707196413919
18679,-0.9596972295916055,0.8187766464213428
18681,-0.9596972295916055,0.8187766464213428
18683,-0.7448964605731727,-0.5010290895245265
18689,-0.9585998579877879,0.8203873806190533
18705,-0.9715293978932327,0.8014092587012706
18707,-0.9715293978932327,0.8014092587012706
18709,-0.9715293978932327,0.8014092587012706
18711,-0.9715293978932327,0.8014092587012706
18717,-1.1449061266753862,-0.8309626133527751
18721,-1.1441281822811749,-0.8298207379522144
18735,-1.1456822092144614,-0.83210175590174
18753,-1.1487680976837786,-0.8366312571851326
18769,-1.1593431543598052,-0.8521534425337833
18771,-1.1585991242067137,-0.8510613468320687
18783,-1.16008548127565,-0.8532430382049974
18873,-0.028233757188089743,0.8081014620382553
19009,-0.051685395041473625,0.7736788881796304
19157,-0.3972982586683146,0.4284389815608149
19195,-1.0276320437899669,-0.9358603847747625
19197,-1.023675252606985,-0.9300525628396444
19199,-1.023675252606985,-0.9300525628396444
19205,-1.023675252606985,-0.9300525628396444
19207,-0.24428793310045246,0.2139407794555521
19215,-1.0258394853310313,-0.933229247609232
19219,-1.0258394853310313,-0.933229247609232
19231,-0.7514429720062382,-0.5304670053503657
19239,-1.0258394853310313,-0.933229247609232
19245,-1.0258394853310313,-0.933229247609232
19247,-1.0258394853310313,-0.933229247609232
19259,-1.0258394853310313,-0.933229247609232
19261,-1.0258394853310313,-0.933229247609232
19281,-0.5453951368314285,-0.22802771010552614
19283,-0.5453951368314285,-0.22802771010552614
19285,-0.5453951368314285,-0.22802771010552614
19287,-0.5453951368314285,-0.22802771010552614
19289,-0.6430037504877341,-0.371298714622481
19291,-0.5453951368314285,-0.22802771010552614
19293,-0.5453951368314285,-0.22802771010552614
19295,-0.40752392754519495,-0.025658821659276528
19297,-0.5453951368314285,-0.22802771010552614
19299,-0.5453951368314285,-0.22802771010552614
19301,-0.5453951368314285,-0.22802771010552614
19303,-0.5453951368314285,-0.22802771010552614
19305,-0.5453951368314285,-0.22802771010552614
19307,-0.5453951368314285,-0.22802771010552614
19309,-0.6430037504877341,-0.371298714622481
19311,-0.5453951368314285,-0.22802771010552614
19313,-0.5453951368314285,-0.22802771010552614
19315,-0.5453951368314285,-0.22802771010552614
19317,-0.5453951368314285,-0.22802771010552614
19319,-0.5453951368314285,-0.22802771010552614
19321,-0.5453951368314285,-0.22802771010552614
19323,-0.5453951368314285,-0.22802771010552614
19325,-0.5453951368314285,-0.22802771010552614
19327,-0.5453951368314285,-0.22802771010552614
19329,-0.5453951368314285,-0.22802771010552614
19331,-0.15760497095333406,0.34117499164355114
19333,-0.5453951368314285,-0.22802771010552614
19335,-0.15760497095333406,0.34117499164355114
19337,-0.5453951368314285,-0.22802771010552614
19339,-0.5453951368314285,-0.22802771010552614
19341,-0.47891392951073025,-0.1304458574641734
19343,-0.15760497095333406,0.34117499164355114
19345,-0.15760497095333406,0.34117499164355114
19347,-0.5453951368314285,-0.22802771010552614
19349,-0.5453951368314285,-0.22802771010552614
19351,-0.15760497095333406,0.34117499164355114
19353,-0.21056687678298452,0.2634369195092157
19355,-0.40752392754519495,-0.025658821659276528
19357,-0.5453951368314285,-0.22802771010552614
19359,-0.15760497095333406,0.34117499164355114
19361,-0.40752392754519495,-0.025658821659276528
19363,-0.21056687678298452,0.2634369195092157
19365,-0.15760497095333406,0.34117499164355114
19367,-0.15760497095333406,0.34117499164355114
19369,-0.4827743679547372,-0.1361122517815464
19373,-0.5453951368314285,-0.22802771010552614
19377,-0.15760497095333406,0.34117499164355114
19379,-0.5453951368314285,-0.22802771010552614
19381,-0.6298638202632812,-0.3520117794635737
19383,-0.5453951368314285,-0.22802771010552614
19385,-0.5453951368314285,-0.22802771010552614
19387,-0.5453951368314285,-0.22802771010552614
19389,-0.5453951368314285,-0.22802771010552614
19393,-0.5453951368314285,-0.22802771010552614
19395,-0.6430037504877341,-0.371298714622481
19397,-0.15760497095333406,0.34117499164355114
19399,-0.5453951368314285,-0.22802771010552614
19401,-0.5453951368314285,-0.22802771010552614
19405,-0.15760497095333406,0.34117499164355114
19407,-0.5453951368314285,-0.22802771010552614
19409,-0.5453951368314285,-0.22802771010552614
19411,-0.5453951368314285,-0.22802771010552614
19413,-0.40752392754519495,-0.025658821659276528
19415,-0.21056687678298452,0.2634369195092157
19417,-0.15760497095333406,0.34117499164355114
19419,-0.15760497095333406,0.34117499164355114
19421,-0.5453951368314285,-0.22802771010552614
19423,-0.5453951368314285,-0.22802771010552614
19425,-0.15760497095333406,0.34117499164355114
19427,-0.5453951368314285,-0.22802771010552614
19429,-0.5453951368314285,-0.22802771010552614
19431,-0.5453951368314285,-0.22802771010552614
19435,-0.9237431436739281,-0.5063371366693646
19437,-0.7027105112579167,-0.45893695956383745
19439,-0.9000597487231959,-0.7486083567200756
19441,-0.7027105112579167,-0.45893695956383745
19443,-0.9161750209426608,0.00547014615504526
19445,-0.9161750209426608,0.00547014615504526
19447,-0.9161750209426608,0.00547014615504526
19449,-0.9161750209426608,0.00547014615504526
19451,-0.9161750209426608,0.00547014615504526
19453,-0.9161750209426608,0.00547014615504526
19455,-0.9161750209426608,0.00547014615504526
19459,-0.9161750209426608,0.00547014615504526
19461,-1.0202148214445435,-0.0046863769739704025
19463,-0.9161750209426608,0.00547014615504526
19465,-0.9161750209426608,0.00547014615504526
19473,-0.9161750209426608,0.00547014615504526
19475,-1.0697702171542531,-0.16660935384852732
19477,-0.9161750209426608,0.00547014615504526
19481,-0.9223093448757306,-0.0035338824752336895
19483,-0.9223093448757306,-0.0035338824752336895
19485,-0.9223093448757306,-0.0035338824752336895
19487,-0.9223093448757306,-0.0035338824752336895
19489,-0.9223093448757306,-0.0035338824752336895
19495,-0.9223093448757306,-0.0035338824752336895
19501,-0.9223093448757306,-0.0035338824752336895
19503,-0.9223093448757306,-0.0035338824752336895
19505,-1.024767548421722,-0.011368920070100402
19507,-0.9223093448757306,-0.0035338824752336895
19509,-0.9223093448757306,-0.0035338824752336895
19511,-0.9223093448757306,-0.0035338824752336895
19517,-0.9223093448757306,-0.0035338824752336895
19519,-0.9223093448757306,-0.0035338824752336895
19521,-0.9223093448757306,-0.0035338824752336895
19523,-0.9223093448757306,-0.0035338824752336895
19525,-0.9223093448757306,-0.0035338824752336895
19533,-0.872421820692646,-0.7080410997600811
19535,-0.872421820692646,-0.7080410997600811
19537,-0.06778563591040278,0.47301280671546286
19539,-0.8718443085195913,-0.7071934209942946
19541,-0.8718443085195913,-0.7071934209942946
19543,-0.8718443085195913,-0.7071934209942946
19545,-0.8718443085195913,-0.7071934209942946
19547,-0.8718443085195913,-0.7071934209942946
19549,-0.8718443085195913,-0.7071934209942946
19551,-0.8718443085195913,-0.7071934209942946
19553,-0.8718443085195913,-0.7071934209942946
19555,-0.8718443085195913,-0.7071934209942946
19557,-0.8718443085195913,-0.7071934209942946
19559,-0.8718443085195913,-0.7071934209942946
19561,-0.8718443085195913,-0.7071934209942946
19563,-0.8718443085195913,-0.7071934209942946
19565,-0.8718443085195913,-0.7071934209942946
19567,-0.8718443085195913,-0.7071934209942946
19569,-0.8718443085195913,-0.7071934209942946
19573,-0.8718443085195913,-0.7071934209942946
19575,-0.4959350784715932,-0.1554296884838652
19579,-0.4959350784715932,-0.1554296884838652
19581,-0.8718443085195913,-0.7071934209942946
19583,-0.06778563591040278,0.47301280671546286
19585,-0.06778563591040278,0.47301280671546286
19587,-0.8718443085195913,-0.7071934209942946
19589,-0.8718443085195913,-0.7071934209942946
19591,-0.8718443085195913,-0.7071934209942946
19593,-0.8718443085195913,-0.7071934209942946
19595,-0.8718443085195913,-0.7071934209942946
19597,-0.8718443085195913,-0.7071934209942946
19599,-0.8718443085195913,-0.7071934209942946
19601,-0.8718443085195913,-0.7071934209942946
19603,-0.8718443085195913,-0.7071934209942946
19605,-0.4959350784715932,-0.1554296884838652
19607,-0.8718443085195913,-0.7071934209942946
19609,-0.8718443085195913,-0.7071934209942946
19611,-0.4959350784715932,-0.1554296884838652
19613,-0.4750069786415761,-0.12471119169386496
19615,-0.8718443085195913,-0.7071934209942946
19617,-0.8718443085195913,-0.7071934209942946
19619,-0.8718443085195913,-0.7071934209942946
19623,-0.8718443085195913,-0.7071934209942946
19625,-0.8718443085195913,-0.7071934209942946
19627,-0.8718443085195913,-0.7071934209942946
19629,-0.4750069786415761,-0.12471119169386496
19631,-0.4750069786415761,-0.12471119169386496
19633,-0.8718443085195913,-0.7071934209942946
19635,-0.8718443085195913,-0.7071934209942946
19637,-0.8718443085195913,-0.7071934209942946
19639,-0.8718443085195913,-0.7071934209942946
19643,-0.8718443085195913,-0.7071934209942946
19645,-0.8718443085195913,-0.7071934209942946
19647,-0.8718443085195913,-0.7071934209942946
19649,-0.17292780565697605,0.3186839651059952
19651,-0.8718443085195913,-0.7071934209942946
19653,-0.8718443085195913,-0.7071934209942946
19655,-0.8718443085195913,-0.7071934209942946
19657,-0.8718443085195913,-0.7071934209942946
19659,-0.8718443085195913,-0.7071934209942946
19661,-0.8718443085195913,-0.7071934209942946
19663,-0.8718443085195913,-0.7071934209942946
19665,-0.8718443085195913,-0.7071934209942946
19667,-0.8718443085195913,-0.7071934209942946
19669,-0.4750069786415761,-0.12471119169386496
19671,-0.8718443085195913,-0.7071934209942946
19673,-0.8718443085195913,-0.7071934209942946
19675,-0.8718443085195913,-0.7071934209942946
19677,-0.8718443085195913,-0.7071934209942946
19679,-0.8718443085195913,-0.7071934209942946
19681,-0.8718443085195913,-0.7071934209942946
19687,-0.0353397477173128,0.5923526934931791
19689,-0.0353397477173128,0.5923526934931791
19691,-0.0353397477173128,0.5923526934931791
19693,-0.0353397477173128,0.5923526934931791
19695,0.6012117005291202,0.34682946548106863
19697,0.6883456372413383,0.2886141239303851
19699,0.6280303861473276,-1.22164865809823
19701,0.978844316392576,-0.9334402341513771
19703,0.07360876579290303,1.5487015267049506
19705,0.8621282605068676,-0.6183664218116828
19707,0.565290955041917,0.5767633873625675
19709,-0.0353397477173128,0.5923526934931791
19715,0.646549771884564,0.3895088019351415
19717,-0.0353397477173128,0.5923526934931791
19719,-0.0353397477173128,0.5923526934931791
19721,0.713282489822412,-1.1369342235729678
19725,0.7514952232602401,0.06763766632668897
19731,-0.0353397477173128,0.5923526934931791
19745,-0.0353397477173128,0.5923526934931791
19749,0.9673137194487491,-0.5658177031599037
19755,0.5181391877311395,-0.26761025240698877
19757,0.582644622978309,-0.3010298813179187
19759,0.6741177732939317,-0.05732087388508002
19761,0.6365743965086788,-0.5395455604020846
19763,0.6672139217306146,-0.5443768836853113
19765,0.6543472277520441,-0.5134584018003524
19767,0.6575972136965461,-0.5584923942798861
19771,0.695887675385067,-0.5945562741417673
19773,0.686737534981681,-0.6069073133600197
19775,0.6808946201565346,-0.6154836084732093
19781,0.6695154526263106,-0.6321860766422834
19783,0.6695154526263106,-0.6321860766422834
19785,0.6496654168807214,-0.6602818091768808
19789,0.6808946201565346,-0.6154836084732093
19799,0.5960835192703594,0.03880276586196037
19807,0.6213165656107777,0.014139079727596515
19809,0.6221202165783997,0.015318687521409692
19811,0.6160595317460117,0.033997509934035774
19813,0.610602528193792,0.07601230566241125
19817,0.610602528193792,0.07601230566241125
19821,0.6368857435034221,-0.10208696731434229
19825,0.40877808033696134,1.1923471830228467
19827,0.6696656588506922,-0.4390305422844821
19829,0.6334622000593536,-0.10574958585950665
19841,0.6706899597599282,-0.36341805294039053
19901,-0.5176043204384422,0.4688416354878365
19905,-0.3485209484795434,0.0807752785155689
19937,0.7545565125039214,0.35416714048420206
19973,0.06884817601419387,0.7132231772383456
19983,0.3729231915420598,1.256945789055269
19985,0.17807834322102042,0.1841885277786519
19989,0.5921711311738649,-0.260278658858277
19993,0.057341854380684835,0.30471236547629194
19997,0.2670330825515053,0.18928378202714857
19999,0.14984831320413147,0.263275937532294
20001,0.38738481830668514,0.25564774466483103
20003,-0.44311340029242946,-0.058068570231978686
20005,0.0014284074607879684,0.7799960230215641
20007,0.32599104644789695,-0.028704350244731756
20015,0.04119799842260018,-0.27744611468051855
20017,0.7751303364588155,-0.05792261920276255
20019,0.8292008395781143,-0.1224854395276651
20021,0.9645290088587886,-0.3954562779989879
20025,1.005784906324301,0.4499309340754471
20027,0.9392093581242049,0.5859805430799676
20029,0.3426790466393178,0.3542205643832872
20033,0.6710283112143259,-1.541585380054687
20037,0.19320691332026924,-1.1319753688587975
20093,0.3966763225053567,-0.5079362024704488
20113,0.40877808033696134,1.1923471830228467
20125,0.46790003842482153,1.2791270481081427
20127,0.1064966507798391,0.8319697520236745
20129,0.7362052891671456,0.9150942363593506
20131,-0.19440712131576435,0.7576728622002085
20137,-0.0310637993362214,0.7439027495224657
20143,1.2017595779522479,-1.9414930153212517
20145,1.195804250022631,-1.952668962363975
20149,1.215845919388738,-1.9092468785001093
20151,0.16149513142470323,-0.08219589244276623
20153,1.2123352141499886,-1.869840154926535
20155,1.197645740524195,-1.94886404574492
20157,0.8353063720727697,-0.7819583965694055
20159,1.2616017687843115,-1.7402972227328992
20161,0.4013045786676588,-0.24076480752065135
20163,1.2049607480151814,-1.9418618561483365
20165,1.2535694782744562,-1.7758731711788602
20167,0.3972461015405935,-0.24628512836219926
20169,1.230926366298579,-1.8292813520428233
20171,1.2217169265584125,-1.8525037683126278
20173,1.2619557217677493,-1.7424283619135232
20295,0.3587911770205207,1.1189758525370388
20427,1.0701286438794333,-0.9222573030360782
20429,1.1692546683567129,-0.4386711950101309
20431,0.746593425557142,-0.5992829342792093
20433,0.7389635947932175,-0.005523152053334275
20435,1.078489913360104,-0.9309577066192916
20437,0.9056616633860881,-0.9667240909973975
20439,0.7358589971240482,-0.2190132554924153
20441,-0.0736390925149487,0.2802528271372809
20443,1.190930906215928,-0.4547915425818404
20445,0.6889292778860988,-0.888875384222263
20447,0.9064906664169539,-1.0164943083762539
20449,1.1193493910402441,-0.6483846309800286
20451,0.8002773082019908,-0.8131444157866902
20457,1.0979751145620222,-0.4020044945818897
20459,1.0675317587981705,-0.6639455019215796
20463,0.8932849438510784,-0.14787088837180168
20465,0.9170233426306784,-1.1058211860865323
20467,0.4337274911571167,-0.5905398718334336
20469,0.9353151616220616,-0.9389719559868388
20475,0.7676168322546095,-0.6070959604202111
20477,0.8182918217673806,-0.995915206000296
20479,0.7729566022412974,-0.46105986359489326
20481,0.8416244370061743,-0.7724879585625902
20483,1.0709431105651108,-0.2659477218869629
20485,1.1409716592307875,-0.17076305977033407
20489,0.7528253455901921,-1.2033870811319642
20491,0.9119421861090455,-0.41822734484890733
20493,1.08559758233111,-0.5407505472119924
20641,-0.5014158793568653,-0.16347446874429647
20651,0.20447954820205397,-0.2548980130811167
20655,0.2789012204783741,0.21757959551374018
20657,0.9381150964766166,-0.5956776762643433
20663,0.9528612318547779,-0.6107114352856302
20665,0.8885764330050564,0.07121791777675808
20679,-0.5224571832374155,-0.1943591276938425
20687,0.942111413545684,-0.6083895762913119
20689,0.9663784101681424,-1.0017206256608437
20691,-0.8820853596160158,-0.7222253492528047
20693,0.7348496928536635,-0.6071374532121441
20697,0.9544931721268448,-0.6251092751697974
20701,0.688519581269516,-0.7640783863214963
20703,-0.34936850668396446,0.05970234937664136
20709,0.743165668214616,-0.31431665862778396
20735,1.0153033588175544,0.2893790877211677
20737,1.0153033588175544,0.2893790877211677
20739,1.0153033588175544,0.2893790877211677
20741,1.0153033588175544,0.2893790877211677
20743,1.0153033588175544,0.2893790877211677
20745,1.0153033588175544,0.2893790877211677
20747,1.0153033588175544,0.2893790877211677
20749,1.0153033588175544,0.2893790877211677
20751,1.0153033588175544,0.2893790877211677
20753,1.0153033588175544,0.2893790877211677
20755,1.0153033588175544,0.2893790877211677
20757,1.0153033588175544,0.2893790877211677
20759,1.0153033588175544,0.2893790877211677
20761,1.0153033588175544,0.2893790877211677
20763,1.0153033588175544,0.2893790877211677
20765,1.0153033588175544,0.2893790877211677
20767,1.015304498707762,0.2890078316306954
20769,1.015304498707762,0.2890078316306954
20771,1.015304498707762,0.2890078316306954
20773,1.015304498707762,0.2890078316306954
20775,1.015304498707762,0.2890078316306954
20777,1.015304498707762,0.2890078316306954
20779,1.015304498707762,0.2890078316306954
20781,1.015304498707762,0.2890078316306954
20783,1.015304498707762,0.2890078316306954
20785,1.015304498707762,0.2890078316306954
20787,1.015304498707762,0.2890078316306954
20789,1.015304498707762,0.2890078316306954
20791,1.015304498707762,0.2890078316306954
20793,1.015304498707762,0.2890078316306954
20795,1.015304498707762,0.2890078316306954
20797,1.015304498707762,0.2890078316306954
20799,1.015304498707762,0.2890078316306954
20801,1.015304498707762,0.2890078316306954
20803,1.015304498707762,0.2890078316306954
20805,1.015304498707762,0.2890078316306954
20807,1.015304498707762,0.2890078316306954
20809,1.015304498707762,0.2890078316306954
20811,1.015304498707762,0.2890078316306954
20813,1.015304498707762,0.2890078316306954
20815,1.015304498707762,0.2890078316306954
20817,1.015304498707762,0.2890078316306954
20819,1.015304498707762,0.2890078316306954
20821,1.015304498707762,0.2890078316306954
20823,1.015304498707762,0.2890078316306954
20825,1.015304498707762,0.2890078316306954
20827,1.015304498707762,0.2890078316306954
20829,1.015304498707762,0.2890078316306954
20831,1.015304498707762,0.2890078316306954
20833,1.015304498707762,0.2890078316306954
20835,1.015304498707762,0.2890078316306954
20837,1.015304498707762,0.2890078316306954
20839,1.015304498707762,0.2890078316306954
20841,1.0332191418404824,0.2713331241367679
20843,1.015304498707762,0.2890078316306954
20845,1.015304498707762,0.2890078316306954
20875,0.06776874338839296,-0.4990246878977597
20877,0.06776874338839296,-0.4990246878977597
20879,0.06776874338839296,-0.4990246878977597
