repository_slug,paired_prs,bugs_delta_mean,bugs_delta_median,bugs_delta_std,vulnerabilities_delta_mean,vulnerabilities_delta_median,vulnerabilities_delta_std,codeSmells_delta_mean,codeSmells_delta_median,codeSmells_delta_std,securityHotspots_delta_mean,securityHotspots_delta_median,securityHotspots_delta_std,coverage_delta_mean,coverage_delta_median,coverage_delta_std,duplicatedLinesDensity_delta_mean,duplicatedLinesDensity_delta_median,duplicatedLinesDensity_delta_std,ncloc_delta_mean,ncloc_delta_median,ncloc_delta_std,complexity_delta_mean,complexity_delta_median,complexity_delta_std,cognitiveComplexity_delta_mean,cognitiveComplexity_delta_median,cognitiveComplexity_delta_std,softwareQualityReliabilityIssues_delta_mean,softwareQualityReliabilityIssues_delta_median,softwareQualityReliabilityIssues_delta_std,softwareQualityMaintainabilityIssues_delta_mean,softwareQualityMaintainabilityIssues_delta_median,softwareQualityMaintainabilityIssues_delta_std,softwareQualitySecurityIssues_delta_mean,softwareQualitySecurityIssues_delta_median,softwareQualitySecurityIssues_delta_std,issues_json_total_delta_mean,issues_json_total_delta_median,issues_json_total_delta_std,issues_effort_total_delta_mean,issues_effort_total_delta_median,issues_effort_total_delta_std,sev_BLOCKER_delta_mean,sev_BLOCKER_delta_median,sev_BLOCKER_delta_std,sev_CRITICAL_delta_mean,sev_CRITICAL_delta_median,sev_CRITICAL_delta_std,sev_MAJOR_delta_mean,sev_MAJOR_delta_median,sev_MAJOR_delta_std,sev_MINOR_delta_mean,sev_MINOR_delta_median,sev_MINOR_delta_std,sev_INFO_delta_mean,sev_INFO_delta_median,sev_INFO_delta_std,type_CODE_SMELL_delta_mean,type_CODE_SMELL_delta_median,type_CODE_SMELL_delta_std,type_BUG_delta_mean,type_BUG_delta_median,type_BUG_delta_std,type_VULNERABILITY_delta_mean,type_VULNERABILITY_delta_median,type_VULNERABILITY_delta_std,bugs_per_kloc_delta_mean,bugs_per_kloc_delta_median,bugs_per_kloc_delta_std,vulnerabilities_per_kloc_delta_mean,vulnerabilities_per_kloc_delta_median,vulnerabilities_per_kloc_delta_std,codeSmells_per_kloc_delta_mean,codeSmells_per_kloc_delta_median,codeSmells_per_kloc_delta_std,securityHotspots_per_kloc_delta_mean,securityHotspots_per_kloc_delta_median,securityHotspots_per_kloc_delta_std,complexity_per_kloc_delta_mean,complexity_per_kloc_delta_median,complexity_per_kloc_delta_std,cognitiveComplexity_per_kloc_delta_mean,cognitiveComplexity_per_kloc_delta_median,cognitiveComplexity_per_kloc_delta_std,softwareQualityReliabilityIssues_per_kloc_delta_mean,softwareQualityReliabilityIssues_per_kloc_delta_median,softwareQualityReliabilityIssues_per_kloc_delta_std,softwareQualityMaintainabilityIssues_per_kloc_delta_mean,softwareQualityMaintainabilityIssues_per_kloc_delta_median,softwareQualityMaintainabilityIssues_per_kloc_delta_std,softwareQualitySecurityIssues_per_kloc_delta_mean,softwareQualitySecurityIssues_per_kloc_delta_median,softwareQualitySecurityIssues_per_kloc_delta_std
apache/accumulo,19,0.0,0.0,0.0,0.0,0.0,0.0,0.0,0.0,0.0,0.0,0.0,0.0,0.0,0.0,0.0,0.0,0.0,0.0,6.157894736842105,0.0,18.463968388593248,2.4210526315789473,0.0,7.2519406557730335,0.7368421052631579,0.0,2.20711237349614,0.0,0.0,0.0,0.0,0.0,0.0,0.0,0.0,0.0,0.0,0.0,0.0,0.0,0.0,0.0,0.0,0.0,0.0,0.0,0.0,0.0,0.0,0.0,0.0,0.0,0.0,0.0,0.0,0.0,0.0,0.0,0.0,0.0,0.0,0.0,0.0,0.0,0.0,0.0,-0.0005232859098115263,0.0,0.0015690566137796576,0.0,0.0,0.0,-0.00994243228641906,0.0,0.029812075661813656,0.0,0.0,0.0,0.27999020681997944,0.0,0.838686510585826,0.07643685842324213,0.0,0.228971485256513,-0.0009419146376607428,0.0,0.002824301904803369,-0.00994243228641906,0.0,0.029812075661813656,0.0,0.0,0.0
apache/accumulo-access,40,0.0,0.0,0.0,0.0,0.0,0.0,0.0,0.0,0.0,0.0,0.0,0.0,,,,0.0,0.0,0.0,4.05,0.0,11.668388151380723,0.0,0.0,0.0,0.0,0.0,0.0,0.0,0.0,0.0,0.0,0.0,0.0,0.0,0.0,0.0,0.0,0.0,0.0,0.0,0.0,0.0,0.0,0.0,0.0,0.0,0.0,0.0,0.0,0.0,0.0,0.0,0.0,0.0,0.0,0.0,0.0,0.0,0.0,0.0,0.0,0.0,0.0,0.0,0.0,0.0,0.0,0.0,0.0,0.0,0.0,0.0,0.0,0.0,0.0,0.0,0.0,0.0,0.0,0.0,0.0,0.0,0.0,0.0,0.0,0.0,0.0,0.0,0.0,0.0,0.0,0.0,0.0
apache/accumulo-bsp,1,0.0,0.0,,0.0,0.0,,0.0,0.0,,0.0,0.0,,,,,0.0,0.0,,0.0,0.0,,0.0,0.0,,0.0,0.0,,0.0,0.0,,0.0,0.0,,0.0,0.0,,0.0,0.0,,0.0,0.0,,0.0,0.0,,0.0,0.0,,0.0,0.0,,0.0,0.0,,0.0,0.0,,0.0,0.0,,0.0,0.0,,0.0,0.0,,0.0,0.0,,0.0,0.0,,0.0,0.0,,0.0,0.0,,0.0,0.0,,0.0,0.0,,0.0,0.0,,0.0,0.0,,0.0,0.0,
apache/accumulo-classloaders,25,0.0,0.0,0.0,0.0,0.0,0.0,0.0,0.0,0.0,0.0,0.0,0.0,,,,0.0,0.0,0.0,2.04,0.0,7.929270668436873,0.0,0.0,0.0,0.0,0.0,0.0,0.0,0.0,0.0,0.0,0.0,0.0,0.0,0.0,0.0,0.0,0.0,0.0,0.0,0.0,0.0,0.0,0.0,0.0,0.0,0.0,0.0,0.0,0.0,0.0,0.0,0.0,0.0,0.0,0.0,0.0,0.0,0.0,0.0,0.0,0.0,0.0,0.0,0.0,0.0,0.0,0.0,0.0,0.0,0.0,0.0,0.0,0.0,0.0,0.0,0.0,0.0,0.0,0.0,0.0,0.0,0.0,0.0,0.0,0.0,0.0,0.0,0.0,0.0,0.0,0.0,0.0
apache/accumulo-docker,15,0.0,0.0,0.0,0.0,0.0,0.0,0.06666666666666667,0.0,1.579632265825846,0.06666666666666667,0.0,0.2581988897471611,,,,0.0,0.0,0.0,3.8666666666666667,0.0,22.784288655207334,0.0,0.0,0.0,0.0,0.0,0.0,0.06666666666666667,0.0,0.9611501047232549,0.06666666666666667,0.0,1.579632265825846,0.06666666666666667,0.0,0.9611501047232549,0.0,0.0,0.0,0.0,0.0,0.0,0.0,0.0,0.0,0.0,0.0,0.0,0.0,0.0,0.0,0.0,0.0,0.0,0.0,0.0,0.0,0.0,0.0,0.0,0.0,0.0,0.0,0.0,0.0,0.0,0.0,0.0,0.0,0.0,0.0,0.0,-3.2366361845284564,0.0,17.954509753648285,0.3347923869001152,0.0,2.375117901356783,0.0,0.0,0.0,0.0,0.0,0.0,-1.4509218988141706,0.0,11.087181254889295,-3.2366361845284564,0.0,17.954509753648285,-1.4509218988141706,0.0,11.087181254889295
apache/accumulo-examples,43,0.0,0.0,0.0,0.0,0.0,0.0,-0.046511627906976744,0.0,0.30499714066520933,0.0,0.0,0.0,,,,0.0,0.0,0.0,-0.20930232558139536,0.0,2.6953057917766845,0.0,0.0,0.0,0.0,0.0,0.0,0.0,0.0,0.0,-0.046511627906976744,0.0,0.30499714066520933,0.0,0.0,0.0,0.0,0.0,0.0,0.0,0.0,0.0,0.0,0.0,0.0,0.0,0.0,0.0,0.0,0.0,0.0,0.0,0.0,0.0,0.0,0.0,0.0,0.0,0.0,0.0,0.0,0.0,0.0,0.0,0.0,0.0,0.0,0.0,0.0,0.0,0.0,0.0,-0.03554368499440305,0.0,0.23323108415488072,0.0,0.0,0.0,0.0,0.0,0.0,0.0,0.0,0.0,0.0,0.0,0.0,-0.03554368499440305,0.0,0.23323108415488072,0.0,0.0,0.0
apache/accumulo-fluo,63,0.0,0.0,0.0,0.0,0.0,0.0,0.0,0.0,0.0,0.0,0.0,0.0,,,,0.0,0.0,0.0,2.1904761904761907,0.0,8.372106419451292,0.0,0.0,0.0,0.0,0.0,0.0,0.0,0.0,0.0,0.0,0.0,0.0,0.0,0.0,0.0,0.0,0.0,0.0,0.0,0.0,0.0,0.0,0.0,0.0,0.0,0.0,0.0,0.0,0.0,0.0,0.0,0.0,0.0,0.0,0.0,0.0,0.0,0.0,0.0,0.0,0.0,0.0,0.0,0.0,0.0,0.0,0.0,0.0,0.0,0.0,0.0,0.0,0.0,0.0,0.0,0.0,0.0,0.0,0.0,0.0,0.0,0.0,0.0,0.0,0.0,0.0,0.0,0.0,0.0,0.0,0.0,0.0
apache/accumulo-fluo-bytes,5,0.0,0.0,0.0,0.0,0.0,0.0,0.0,0.0,0.0,0.0,0.0,0.0,,,,,,,0.0,0.0,0.0,0.0,0.0,0.0,0.0,0.0,0.0,0.0,0.0,0.0,0.0,0.0,0.0,0.0,0.0,0.0,0.0,0.0,0.0,0.0,0.0,0.0,0.0,0.0,0.0,0.0,0.0,0.0,0.0,0.0,0.0,0.0,0.0,0.0,0.0,0.0,0.0,0.0,0.0,0.0,0.0,0.0,0.0,0.0,0.0,0.0,,,,,,,,,,,,,,,,,,,,,,,,,,,
apache/accumulo-fluo-docker,8,0.0,0.0,0.0,0.0,0.0,0.0,0.0,0.0,0.9258200997725514,0.125,0.0,0.3535533905932738,,,,0.0,0.0,0.0,7.375,2.0,10.473606283006278,0.0,0.0,0.0,0.0,0.0,0.0,0.0,0.0,0.0,0.0,0.0,0.9258200997725514,0.0,0.0,0.0,0.0,0.0,0.0,0.0,0.0,0.0,0.0,0.0,0.0,0.0,0.0,0.0,0.0,0.0,0.0,0.0,0.0,0.0,0.0,0.0,0.0,0.0,0.0,0.0,0.0,0.0,0.0,0.0,0.0,0.0,0.0,0.0,0.0,0.0,0.0,0.0,-11.904761904761903,-6.838905775075986,15.099075416004451,-3.531073446327683,0.0,7.546139457809363,0.0,0.0,0.0,0.0,0.0,0.0,0.0,0.0,0.0,-11.904761904761903,-6.838905775075986,15.099075416004451,0.0,0.0,0.0
apache/accumulo-fluo-examples,21,0.0,0.0,0.0,0.0,0.0,0.0,0.0,0.0,0.0,0.0,0.0,0.0,,,,0.0,0.0,0.0,0.19047619047619047,0.0,4.130605858939432,0.0,0.0,0.0,0.0,0.0,0.0,0.0,0.0,0.0,0.0,0.0,0.0,0.0,0.0,0.0,0.0,0.0,0.0,0.0,0.0,0.0,0.0,0.0,0.0,0.0,0.0,0.0,0.0,0.0,0.0,0.0,0.0,0.0,0.0,0.0,0.0,0.0,0.0,0.0,0.0,0.0,0.0,0.0,0.0,0.0,0.0,0.0,0.0,0.0,0.0,0.0,0.0,0.0,0.0,0.0,0.0,0.0,0.0,0.0,0.0,0.0,0.0,0.0,0.0,0.0,0.0,0.0,0.0,0.0,0.0,0.0,0.0
apache/accumulo-fluo-muchos,65,0.0,0.0,0.0,0.0,0.0,0.0,-0.03076923076923077,0.0,0.9995191151441082,0.0,0.0,0.0,0.0,0.0,0.0,-0.0015384615384615365,0.0,0.012403473458920828,6.584615384615384,0.0,18.02506267992943,0.676923076923077,0.0,1.8800572822697146,0.3230769230769231,0.0,1.0768543934141626,0.0,0.0,0.0,-0.03076923076923077,0.0,0.9995191151441082,0.0,0.0,0.0,0.12307692307692308,0.0,0.4509605133660647,0.3076923076923077,0.0,1.5301457949640467,0.0,0.0,0.0,0.0,0.0,0.0,0.09230769230769231,0.0,0.2917124506190194,0.03076923076923077,0.0,0.2480694691784169,0.0,0.0,0.0,0.12307692307692308,0.0,0.4509605133660647,0.0,0.0,0.0,0.0,0.0,0.0,0.0,0.0,0.0,0.0,0.0,0.0,-0.039640883701385146,0.0,0.21082967776781678,-0.015900950355753316,0.0,0.05387537872725241,-0.005506220409183217,0.0,0.38322451393260404,-0.05976272731344527,0.0,0.29244536434596735,0.0,0.0,0.0,-0.039640883701385146,0.0,0.21082967776781678,0.0,0.0,0.0
apache/accumulo-fluo-recipes,41,0.0,0.0,0.0,0.0,0.0,0.0,0.0,0.0,0.0,0.0,0.0,0.0,,,,0.0,0.0,0.0,0.8292682926829268,0.0,5.731066388659227,0.0,0.0,0.0,0.0,0.0,0.0,0.0,0.0,0.0,0.0,0.0,0.0,0.0,0.0,0.0,0.0,0.0,0.0,0.0,0.0,0.0,0.0,0.0,0.0,0.0,0.0,0.0,0.0,0.0,0.0,0.0,0.0,0.0,0.0,0.0,0.0,0.0,0.0,0.0,0.0,0.0,0.0,0.0,0.0,0.0,0.0,0.0,0.0,0.0,0.0,0.0,0.0,0.0,0.0,0.0,0.0,0.0,0.0,0.0,0.0,0.0,0.0,0.0,0.0,0.0,0.0,0.0,0.0,0.0,0.0,0.0,0.0
apache/accumulo-fluo-uno,74,0.0,0.0,0.0,0.0,0.0,0.0,0.0,0.0,0.0,0.0,0.0,0.0,,,,0.0,0.0,0.0,-1.2702702702702702,0.0,11.805846354460632,0.0,0.0,0.0,0.0,0.0,0.0,0.0,0.0,0.0,0.0,0.0,0.0,0.0,0.0,0.0,0.0,0.0,0.0,0.0,0.0,0.0,0.0,0.0,0.0,0.0,0.0,0.0,0.0,0.0,0.0,0.0,0.0,0.0,0.0,0.0,0.0,0.0,0.0,0.0,0.0,0.0,0.0,0.0,0.0,0.0,0.0,0.0,0.0,0.0,0.0,0.0,0.0,0.0,0.0,0.0,0.0,0.0,0.0,0.0,0.0,0.0,0.0,0.0,0.0,0.0,0.0,0.0,0.0,0.0,0.0,0.0,0.0
apache/accumulo-fluo-yarn,21,0.0,0.0,0.0,0.0,0.0,0.0,0.0,0.0,0.0,0.0,0.0,0.0,,,,0.0,0.0,0.0,-0.047619047619047616,0.0,7.592602916498336,0.0,0.0,0.0,0.0,0.0,0.0,0.0,0.0,0.0,0.0,0.0,0.0,0.0,0.0,0.0,0.0,0.0,0.0,0.0,0.0,0.0,0.0,0.0,0.0,0.0,0.0,0.0,0.0,0.0,0.0,0.0,0.0,0.0,0.0,0.0,0.0,0.0,0.0,0.0,0.0,0.0,0.0,0.0,0.0,0.0,0.0,0.0,0.0,0.0,0.0,0.0,0.0,0.0,0.0,0.0,0.0,0.0,0.0,0.0,0.0,0.0,0.0,0.0,0.0,0.0,0.0,0.0,0.0,0.0,0.0,0.0,0.0
apache/accumulo-instamo-archetype,1,0.0,0.0,,0.0,0.0,,0.0,0.0,,0.0,0.0,,,,,0.0,0.0,,0.0,0.0,,0.0,0.0,,0.0,0.0,,0.0,0.0,,0.0,0.0,,0.0,0.0,,0.0,0.0,,0.0,0.0,,0.0,0.0,,0.0,0.0,,0.0,0.0,,0.0,0.0,,0.0,0.0,,0.0,0.0,,0.0,0.0,,0.0,0.0,,0.0,0.0,,0.0,0.0,,0.0,0.0,,0.0,0.0,,0.0,0.0,,0.0,0.0,,0.0,0.0,,0.0,0.0,,0.0,0.0,
apache/accumulo-maven-plugin,5,0.0,0.0,0.0,0.0,0.0,0.0,0.0,0.0,0.0,0.0,0.0,0.0,,,,0.0,0.0,0.0,4.8,0.0,6.572670690061994,0.0,0.0,0.0,0.0,0.0,0.0,0.0,0.0,0.0,0.0,0.0,0.0,0.0,0.0,0.0,0.0,0.0,0.0,0.0,0.0,0.0,0.0,0.0,0.0,0.0,0.0,0.0,0.0,0.0,0.0,0.0,0.0,0.0,0.0,0.0,0.0,0.0,0.0,0.0,0.0,0.0,0.0,0.0,0.0,0.0,0.0,0.0,0.0,0.0,0.0,0.0,0.0,0.0,0.0,0.0,0.0,0.0,0.0,0.0,0.0,0.0,0.0,0.0,0.0,0.0,0.0,0.0,0.0,0.0,0.0,0.0,0.0
apache/accumulo-pig,1,0.0,0.0,,0.0,0.0,,0.0,0.0,,0.0,0.0,,,,,0.0,0.0,,0.0,0.0,,0.0,0.0,,0.0,0.0,,0.0,0.0,,0.0,0.0,,0.0,0.0,,0.0,0.0,,0.0,0.0,,0.0,0.0,,0.0,0.0,,0.0,0.0,,0.0,0.0,,0.0,0.0,,0.0,0.0,,0.0,0.0,,0.0,0.0,,0.0,0.0,,0.0,0.0,,0.0,0.0,,0.0,0.0,,0.0,0.0,,0.0,0.0,,0.0,0.0,,0.0,0.0,,0.0,0.0,
apache/accumulo-proxy,26,0.0,0.0,0.0,0.038461538461538464,0.0,0.34418242032610913,1.0769230769230769,0.0,4.914656259988703,0.0,0.0,0.0,0.0,0.0,0.0,-0.007692307692307665,0.0,0.027174648819470203,5.423076923076923,0.0,24.217635023962316,0.9230769230769231,0.0,3.9285934065319297,1.1153846153846154,0.0,4.901648074490236,0.0,0.0,0.0,1.0769230769230769,0.0,4.914656259988703,0.038461538461538464,0.0,0.34418242032610913,1.0,0.0,5.0990195135927845,6.384615384615385,0.0,32.55527843293854,0.038461538461538464,0.0,0.19611613513818402,0.11538461538461539,0.0,0.5883484054145521,0.8461538461538461,0.0,4.314554973040049,0.0,0.0,0.0,0.0,0.0,0.0,0.9615384615384616,0.0,4.9029033784546,0.0,0.0,0.0,0.038461538461538464,0.0,0.19611613513818402,0.0,0.0,0.0,0.0012507760170149178,0.0,0.011270576402275639,0.02301620602864701,0.0,0.10773147734862273,1.4968832400493437e-06,0.0,5.5968892184841515e-06,-0.013825586243159958,0.0,0.08585216701397759,-0.017168762312344106,0.0,0.10716270137874762,0.0,0.0,0.0,0.02301620602864701,0.0,0.10773147734862273,0.0012507760170149178,0.0,0.011270576402275639
apache/accumulo-testing,71,0.0,0.0,0.0,0.0,0.0,0.0,0.0,0.0,0.0,0.0,0.0,0.0,0.0,0.0,0.0,0.0,0.0,0.0,0.2535211267605634,0.0,7.933146214026231,0.0,0.0,0.0,0.0,0.0,0.0,0.0,0.0,0.0,0.0,0.0,0.0,0.0,0.0,0.0,0.0,0.0,0.0,0.0,0.0,0.0,0.0,0.0,0.0,0.0,0.0,0.0,0.0,0.0,0.0,0.0,0.0,0.0,0.0,0.0,0.0,0.0,0.0,0.0,0.0,0.0,0.0,0.0,0.0,0.0,-6.385014487042227e-06,0.0,0.0020278863499484574,-2.6675609315986424e-05,0.0,0.0004593537874202621,-0.00020272420996367396,0.0,0.06438539161086397,-0.00030656136425775325,0.0,0.007919455754013222,-0.0003846971228446425,0.0,0.12218015258439405,-0.0003096732026218068,0.0,0.09835248797249986,-6.385014487042227e-06,0.0,0.0020278863499484574,-0.00020272420996367396,0.0,0.06438539161086397,-2.6675609315986424e-05,0.0,0.0004593537874202621
apache/accumulo-website,5,0.0,0.0,0.0,0.0,0.0,0.0,-0.4,0.0,0.5477225575051661,-0.2,0.0,0.4472135954999579,0.0,0.0,0.0,0.0,0.0,0.0,-3.0,0.0,6.708203932499369,0.0,0.0,0.0,0.0,0.0,0.0,-0.4,0.0,0.5477225575051661,-0.4,0.0,0.5477225575051661,0.0,0.0,0.0,0.0,0.0,0.0,0.0,0.0,0.0,0.0,0.0,0.0,0.0,0.0,0.0,0.0,0.0,0.0,0.0,0.0,0.0,0.0,0.0,0.0,0.0,0.0,0.0,0.0,0.0,0.0,0.0,0.0,0.0,6.717137645217974e-07,0.0,1.5019976388930257e-06,2.0111190554691558e-09,0.0,4.496998918874203e-09,-0.00013018666331561236,0.0,0.0007505003160591486,-0.0001637073703810832,0.0,0.0003660608085898377,1.5590194917791676e-05,0.0,3.486073561865393e-05,3.2827496342235916e-05,0.0,7.34045133523652e-05,-0.0002668502476069534,0.0,0.0005223479253898487,-0.00013020074115104306,0.0,0.0007504739775990422,2.0111190554691558e-09,0.0,4.496998918874203e-09
apache/accumulo-website.git,37,0.10810810810810811,0.0,0.4584868702702513,0.0,0.0,0.0,-0.13513513513513514,0.0,0.8870100263169446,-0.02702702702702703,0.0,0.1643989873053573,0.0,0.0,0.0,-0.002702702702702933,0.0,0.01643989873053713,2.7027027027027026,0.0,13.238967870278644,0.02702702702702703,0.0,0.37166939359885165,-0.10810810810810811,0.0,0.45848687027025126,0.05405405405405406,0.0,0.5241896362718123,-0.13513513513513514,0.0,0.8870100263169446,0.0,0.0,0.0,0.2702702702702703,0.0,0.9323997905240913,1.3513513513513513,0.0,4.661998952620457,0.0,0.0,0.0,0.05405405405405406,0.0,0.22924343513512563,0.10810810810810811,0.0,0.4584868702702513,0.10810810810810811,0.0,0.4584868702702513,0.0,0.0,0.0,0.16216216216216217,0.0,0.5007501879687623,0.10810810810810811,0.0,0.4584868702702513,0.0,0.0,0.0,8.826166094095e-05,0.0,0.0003739916338812047,-1.8294592449406833e-09,0.0,8.9460821062532e-09,-0.000293203068623997,0.0,0.0007358567990607889,-2.2170758840438812e-05,0.0,0.00013455864394443449,7.883855173884979e-06,0.0,0.000266560195526963,-0.00011922351215030728,0.0,0.0004012584223721848,-1.192515863018678e-05,0.0,0.00023196456294896807,-0.00029319044952711847,0.0,0.0007358178573087284,-1.8294592449406833e-09,0.0,8.9460821062532e-09
apache/accumulo-wikisearch,8,0.0,0.0,0.0,0.0,0.0,0.0,0.0,0.0,0.0,0.0,0.0,0.0,,,,0.0,0.0,0.0,0.0,0.0,0.0,0.0,0.0,0.0,0.0,0.0,0.0,0.0,0.0,0.0,0.0,0.0,0.0,0.0,0.0,0.0,0.0,0.0,0.0,0.0,0.0,0.0,0.0,0.0,0.0,0.0,0.0,0.0,0.0,0.0,0.0,0.0,0.0,0.0,0.0,0.0,0.0,0.0,0.0,0.0,0.0,0.0,0.0,0.0,0.0,0.0,0.0,0.0,0.0,0.0,0.0,0.0,0.0,0.0,0.0,0.0,0.0,0.0,0.0,0.0,0.0,0.0,0.0,0.0,0.0,0.0,0.0,0.0,0.0,0.0,0.0,0.0,0.0
apache/activemq,15,0.0,0.0,0.0,0.0,0.0,0.0,0.0,0.0,0.0,0.0,0.0,0.0,0.0,0.0,0.0,0.0,0.0,0.0,2.6666666666666665,0.0,11.6476034731041,0.0,0.0,0.0,0.0,0.0,0.0,0.0,0.0,0.0,0.0,0.0,0.0,0.0,0.0,0.0,0.0,0.0,0.0,0.0,0.0,0.0,0.0,0.0,0.0,0.0,0.0,0.0,0.0,0.0,0.0,0.0,0.0,0.0,0.0,0.0,0.0,0.0,0.0,0.0,0.0,0.0,0.0,0.0,0.0,0.0,-0.000369223394530375,0.0,0.001612930466390114,0.0,0.0,0.0,-0.005402776702777601,0.0,0.02360170909022764,-8.653673309306775e-05,0.0,0.0003780305780601539,-0.008296949665111696,0.0,0.036244731756462686,-0.018182329142109665,0.0,0.07942842479019899,-0.0006942169032576828,0.0,0.0030326453039935418,-0.005389315433185023,0.0,0.023542904333639522,-9.615192565898267e-07,0.0,4.200339756224336e-06
apache/activemq-cpp,1,0.0,0.0,,0.0,0.0,,0.0,0.0,,0.0,0.0,,,,,0.0,0.0,,0.0,0.0,,0.0,0.0,,0.0,0.0,,0.0,0.0,,0.0,0.0,,0.0,0.0,,0.0,0.0,,0.0,0.0,,0.0,0.0,,0.0,0.0,,0.0,0.0,,0.0,0.0,,0.0,0.0,,0.0,0.0,,0.0,0.0,,0.0,0.0,,0.0,0.0,,0.0,0.0,,0.0,0.0,,0.0,0.0,,0.0,0.0,,0.0,0.0,,0.0,0.0,,0.0,0.0,,0.0,0.0,
apache/activemq-nms-amqp,51,0.0,0.0,0.0,0.0,0.0,0.0,-0.0392156862745098,0.0,0.28005601680560194,-0.0196078431372549,0.0,0.14002800840280097,,,,0.0,0.0,0.0,0.11764705882352941,0.0,2.471008367638842,0.0,0.0,0.0,0.0,0.0,0.0,0.0,0.0,0.0,-0.0392156862745098,0.0,0.28005601680560194,0.0,0.0,0.0,0.0,0.0,0.0,0.0,0.0,0.0,0.0,0.0,0.0,0.0,0.0,0.0,0.0,0.0,0.0,0.0,0.0,0.0,0.0,0.0,0.0,0.0,0.0,0.0,0.0,0.0,0.0,0.0,0.0,0.0,0.0,0.0,0.0,0.0,0.0,0.0,-3.2679738562091503,0.0,16.50919337311113,-1.6339869281045751,0.0,8.254596686555566,0.0,0.0,0.0,0.0,0.0,0.0,0.0,0.0,0.0,-3.2679738562091503,0.0,16.50919337311113,0.0,0.0,0.0
apache/activemq-nms-api,14,0.0,0.0,0.0,0.0,0.0,0.0,0.0,0.0,0.0,0.0,0.0,0.0,,,,0.0,0.0,0.0,0.0,0.0,0.0,0.0,0.0,0.0,0.0,0.0,0.0,0.0,0.0,0.0,0.0,0.0,0.0,0.0,0.0,0.0,0.0,0.0,0.0,0.0,0.0,0.0,0.0,0.0,0.0,0.0,0.0,0.0,0.0,0.0,0.0,0.0,0.0,0.0,0.0,0.0,0.0,0.0,0.0,0.0,0.0,0.0,0.0,0.0,0.0,0.0,0.0,0.0,,0.0,0.0,,0.0,0.0,,0.0,0.0,,0.0,0.0,,0.0,0.0,,0.0,0.0,,0.0,0.0,,0.0,0.0,
apache/activemq-nms-openwire,16,0.0,0.0,0.0,0.0,0.0,0.0,0.0,0.0,0.0,0.0,0.0,0.0,,,,0.0,0.0,0.0,0.0,0.0,0.0,0.0,0.0,0.0,0.0,0.0,0.0,0.0,0.0,0.0,0.0,0.0,0.0,0.0,0.0,0.0,0.0,0.0,0.0,0.0,0.0,0.0,0.0,0.0,0.0,0.0,0.0,0.0,0.0,0.0,0.0,0.0,0.0,0.0,0.0,0.0,0.0,0.0,0.0,0.0,0.0,0.0,0.0,0.0,0.0,0.0,0.0,0.0,0.0,0.0,0.0,0.0,0.0,0.0,0.0,0.0,0.0,0.0,0.0,0.0,0.0,0.0,0.0,0.0,0.0,0.0,0.0,0.0,0.0,0.0,0.0,0.0,0.0
apache/activemq-openwire,4,0.0,0.0,0.0,0.0,0.0,0.0,0.0,0.0,0.0,0.0,0.0,0.0,0.0,0.0,0.0,0.0,0.0,0.0,-0.5,0.0,3.3166247903554,0.0,0.0,0.0,0.0,0.0,0.0,0.0,0.0,0.0,0.0,0.0,0.0,0.0,0.0,0.0,0.0,0.0,0.0,0.0,0.0,0.0,0.0,0.0,0.0,0.0,0.0,0.0,0.0,0.0,0.0,0.0,0.0,0.0,0.0,0.0,0.0,0.0,0.0,0.0,0.0,0.0,0.0,0.0,0.0,0.0,0.001969796139460467,0.0,0.012900918945361595,0.0,0.0,0.0,0.003545633051028174,0.0,0.02322165410165066,0.0,0.0,0.0,0.003545633051028174,0.0,0.02322165410165066,0.002363755367351894,0.0,0.015481102734433849,0.001969796139460467,0.0,0.012900918945361595,0.003545633051028174,0.0,0.02322165410165066,0.0,0.0,0.0
apache/age,33,0.0,0.0,0.0,0.0,0.0,0.0,0.18181818181818182,0.0,1.044465935734187,-0.09090909090909091,0.0,0.5222329678670935,0.0,0.0,0.0,0.0030303030303030264,0.0,0.01740776559556976,16.575757575757574,0.0,98.878723160948,5.393939393939394,0.0,30.985822760114214,1.393939393939394,0.0,8.007572173962101,0.0,0.0,0.0,0.18181818181818182,0.0,1.044465935734187,0.0,0.0,0.0,0.2727272727272727,0.0,1.5666989036012804,1.2121212121212122,0.0,6.963106238227914,0.0,0.0,0.0,0.030303030303030304,0.0,0.17407765595569785,0.030303030303030304,0.0,0.17407765595569785,0.21212121212121213,0.0,1.2185435916898848,0.0,0.0,0.0,0.2727272727272727,0.0,1.5666989036012804,0.0,0.0,0.0,0.0,0.0,0.0,0.0,0.0,0.0,-0.0017089908494941125,0.0,0.010224156980086175,-0.06558810759015941,0.0,0.3979976391580624,-0.014630442278381913,0.0,0.0847796391679393,0.30818851743583936,0.0,1.685522461895263,-0.06182757508565828,0.0,0.41461168879918303,-0.0014241590412450971,0.0,0.008520130816738502,-0.06558810759015941,0.0,0.3979976391580624,-0.0017089908494941125,0.0,0.010224156980086175
apache/age-viewer,32,0.09375,0.0,0.29614458108029906,0.0,0.0,0.0,2.375,1.0,3.730865159545394,0.53125,0.0,0.915260407153738,0.0,0.0,0.0,-0.031249999999999986,0.0,0.04709290748598847,227.90625,43.5,318.15824419111664,30.59375,5.5,40.989266395941016,12.65625,4.5,16.095700437714576,0.28125,0.0,0.8125775397243736,2.375,1.0,3.730865159545394,-0.125,0.0,0.4918693768379647,4.25,2.0,5.174378566396848,20.40625,15.0,24.263153233632053,0.0,0.0,0.0,0.09375,0.0,0.29614458108029906,2.03125,0.0,3.693799294196485,2.125,1.0,2.4724286088391816,0.0,0.0,0.0,4.15625,2.0,5.099711408659602,0.09375,0.0,0.29614458108029906,0.0,0.0,0.0,-0.0029411703018849267,-0.00118393030548547,0.02651698657064434,0.0,0.0,0.0,-0.24598627275906182,-0.10343042739124186,0.4246544948562365,0.03290606010398508,-0.00011264077280581652,0.07155098178384468,-0.28407069330973833,0.0,0.7269044839292527,-0.6897209168716714,0.0,1.6787484876323446,-0.04709218777743507,-0.016223814622535082,0.07270581965116689,-0.24598627275906182,-0.10343042739124186,0.4246544948562365,-0.015982416956743496,-0.0010139884139084426,0.04703020369951827
apache/age-website,26,-0.038461538461538464,0.0,0.19611613513818402,0.0,0.0,0.0,0.19230769230769232,0.0,1.2655190482716812,0.038461538461538464,0.0,0.19611613513818404,0.0,0.0,0.0,0.0,0.0,0.0,0.2692307692307692,0.0,6.25176898042589,-0.038461538461538464,0.0,0.9992304731449789,-0.038461538461538464,0.0,0.19611613513818402,-0.038461538461538464,0.0,0.19611613513818402,0.19230769230769232,0.0,1.2655190482716812,0.0,0.0,0.0,0.34615384615384615,0.0,1.231009591914139,1.5769230769230769,0.0,6.119954750963944,0.0,0.0,0.0,0.0,0.0,0.0,0.11538461538461539,0.0,0.5883484054145522,0.23076923076923078,0.0,0.7103628541917043,0.0,0.0,0.0,0.34615384615384615,0.0,1.231009591914139,0.0,0.0,0.0,0.0,0.0,0.0,-0.005998120923505917,0.0,0.02529552683867219,0.0,0.0,0.0,0.0007944998707796533,0.0,0.04462780858024634,0.15082957401618263,0.0,0.7690828805824851,-0.015721129482901216,0.0,0.07953242564876183,-0.0011136431901244308,0.0,0.005371696357296318,-0.005996959664619781,0.0,0.025243994114459264,0.0007951389682308532,0.0,0.0446484158938287,0.0,0.0,0.0
apache/airavata,12,0.0,0.0,0.0,0.0,0.0,0.0,11.25,0.0,25.588083163847973,0.16666666666666666,0.0,0.5773502691896257,0.0,0.0,0.0,-0.008333333333333451,0.0,0.0288675134594817,166.0,0.0,399.66213003212874,41.666666666666664,0.0,93.66024996892985,62.75,0.0,145.07874037601414,0.08333333333333333,0.0,0.28867513459481287,11.25,0.0,25.588083163847973,0.0,0.0,0.0,14.75,0.0,37.15110422927622,82.16666666666667,0.0,209.68627359303548,0.0,0.0,0.0,1.9166666666666667,0.0,3.9876703915337774,1.0833333333333333,0.0,3.7527767497325675,11.75,0.0,29.655982073222138,0.0,0.0,0.0,14.75,0.0,37.15110422927622,0.0,0.0,0.0,0.0,0.0,0.0,-0.00046784098272560176,0.0,0.001127679119964992,-2.9423961177711563e-05,0.0,7.092321509213782e-05,0.009180948549103599,0.0,0.017347158568050716,0.0005571045543588301,0.0,0.0021029564020729748,0.02211410487756164,0.0,0.039674050886755984,0.04721893170536854,0.0,0.09166569355866386,-0.00018340391331064798,0.0,0.00037817533876839237,0.00917506375686905,0.0,0.017334456336740543,-3.2366357295481506e-05,0.0,7.801553660135132e-05
apache/airavata-cerebrum,1,0.0,0.0,,0.0,0.0,,0.0,0.0,,0.0,0.0,,0.0,0.0,,0.0,0.0,,0.0,0.0,,0.0,0.0,,0.0,0.0,,0.0,0.0,,0.0,0.0,,0.0,0.0,,0.0,0.0,,0.0,0.0,,0.0,0.0,,0.0,0.0,,0.0,0.0,,0.0,0.0,,0.0,0.0,,0.0,0.0,,0.0,0.0,,0.0,0.0,,0.0,0.0,,0.0,0.0,,0.0,0.0,,0.0,0.0,,0.0,0.0,,0.0,0.0,,0.0,0.0,,0.0,0.0,,0.0,0.0,
apache/airavata-custos,38,0.0,0.0,0.0,0.0,0.0,0.0,0.05263157894736842,0.0,0.22629428592141426,0.0,0.0,0.0,0.0,0.0,0.0,-0.01052631578947346,0.0,0.04525885718428189,20.18421052631579,0.0,94.36010817196403,0.42105263157894735,0.0,1.810354287371314,0.0,0.0,0.0,-0.15789473684210525,0.0,0.6788828577642428,0.05263157894736842,0.0,0.22629428592141426,0.0,0.0,0.0,0.3157894736842105,0.0,1.1414846462936064,1.4210526315789473,0.0,5.043762961119987,0.0,0.0,0.0,0.0,0.0,0.0,0.05263157894736842,0.0,0.22629428592141426,0.2631578947368421,0.0,1.1314714296070714,0.0,0.0,0.0,0.3157894736842105,0.0,1.1414846462936064,0.0,0.0,0.0,0.0,0.0,0.0,-7.99758609988691e-06,0.0,4.008504265036952e-05,-4.531965456602254e-05,0.0,0.0002271485750187541,-0.015651879867926623,0.0,0.08037439689420299,-3.0564273148865106e-05,0.0,0.000167645733606478,-0.015957875485427347,0.0,0.08391452008312024,-0.007430659477929612,0.0,0.03753762126534545,-0.001903223352068048,0.0,0.008221429781695684,-0.01565045379667508,0.0,0.08038015506856301,-4.531965456602254e-05,0.0,0.0002271485750187541
apache/airavata-custos-portal,35,-1.5142857142857142,0.0,9.494182207979755,0.0,0.0,0.0,5.857142857142857,0.0,16.936113272327546,-0.05714285714285714,0.0,0.7252933338781401,0.0,0.0,0.0,-0.05428571428571427,0.0,0.1400480109753482,-111.14285714285714,2.0,937.7776339603662,-14.6,0.0,115.66335532356773,-4.6,0.0,50.69992458516261,-1.3142857142857143,0.0,9.237937854213966,4.857142857142857,0.0,16.88044963358301,0.0,0.0,0.0,10.314285714285715,0.0,26.06639873202938,60.25714285714286,0.0,144.01314132380276,0.0,0.0,0.0,0.22857142857142856,0.0,0.9727376251564233,7.914285714285715,0.0,20.684423563427156,2.1714285714285713,0.0,5.176222301150171,0.0,0.0,0.0,10.085714285714285,0.0,25.65078995294461,0.22857142857142856,0.0,0.9727376251564233,0.0,0.0,0.0,-0.1026720122647257,-0.00048185331649119867,0.6204632607972179,-2.051392168960537e-06,0.0,1.2136199737996305e-05,1.0565963192085162,0.0,4.427325740067963,0.0012295120248119193,-8.760969390753104e-05,0.047844804537249166,-0.07964779289978473,0.0,0.8325605796275327,0.24388506100162743,0.0,0.8048044685404818,-0.06712940868798507,0.0,0.4571760652573775,0.9709763288861779,0.0,3.927865061119015,-2.051392168960537e-06,0.0,1.2136199737996305e-05
apache/airavata-data-catalog,8,0.0,0.0,0.0,0.0,0.0,0.0,0.375,0.0,0.7440238091428449,0.0,0.0,0.0,,,,0.0,0.0,0.0,5.125,0.0,9.963325606586244,0.0,0.0,0.0,0.0,0.0,0.0,0.0,0.0,0.0,0.375,0.0,0.7440238091428449,0.0,0.0,0.0,0.375,0.0,0.7440238091428449,1.875,0.0,3.720119045714225,0.0,0.0,0.0,0.0,0.0,0.0,0.375,0.0,0.7440238091428449,0.0,0.0,0.0,0.0,0.0,0.0,0.375,0.0,0.7440238091428449,0.0,0.0,0.0,0.0,0.0,0.0,0.0,0.0,0.0,-0.07235328777871158,0.0,0.14281035632424968,1.087344552417054,0.0,2.1671221836508896,0.0,0.0,0.0,0.0,0.0,0.0,0.0,0.0,0.0,0.0,0.0,0.0,1.087344552417054,0.0,2.1671221836508896,-0.07235328777871158,0.0,0.14281035632424968
apache/airavata-data-lake,85,0.0,0.0,0.0,0.0,0.0,0.0,0.0,0.0,0.0,0.0,0.0,0.0,,,,0.0,0.0,0.0,0.023529411764705882,0.0,0.21693045781865616,0.0,0.0,0.0,0.0,0.0,0.0,0.0,0.0,0.0,0.0,0.0,0.0,0.0,0.0,0.0,0.0,0.0,0.0,0.0,0.0,0.0,0.0,0.0,0.0,0.0,0.0,0.0,0.0,0.0,0.0,0.0,0.0,0.0,0.0,0.0,0.0,0.0,0.0,0.0,0.0,0.0,0.0,0.0,0.0,0.0,0.0,0.0,0.0,-2.797790078775087e-06,0.0,2.5794350013439883e-05,-5.595580157550174e-06,0.0,5.158870002687977e-05,-2.797790078775087e-06,0.0,2.5794350013439883e-05,0.0,0.0,0.0,0.0,0.0,0.0,0.0,0.0,0.0,-5.595580157550174e-06,0.0,5.158870002687977e-05,-2.797790078775087e-06,0.0,2.5794350013439883e-05
apache/airavata-django-portal,9,0.0,0.0,0.0,0.0,0.0,0.0,-0.1111111111111111,0.0,0.927960727138337,0.0,0.0,0.0,0.0,0.0,0.0,0.0,0.0,0.0,9.777777777777779,0.0,20.39471609129297,1.0,0.0,6.4031242374328485,-0.1111111111111111,0.0,14.512446765143055,-0.1111111111111111,0.0,0.33333333333333337,0.0,0.0,0.8660254037844386,0.0,0.0,0.0,0.3333333333333333,0.0,0.7071067811865476,2.0,0.0,5.2915026221291805,0.0,0.0,0.0,0.1111111111111111,0.0,0.33333333333333337,0.1111111111111111,0.0,0.33333333333333337,0.1111111111111111,0.0,0.33333333333333337,0.0,0.0,0.0,0.3333333333333333,0.0,0.7071067811865476,0.0,0.0,0.0,0.0,0.0,0.0,-7.594840578693961e-05,0.0,0.00016262059820588238,-6.027830307836644e-06,0.0,1.3078615827252278e-05,-0.007138925470415576,-0.0011734336000053247,0.01024480359740811,-4.882316940168435e-05,0.0,0.00010377116783640795,-0.002151756789432271,0.0,0.08618085711344967,-0.01950754397803362,0.0,0.24796374097248347,-0.002234010714994097,-2.81628664700051e-05,0.0058134099236446584,-0.005131558918904883,-0.0005031765475997929,0.009678700368289493,-6.027830307836644e-06,0.0,1.3078615827252278e-05
apache/airavata-django-portal-sdk,6,0.0,0.0,0.0,0.0,0.0,0.0,0.8333333333333334,0.0,1.8348478592697182,0.0,0.0,0.0,0.0,0.0,0.0,0.6000000000000001,0.0,0.9295160030897802,77.5,0.0,126.36415631024488,15.0,0.0,25.12369399590753,9.166666666666666,0.0,21.39548238920232,0.0,0.0,0.0,0.8333333333333334,0.0,1.8348478592697182,0.0,0.0,0.0,2.8333333333333335,0.5,4.070217029430577,20.666666666666668,0.0,32.63535914719902,0.0,0.0,0.0,0.16666666666666666,0.0,0.408248290463863,0.8333333333333334,0.0,1.3291601358251257,1.0,0.0,1.5491933384829668,0.8333333333333334,0.5,0.983192080250175,2.8333333333333335,0.5,4.070217029430577,0.0,0.0,0.0,0.0,0.0,0.0,0.0,0.0,0.0,0.0,0.0,0.0,-0.3424568140904416,-0.09162486348595777,0.4652402660539601,-0.03167728943394529,0.0,0.05166531281869386,1.861731411213943,0.00579420609952308,3.3173413344617018,0.3285897265512645,0.0,3.2212378562659967,0.0,0.0,0.0,-0.3424568140904416,-0.09162486348595777,0.4652402660539601,0.0,0.0,0.0
apache/airavata-docs,2,0.0,0.0,0.0,0.0,0.0,0.0,0.0,0.0,0.0,0.0,0.0,0.0,,,,0.0,0.0,0.0,0.0,0.0,0.0,0.0,0.0,0.0,0.0,0.0,0.0,0.0,0.0,0.0,0.0,0.0,0.0,0.0,0.0,0.0,0.0,0.0,0.0,0.0,0.0,0.0,0.0,0.0,0.0,0.0,0.0,0.0,0.0,0.0,0.0,0.0,0.0,0.0,0.0,0.0,0.0,0.0,0.0,0.0,0.0,0.0,0.0,0.0,0.0,0.0,0.0,0.0,0.0,0.0,0.0,0.0,0.0,0.0,0.0,0.0,0.0,0.0,0.0,0.0,0.0,0.0,0.0,0.0,0.0,0.0,0.0,0.0,0.0,0.0,0.0,0.0,0.0
apache/airavata-mft,22,0.09090909090909091,0.0,0.29424494316824984,0.0,0.0,0.0,0.4090909090909091,0.0,1.1405550406998344,0.045454545454545456,0.0,0.21320071635561041,0.0,0.0,0.0,0.0,0.0,0.0,41.09090909090909,0.5,110.02982673149481,3.0454545454545454,0.0,8.94148849186848,4.818181818181818,0.0,14.066631788389495,0.09090909090909091,0.0,0.29424494316824984,0.4090909090909091,0.0,1.1405550406998344,0.0,0.0,0.0,0.09090909090909091,0.0,0.42640143271122083,-0.45454545454545453,0.0,2.7555532281328903,0.0,0.0,0.0,0.0,0.0,0.0,0.09090909090909091,0.0,0.42640143271122083,0.0,0.0,0.0,0.0,0.0,0.0,0.09090909090909091,0.0,0.42640143271122083,0.0,0.0,0.0,0.0,0.0,0.0,0.010802606795830299,0.0,0.035058609926730655,0.0,0.0,0.0,-0.25469863355568084,0.0,0.9268841393499554,0.005165638590182529,0.0,0.030956748663482615,0.1915134203458089,0.0,0.5839494460707668,0.5373643284897703,0.0,1.6023954789291088,0.010802606795830299,0.0,0.035058609926730655,-0.25469863355568084,0.0,0.9268841393499554,0.0,0.0,0.0
apache/airavata-mft-portal,5,-0.2,0.0,0.447213595499958,0.0,0.0,0.0,-1.4,-2.0,1.3416407864998738,0.2,0.0,0.447213595499958,0.0,0.0,0.0,0.0,0.0,0.0,24.2,9.0,25.762375666851845,5.0,6.0,2.8284271247461903,1.6,2.0,0.8944271909999159,-0.2,0.0,0.447213595499958,-1.4,-2.0,1.3416407864998738,0.0,0.0,0.0,0.4,0.0,0.894427190999916,2.0,0.0,4.472135954999579,0.0,0.0,0.0,0.0,0.0,0.0,0.4,0.0,0.894427190999916,0.0,0.0,0.0,0.0,0.0,0.0,0.4,0.0,0.894427190999916,0.0,0.0,0.0,0.0,0.0,0.0,-0.16906063919380973,-0.011305041420415662,0.33874708691239774,-0.011178755565682019,-0.0028262603551039156,0.015452363238365708,-1.52806183998224,-1.3663660930894963,0.2897503702212862,0.12491789387599969,-0.0050272729557852,0.29915796875930256,2.4093506372638687,3.2074001457909134,2.012718328712533,0.8208681128261928,1.0812016002914193,0.5881064900999349,-0.1796671178145736,-0.019783822485726965,0.33333389969566085,-1.5245263471086574,-1.364006802844898,0.2866652712965928,-0.011178755565682019,-0.0028262603551039156,0.015452363238365708
apache/airavata-php-gateway,38,0.05263157894736842,0.0,0.39914560244200475,0.0,0.0,0.0,-0.18421052631578946,0.0,4.887132930339129,-0.18421052631578946,0.0,1.1355499479153377,0.0,0.0,0.0,-0.005263157894736917,0.0,0.022629428592141745,-2.4210526315789473,2.5,76.1316894558538,3.710526315789474,1.0,10.737426071197133,5.684210526315789,1.0,17.72325585236908,0.07894736842105263,0.0,0.42753719277871466,-0.21052631578947367,0.0,4.883274791415895,0.0,0.0,0.0,2.0,0.0,6.538865096999383,13.394736842105264,0.0,45.15531124588402,0.05263157894736842,0.0,0.324442842261525,1.0,0.0,3.541262563061449,0.47368421052631576,0.0,1.5199011722008338,0.47368421052631576,0.0,1.4091753790544113,0.0,0.0,0.0,1.894736842105263,0.0,6.366251702508083,0.10526315789473684,0.0,0.31101174777590485,0.0,0.0,0.0,0.0006273024825682506,-2.1438257427786045e-05,0.004792212641027422,7.163093312302419e-07,-5.885283753583742e-07,2.01547473434241e-05,0.00013679551583915158,0.0,0.01985949151280069,-0.002066934068987675,-3.3659126864094e-05,0.01207808081235882,0.04800087139219793,0.0,0.28188995892824753,0.0720488623974286,0.0,0.4171808888794885,0.001059345752488958,-8.184953935375106e-05,0.0077071508724261585,-0.0002328272704864868,0.0,0.018358924370490252,7.163093312302419e-07,-5.885283753583742e-07,2.01547473434241e-05
apache/airavata-portals,18,0.16666666666666666,0.0,0.3834824944236852,0.0,0.0,0.0,1.7222222222222223,0.0,4.169998667732269,0.5,0.0,1.1504474832710556,0.0,0.0,0.0,-0.027777777777777776,0.0,0.06691131580686871,224.94444444444446,0.0,449.9196624002768,25.61111111111111,0.0,54.029554971862545,26.72222222222222,0.0,56.347457331386465,0.3333333333333333,0.0,0.6859943405700354,1.7222222222222223,0.0,4.169998667732269,0.0,0.0,0.0,3.3333333333333335,0.0,6.642111641550715,27.11111111111111,0.0,57.72234646171058,0.0,0.0,0.0,0.5,0.0,0.9235481451827988,1.7777777777777777,0.0,3.9638892896565103,1.0555555555555556,0.0,2.0714366206096226,0.0,0.0,0.0,3.1666666666666665,0.0,6.363961030678928,0.16666666666666666,0.0,0.3834824944236852,0.0,0.0,0.0,0.00010994502537971086,0.0,0.0013087123838457107,-3.584608194934533e-05,0.0,7.173450174628638e-05,-0.04423445070129696,0.0,0.08747781284267366,0.0015976900679436788,0.0,0.003914087699472003,-0.04578475271041782,0.0,0.09399014075774646,-0.06914236383101663,0.0,0.14521298674473887,-0.0018816532225721045,0.0,0.004163703417403867,-0.042724434499180494,0.0,0.08446928497513091,-3.584608194934533e-05,0.0,7.173450174628638e-05
apache/airavata-site,6,0.0,0.0,0.0,0.0,0.0,0.0,2.1666666666666665,0.0,5.307227776030219,-0.3333333333333333,0.0,0.816496580927726,0.0,0.0,0.0,0.016666666666666902,0.0,0.04082482904638689,-2.1666666666666665,0.0,29.335416592689914,0.0,0.0,0.0,0.0,0.0,0.0,2.1666666666666665,0.0,5.307227776030219,0.0,0.0,0.0,0.0,0.0,0.0,2.3333333333333335,0.0,5.715476066494083,11.666666666666666,0.0,28.577380332470412,0.0,0.0,0.0,0.0,0.0,0.0,0.16666666666666666,0.0,0.408248290463863,2.1666666666666665,0.0,5.307227776030219,0.0,0.0,0.0,2.3333333333333335,0.0,5.715476066494083,0.0,0.0,0.0,0.0,0.0,0.0,0.0007226732296568746,0.0,0.009751970255193181,0.0,0.0,0.0,0.07196033817623733,0.0,0.1184441885136109,-0.010057263259814792,-5.505803827465794e-06,0.024420533930259638,0.009876534138645829,0.0,0.13327692682097048,0.017758251263198115,0.0,0.2396351919457761,0.06659667148814741,0.0,0.1507407532961918,0.006353111853769633,0.0,0.08708526159065033,0.0,0.0,0.0
apache/airavata.git,34,0.058823529411764705,0.0,0.34299717028501764,0.11764705882352941,0.0,0.6859943405700353,7.235294117647059,0.0,23.21318698306791,0.08823529411764706,0.0,0.7121306936069977,0.0,0.0,0.0,-0.005882352941176554,0.0,0.042220033092075504,247.2941176470588,0.0,1078.4433374478058,37.44117647058823,0.0,130.40477570183808,34.529411764705884,0.0,109.2212753428666,0.029411764705882353,0.0,0.8698761359978842,7.235294117647059,0.0,23.21318698306791,0.11764705882352941,0.0,0.6859943405700353,7.5,0.0,35.74933777729528,49.088235294117645,0.0,216.4121163424584,0.058823529411764705,0.0,0.34299717028501764,2.088235294117647,0.0,10.618359306747978,1.2647058823529411,0.0,6.68017793053454,3.911764705882353,0.0,17.15061205208551,0.17647058823529413,0.0,1.0289915108550531,7.264705882352941,0.0,34.383143177425744,0.058823529411764705,0.0,0.34299717028501764,0.17647058823529413,0.0,1.0289915108550531,-0.0003332360181375909,0.0,0.0011257640440410887,0.0002692671944993165,0.0,0.0016413698818760795,-0.017169766351775282,0.0,0.11790229582676141,8.192314926826777e-05,0.0,0.0015399835316986168,-0.03390961364622355,0.0,0.2602619171237785,-0.0912187062387756,0.0,0.6191601430432724,-0.0010985942406592166,0.0,0.0042319719585383895,-0.01674032412023549,0.0,0.11548692723321495,0.00026689272894371113,0.0,0.0016341984675379043
apache/airflow-ci,3,0.0,0.0,0.0,0.0,0.0,0.0,0.3333333333333333,0.0,0.5773502691896258,0.0,0.0,0.0,,,,0.0,0.0,0.0,5.666666666666667,5.0,5.033222956847166,0.0,0.0,0.0,0.0,0.0,0.0,0.3333333333333333,0.0,0.5773502691896258,0.3333333333333333,0.0,0.5773502691896258,0.3333333333333333,0.0,0.5773502691896258,0.6666666666666666,0.0,1.1547005383792517,3.3333333333333335,0.0,5.773502691896257,0.0,0.0,0.0,0.0,0.0,0.0,0.3333333333333333,0.0,0.5773502691896258,0.3333333333333333,0.0,0.5773502691896258,0.0,0.0,0.0,0.6666666666666666,0.0,1.1547005383792517,0.0,0.0,0.0,0.0,0.0,0.0,0.0,0.0,0.0,0.0,0.0,0.0,2.8411973617453063,-0.24968789013733073,6.3191976530852445,0.0,0.0,0.0,0.0,0.0,0.0,0.0,0.0,0.0,3.7037037037037037,-0.12484394506866536,7.1075305573003105,2.8411973617453063,-0.24968789013733073,6.3191976530852445,3.7037037037037037,-0.12484394506866536,7.1075305573003105
apache/airflow-ci-infra,45,0.0,0.0,0.0,0.0,0.0,0.0,0.022222222222222223,0.0,0.14907119849998596,0.0,0.0,0.0,0.0,0.0,0.0,0.0,0.0,0.0,-2.2444444444444445,0.0,21.45731021391455,0.06666666666666667,0.0,0.44721359549995804,0.15555555555555556,0.0,0.6726999721460174,0.0,0.0,0.0,0.022222222222222223,0.0,0.14907119849998596,0.0,0.0,0.0,0.022222222222222223,0.0,0.14907119849998596,0.1111111111111111,0.0,0.74535599249993,0.0,0.0,0.0,0.0,0.0,0.0,0.022222222222222223,0.0,0.14907119849998596,0.0,0.0,0.0,0.0,0.0,0.0,0.022222222222222223,0.0,0.14907119849998596,0.0,0.0,0.0,0.0,0.0,0.0,0.0,0.0,0.0,0.0,0.0,0.0,0.04577360337769804,0.0,0.256611861456281,0.0027821593629640895,0.0,0.025639291645711812,0.42700566501804804,0.0,3.2039272607817315,0.629864816833189,0.0,4.223575203317732,0.0,0.0,0.0,0.04577360337769804,0.0,0.256611861456281,0.0,0.0,0.0
apache/airflow-client-go,7,0.0,0.0,0.0,0.0,0.0,0.0,0.14285714285714285,0.0,0.37796447300922725,0.0,0.0,0.0,0.0,0.0,0.0,-0.05714285714285795,0.0,0.15118578920369305,7.142857142857143,0.0,16.797108594721212,0.8571428571428571,0.0,1.8644544714716087,0.5714285714285714,0.0,1.511857892036909,0.0,0.0,0.0,0.14285714285714285,0.0,0.37796447300922725,0.0,0.0,0.0,0.14285714285714285,0.0,0.37796447300922725,2.142857142857143,0.0,5.669467095138408,0.0,0.0,0.0,0.0,0.0,0.0,0.14285714285714285,0.0,0.37796447300922725,0.0,0.0,0.0,0.0,0.0,0.0,0.14285714285714285,0.0,0.37796447300922725,0.0,0.0,0.0,0.0,0.0,0.0,0.0,0.0,0.0,0.0,0.0,0.0,-0.01192363380463668,0.0,0.05409235266557182,0.0,0.0,0.0,-0.17660226643064902,0.0,0.545274163558034,-0.3061988339492205,0.0,0.8754833405790153,0.0,0.0,0.0,-0.01192363380463668,0.0,0.05409235266557182,0.0,0.0,0.0
apache/airflow-client-python,28,0.0,0.0,0.0,0.07142857142857142,0.0,0.26226526415648105,0.0,0.0,0.0,0.0,0.0,0.0,0.0,0.0,0.0,0.0,0.0,0.0,1.1428571428571428,0.0,5.47529323222382,0.07142857142857142,0.0,0.3779644730092272,0.5357142857142857,0.0,2.456769074559977,0.0,0.0,0.0,0.0,0.0,0.0,0.07142857142857142,0.0,0.26226526415648105,0.07142857142857142,0.0,0.26226526415648105,2.5714285714285716,0.0,8.071112509614592,0.07142857142857142,0.0,0.26226526415648105,0.0,0.0,0.0,0.0,0.0,0.0,0.0,0.0,0.0,0.0,0.0,0.0,0.0,0.0,0.0,0.0,0.0,0.0,0.07142857142857142,0.0,0.26226526415648105,-0.0008402831921618313,0.0,0.004295086934740393,-0.01065325581786646,0.0,0.08182873441923509,-0.01665072732211145,0.0,0.07952691678417866,0.0,0.0,0.0,-0.03327357795064361,0.0,0.16196610923972352,-0.1823805737732884,0.0,1.1255352392550566,-0.0008402831921618313,0.0,0.004295086934740393,-0.01665072732211145,0.0,0.07952691678417866,-0.01065325581786646,0.0,0.08182873441923509
apache/airflow-helm-unittest,1,0.0,0.0,,0.0,0.0,,0.0,0.0,,0.0,0.0,,0.0,0.0,,0.0,0.0,,11.0,11.0,,0.0,0.0,,0.0,0.0,,0.0,0.0,,0.0,0.0,,0.0,0.0,,0.0,0.0,,0.0,0.0,,0.0,0.0,,0.0,0.0,,0.0,0.0,,0.0,0.0,,0.0,0.0,,0.0,0.0,,0.0,0.0,,0.0,0.0,,0.0,0.0,,-0.01428133251323871,-0.01428133251323871,,-0.022017054291243454,-0.022017054291243454,,-0.0005950555213849462,-0.0005950555213849462,,-0.30347831590633234,-0.30347831590633234,,-0.3010980938207837,-0.3010980938207837,,-0.022017054291243454,-0.022017054291243454,,-0.03629838680448216,-0.03629838680448216,,-0.01428133251323871,-0.01428133251323871,
apache/airflow-on-k8s-operator,3,0.0,0.0,0.0,0.0,0.0,0.0,0.0,0.0,0.0,0.0,0.0,0.0,0.0,0.0,0.0,0.0,0.0,0.0,1.0,0.0,1.7320508075688772,0.0,0.0,0.0,0.0,0.0,0.0,0.0,0.0,0.0,0.0,0.0,0.0,0.0,0.0,0.0,0.0,0.0,0.0,0.0,0.0,0.0,0.0,0.0,0.0,0.0,0.0,0.0,0.0,0.0,0.0,0.0,0.0,0.0,0.0,0.0,0.0,0.0,0.0,0.0,0.0,0.0,0.0,0.0,0.0,0.0,0.0,0.0,0.0,-0.00010631200226710973,0.0,0.0001841377893810117,-0.0006201533465584793,0.0,0.0010741371047231557,0.0,0.0,0.0,-0.00917826952905898,0.0,0.015897229149891424,-0.007052029483721374,0.0,0.01221447336227914,-0.00010631200226710973,0.0,0.0001841377893810117,-0.0006910280147363798,0.0,0.0011968956309768644,-0.00010631200226710973,0.0,0.0001841377893810117
apache/airflow-pgbouncer-exporter,1,0.0,0.0,,0.0,0.0,,-1.0,-1.0,,0.0,0.0,,0.0,0.0,,-0.29999999999999893,-0.29999999999999893,,14.0,14.0,,0.0,0.0,,0.0,0.0,,0.0,0.0,,-1.0,-1.0,,0.0,0.0,,1.0,1.0,,5.0,5.0,,0.0,0.0,,0.0,0.0,,1.0,1.0,,0.0,0.0,,0.0,0.0,,1.0,1.0,,0.0,0.0,,0.0,0.0,,0.0,0.0,,0.0,0.0,,-0.8913203835751169,-0.8913203835751169,,-0.010245061880173711,-0.010245061880173711,,-0.9118105073354741,-0.9118105073354741,,-0.9323006310958135,-0.9323006310958135,,0.0,0.0,,-0.8913203835751169,-0.8913203835751169,,0.0,0.0,
apache/airflow-publish,6,0.0,0.0,0.0,0.0,0.0,0.0,0.0,0.0,0.0,0.0,0.0,0.0,0.0,0.0,0.0,-0.050000000000000044,0.0,0.08366600265340762,6.166666666666667,0.0,13.688194426828787,1.8333333333333333,0.0,4.020779360604939,1.1666666666666667,0.0,2.8577380332470415,0.0,0.0,0.0,0.0,0.0,0.0,0.0,0.0,0.0,0.0,0.0,0.0,0.0,0.0,0.0,0.0,0.0,0.0,0.0,0.0,0.0,0.0,0.0,0.0,0.0,0.0,0.0,0.0,0.0,0.0,0.0,0.0,0.0,0.0,0.0,0.0,0.0,0.0,0.0,0.0,0.0,0.0,-0.02776402083051936,0.0,0.06136883493219406,0.0,0.0,0.0,-0.018509347220346212,0.0,0.04091255662146272,1.2423774005872967,0.0,2.6858973483221082,0.4717382278050432,0.0,1.3981074458352616,0.0,0.0,0.0,0.0,0.0,0.0,-0.02776402083051936,0.0,0.06136883493219406
apache/airflow-site,17,0.058823529411764705,0.0,0.24253562503633294,0.0,0.0,0.0,-0.17647058823529413,0.0,0.3929526239966879,0.0,0.0,0.0,0.0,0.0,0.0,0.07647058823529411,0.0,0.20472363006229236,6.294117647058823,0.0,8.498269720083854,0.058823529411764705,0.0,0.24253562503633297,0.7647058823529411,0.0,3.1529631254723287,0.058823529411764705,0.0,0.24253562503633294,-0.17647058823529413,0.0,0.3929526239966879,0.0,0.0,0.0,0.11764705882352941,0.0,0.3321055820775357,0.23529411764705882,0.0,0.6642111641550714,0.0,0.0,0.0,0.058823529411764705,0.0,0.24253562503633294,0.0,0.0,0.0,0.058823529411764705,0.0,0.24253562503633297,0.0,0.0,0.0,0.058823529411764705,0.0,0.24253562503633297,0.058823529411764705,0.0,0.24253562503633294,0.0,0.0,0.0,0.003764143191731109,0.0,0.02471115017956511,0.0,0.0,0.0,-0.027034998060892417,0.0,0.04683340711512939,-0.000299904417305505,0.0,0.0004051111249062815,-0.01964385690102312,0.0,0.032389983154622035,0.07017610527182808,0.0,0.3371429157126094,0.0031643343571201316,0.0,0.02437491510085,-0.028084663521461654,0.0,0.0475123490230411,0.0,0.0,0.0
apache/airflow-site-archive,1,0.0,0.0,,0.0,0.0,,0.0,0.0,,0.0,0.0,,0.0,0.0,,0.0,0.0,,3.0,3.0,,1.0,1.0,,2.0,2.0,,0.0,0.0,,0.0,0.0,,0.0,0.0,,0.0,0.0,,0.0,0.0,,0.0,0.0,,0.0,0.0,,0.0,0.0,,0.0,0.0,,0.0,0.0,,0.0,0.0,,0.0,0.0,,0.0,0.0,,-0.000602411270257619,-0.000602411270257619,,0.0,0.0,,-0.0006765866458664505,-0.0006765866458664505,,-2.10925238691706e-06,-2.10925238691706e-06,,0.0031880470973391084,0.0031880470973391084,,0.0031724034754461172,0.0031724034754461172,,-0.000727120817636262,-0.000727120817636262,,-0.0011904972013923043,-0.0011904972013923043,,0.0,0.0,
apache/allura,3,0.0,0.0,0.0,0.0,0.0,0.0,-1.3333333333333333,0.0,5.131601439446884,0.0,0.0,0.0,0.0,0.0,0.0,0.0,0.0,0.0,13.333333333333334,9.0,15.947831618540913,0.0,0.0,0.0,0.0,0.0,0.0,0.0,0.0,0.0,-1.3333333333333333,0.0,5.131601439446884,0.0,0.0,0.0,4.666666666666667,6.0,4.163331998932265,27.0,37.0,23.643180835073778,0.0,0.0,0.0,0.6666666666666666,0.0,1.1547005383792517,0.0,0.0,0.0,4.0,4.0,4.0,0.0,0.0,0.0,4.666666666666667,6.0,4.163331998932265,0.0,0.0,0.0,0.0,0.0,0.0,-0.00014950225876823411,-9.521756465802333e-05,0.00018279342925133377,-5.7036322252734806e-05,-3.7644153469462704e-05,6.88131982554136e-05,-0.017391545825328574,0.0,0.04357523266656314,-0.0003574500114490083,-0.00024800854050477383,0.00042292765491198,-0.01567575099211164,-0.010355832807391607,0.018905671408888967,-0.013322543784321775,-0.008613868058603202,0.016198559766139733,-0.0005841637722490134,-0.0003838227412567008,0.0007059857037560928,-0.017197085512499655,0.0,0.043668663772456845,-5.815468151260106e-05,-3.838227412572559e-05,7.016247665259383e-05
apache/allura-site,1,0.0,0.0,,0.0,0.0,,0.0,0.0,,0.0,0.0,,0.0,0.0,,-0.3000000000000007,-0.3000000000000007,,0.0,0.0,,0.0,0.0,,0.0,0.0,,0.0,0.0,,0.0,0.0,,0.0,0.0,,0.0,0.0,,0.0,0.0,,0.0,0.0,,0.0,0.0,,0.0,0.0,,0.0,0.0,,0.0,0.0,,0.0,0.0,,0.0,0.0,,0.0,0.0,,0.0,0.0,,0.0,0.0,,0.0,0.0,,0.0,0.0,,0.0,0.0,,0.0,0.0,,0.0,0.0,,0.0,0.0,,0.0,0.0,
apache/ambari,8,0.0,0.0,0.0,0.0,0.0,0.0,1.125,0.0,3.6030740843261686,0.0,0.0,0.0,0.0,0.0,0.0,0.0,0.0,0.0,50.125,17.0,94.07358442046463,6.25,1.0,14.498768420603376,2.875,0.0,7.356969484781081,0.0,0.0,0.0,1.125,0.0,3.6030740843261686,0.0,0.0,0.0,1.5,0.0,3.5050983275386565,5.875,0.0,16.617009357883866,0.0,0.0,0.0,0.0,0.0,0.0,0.5,0.0,1.4142135623730951,0.75,0.0,2.1213203435596424,0.25,0.0,0.7071067811865476,1.5,0.0,3.5050983275386565,0.0,0.0,0.0,0.0,0.0,0.0,-0.00010777172828921322,-3.65737875988037e-05,0.00020234611077878461,-7.476056827267902e-06,-2.5371005811791747e-06,1.403662209906378e-05,-0.001449422531234923,-0.0010231027331322196,0.0015550911029970343,-0.0001682598244370781,-5.710123775548581e-05,0.0003159151441257831,0.0015142645745953587,0.0,0.007188383983593228,-0.0011319735608168457,-4.213998143853814e-05,0.0023308324291667335,-0.0001906879949188367,-6.471253949902334e-05,0.0003580250104228389,-0.0014724332516005134,-0.0010309117310285387,0.001578354358277706,-7.670240121481278e-06,-2.602999297565689e-06,1.4401209686053732e-05
apache/ambari-infra,22,0.0,0.0,0.0,0.0,0.0,0.0,0.2727272727272727,0.0,1.2792042981336629,0.0,0.0,0.0,0.0,0.0,0.0,-0.00454545454545455,0.0,0.02132007163556106,7.2727272727272725,0.0,18.805221711970418,0.0,0.0,0.0,0.0,0.0,0.0,0.18181818181818182,0.0,0.8528028654224417,0.2727272727272727,0.0,1.2792042981336629,0.18181818181818182,0.0,0.8528028654224417,0.0,0.0,0.0,0.0,0.0,0.0,0.0,0.0,0.0,0.0,0.0,0.0,0.0,0.0,0.0,0.0,0.0,0.0,0.0,0.0,0.0,0.0,0.0,0.0,0.0,0.0,0.0,0.0,0.0,0.0,-0.0007074647383277636,0.0,0.0019493041581889771,-0.0016859763434791926,0.0,0.004380856954637113,-0.041857495608392074,0.0,0.17471012396635696,-0.002528964515218789,0.0,0.006571285431955692,-0.2141687898787423,0.0,0.556597874925242,-0.34511295255562663,0.0,0.896844388520445,0.033651008729448345,0.0,0.16642329419493823,-0.041857495608392074,0.0,0.17471012396635696,0.03323448923878994,0.0,0.16593227254850182
apache/ambari-logsearch,47,0.0,0.0,0.0,0.0,0.0,0.0,0.23404255319148937,0.0,2.1690788062481916,0.0,0.0,0.0,0.0,0.0,0.0,-0.004255319148936155,0.0,0.0204029708888578,9.23404255319149,0.0,34.33037238488837,1.4893617021276595,0.0,6.4870182754064984,0.6382978723404256,0.0,2.9593296238146034,-0.0425531914893617,0.0,0.20402970888857874,0.23404255319148937,0.0,2.1690788062481916,0.0,0.0,0.0,0.5106382978723404,0.0,2.1756792085464682,1.3617021276595744,0.0,5.143275609599366,0.0,0.0,0.0,0.0,0.0,0.0,0.2553191489361702,0.0,0.9661237004780221,0.2553191489361702,0.0,1.2241782533314722,0.0,0.0,0.0,0.5106382978723404,0.0,2.1756792085464682,0.0,0.0,0.0,0.0,0.0,0.0,-0.00037144099421297503,0.0,0.0014145897185058815,-7.056835763114709e-05,0.0,0.00036144349634425945,-0.0007295689005983686,0.0,0.049307866441783345,-9.533875321059119e-05,0.0,0.00035926295861600467,0.023213879825259832,0.0,0.1587264201559376,0.011787556097198542,0.0,0.08840989105981434,-0.0027994870422272345,0.0,0.008014612346367463,-0.0006977416692559485,0.0,0.049310472606091685,-0.00027183905885349603,0.0,0.00109207454697346
apache/ambari-metrics,43,0.0,0.0,0.0,0.0,0.0,0.0,-1.813953488372093,0.0,9.22278703345425,-0.06976744186046512,0.0,0.25776963111323353,0.0,0.0,0.0,0.0,0.0,0.0,-14.674418604651162,0.0,72.16143308755147,0.3488372093023256,0.0,0.8966530605331448,0.8604651162790697,0.0,2.376285570349109,0.0,0.0,0.0,-1.813953488372093,0.0,9.22278703345425,0.0,0.0,0.0,0.9302325581395349,0.0,3.4184050084464643,4.511627906976744,0.0,16.229561642149964,0.0,0.0,0.0,0.18604651162790697,0.0,0.5878051974643581,0.09302325581395349,0.0,0.29390259873217905,0.6511627906976745,0.0,2.9831568524302488,0.0,0.0,0.0,0.9302325581395349,0.0,3.4184050084464643,0.0,0.0,0.0,0.0,0.0,0.0,0.0002313826012699882,0.0,0.0011408629419462136,0.0,0.0,0.0,-0.06749385095551987,0.0,0.6678740684037353,-0.0035993079981875365,0.0,0.014070237781459941,0.17233060350390839,0.0,0.7537686698803598,0.2415193347584218,0.0,0.9487006346855831,0.0007519934541274797,0.0,0.0037078045613251763,-0.06795661615806001,0.0,0.6666985051564964,0.0,0.0,0.0
apache/ambari-website,8,0.0,0.0,0.0,0.0,0.0,0.0,0.0,0.0,0.0,0.0,0.0,0.0,0.0,0.0,0.0,0.0,0.0,0.053452248382484926,-0.375,0.0,41.306995256770456,-0.875,0.0,2.4748737341529163,-0.25,0.0,0.7071067811865476,0.0,0.0,0.0,0.0,0.0,0.0,0.0,0.0,0.0,0.0,0.0,0.0,0.0,0.0,0.0,0.0,0.0,0.0,0.0,0.0,0.0,0.0,0.0,0.0,0.0,0.0,0.0,0.0,0.0,0.0,0.0,0.0,0.0,0.0,0.0,0.0,0.0,0.0,0.0,0.006126991136880394,0.0,0.05519693550630227,0.0,0.0,0.0,0.02093841397312124,0.0,0.2864714730448513,0.0,0.0,0.0,-0.661232595660096,0.0,1.4568490356784831,-0.1916605739856806,0.0,0.40126424133616145,0.006126991136880394,0.0,0.05519693550630227,0.02093841397312124,0.0,0.2864714730448513,0.0,0.0,0.0
apache/amoro,27,0.07407407407407407,0.0,0.26688025634181184,0.0,0.0,0.0,1.7037037037037037,0.0,5.304677288921647,-0.07407407407407407,0.0,0.26688025634181184,0.0,0.0,0.0,0.2518518518518516,0.0,1.5722033462066416,346.0,1.0,1278.9685146783174,56.18518518518518,0.0,227.66203646854004,32.370370370370374,0.0,127.02154515857903,0.14814814814814814,0.0,0.5337605126836237,1.7037037037037037,0.0,5.304677288921647,0.0,0.0,0.0,2.2222222222222223,0.0,5.5075705472861,34.407407407407405,0.0,78.68352347281397,0.0,0.0,0.0,0.2962962962962963,0.0,0.9928519455361838,1.0,0.0,2.82842712474619,0.7407407407407407,0.0,1.677740985615722,0.18518518518518517,0.0,0.9622504486493764,2.1481481481481484,0.0,5.446973074058256,0.07407407407407407,0.0,0.26688025634181184,0.0,0.0,0.0,-0.0011572185258848409,0.0,0.010714897792110128,-0.0002635526911871687,-6.735046375674902e-07,0.001014273236393411,-0.009205421312398218,0.0,0.06304626975841066,-0.0031914008787034503,-4.714532463034882e-06,0.008666195346291034,0.5261603479141228,0.0,2.4239938857449768,0.33386853963512636,0.0,1.4358560687055206,-0.002577989742956849,0.0,0.02233890116507411,-0.008151210547649565,0.0,0.059346920876328965,-0.00039532903678075366,-1.0102569563616437e-06,0.0015214098545901168
apache/amoro-shade,10,0.0,0.0,0.0,0.0,0.0,0.0,0.0,0.0,0.0,0.0,0.0,0.0,,,,0.0,0.0,0.0,3.5,0.0,7.3824115301167,0.0,0.0,0.0,0.0,0.0,0.0,0.0,0.0,0.0,0.0,0.0,0.0,0.0,0.0,0.0,0.0,0.0,0.0,0.0,0.0,0.0,0.0,0.0,0.0,0.0,0.0,0.0,0.0,0.0,0.0,0.0,0.0,0.0,0.0,0.0,0.0,0.0,0.0,0.0,0.0,0.0,0.0,0.0,0.0,0.0,0.0,0.0,0.0,0.0,0.0,0.0,0.0,0.0,0.0,0.0,0.0,0.0,0.0,0.0,0.0,0.0,0.0,0.0,0.0,0.0,0.0,0.0,0.0,0.0,0.0,0.0,0.0
apache/amoro-site,23,0.0,0.0,0.0,0.0,0.0,0.0,0.08695652173913043,0.0,0.2881040655200304,0.0,0.0,0.0,0.0,0.0,0.0,0.0,0.0,0.0,-1.3043478260869565,0.0,4.321560982800456,-0.08695652173913043,0.0,0.2881040655200304,0.0,0.0,0.0,0.08695652173913043,0.0,0.2881040655200304,0.0,0.0,0.0,0.0,0.0,0.0,0.08695652173913043,0.0,0.2881040655200304,0.43478260869565216,0.0,1.440520327600152,0.0,0.0,0.0,0.0,0.0,0.0,0.0,0.0,0.0,0.08695652173913043,0.0,0.2881040655200304,0.0,0.0,0.0,0.08695652173913043,0.0,0.2881040655200304,0.0,0.0,0.0,0.0,0.0,0.0,0.00014381089853385143,0.0,0.00047647380213744847,0.0,0.0,0.0,0.008103744132382806,0.0,0.02684929875044614,2.696454347509956e-05,0.0,8.93388379007796e-05,-0.006234202451442543,0.0,0.020655139322658667,0.00029660997822609033,0.0,0.0009827272169085596,0.007501535994772237,0.0,0.024854064703995354,0.0007999481230945897,0.0,0.002650385524389693,0.0,0.0,0.0
apache/answer,32,0.0,0.0,0.0,0.0,0.0,0.0,0.90625,0.0,1.2010580013390884,0.0,0.0,0.0,0.0,0.0,0.0,-0.006249999999999964,0.0,0.03535533905932729,85.9375,24.0,124.14324127731929,16.0625,3.0,25.36944758893544,17.8125,3.0,35.30186644065081,0.0,0.0,0.0,0.90625,0.0,1.2010580013390884,0.0,0.0,0.0,1.03125,0.0,1.4252192813739224,11.90625,2.0,19.33967904293841,0.0,0.0,0.0,0.65625,0.0,1.0957211500695228,0.1875,0.0,0.5922891621605981,0.15625,0.0,0.36890203262847354,0.03125,0.0,0.1767766952966369,1.03125,0.0,1.4252192813739224,0.0,0.0,0.0,0.0,0.0,0.0,-0.0002503568902802551,-6.212549563033853e-05,0.00040130285060944294,-2.9319213866323612e-05,-8.103325517001131e-06,4.3063352999146966e-05,0.0022399633222593973,-4.3721962057929886e-05,0.009767618483567348,-0.00021579248045939126,-5.942438712466802e-05,0.0003158780290993363,0.05621587091861269,0.007164771499226674,0.13708334098410313,0.09944013854427292,0.018473016026767652,0.3030262702840745,-0.0010437620832746616,-0.000279111084394823,0.001555371720511586,0.00236668485197139,-1.8374900658368887e-05,0.00973156173282438,-2.9319213866323612e-05,-8.103325517001131e-06,4.3063352999146966e-05
apache/answer-plugins,39,0.0,0.0,0.0,0.0,0.0,0.0,0.05128205128205128,0.0,0.22345586503095893,0.0,0.0,0.0,0.0,0.0,0.0,0.020512820512820624,0.0,0.21297329605213167,3.076923076923077,0.0,21.86006285851295,0.6153846153846154,0.0,3.133985058703716,1.1794871794871795,0.0,4.930420046543461,0.0,0.0,0.0,0.05128205128205128,0.0,0.22345586503095893,0.0,0.0,0.0,0.20512820512820512,0.0,0.6950761858843502,1.3846153846153846,0.0,4.215356541175463,0.0,0.0,0.0,0.07692307692307693,0.0,0.26995276239950855,0.07692307692307693,0.0,0.4803844614152614,0.05128205128205128,0.0,0.22345586503095896,0.0,0.0,0.0,0.20512820512820512,0.0,0.6950761858843502,0.0,0.0,0.0,0.0,0.0,0.0,-1.3723402812680676e-05,0.0,6.932173855269529e-05,0.0,0.0,0.0,0.0028404170785417994,0.0,0.03167214745619328,-1.3122054022531134e-05,0.0,7.285628713676472e-05,0.0284545736694712,0.0,0.1665887414807079,0.10233856477779313,0.0,0.42703615004561746,-0.00020852806463967665,0.0,0.0016550094934015033,0.002917082355265139,0.0,0.031054206918278385,0.0,0.0,0.0
apache/answer-website.git,26,0.0,0.0,0.0,0.0,0.0,0.0,0.038461538461538464,0.0,0.19611613513818402,0.0,0.0,0.0,0.0,0.0,0.0,-0.0038461538461538494,0.0,0.01961161351381842,1.3461538461538463,0.0,11.146092795925602,0.5769230769230769,0.0,3.151800462251085,0.6153846153846154,0.0,3.1378581622109443,0.0,0.0,0.0,0.038461538461538464,0.0,0.19611613513818402,0.0,0.0,0.0,0.3076923076923077,0.0,1.5689290811054721,0.8461538461538461,0.0,4.314554973040048,0.0,0.0,0.0,0.0,0.0,0.0,0.038461538461538464,0.0,0.19611613513818402,0.2692307692307692,0.0,1.3728129459672882,0.0,0.0,0.0,0.3076923076923077,0.0,1.5689290811054721,0.0,0.0,0.0,0.0,0.0,0.0,-5.436623845382306e-05,0.0,0.0004343474599616259,0.0,0.0,0.0,0.002254321636774338,0.0,0.011480229092110213,-9.66252841384134e-05,0.0,0.0006252659675038302,0.06458066292704902,0.0,0.31707444241681076,0.0804113434882996,0.0,0.39600018117098323,-0.000407746788403658,0.0,0.0032576059497121663,0.0022815047560014864,0.0,0.011440360042299607,0.0,0.0,0.0
apache/ant,1,0.0,0.0,,0.0,0.0,,0.0,0.0,,0.0,0.0,,0.0,0.0,,0.0,0.0,,6.0,6.0,,0.0,0.0,,0.0,0.0,,0.0,0.0,,0.0,0.0,,0.0,0.0,,0.0,0.0,,0.0,0.0,,0.0,0.0,,0.0,0.0,,0.0,0.0,,0.0,0.0,,0.0,0.0,,0.0,0.0,,0.0,0.0,,0.0,0.0,,-0.0010791444341649026,-0.0010791444341649026,,0.0,0.0,,-0.008882672677344772,-0.008882672677344772,,-6.290349681012386e-06,-6.290349681012386e-06,,-0.00018521585171882293,-0.00018521585171882293,,-2.7258181951039795e-05,-2.7258181951039795e-05,,-0.0011036069051471031,-0.0011036069051471031,,-0.008881973749595318,-0.008881973749595318,,0.0,0.0,
apache/ant-easyant-core,1,0.0,0.0,,0.0,0.0,,0.0,0.0,,0.0,0.0,,0.0,0.0,,0.0,0.0,,0.0,0.0,,0.0,0.0,,0.0,0.0,,0.0,0.0,,0.0,0.0,,0.0,0.0,,0.0,0.0,,0.0,0.0,,0.0,0.0,,0.0,0.0,,0.0,0.0,,0.0,0.0,,0.0,0.0,,0.0,0.0,,0.0,0.0,,0.0,0.0,,0.0,0.0,,0.0,0.0,,0.0,0.0,,0.0,0.0,,0.0,0.0,,0.0,0.0,,0.0,0.0,,0.0,0.0,,0.0,0.0,
apache/ant-ivyde,3,0.0,0.0,0.0,0.0,0.0,0.0,0.0,0.0,0.0,0.0,0.0,0.0,0.0,0.0,0.0,0.0,0.0,0.0,0.0,0.0,0.0,0.0,0.0,0.0,0.0,0.0,0.0,0.0,0.0,0.0,0.0,0.0,0.0,0.0,0.0,0.0,0.0,0.0,0.0,0.0,0.0,0.0,0.0,0.0,0.0,0.0,0.0,0.0,0.0,0.0,0.0,0.0,0.0,0.0,0.0,0.0,0.0,0.0,0.0,0.0,0.0,0.0,0.0,0.0,0.0,0.0,0.0,0.0,0.0,0.0,0.0,0.0,0.0,0.0,0.0,0.0,0.0,0.0,0.0,0.0,0.0,0.0,0.0,0.0,0.0,0.0,0.0,0.0,0.0,0.0,0.0,0.0,0.0
apache/any23,41,0.0,0.0,0.0,0.0,0.0,0.0,0.0,0.0,0.0,0.0,0.0,0.0,,,,-0.004878048780487831,0.0,0.021808478995509206,2.5121951219512195,0.0,12.837682717725018,0.0,0.0,0.0,0.0,0.0,0.0,0.0,0.0,0.0,0.0,0.0,0.0,0.0,0.0,0.0,0.0,0.0,0.0,0.0,0.0,0.0,0.0,0.0,0.0,0.0,0.0,0.0,0.0,0.0,0.0,0.0,0.0,0.0,0.0,0.0,0.0,0.0,0.0,0.0,0.0,0.0,0.0,0.0,0.0,0.0,-0.0008804556877922833,0.0,0.004497909336563141,0.0,0.0,0.0,-0.0039908864800369355,0.0,0.020387903455689776,-0.0010688501362719957,0.0,0.0054603440854351405,-0.0004805980828560893,0.0,0.002455190685897056,0.0,0.0,0.0,-0.0015456034344651925,0.0,0.007895893245845075,-0.003858241409168372,0.0,0.019710270826381743,0.0,0.0,0.0
apache/any23-plugins,1,0.0,0.0,,0.0,0.0,,0.0,0.0,,0.0,0.0,,,,,0.0,0.0,,0.0,0.0,,0.0,0.0,,0.0,0.0,,0.0,0.0,,0.0,0.0,,0.0,0.0,,0.0,0.0,,0.0,0.0,,0.0,0.0,,0.0,0.0,,0.0,0.0,,0.0,0.0,,0.0,0.0,,0.0,0.0,,0.0,0.0,,0.0,0.0,,0.0,0.0,,0.0,0.0,,0.0,0.0,,0.0,0.0,,0.0,0.0,,0.0,0.0,,0.0,0.0,,0.0,0.0,,0.0,0.0,
apache/any23-server,1,0.0,0.0,,0.0,0.0,,0.0,0.0,,0.0,0.0,,,,,0.0,0.0,,0.0,0.0,,0.0,0.0,,0.0,0.0,,0.0,0.0,,0.0,0.0,,0.0,0.0,,0.0,0.0,,0.0,0.0,,0.0,0.0,,0.0,0.0,,0.0,0.0,,0.0,0.0,,0.0,0.0,,0.0,0.0,,0.0,0.0,,0.0,0.0,,0.0,0.0,,0.0,0.0,,0.0,0.0,,0.0,0.0,,0.0,0.0,,0.0,0.0,,0.0,0.0,,0.0,0.0,,0.0,0.0,
apache/apachecon-acasia,26,-0.5769230769230769,0.0,2.5167133634655636,0.0,0.0,0.0,1.3846153846153846,0.0,6.468860320501119,0.0,0.0,0.0,0.0,0.0,0.0,-0.11923076923076924,0.0,0.22453370485382504,65.6923076923077,0.0,155.02406761036022,10.423076923076923,0.0,24.977066404080485,12.461538461538462,0.0,29.876051639037936,-0.38461538461538464,0.0,2.6544592379906393,1.1153846153846154,0.0,6.32029697452215,0.0,0.0,0.0,6.884615384615385,0.0,13.83423846281948,32.57692307692308,0.0,65.44810040141613,0.0,0.0,0.0,0.19230769230769232,0.0,0.40191847623425014,4.076923076923077,0.0,7.989608635837312,2.6153846153846154,0.0,5.521426794421334,0.0,0.0,0.0,5.5,0.0,11.172287142747452,1.3846153846153846,0.0,2.728764160962586,0.0,0.0,0.0,-0.4701167705998126,0.0,0.9017499046553089,0.0,0.0,0.0,-0.03636869953815997,0.0,1.2972104126127428,0.0,0.0,0.0,2.4301255115919904,0.0,5.877358821195771,2.4210848535521254,0.0,5.9196114907134545,-0.44498657417512005,0.0,0.8887790645456267,-0.09525927971865332,0.0,1.356229950761981,0.0,0.0,0.0
apache/apachecon-eu,6,0.0,0.0,0.0,0.0,0.0,0.0,-0.16666666666666666,0.0,0.408248290463863,0.0,0.0,0.0,,,,0.0,0.0,0.0,-13.333333333333334,0.0,32.659863237109036,0.0,0.0,0.0,0.0,0.0,0.0,0.0,0.0,0.0,-0.16666666666666666,0.0,0.408248290463863,0.0,0.0,0.0,0.0,0.0,0.0,0.0,0.0,0.0,0.0,0.0,0.0,0.0,0.0,0.0,0.0,0.0,0.0,0.0,0.0,0.0,0.0,0.0,0.0,0.0,0.0,0.0,0.0,0.0,0.0,0.0,0.0,0.0,0.004120243933450303,0.0,0.010092495252751134,0.0,0.0,0.0,-0.013725562603306448,0.0,0.03362062481072752,0.0,0.0,0.0,0.015303763181386968,0.0,0.03748641093879023,0.0,0.0,0.0,0.008534791005004205,0.0,0.02090588302355593,-0.015197078293824292,0.0,0.037225087400995484,0.0,0.0,0.0
apache/apex-core,53,0.0,0.0,0.0,0.0,0.0,0.0,0.07547169811320754,0.0,0.33102734047981275,0.0,0.0,0.0,,,,0.0,0.0,0.0,3.7735849056603774,0.0,11.707396592677185,0.0,0.0,0.0,0.0,0.0,0.0,0.0,0.0,0.0,0.07547169811320754,0.0,0.33102734047981275,0.0,0.0,0.0,0.07547169811320754,0.0,0.33102734047981275,0.18867924528301888,0.0,1.3736056394868903,0.0,0.0,0.0,0.0,0.0,0.0,0.03773584905660377,0.0,0.27472112789737807,0.0,0.0,0.0,0.03773584905660377,0.0,0.19238024756109728,0.07547169811320754,0.0,0.33102734047981275,0.0,0.0,0.0,0.0,0.0,0.0,-0.0018351163613035462,0.0,0.005787529588303691,0.0,0.0,0.0,0.026807583830268846,0.0,0.12502300425701188,0.0,0.0,0.0,-0.0006117054537678515,0.0,0.0019291765294345692,0.0,0.0,0.0,-0.0018351163613035462,0.0,0.005787529588303691,0.026807583830268846,0.0,0.12502300425701188,0.0,0.0,0.0
apache/apex-malhar,42,0.0,0.0,0.0,0.0,0.0,0.0,0.0,0.0,0.0,0.0,0.0,0.0,0.0,0.0,0.0,0.0,0.0,0.0,10.880952380952381,0.0,61.06182487944028,0.0,0.0,0.0,0.0,0.0,0.0,0.0,0.0,0.0,0.0,0.0,0.0,0.0,0.0,0.0,0.0,0.0,0.0,0.0,0.0,0.0,0.0,0.0,0.0,0.0,0.0,0.0,0.0,0.0,0.0,0.0,0.0,0.0,0.0,0.0,0.0,0.0,0.0,0.0,0.0,0.0,0.0,0.0,0.0,0.0,-0.0020781397317969617,0.0,0.011566776777375064,0.0,0.0,0.0,-0.013398187293916038,0.0,0.07460050824399601,-0.00012047186850996729,0.0,0.0006705377841956563,-0.005862233395316082,0.0,0.032696727005603006,-0.006916362244778202,0.0,0.03856392142909246,-0.0026804990743467642,0.0,0.014919465698353328,-0.013398187293916038,0.0,0.07460050824399601,0.0,0.0,0.0
apache/apisix,15,0.0,0.0,0.0,0.0,0.0,0.0,0.0,0.0,0.0,0.0,0.0,0.0,0.0,0.0,0.0,0.0,0.0,0.0,0.3333333333333333,0.0,1.2909944487358056,0.0,0.0,0.0,0.0,0.0,0.0,0.0,0.0,0.0,0.0,0.0,0.0,0.0,0.0,0.0,0.0,0.0,0.0,0.0,0.0,0.0,0.0,0.0,0.0,0.0,0.0,0.0,0.0,0.0,0.0,0.0,0.0,0.0,0.0,0.0,0.0,0.0,0.0,0.0,0.0,0.0,0.0,0.0,0.0,0.0,0.0,0.0,0.0,-0.0002538230624977563,0.0,0.0009830524939371745,-0.0008433475947505542,0.0,0.003266271189532978,-0.00013100545161173944,0.0,0.0005073819323546485,-0.0067140293951013065,0.0,0.026003324033174416,-0.004274052858832533,0.0,0.016553335543068603,-8.187840725732975e-05,0.0,0.00031711370772162663,-0.0008597232762021179,0.0,0.003329693931077682,-0.0002538230624977563,0.0,0.0009830524939371745
apache/apisix-control-plane,11,0.0,0.0,0.0,0.0,0.0,0.0,0.09090909090909091,0.0,0.30151134457776363,0.0,0.0,0.0,0.0,0.0,0.0,0.0,0.0,0.0,17.727272727272727,0.0,31.26048914873505,1.3636363636363635,0.0,2.335496832484569,1.6363636363636365,0.0,2.8025961989814827,0.0,0.0,0.0,0.09090909090909091,0.0,0.30151134457776363,0.0,0.0,0.0,0.09090909090909091,0.0,0.30151134457776363,0.9090909090909091,0.0,2.0714509627092528,0.0,0.0,0.0,0.09090909090909091,0.0,0.30151134457776363,0.0,0.0,0.0,0.0,0.0,0.0,0.0,0.0,0.0,0.09090909090909091,0.0,0.30151134457776363,0.0,0.0,0.0,0.0,0.0,0.0,0.0,0.0,0.0,0.0,0.0,0.0,0.1497454327643007,0.0,0.49354031407942917,0.0,0.0,0.0,1.0717611869693557,0.0,1.6476340620128203,0.34657718076710214,0.0,1.1252742325332468,0.0,0.0,0.0,0.1497454327643007,0.0,0.49354031407942917,0.0,0.0,0.0
apache/apisix-dashboard,14,0.07142857142857142,0.0,0.2672612419124244,0.0,0.0,0.0,1.2857142857142858,0.0,2.7576068618270453,0.42857142857142855,0.0,1.1578684470436789,0.0,0.0,0.0,0.4857142857142855,0.0,1.4282087451700538,475.2857142857143,0.5,1180.334074519806,73.07142857142857,0.0,179.93394697700953,8.785714285714286,0.0,24.664451439980677,0.5714285714285714,0.0,1.6035674514745462,1.3571428571428572,0.0,2.898464921488425,0.0,0.0,0.0,1.3571428571428572,0.0,2.898464921488425,3.857142857142857,0.0,8.882629053444644,0.0,0.0,0.0,0.07142857142857142,0.0,0.2672612419124244,0.07142857142857142,0.0,0.2672612419124244,1.2142857142857142,0.0,2.5473537227897873,0.0,0.0,0.0,1.2857142857142858,0.0,2.7576068618270453,0.07142857142857142,0.0,0.2672612419124244,0.0,0.0,0.0,-0.11580729527724899,0.0,0.300266255989412,0.0,0.0,0.0,-0.05201342431933566,0.0,0.23358710050614492,0.006971466818770001,0.0,0.024005513487548556,1.6691467174859318,0.0,4.072281159017773,-0.02639302565694912,0.0,0.5599144063665936,-0.08976383486784016,0.0,0.22924383139284746,-0.1678207195965847,0.0,0.5193623426827603,0.0,0.0,0.0
apache/apisix-docker,45,0.0,0.0,0.0,0.0,0.0,0.0,-0.022222222222222223,0.0,0.4994946941609585,0.022222222222222223,0.0,0.14907119849998596,,,,0.0,0.0,0.0,2.488888888888889,0.0,11.118416790136623,0.0,0.0,0.0,0.0,0.0,0.0,0.0,0.0,0.0,-0.022222222222222223,0.0,0.4994946941609585,0.0,0.0,0.0,0.1111111111111111,0.0,0.3178208630818641,0.5555555555555556,0.0,1.5891043154093207,0.0,0.0,0.0,0.0,0.0,0.0,0.0,0.0,0.0,0.1111111111111111,0.0,0.3178208630818641,0.0,0.0,0.0,0.1111111111111111,0.0,0.3178208630818641,0.0,0.0,0.0,0.0,0.0,0.0,0.0,0.0,0.0,-0.05481153753667575,0.0,0.2654575020088985,-0.5662868936043375,0.0,1.4699163401700381,-0.11654174144326816,0.0,0.6399246626087626,0.0,0.0,0.0,0.0,0.0,0.0,0.0,0.0,0.0,-0.5662868936043375,0.0,1.4699163401700381,-0.05481153753667575,0.0,0.2654575020088985
apache/apisix-go-plugin-runner,44,0.0,0.0,0.0,0.0,0.0,0.0,0.6363636363636364,0.0,1.893574312945477,0.0,0.0,0.0,0.0,0.0,0.0,0.2886363636363636,0.0,1.238757049418547,40.75,0.0,100.50480145883117,4.431818181818182,0.0,11.909343073036801,3.6136363636363638,0.0,14.107916150064527,0.0,0.0,0.0,0.6363636363636364,0.0,1.893574312945477,0.0,0.0,0.0,0.8409090909090909,0.0,1.940309035781166,4.636363636363637,0.0,13.254382178527253,0.0,0.0,0.0,0.2727272727272727,0.0,0.8173592294313284,0.0,0.0,0.0,0.5454545454545454,0.0,1.4216686143573072,0.022727272727272728,0.0,0.1507556722888818,0.8409090909090909,0.0,1.940309035781166,0.0,0.0,0.0,0.0,0.0,0.0,0.0,0.0,0.0,0.0,0.0,0.0,0.14086426197761262,0.0,0.49599426672005265,0.0,0.0,0.0,-0.5074615578730405,0.0,2.2895077169951614,-0.4127890734229008,0.0,1.9836867346929463,0.0,0.0,0.0,0.14086426197761262,0.0,0.49599426672005265,0.0,0.0,0.0
apache/apisix-helm-chart,27,0.0,0.0,0.0,0.18518518518518517,0.0,0.48334070138798946,0.4074074074074074,0.0,1.009922284110525,0.0,0.0,0.0,,,,0.0,0.0,0.0,249.77777777777777,0.0,1245.4885767729045,0.0,0.0,0.0,0.0,0.0,0.0,0.2962962962962963,0.0,0.8688991627258912,0.5925925925925926,0.0,1.3085299814107099,0.18518518518518517,0.0,0.48334070138798946,0.5925925925925926,0.0,1.3085299814107099,2.5185185185185186,0.0,6.085103945578089,0.0,0.0,0.0,0.0,0.0,0.0,0.5925925925925926,0.0,1.3085299814107099,0.0,0.0,0.0,0.0,0.0,0.0,0.4074074074074074,0.0,1.009922284110525,0.0,0.0,0.0,0.18518518518518517,0.0,0.48334070138798946,0.0,0.0,0.0,0.0037523093363273498,0.0,0.04196160397655954,-0.025122216126170334,0.0,0.2458640771091708,-0.000851083527008502,0.0,0.0037968398601268146,0.0,0.0,0.0,0.0,0.0,0.0,0.0071800904875698665,0.0,0.08331307416524279,-0.021369906789842956,0.0,0.2822793224211366,0.0037523093363273498,0.0,0.04196160397655954
apache/apisix-ingress-controller,33,0.0,0.0,0.0,0.06060606060606061,0.0,0.34815531191139565,6.9393939393939394,4.0,14.142001701357984,0.0,0.0,0.0,0.0,0.0,0.0,0.10303030303030304,0.0,0.4785948498500901,510.8484848484849,230.0,1024.8613662714374,48.0,18.0,114.05892117673218,57.75757575757576,14.0,141.90820763415832,0.06060606060606061,0.0,0.34815531191139565,7.0,4.0,14.168627315304755,0.06060606060606061,0.0,0.34815531191139565,7.393939393939394,4.0,14.254252422390033,73.24242424242425,32.0,126.67922834442668,0.0,0.0,0.0,5.818181818181818,4.0,8.53834931886188,0.12121212121212122,0.0,0.6963106238227913,1.1818181818181819,0.0,5.806540199715241,0.2727272727272727,0.0,0.9107938595233581,7.333333333333333,4.0,14.225124486860095,0.0,0.0,0.0,0.06060606060606061,0.0,0.34815531191139565,0.0,0.0,0.0,-0.0006694400347085434,-0.0008098808990910644,0.010875199058144422,0.07550197160324,0.024145837412668847,0.18936683288374656,-0.00031114568103069834,-0.00010542153355718245,0.0007361051556393634,-0.1597656244191848,-0.13857104500981166,0.5499835787477283,-0.07567046919527687,-0.263744484074806,1.0884244425762752,-0.0016058112353923243,-0.0011135862362501858,0.01180014687615945,0.07483253156853155,0.022270060903400335,0.18441801271509653,-0.0006694400347085434,-0.0008098808990910644,0.010875199058144422
apache/apisix-ingress-docker,7,0.0,0.0,0.0,0.0,0.0,0.0,0.0,0.0,0.0,0.0,0.0,0.0,,,,0.0,0.0,0.0,0.5714285714285714,0.0,0.9759000729485332,0.0,0.0,0.0,0.0,0.0,0.0,0.0,0.0,0.0,0.0,0.0,0.0,0.0,0.0,0.0,0.0,0.0,0.0,0.0,0.0,0.0,0.0,0.0,0.0,0.0,0.0,0.0,0.0,0.0,0.0,0.0,0.0,0.0,0.0,0.0,0.0,0.0,0.0,0.0,0.0,0.0,0.0,0.0,0.0,0.0,0.0,0.0,0.0,0.0,0.0,0.0,0.0,0.0,0.0,-1.190476190476191,0.0,2.0448532064600853,0.0,0.0,0.0,0.0,0.0,0.0,0.0,0.0,0.0,0.0,0.0,0.0,0.0,0.0,0.0
apache/apisix-java-plugin-runner,50,0.0,0.0,0.0,0.0,0.0,0.0,0.02,0.0,0.14142135623730948,0.0,0.0,0.0,0.0,0.0,0.0,0.0,0.0,0.0,36.06,0.0,66.1927950947003,0.54,0.0,3.6767887497385643,0.56,0.0,3.9597979746446668,0.0,0.0,0.0,0.02,0.0,0.14142135623730948,0.0,0.0,0.0,0.02,0.0,0.14142135623730948,0.36,0.0,2.545584412271572,0.0,0.0,0.0,0.02,0.0,0.14142135623730948,0.0,0.0,0.0,0.0,0.0,0.0,0.0,0.0,0.0,0.02,0.0,0.14142135623730948,0.0,0.0,0.0,0.0,0.0,0.0,0.0,0.0,0.0,0.0,0.0,0.0,0.01930142228211668,0.0,0.1555484220093309,0.0,0.0,0.0,0.5203604414287641,0.0,4.043843648301906,0.5404398238992671,0.0,4.355355816261265,0.0,0.0,0.0,0.01930142228211668,0.0,0.1555484220093309,0.0,0.0,0.0
apache/apisix-python-plugin-runner,17,-0.11764705882352941,0.0,0.48507125007266594,0.0,0.0,0.0,0.17647058823529413,0.0,0.39295262399668784,0.058823529411764705,0.0,0.24253562503633297,0.0,0.0,0.0,-0.04117647058823531,0.0,0.1227743027337753,19.176470588235293,1.0,35.70930427444234,3.1176470588235294,0.0,6.594338034833144,2.7058823529411766,0.0,5.05920826170401,-0.11764705882352941,0.0,0.48507125007266594,0.17647058823529413,0.0,0.39295262399668784,0.0,0.0,0.0,0.17647058823529413,0.0,0.39295262399668784,2.0588235294117645,0.0,5.320603680919278,0.0,0.0,0.0,0.058823529411764705,0.0,0.24253562503633297,0.11764705882352941,0.0,0.3321055820775357,0.0,0.0,0.0,0.0,0.0,0.0,0.17647058823529413,0.0,0.39295262399668784,0.0,0.0,0.0,0.0,0.0,0.0,-0.10642861324898294,-0.00045255380638475895,0.35232195212176365,0.0,0.0,0.0,0.007815625427487613,0.0,0.2302138488366931,0.021604989161172823,-0.00045255380638475895,0.1470520925218739,-0.1050328979681146,0.0,1.4504637584388935,0.8168407743899351,0.0,2.3457919025422687,-0.10642861324898294,-0.00045255380638475895,0.35232195212176365,0.007815625427487613,0.0,0.2302138488366931,0.0,0.0,0.0
apache/apisix-website,23,0.0,0.0,0.0,0.0,0.0,0.0,0.17391304347826086,0.0,0.7776522892681231,0.043478260869565216,0.0,0.20851441405707477,0.0,0.0,0.0,-0.10000000000000019,0.0,0.24308621740219855,54.17391304347826,0.0,178.95394333177487,3.0869565217391304,0.0,7.609282868362235,2.9565217391304346,0.0,10.006717111609513,0.0,0.0,0.0,0.17391304347826086,0.0,0.7776522892681231,0.0,0.0,0.0,0.2608695652173913,0.0,0.6887004431501819,2.0434782608695654,0.0,5.278414542175651,0.0,0.0,0.0,0.043478260869565216,0.0,0.20851441405707477,0.08695652173913043,0.0,0.2881040655200304,0.13043478260869565,0.0,0.45769658728016005,0.0,0.0,0.0,0.2608695652173913,0.0,0.6887004431501819,0.0,0.0,0.0,0.0,0.0,0.0,-0.0005071871869074371,0.0,0.0016728345381801808,0.0,0.0,0.0,-0.031347061990730694,0.0,0.1634402500216502,0.0005799526470380048,0.0,0.015514277247503748,-0.02015302914091267,0.0,0.5666135812393266,0.10680440893619748,0.0,0.6672994768775818,-0.0045646846821669465,0.0,0.015055510843621653,-0.031347061990730694,0.0,0.1634402500216502,0.0,0.0,0.0
apache/archiva,1,0.0,0.0,,0.0,0.0,,0.0,0.0,,0.0,0.0,,0.0,0.0,,0.0,0.0,,-1.0,-1.0,,0.0,0.0,,0.0,0.0,,0.0,0.0,,0.0,0.0,,0.0,0.0,,0.0,0.0,,0.0,0.0,,0.0,0.0,,0.0,0.0,,0.0,0.0,,0.0,0.0,,0.0,0.0,,0.0,0.0,,0.0,0.0,,0.0,0.0,,1.3856207867979364e-05,1.3856207867979364e-05,,0.0,0.0,,0.0009666466370248372,0.0009666466370248372,,9.39403923261306e-06,9.39403923261306e-06,,0.0012792332924931316,0.0012792332924931316,,0.0018830351641554444,0.0018830351641554444,,3.8045858891777584e-05,3.8045858891777584e-05,,0.0009642981272151019,0.0009642981272151019,,0.0,0.0,
apache/archiva-components.git,17,0.0,0.0,0.0,0.0,0.0,0.0,0.0,0.0,0.0,0.0,0.0,0.0,,,,0.0,0.0,0.0,-4.117647058823529,0.0,12.519396715403145,0.0,0.0,0.0,0.0,0.0,0.0,0.0,0.0,0.0,0.0,0.0,0.0,0.0,0.0,0.0,0.0,0.0,0.0,0.0,0.0,0.0,0.0,0.0,0.0,0.0,0.0,0.0,0.0,0.0,0.0,0.0,0.0,0.0,0.0,0.0,0.0,0.0,0.0,0.0,0.0,0.0,0.0,0.0,0.0,0.0,0.0,0.0,0.0,0.0,0.0,0.0,0.0009484158172307208,0.0,0.0028936917646089767,0.0,0.0,0.0,0.0,0.0,0.0,0.0,0.0,0.0,0.0,0.0,0.0,0.0009484158172307208,0.0,0.0028936917646089767,0.0,0.0,0.0
apache/archiva-parent.git,44,0.0,0.0,0.0,0.0,0.0,0.0,0.0,0.0,0.0,0.0,0.0,0.0,,,,0.0,0.0,0.0,-3.1818181818181817,0.0,8.858769737864222,0.0,0.0,0.0,0.0,0.0,0.0,0.0,0.0,0.0,0.0,0.0,0.0,0.0,0.0,0.0,0.0,0.0,0.0,0.0,0.0,0.0,0.0,0.0,0.0,0.0,0.0,0.0,0.0,0.0,0.0,0.0,0.0,0.0,0.0,0.0,0.0,0.0,0.0,0.0,0.0,0.0,0.0,0.0,0.0,0.0,0.0,0.0,0.0,0.0,0.0,0.0,0.0055302690890747346,0.0,0.015393455013376472,0.0,0.0,0.0,0.0,0.0,0.0,0.0,0.0,0.0,0.0,0.0,0.0,0.0055302690890747346,0.0,0.015393455013376472,0.0,0.0,0.0
apache/archiva-redback-core,35,0.0,0.0,0.0,0.0,0.0,0.0,0.0,0.0,0.0,0.0,0.0,0.0,,,,0.0,0.0,0.0,-0.5714285714285714,0.0,7.674578793905601,0.0,0.0,0.0,0.0,0.0,0.0,0.0,0.0,0.0,0.0,0.0,0.0,0.0,0.0,0.0,0.0,0.0,0.0,0.0,0.0,0.0,0.0,0.0,0.0,0.0,0.0,0.0,0.0,0.0,0.0,0.0,0.0,0.0,0.0,0.0,0.0,0.0,0.0,0.0,0.0,0.0,0.0,0.0,0.0,0.0,1.0973988357256983e-05,0.0,9.630481403412382e-05,0.0,0.0,0.0,0.0003871047903796411,0.0,0.003993618731210208,0.0,0.0,0.0,0.0,0.0,0.0,0.0,0.0,0.0,1.0973988357256983e-05,0.0,9.630481403412382e-05,0.0003871047903796411,0.0,0.003993618731210208,0.0,0.0,0.0
apache/archiva-site,2,0.0,0.0,0.0,0.0,0.0,0.0,0.0,0.0,0.0,0.0,0.0,0.0,0.0,0.0,0.0,0.0,0.0,0.0,0.0,0.0,0.0,0.0,0.0,0.0,0.0,0.0,0.0,0.0,0.0,0.0,0.0,0.0,0.0,0.0,0.0,0.0,0.0,0.0,0.0,0.0,0.0,0.0,0.0,0.0,0.0,0.0,0.0,0.0,0.0,0.0,0.0,0.0,0.0,0.0,0.0,0.0,0.0,0.0,0.0,0.0,0.0,0.0,0.0,0.0,0.0,0.0,0.0,0.0,0.0,0.0,0.0,0.0,0.0,0.0,0.0,0.0,0.0,0.0,0.0,0.0,0.0,0.0,0.0,0.0,0.0,0.0,0.0,0.0,0.0,0.0,0.0,0.0,0.0
apache/aries,69,0.0,0.0,0.0,0.0,0.0,0.0,0.0,0.0,0.0,0.0,0.0,0.0,,,,0.0,0.0,0.0,0.0,0.0,0.0,0.0,0.0,0.0,0.0,0.0,0.0,0.0,0.0,0.0,0.0,0.0,0.0,0.0,0.0,0.0,0.0,0.0,0.0,0.0,0.0,0.0,0.0,0.0,0.0,0.0,0.0,0.0,0.0,0.0,0.0,0.0,0.0,0.0,0.0,0.0,0.0,0.0,0.0,0.0,0.0,0.0,0.0,0.0,0.0,0.0,0.0,0.0,0.0,0.0,0.0,0.0,0.0,0.0,0.0,0.0,0.0,0.0,0.0,0.0,0.0,0.0,0.0,0.0,0.0,0.0,0.0,0.0,0.0,0.0,0.0,0.0,0.0
apache/aries-antora-site,1,0.0,0.0,,0.0,0.0,,0.0,0.0,,0.0,0.0,,0.0,0.0,,0.0,0.0,,0.0,0.0,,0.0,0.0,,0.0,0.0,,0.0,0.0,,0.0,0.0,,0.0,0.0,,0.0,0.0,,0.0,0.0,,0.0,0.0,,0.0,0.0,,0.0,0.0,,0.0,0.0,,0.0,0.0,,0.0,0.0,,0.0,0.0,,0.0,0.0,,0.0,0.0,,0.0,0.0,,0.0,0.0,,0.0,0.0,,0.0,0.0,,0.0,0.0,,0.0,0.0,,0.0,0.0,,0.0,0.0,
apache/aries-cdi,34,0.0,0.0,0.0,0.0,0.0,0.0,0.0,0.0,0.0,0.0,0.0,0.0,,,,0.0,0.0,0.0,-0.11764705882352941,0.0,2.6373161964661356,0.0,0.0,0.0,0.0,0.0,0.0,0.0,0.0,0.0,0.0,0.0,0.0,0.0,0.0,0.0,0.0,0.0,0.0,0.0,0.0,0.0,0.0,0.0,0.0,0.0,0.0,0.0,0.0,0.0,0.0,0.0,0.0,0.0,0.0,0.0,0.0,0.0,0.0,0.0,0.0,0.0,0.0,0.0,0.0,0.0,0.0,0.0,0.0,0.0,0.0,0.0,6.818399105097929e-05,0.0,0.0014981522815250062,0.0,0.0,0.0,0.0,0.0,0.0,0.0,0.0,0.0,0.0,0.0,0.0,6.818399105097929e-05,0.0,0.0014981522815250062,0.0,0.0,0.0
apache/aries-component-dsl,12,0.0,0.0,0.0,0.0,0.0,0.0,0.0,0.0,0.0,0.0,0.0,0.0,,,,0.0,0.0,0.0,0.0,0.0,0.42640143271122083,0.0,0.0,0.0,0.0,0.0,0.0,0.0,0.0,0.0,0.0,0.0,0.0,0.0,0.0,0.0,0.0,0.0,0.0,0.0,0.0,0.0,0.0,0.0,0.0,0.0,0.0,0.0,0.0,0.0,0.0,0.0,0.0,0.0,0.0,0.0,0.0,0.0,0.0,0.0,0.0,0.0,0.0,0.0,0.0,0.0,0.0,0.0,0.0,0.0,0.0,0.0,0.0,0.0,0.0,0.0,0.0,0.0,0.0,0.0,0.0,0.0,0.0,0.0,0.0,0.0,0.0,0.0,0.0,0.0,0.0,0.0,0.0
apache/aries-containers,1,0.0,0.0,,0.0,0.0,,0.0,0.0,,0.0,0.0,,,,,0.0,0.0,,0.0,0.0,,0.0,0.0,,0.0,0.0,,0.0,0.0,,0.0,0.0,,0.0,0.0,,0.0,0.0,,0.0,0.0,,0.0,0.0,,0.0,0.0,,0.0,0.0,,0.0,0.0,,0.0,0.0,,0.0,0.0,,0.0,0.0,,0.0,0.0,,0.0,0.0,,0.0,0.0,,0.0,0.0,,0.0,0.0,,0.0,0.0,,0.0,0.0,,0.0,0.0,,0.0,0.0,,0.0,0.0,
apache/aries-journaled-events,12,0.0,0.0,0.0,0.0,0.0,0.0,0.0,0.0,0.0,0.0,0.0,0.0,,,,0.0,0.0,0.0,0.8333333333333334,0.0,1.9462473604038073,0.0,0.0,0.0,0.0,0.0,0.0,0.0,0.0,0.0,0.0,0.0,0.0,0.0,0.0,0.0,0.0,0.0,0.0,0.0,0.0,0.0,0.0,0.0,0.0,0.0,0.0,0.0,0.0,0.0,0.0,0.0,0.0,0.0,0.0,0.0,0.0,0.0,0.0,0.0,0.0,0.0,0.0,0.0,0.0,0.0,0.0,0.0,0.0,0.0,0.0,0.0,0.0,0.0,0.0,0.0,0.0,0.0,0.0,0.0,0.0,0.0,0.0,0.0,0.0,0.0,0.0,0.0,0.0,0.0,0.0,0.0,0.0
apache/aries-jpa,7,0.0,0.0,0.0,0.0,0.0,0.0,0.0,0.0,0.0,0.0,0.0,0.0,,,,0.0,0.0,0.0,2.0,0.0,5.291502622129181,0.0,0.0,0.0,0.0,0.0,0.0,0.0,0.0,0.0,0.0,0.0,0.0,0.0,0.0,0.0,0.0,0.0,0.0,0.0,0.0,0.0,0.0,0.0,0.0,0.0,0.0,0.0,0.0,0.0,0.0,0.0,0.0,0.0,0.0,0.0,0.0,0.0,0.0,0.0,0.0,0.0,0.0,0.0,0.0,0.0,0.0,0.0,0.0,0.0,0.0,0.0,-0.0018169703944661236,0.0,0.004807251803324293,0.0,0.0,0.0,0.0,0.0,0.0,0.0,0.0,0.0,0.0,0.0,0.0,-0.0018169703944661236,0.0,0.004807251803324293,0.0,0.0,0.0
apache/aries-rsa,23,0.0,0.0,0.0,0.0,0.0,0.0,0.0,0.0,0.0,0.0,0.0,0.0,,,,0.0,0.0,0.0,-1.3043478260869565,0.0,10.847851830111953,0.0,0.0,0.0,0.0,0.0,0.0,0.0,0.0,0.0,0.0,0.0,0.0,0.0,0.0,0.0,0.0,0.0,0.0,0.0,0.0,0.0,0.0,0.0,0.0,0.0,0.0,0.0,0.0,0.0,0.0,0.0,0.0,0.0,0.0,0.0,0.0,0.0,0.0,0.0,0.0,0.0,0.0,0.0,0.0,0.0,0.0,0.0,0.0,0.0,0.0,0.0,0.00031039087781902614,0.0,0.002554153947532416,0.0,0.0,0.0,0.0,0.0,0.0,0.0,0.0,0.0,0.0,0.0,0.0,0.00031039087781902614,0.0,0.002554153947532416,0.0,0.0,0.0
apache/aries-typedevent,10,0.0,0.0,0.0,0.0,0.0,0.0,0.0,0.0,0.0,0.0,0.0,0.0,,,,0.0,0.0,0.0,3.0,0.0,5.41602560309064,0.0,0.0,0.0,0.0,0.0,0.0,0.0,0.0,0.0,0.0,0.0,0.0,0.0,0.0,0.0,0.0,0.0,0.0,0.0,0.0,0.0,0.0,0.0,0.0,0.0,0.0,0.0,0.0,0.0,0.0,0.0,0.0,0.0,0.0,0.0,0.0,0.0,0.0,0.0,0.0,0.0,0.0,0.0,0.0,0.0,0.0,0.0,0.0,0.0,0.0,0.0,0.0,0.0,0.0,0.0,0.0,0.0,0.0,0.0,0.0,0.0,0.0,0.0,0.0,0.0,0.0,0.0,0.0,0.0,0.0,0.0,0.0
apache/arrow-cookbook,39,0.0,0.0,0.0,0.0,0.0,0.0,0.10256410256410256,0.0,0.8206182455888076,0.0,0.0,0.0,0.0,0.0,0.0,0.0,0.0,0.0,3.948717948717949,0.0,11.250611019544245,0.23076923076923078,0.0,0.8417256229267931,-0.02564102564102564,0.0,0.8106910465827574,0.0,0.0,0.0,0.10256410256410256,0.0,0.8206182455888076,0.0,0.0,0.0,0.15384615384615385,0.0,0.8123540043232883,0.6153846153846154,0.0,3.1255768698323148,0.0,0.0,0.0,0.0,0.0,0.0,0.0,0.0,0.0,0.15384615384615385,0.0,0.8123540043232883,0.0,0.0,0.0,0.15384615384615385,0.0,0.8123540043232883,0.0,0.0,0.0,0.0,0.0,0.0,0.0,0.0,0.0,0.0,0.0,0.0,0.09533112870300228,0.0,2.4986569733273347,0.0,0.0,0.0,-0.04637236404582742,0.0,1.8123366387125917,-0.3836419180343515,0.0,2.7265562814286497,0.0,0.0,0.0,0.09533112870300228,0.0,2.4986569733273347,0.0,0.0,0.0
apache/arrow-dist,19,0.0,0.0,0.0,0.0,0.0,0.0,0.05263157894736842,0.0,0.22941573387056172,0.05263157894736842,0.0,0.404651319111256,0.0,0.0,0.0,0.0,0.0,0.0,2.3157894736842106,0.0,10.980045697025668,0.10526315789473684,0.0,0.3153017676423058,0.05263157894736842,0.0,0.22941573387056177,0.0,0.0,0.0,0.05263157894736842,0.0,0.22941573387056172,0.0,0.0,0.0,0.05263157894736842,0.0,0.22941573387056172,0.2631578947368421,0.0,1.1470786693528088,0.0,0.0,0.0,0.0,0.0,0.0,0.0,0.0,0.0,0.05263157894736842,0.0,0.22941573387056172,0.0,0.0,0.0,0.05263157894736842,0.0,0.22941573387056172,0.0,0.0,0.0,0.0,0.0,0.0,0.0,0.0,0.0,0.0,0.0,0.0,0.12254894564216362,0.0,0.5261820523518999,0.04463005991656704,0.0,0.5852709258068752,-0.20426942899829945,0.0,2.081280704799257,-0.08098206595727378,0.0,1.0444515040715616,0.0,0.0,0.0,0.12254894564216362,0.0,0.5261820523518999,0.0,0.0,0.0
apache/arrow-dotnet,19,0.0,0.0,0.0,0.0,0.0,0.0,0.0,0.0,0.0,0.0,0.0,0.0,0.0,0.0,0.0,0.0,0.0,0.0,0.0,0.0,0.0,0.0,0.0,0.0,0.0,0.0,0.0,0.0,0.0,0.0,0.0,0.0,0.0,0.0,0.0,0.0,0.0,0.0,0.0,0.0,0.0,0.0,0.0,0.0,0.0,0.0,0.0,0.0,0.0,0.0,0.0,0.0,0.0,0.0,0.0,0.0,0.0,0.0,0.0,0.0,0.0,0.0,0.0,0.0,0.0,0.0,0.0,0.0,0.0,0.0,0.0,0.0,0.0,0.0,0.0,0.0,0.0,0.0,0.0,0.0,0.0,0.0,0.0,0.0,0.0,0.0,0.0,0.0,0.0,0.0,0.0,0.0,0.0
apache/arrow-flight-sql-postgresql,5,0.0,0.0,0.0,0.0,0.0,0.0,0.0,0.0,0.0,0.0,0.0,0.0,0.0,0.0,0.0,0.0,0.0,0.0,0.0,0.0,0.0,0.0,0.0,0.0,0.0,0.0,0.0,0.0,0.0,0.0,0.0,0.0,0.0,0.0,0.0,0.0,0.0,0.0,0.0,0.0,0.0,0.0,0.0,0.0,0.0,0.0,0.0,0.0,0.0,0.0,0.0,0.0,0.0,0.0,0.0,0.0,0.0,0.0,0.0,0.0,0.0,0.0,0.0,0.0,0.0,0.0,0.0,0.0,0.0,0.0,0.0,0.0,0.0,0.0,0.0,0.0,0.0,0.0,0.0,0.0,0.0,0.0,0.0,0.0,0.0,0.0,0.0,0.0,0.0,0.0,0.0,0.0,0.0
apache/arrow-go.git,26,0.0,0.0,0.0,0.0,0.0,0.0,0.6538461538461539,0.0,1.8749358963400897,0.0,0.0,0.0,0.0,0.0,0.0,0.0038461538461538325,0.0,0.01961161351381833,66.92307692307692,2.0,147.7614085143812,8.884615384615385,0.0,23.102081158331902,11.576923076923077,0.0,35.35214061628866,0.0,0.0,0.0,0.6538461538461539,0.0,1.8749358963400897,0.0,0.0,0.0,0.6538461538461539,0.0,1.8749358963400897,6.461538461538462,0.0,22.896691060903574,0.0,0.0,0.0,0.5384615384615384,0.0,1.6788274296250756,0.0,0.0,0.0,0.11538461538461539,0.0,0.5883484054145521,0.0,0.0,0.0,0.6538461538461539,0.0,1.8749358963400897,0.0,0.0,0.0,0.0,0.0,0.0,0.0,0.0,0.0,0.0,0.0,0.0,0.0005724426629842336,0.0,0.00533724402467656,-3.023613105608985e-06,-9.010383740949007e-08,6.663659178200619e-06,-0.015835881654765033,0.0,0.032110828464466896,0.0026327437781219487,0.0,0.0775916421926168,0.0,0.0,0.0,0.0005724426629842336,0.0,0.00533724402467656,0.0,0.0,0.0
apache/arrow-java.git,28,0.0,0.0,0.0,0.0,0.0,0.0,0.0,0.0,0.0,0.0,0.0,0.0,0.0,0.0,0.0,0.0,0.0,0.0,8.714285714285714,0.0,18.584854731657856,0.0,0.0,0.0,0.0,0.0,0.0,0.0,0.0,0.0,0.0,0.0,0.0,0.0,0.0,0.0,0.0,0.0,0.0,0.0,0.0,0.0,0.0,0.0,0.0,0.0,0.0,0.0,0.0,0.0,0.0,0.0,0.0,0.0,0.0,0.0,0.0,0.0,0.0,0.0,0.0,0.0,0.0,0.0,0.0,0.0,0.0,0.0,0.0,0.0,0.0,0.0,-0.0008472880635654957,0.0,0.0018082586287823618,-0.0012709320953482475,0.0,0.0027123879431735476,-0.022029489652702745,0.0,0.04701472434834104,-0.006778304508523966,0.0,0.014466069030258894,0.0,0.0,0.0,-0.0008472880635654957,0.0,0.0018082586287823618,0.0,0.0,0.0
apache/arrow-julia,57,0.0,0.0,0.0,0.0,0.0,0.0,0.0,0.0,0.0,0.0,0.0,0.0,0.0,0.0,0.0,0.0,0.0,0.0,0.0,0.0,0.0,0.0,0.0,0.0,0.0,0.0,0.0,0.0,0.0,0.0,0.0,0.0,0.0,0.0,0.0,0.0,0.0,0.0,0.0,0.0,0.0,0.0,0.0,0.0,0.0,0.0,0.0,0.0,0.0,0.0,0.0,0.0,0.0,0.0,0.0,0.0,0.0,0.0,0.0,0.0,0.0,0.0,0.0,0.0,0.0,0.0,0.0,0.0,0.0,0.0,0.0,0.0,0.0,0.0,0.0,0.0,0.0,0.0,0.0,0.0,0.0,0.0,0.0,0.0,0.0,0.0,0.0,0.0,0.0,0.0,0.0,0.0,0.0
apache/arrow-rs-object-store,46,0.0,0.0,0.0,0.0,0.0,0.0,0.08695652173913043,0.0,0.4123691418847244,0.0,0.0,0.0,0.0,0.0,0.0,0.028260869565217398,0.0,0.07502012612407088,68.15217391304348,19.5,122.74507772729702,5.869565217391305,0.0,12.609711769817515,3.9565217391304346,0.0,7.85976115480795,0.0,0.0,0.0,0.08695652173913043,0.0,0.4123691418847244,0.0,0.0,0.0,0.10869565217391304,0.0,0.37878524373260014,0.6521739130434783,0.0,2.2727114623956,0.0,0.0,0.0,0.10869565217391304,0.0,0.37878524373260014,0.0,0.0,0.0,0.0,0.0,0.0,0.0,0.0,0.0,0.10869565217391304,0.0,0.37878524373260014,0.0,0.0,0.0,0.0,0.0,0.0,0.0,0.0,0.0,0.0,0.0,0.0,0.0019494552733146328,-0.00018477043738329701,0.01885212359730199,0.0,0.0,0.0,-0.18013991842180194,-0.06502134036537655,0.273201748277177,-0.008485003508020375,-0.0028450662725489906,0.27108310024799465,0.0,0.0,0.0,0.0019494552733146328,-0.00018477043738329701,0.01885212359730199,0.0,0.0,0.0
apache/arrow-swift,45,0.0,0.0,0.0,0.0,0.0,0.0,0.0,0.0,0.0,0.0,0.0,0.0,0.0,0.0,0.0,0.0,0.0,0.0,0.7333333333333333,0.0,4.919349550499538,0.17777777777777778,0.0,1.1925695879998877,0.28888888888888886,0.0,1.9379255804998177,0.0,0.0,0.0,0.0,0.0,0.0,0.0,0.0,0.0,0.0,0.0,0.0,0.0,0.0,0.0,0.0,0.0,0.0,0.0,0.0,0.0,0.0,0.0,0.0,0.0,0.0,0.0,0.0,0.0,0.0,0.0,0.0,0.0,0.0,0.0,0.0,0.0,0.0,0.0,0.0,0.0,0.0,0.0,0.0,0.0,-0.059187516814635466,0.0,0.39704193305081015,-0.01972917227154516,0.0,0.13234731101693675,0.3730607120437627,0.0,2.502567335592983,1.099452963859744,0.0,7.375354695762019,0.0,0.0,0.0,-0.059187516814635466,0.0,0.39704193305081015,0.0,0.0,0.0
apache/arrow-testing,47,0.0,0.0,0.0,0.0,0.0,0.0,0.0,0.0,0.0,0.0,0.0,0.0,,,,0.0,0.0,0.0,0.0,0.0,0.0,0.0,0.0,0.0,0.0,0.0,0.0,0.0,0.0,0.0,0.0,0.0,0.0,0.0,0.0,0.0,0.0,0.0,0.0,0.0,0.0,0.0,0.0,0.0,0.0,0.0,0.0,0.0,0.0,0.0,0.0,0.0,0.0,0.0,0.0,0.0,0.0,0.0,0.0,0.0,0.0,0.0,0.0,0.0,0.0,0.0,,,,,,,,,,,,,,,,,,,,,,,,,,,
apache/artemis,1,0.0,0.0,,0.0,0.0,,0.0,0.0,,0.0,0.0,,,,,0.0,0.0,,785.0,785.0,,0.0,0.0,,0.0,0.0,,0.0,0.0,,0.0,0.0,,0.0,0.0,,0.0,0.0,,0.0,0.0,,0.0,0.0,,0.0,0.0,,0.0,0.0,,0.0,0.0,,0.0,0.0,,0.0,0.0,,0.0,0.0,,0.0,0.0,,-0.004685848089317657,-0.004685848089317657,,0.0,0.0,,-0.049982379619388784,-0.049982379619388784,,-0.020825991508078623,-0.020825991508078623,,-0.007809746815529428,-0.007809746815529428,,0.0,0.0,,-0.006768447240125486,-0.006768447240125486,,-0.049982379619388784,-0.049982379619388784,,-0.002082599150807843,-0.002082599150807843,
apache/artemis-console,43,0.0,0.0,0.0,0.0,0.0,0.0,0.09302325581395349,0.0,1.836325957790668,0.0,0.0,0.0,0.0,0.0,0.0,-0.009302325581395357,0.0,0.02939025987321793,16.209302325581394,3.0,36.72131737154403,2.7674418604651163,0.0,6.875897203109555,1.6046511627906976,0.0,5.8151670937124615,-0.046511627906976744,0.0,0.21308263231644634,0.09302325581395349,0.0,1.836325957790668,0.0,0.0,0.0,0.9302325581395349,0.0,1.8821890603535898,2.8372093023255816,0.0,4.947005985144375,0.0,0.0,0.0,0.13953488372093023,0.0,0.4670778128727186,0.32558139534883723,0.0,1.1694713952925613,0.46511627906976744,0.0,1.2974120248971528,0.0,0.0,0.0,0.9302325581395349,0.0,1.8821890603535898,0.0,0.0,0.0,0.0,0.0,0.0,-0.0035131733168672417,-0.000533287470610766,0.007761394760900863,0.0,0.0,0.0,-0.04956859207018205,0.0,0.2780364833246636,-0.00014288024848371224,0.0,0.0005190273949727153,0.08780647026673169,0.0,0.5630187197562753,0.08210199265450058,0.0,0.5740193842105482,-0.012751024835621294,-0.001356930953635871,0.033147145105568716,-0.048404328612362414,0.0,0.2771889908105465,0.0,0.0,0.0
apache/artemis-examples,8,0.0,0.0,0.0,0.0,0.0,0.0,0.0,0.0,0.0,0.0,0.0,0.0,0.0,0.0,0.0,0.0,0.0,0.0,-61.0,0.0,174.96448619240257,0.0,0.0,0.0,0.0,0.0,0.0,0.0,0.0,0.0,0.0,0.0,0.0,0.0,0.0,0.0,0.0,0.0,0.0,0.0,0.0,0.0,0.0,0.0,0.0,0.0,0.0,0.0,0.0,0.0,0.0,0.0,0.0,0.0,0.0,0.0,0.0,0.0,0.0,0.0,0.0,0.0,0.0,0.0,0.0,0.0,0.0004901294012968731,0.0,0.0014061928227819245,0.0,0.0,0.0,0.0019605176051874923,0.0,0.005624771291127698,0.0003921035210375026,0.0,0.0011249542582255356,0.001274336443371868,0.0,0.003656101339232966,0.0008822329223343792,0.0,0.0025311470810074586,0.0004901294012968731,0.0,0.0014061928227819245,0.0019605176051874923,0.0,0.005624771291127698,0.0,0.0,0.0
apache/artemis-native,5,0.0,0.0,0.0,0.0,0.0,0.0,0.0,0.0,0.0,0.0,0.0,0.0,,,,0.0,0.0,0.0,8.0,5.0,10.36822067666386,0.0,0.0,0.0,0.0,0.0,0.0,0.0,0.0,0.0,0.0,0.0,0.0,0.0,0.0,0.0,0.0,0.0,0.0,0.0,0.0,0.0,0.0,0.0,0.0,0.0,0.0,0.0,0.0,0.0,0.0,0.0,0.0,0.0,0.0,0.0,0.0,0.0,0.0,0.0,0.0,0.0,0.0,0.0,0.0,0.0,0.0,0.0,0.0,0.0,0.0,0.0,-0.14093644876959138,-0.08270253851682874,0.20184454889542425,-0.07687442660159557,-0.04511047555463321,0.11009702667023219,0.0,0.0,0.0,0.0,0.0,0.0,-0.03843721330079779,-0.022555237777316606,0.055048513335116095,-0.14093644876959138,-0.08270253851682874,0.20184454889542425,-0.03843721330079779,-0.022555237777316606,0.055048513335116095
apache/atlas,14,-0.35714285714285715,0.0,1.9456912102680337,0.0,0.0,0.0,0.6428571428571429,0.0,10.609191536349273,0.0,0.0,0.0,0.0,0.0,0.0,-0.007142857142857181,0.0,0.02672612419124258,30.642857142857142,1.0,55.16354306529344,11.071428571428571,0.0,22.358836785879145,8.714285714285714,0.0,18.886008542868943,0.07142857142857142,0.0,2.05554730553075,0.6428571428571429,0.0,10.609191536349273,0.0,0.0,0.0,5.142857142857143,0.0,10.309496315810694,59.92857142857143,0.0,170.94734424814706,0.0,0.0,0.0,1.7857142857142858,0.0,5.279547932695221,0.5,0.0,1.0919284281983377,2.857142857142857,0.0,7.461255234230341,0.0,0.0,0.0,5.0,0.0,10.347797982030915,0.14285714285714285,0.0,0.36313651960128146,0.0,0.0,0.0,-0.004245927187574867,0.0,0.01816736574830269,0.0,0.0,0.0,-0.014144523814019396,0.0,0.09147823178403106,-8.187239862153528e-05,-2.138890492608958e-06,0.00016196405184453524,0.05472632950135952,0.004738388439861296,0.12798828391404818,0.037940137240212835,0.0026029498118305128,0.10240860950856395,-0.0017007246796481976,8.962575462634348e-05,0.0182063638285771,-0.014054021154431646,0.0,0.09140701345749735,0.0,0.0,0.0
apache/attic,7,0.0,0.0,0.0,0.0,0.0,0.0,0.0,0.0,0.0,0.0,0.0,0.0,0.0,0.0,0.0,0.0,0.0,0.0,-0.2857142857142857,0.0,2.7516228977511745,0.14285714285714285,0.0,0.37796447300922725,0.2857142857142857,0.0,0.7559289460184545,0.0,0.0,0.0,0.0,0.0,0.0,0.0,0.0,0.0,0.0,0.0,0.0,0.0,0.0,0.0,0.0,0.0,0.0,0.0,0.0,0.0,0.0,0.0,0.0,0.0,0.0,0.0,0.0,0.0,0.0,0.0,0.0,0.0,0.0,0.0,0.0,0.0,0.0,0.0,-0.000747211104604073,0.0,0.001482701823716878,0.0,0.0,0.0,-0.013667742029697052,0.0,0.02874250621918634,-0.0006278658766821765,0.0,0.0015830935541143907,0.11604869807770005,0.0,0.3350670610304237,0.28708229794533174,0.0,0.775530256911281,-0.000747211104604073,0.0,0.001482701823716878,-0.013667742029697052,0.0,0.02874250621918634,0.0,0.0,0.0
apache/auron,8,0.0,0.0,0.0,0.0,0.0,0.0,0.0,0.0,0.0,0.0,0.0,0.0,0.0,0.0,0.0,0.0,0.0,0.0,6.125,2.0,8.526220063511648,0.25,0.0,0.7071067811865476,0.375,0.0,0.5175491695067657,0.0,0.0,0.0,0.0,0.0,0.0,0.0,0.0,0.0,0.0,0.0,0.0,0.0,0.0,0.0,0.0,0.0,0.0,0.0,0.0,0.0,0.0,0.0,0.0,0.0,0.0,0.0,0.0,0.0,0.0,0.0,0.0,0.0,0.0,0.0,0.0,0.0,0.0,0.0,0.0,0.0,0.0,0.0,0.0,0.0,-0.0001992597764655657,-6.50850327605923e-05,0.00027735882299859767,-8.588783468340896e-06,-2.8053893431218002e-06,1.1955121680973718e-05,-0.009389509242613059,-0.0022170991978640586,0.019305369896044366,-0.0008000975998232462,0.0,0.004998872856326988,0.0,0.0,0.0,-0.0001992597764655657,-6.50850327605923e-05,0.00027735882299859767,0.0,0.0,0.0
apache/auron-sites,10,0.0,0.0,0.0,0.0,0.0,0.0,0.0,0.0,0.0,0.0,0.0,0.0,0.0,0.0,0.0,0.0,0.0,0.0,0.0,0.0,0.0,0.0,0.0,0.0,0.0,0.0,0.0,0.0,0.0,0.0,0.0,0.0,0.0,0.0,0.0,0.0,0.0,0.0,0.0,0.0,0.0,0.0,0.0,0.0,0.0,0.0,0.0,0.0,0.0,0.0,0.0,0.0,0.0,0.0,0.0,0.0,0.0,0.0,0.0,0.0,0.0,0.0,0.0,0.0,0.0,0.0,0.0,0.0,0.0,0.0,0.0,0.0,0.0,0.0,0.0,0.0,0.0,0.0,0.0,0.0,0.0,0.0,0.0,0.0,0.0,0.0,0.0,0.0,0.0,0.0,0.0,0.0,0.0
apache/aurora,24,-0.041666666666666664,0.0,0.2041241452319315,0.0,0.0,0.0,0.4583333333333333,0.0,1.0206207261596576,0.041666666666666664,0.0,0.20412414523193148,0.0,0.0,0.0,0.0,0.0,0.0,3.875,0.0,10.485238070320785,0.6666666666666666,0.0,1.9708013524996608,0.25,0.0,0.6756639246921762,0.125,0.0,0.8501917942185291,0.4583333333333333,0.0,1.0206207261596576,0.0,0.0,0.0,0.16666666666666666,0.0,0.5646597025732799,0.8333333333333334,0.0,2.8232985128664,0.0,0.0,0.0,0.16666666666666666,0.0,0.5646597025732799,0.0,0.0,0.0,0.0,0.0,0.0,0.0,0.0,0.0,0.16666666666666666,0.0,0.5646597025732799,0.0,0.0,0.0,0.0,0.0,0.0,-0.0012575400313521816,0.0,0.005395292538975624,-5.422699976308405e-06,0.0,1.466715389627901e-05,0.00811415543285173,0.0,0.02191013934355135,0.0009407794526881489,0.0,0.005446710414791752,0.0010818638437489387,0.0,0.008741687328060098,-0.0037427745998043585,0.0,0.01587243389273409,0.0014644193839492559,0.0,0.02269214099738889,0.008097887332922937,0.0,0.02189798197778389,-5.422699976308405e-06,0.0,1.466715389627901e-05
apache/aurora-website,1,0.0,0.0,,0.0,0.0,,1.0,1.0,,1.0,1.0,,0.0,0.0,,0.0,0.0,,10.0,10.0,,0.0,0.0,,0.0,0.0,,0.0,0.0,,1.0,1.0,,0.0,0.0,,1.0,1.0,,5.0,5.0,,0.0,0.0,,0.0,0.0,,0.0,0.0,,1.0,1.0,,0.0,0.0,,1.0,1.0,,0.0,0.0,,0.0,0.0,,-6.800694002673247e-05,-6.800694002673247e-05,,0.0,0.0,,0.003714052846415683,0.003714052846415683,,0.0037216797929602308,0.0037216797929602308,,-0.00013347156453846765,-0.00013347156453846765,,0.0,0.0,,-7.547499185189821e-05,-7.547499185189821e-05,,0.003650494958540307,0.003650494958540307,,0.0,0.0,
apache/avro,27,0.0,0.0,0.0,0.0,0.0,0.0,-0.8888888888888888,0.0,1.6946370914726463,0.0,0.0,0.0,0.0,0.0,0.0,0.06666666666666672,0.0,0.12709778186044862,159.92592592592592,0.0,303.93507985017584,2.2222222222222223,0.0,4.236592728681617,-0.2222222222222222,0.0,0.4236592728681616,0.0,0.0,0.0,-0.8888888888888888,0.0,1.6946370914726463,0.0,0.0,0.0,0.2222222222222222,0.0,0.4236592728681616,4.222222222222222,0.0,8.049526184495074,0.0,0.0,0.0,0.0,0.0,0.0,0.2222222222222222,0.0,0.4236592728681616,0.0,0.0,0.0,0.0,0.0,0.0,0.2222222222222222,0.0,0.4236592728681616,0.0,0.0,0.0,0.0,0.0,0.0,-0.019899058367920237,0.0,0.037819632889611064,0.0,0.0,0.0,-0.26229523982565045,0.0,0.4986346632983911,-0.001501815725880768,0.0,0.0028543119161970484,-0.45781132943504327,0.0,0.8697991066162318,-0.31884095260377454,0.0,0.6060115239528541,-0.034447898212390506,0.0,0.0654707795777706,-0.2621075128599146,0.0,0.49827787462389417,0.0,0.0,0.0
apache/avro-rs,32,0.0,0.0,0.0,0.0,0.0,0.0,0.0,0.0,0.0,0.0,0.0,0.0,,,,0.0,0.0,0.0,11.71875,0.0,25.355834570650472,0.9375,0.0,2.601953360520242,0.46875,0.0,1.0467884834255,0.0,0.0,0.0,0.0,0.0,0.0,0.0,0.0,0.0,0.0,0.0,0.0,0.0,0.0,0.0,0.0,0.0,0.0,0.0,0.0,0.0,0.0,0.0,0.0,0.0,0.0,0.0,0.0,0.0,0.0,0.0,0.0,0.0,0.0,0.0,0.0,0.0,0.0,0.0,0.0,0.0,0.0,0.0,0.0,0.0,-0.00013243536605034127,0.0,0.00028346824553734517,0.0,0.0,0.0,-0.007463260727859744,0.0,0.027718177663848157,-0.0018175800268489528,0.0,0.023915003823839404,0.0,0.0,0.0,-0.00013243536605034127,0.0,0.00028346824553734517,0.0,0.0,0.0
apache/axis-axis1-java,1,0.0,0.0,,0.0,0.0,,0.0,0.0,,0.0,0.0,,,,,0.0,0.0,,-6.0,-6.0,,0.0,0.0,,0.0,0.0,,0.0,0.0,,0.0,0.0,,0.0,0.0,,0.0,0.0,,0.0,0.0,,0.0,0.0,,0.0,0.0,,0.0,0.0,,0.0,0.0,,0.0,0.0,,0.0,0.0,,0.0,0.0,,0.0,0.0,,0.0012736527446000068,0.0012736527446000068,,0.0,0.0,,0.015237518289950458,0.015237518289950458,,0.0,0.0,,8.10506292018287e-05,8.10506292018287e-05,,0.0,0.0,,0.0021709989964779908,0.0021709989964779908,,0.01462384924026594,0.01462384924026594,,0.0,0.0,
apache/axis-axis2-c-core,2,0.0,0.0,0.0,0.0,0.0,0.0,0.0,0.0,0.0,0.0,0.0,0.0,0.0,0.0,0.0,0.0,0.0,0.0,0.0,0.0,0.0,0.0,0.0,0.0,0.0,0.0,0.0,0.0,0.0,0.0,0.0,0.0,0.0,0.0,0.0,0.0,0.0,0.0,0.0,0.0,0.0,0.0,0.0,0.0,0.0,0.0,0.0,0.0,0.0,0.0,0.0,0.0,0.0,0.0,0.0,0.0,0.0,0.0,0.0,0.0,0.0,0.0,0.0,0.0,0.0,0.0,0.0,0.0,0.0,0.0,0.0,0.0,0.0,0.0,0.0,0.0,0.0,0.0,0.0,0.0,0.0,0.0,0.0,0.0,0.0,0.0,0.0,0.0,0.0,0.0,0.0,0.0,0.0
apache/axis-axis2-java-core,56,0.0,0.0,0.0,0.0,0.0,0.0,0.0,0.0,0.0,0.0,0.0,0.0,0.0,0.0,0.0,0.0,0.0,0.0,204.66071428571428,0.0,713.1658554205062,0.0,0.0,0.0,0.0,0.0,0.0,0.0,0.0,0.0,0.0,0.0,0.0,0.0,0.0,0.0,0.0,0.0,0.0,0.0,0.0,0.0,0.0,0.0,0.0,0.0,0.0,0.0,0.0,0.0,0.0,0.0,0.0,0.0,0.0,0.0,0.0,0.0,0.0,0.0,0.0,0.0,0.0,0.0,0.0,0.0,-0.002833663375987263,0.0,0.009855883677430115,0.0,0.0,0.0,-0.00886936636684015,0.0,0.0308489159103563,-5.6673267519745394e-05,0.0,0.00019711767354860224,-0.0018135445606318526,0.0,0.006307765553555272,-0.00022669307007898158,0.0,0.000788470694194409,-0.0029470099110267545,0.0,0.01025011902452732,-0.00886936636684015,0.0,0.0308489159103563,0.0,0.0,0.0
apache/axis-axis2-java-rampart,9,-0.1111111111111111,0.0,0.33333333333333337,0.0,0.0,0.0,0.1111111111111111,0.0,0.33333333333333337,0.0,0.0,0.0,0.0,0.0,0.0,0.0,0.0,0.0,21.444444444444443,0.0,46.98699583690979,0.0,0.0,0.0,0.0,0.0,0.0,-0.1111111111111111,0.0,0.33333333333333337,0.1111111111111111,0.0,0.33333333333333337,0.0,0.0,0.0,0.1111111111111111,0.0,0.33333333333333337,0.5555555555555556,0.0,1.6666666666666665,0.0,0.0,0.0,0.0,0.0,0.0,0.1111111111111111,0.0,0.33333333333333337,0.0,0.0,0.0,0.0,0.0,0.0,0.1111111111111111,0.0,0.33333333333333337,0.0,0.0,0.0,0.0,0.0,0.0,-0.006473874678733969,0.0,0.019421624036201908,0.0,0.0,0.0,0.005023014894829789,0.0,0.01665430688102187,-7.224151066077976e-05,0.0,0.00015813739674678994,-0.00028896604264311905,0.0,0.0006325495869871598,-0.0004334490639646724,0.0,0.0009488243804807282,-0.006473874678733969,0.0,0.019421624036201908,0.005023014894829789,0.0,0.01665430688102187,0.0,0.0,0.0
apache/bahir,11,0.0,0.0,0.0,0.0,0.0,0.0,0.0,0.0,0.0,0.0,0.0,0.0,0.0,0.0,0.0,-0.027272727272727258,0.0,0.09045340337332904,4.545454545454546,0.0,15.964733861631622,1.6363636363636365,0.0,3.2022719207689803,0.9090909090909091,0.0,1.7002673586554236,0.0,0.0,0.0,0.0,0.0,0.0,0.0,0.0,0.0,0.0,0.0,0.0,0.18181818181818182,0.0,0.6030226891555273,0.0,0.0,0.0,0.0,0.0,0.0,0.0,0.0,0.0,0.0,0.0,0.0,0.0,0.0,0.0,0.0,0.0,0.0,0.0,0.0,0.0,0.0,0.0,0.0,0.0,0.0,0.0,0.0,0.0,0.0,-0.0048461857225183405,0.0,0.017138685453883504,-0.00016640076105566888,0.0,0.0005919705161481044,0.11703496716705399,0.0,0.19732307548052294,0.060940236964586086,0.0,0.11285536455770084,0.0,0.0,0.0,-0.0048461857225183405,0.0,0.017138685453883504,0.0,0.0,0.0
apache/bahir-flink,33,0.0,0.0,0.0,0.0,0.0,0.0,-0.09090909090909091,0.0,0.29193710406057116,0.0,0.0,0.0,0.0,0.0,0.0,0.0,0.0,0.0,2.484848484848485,0.0,29.214851972200297,0.0,0.0,0.0,0.0,0.0,0.0,0.0,0.0,0.0,-0.09090909090909091,0.0,0.29193710406057116,0.0,0.0,0.0,0.0,0.0,0.0,0.0,0.0,0.0,0.0,0.0,0.0,0.0,0.0,0.0,0.0,0.0,0.0,0.0,0.0,0.0,0.0,0.0,0.0,0.0,0.0,0.0,0.0,0.0,0.0,0.0,0.0,0.0,0.0,0.0,0.0,0.0,0.0,0.0,-0.032947182537104894,0.0,0.09531329779569193,0.0,0.0,0.0,-0.04485376259799286,0.0,0.4139439839012234,-0.028905758118707003,0.0,0.2667639007363434,0.0,0.0,0.0,-0.032947182537104894,0.0,0.09531329779569193,0.0,0.0,0.0
apache/bahir-website,3,0.0,0.0,0.0,0.0,0.0,0.0,0.0,0.0,0.0,0.0,0.0,0.0,,,,0.0,0.0,0.0,0.0,0.0,0.0,0.0,0.0,0.0,0.0,0.0,0.0,0.0,0.0,0.0,0.0,0.0,0.0,0.0,0.0,0.0,0.0,0.0,0.0,0.0,0.0,0.0,0.0,0.0,0.0,0.0,0.0,0.0,0.0,0.0,0.0,0.0,0.0,0.0,0.0,0.0,0.0,0.0,0.0,0.0,0.0,0.0,0.0,0.0,0.0,0.0,0.0,0.0,0.0,0.0,0.0,0.0,0.0,0.0,0.0,0.0,0.0,0.0,0.0,0.0,0.0,0.0,0.0,0.0,0.0,0.0,0.0,0.0,0.0,0.0,0.0,0.0,0.0
apache/bahir-website.git,3,0.0,0.0,0.0,0.0,0.0,0.0,0.0,0.0,0.0,0.0,0.0,0.0,,,,,,,0.0,0.0,0.0,0.0,0.0,0.0,0.0,0.0,0.0,0.0,0.0,0.0,0.0,0.0,0.0,0.0,0.0,0.0,0.0,0.0,0.0,0.0,0.0,0.0,0.0,0.0,0.0,0.0,0.0,0.0,0.0,0.0,0.0,0.0,0.0,0.0,0.0,0.0,0.0,0.0,0.0,0.0,0.0,0.0,0.0,0.0,0.0,0.0,,,,,,,,,,,,,,,,,,,,,,,,,,,
apache/bahir.git,12,0.0,0.0,0.0,0.0,0.0,0.0,0.16666666666666666,0.0,0.5773502691896257,0.0,0.0,0.0,0.0,0.0,0.0,-0.008333333333333378,0.0,0.10836246694508302,47.0,0.0,147.85250635807174,5.416666666666667,0.0,13.446583434486476,3.5833333333333335,0.0,9.404624909956254,0.0,0.0,0.0,0.16666666666666666,0.0,0.5773502691896257,0.0,0.0,0.0,0.0,0.0,0.0,0.16666666666666666,0.0,0.5773502691896257,0.0,0.0,0.0,0.0,0.0,0.0,0.0,0.0,0.0,0.0,0.0,0.0,0.0,0.0,0.0,0.0,0.0,0.0,0.0,0.0,0.0,0.0,0.0,0.0,0.0,0.0,0.0,-0.0008982548773458129,0.0,0.0028375004790925523,-0.03537562720802049,0.0,0.10701211598772609,-0.0008982548773458129,0.0,0.0028375004790925523,0.10493203151855586,0.0,0.19275501642901874,0.05180711691192504,0.0,0.11215815355795573,0.0,0.0,0.0,-0.03537562720802049,0.0,0.10701211598772609,-0.0008982548773458129,0.0,0.0028375004790925523
apache/beam-starter-java.git,47,0.0,0.0,0.0,0.0,0.0,0.0,0.0,0.0,0.0,0.0,0.0,0.0,,,,,,,0.0,0.0,0.0,0.0,0.0,0.0,0.0,0.0,0.0,0.0,0.0,0.0,0.0,0.0,0.0,0.0,0.0,0.0,0.0,0.0,0.0,0.0,0.0,0.0,0.0,0.0,0.0,0.0,0.0,0.0,0.0,0.0,0.0,0.0,0.0,0.0,0.0,0.0,0.0,0.0,0.0,0.0,0.0,0.0,0.0,0.0,0.0,0.0,,,,,,,,,,,,,,,,,,,,,,,,,,,
apache/beam-starter-kotlin.git,3,0.0,0.0,0.0,0.0,0.0,0.0,0.0,0.0,0.0,0.0,0.0,0.0,,,,0.0,0.0,0.0,0.0,0.0,0.0,0.0,0.0,0.0,0.0,0.0,0.0,0.0,0.0,0.0,0.0,0.0,0.0,0.0,0.0,0.0,0.0,0.0,0.0,0.0,0.0,0.0,0.0,0.0,0.0,0.0,0.0,0.0,0.0,0.0,0.0,0.0,0.0,0.0,0.0,0.0,0.0,0.0,0.0,0.0,0.0,0.0,0.0,0.0,0.0,0.0,,,,,,,,,,,,,,,,,,,,,,,,,,,
apache/beam-starter-python.git,33,0.0,0.0,0.0,0.0,0.0,0.0,0.0,0.0,0.0,0.0,0.0,0.0,,,,,,,0.0,0.0,0.0,0.0,0.0,0.0,0.0,0.0,0.0,0.0,0.0,0.0,0.0,0.0,0.0,0.0,0.0,0.0,0.0,0.0,0.0,0.0,0.0,0.0,0.0,0.0,0.0,0.0,0.0,0.0,0.0,0.0,0.0,0.0,0.0,0.0,0.0,0.0,0.0,0.0,0.0,0.0,0.0,0.0,0.0,0.0,0.0,0.0,,,,,,,,,,,,,,,,,,,,,,,,,,,
apache/beam-wheels.git,8,0.0,0.0,0.0,0.0,0.0,0.0,0.0,0.0,0.0,0.0,0.0,0.0,,,,,,,0.0,0.0,0.0,0.0,0.0,0.0,0.0,0.0,0.0,0.0,0.0,0.0,0.0,0.0,0.0,0.0,0.0,0.0,0.0,0.0,0.0,0.0,0.0,0.0,0.0,0.0,0.0,0.0,0.0,0.0,0.0,0.0,0.0,0.0,0.0,0.0,0.0,0.0,0.0,0.0,0.0,0.0,0.0,0.0,0.0,0.0,0.0,0.0,,,,,,,,,,,,,,,,,,,,,,,,,,,
apache/bifromq.git,16,0.0,0.0,0.0,0.0,0.0,0.0,0.0,0.0,0.0,0.0,0.0,0.0,,,,0.0,0.0,0.0,0.0625,0.0,0.24999999999999997,0.0,0.0,0.0,0.0,0.0,0.0,0.0,0.0,0.0,0.0,0.0,0.0,0.0,0.0,0.0,0.0,0.0,0.0,0.0,0.0,0.0,0.0,0.0,0.0,0.0,0.0,0.0,0.0,0.0,0.0,0.0,0.0,0.0,0.0,0.0,0.0,0.0,0.0,0.0,0.0,0.0,0.0,0.0,0.0,0.0,0.0,0.0,0.0,0.0,0.0,0.0,0.0,0.0,0.0,0.0,0.0,0.0,0.0,0.0,0.0,0.0,0.0,0.0,0.0,0.0,0.0,0.0,0.0,0.0,0.0,0.0,0.0
apache/causeway-antora,10,0.0,0.0,0.0,0.0,0.0,0.0,0.0,0.0,0.0,0.0,0.0,0.0,,,,,,,0.0,0.0,0.0,0.0,0.0,0.0,0.0,0.0,0.0,0.0,0.0,0.0,0.0,0.0,0.0,0.0,0.0,0.0,0.0,0.0,0.0,0.0,0.0,0.0,0.0,0.0,0.0,0.0,0.0,0.0,0.0,0.0,0.0,0.0,0.0,0.0,0.0,0.0,0.0,0.0,0.0,0.0,0.0,0.0,0.0,0.0,0.0,0.0,,,,,,,,,,,,,,,,,,,,,,,,,,,
apache/causeway-app-simpleapp,4,0.0,0.0,0.0,0.0,0.0,0.0,0.0,0.0,0.0,0.0,0.0,0.0,,,,0.0,0.0,0.0,1.5,0.0,3.0,0.0,0.0,0.0,0.0,0.0,0.0,0.0,0.0,0.0,0.0,0.0,0.0,0.0,0.0,0.0,0.0,0.0,0.0,0.0,0.0,0.0,0.0,0.0,0.0,0.0,0.0,0.0,0.0,0.0,0.0,0.0,0.0,0.0,0.0,0.0,0.0,0.0,0.0,0.0,0.0,0.0,0.0,0.0,0.0,0.0,0.0,0.0,0.0,0.0,0.0,0.0,0.0,0.0,0.0,0.0,0.0,0.0,0.0,0.0,0.0,0.0,0.0,0.0,0.0,0.0,0.0,0.0,0.0,0.0,0.0,0.0,0.0
apache/cayenne,37,0.0,0.0,0.0,0.0,0.0,0.0,0.0,0.0,0.0,0.0,0.0,0.0,,,,0.0,0.0,,0.0,0.0,0.0,0.0,0.0,0.0,0.0,0.0,0.0,0.0,0.0,0.0,0.0,0.0,0.0,0.0,0.0,0.0,0.0,0.0,0.0,0.0,0.0,0.0,0.0,0.0,0.0,0.0,0.0,0.0,0.0,0.0,0.0,0.0,0.0,0.0,0.0,0.0,0.0,0.0,0.0,0.0,0.0,0.0,0.0,0.0,0.0,0.0,0.0,0.0,,0.0,0.0,,0.0,0.0,,0.0,0.0,,0.0,0.0,,0.0,0.0,,0.0,0.0,,0.0,0.0,,0.0,0.0,
apache/cayenne-examples,6,0.0,0.0,0.0,0.0,0.0,0.0,0.0,0.0,0.0,0.0,0.0,0.0,,,,0.0,0.0,0.0,0.0,0.0,0.0,0.0,0.0,0.0,0.0,0.0,0.0,0.0,0.0,0.0,0.0,0.0,0.0,0.0,0.0,0.0,0.0,0.0,0.0,0.0,0.0,0.0,0.0,0.0,0.0,0.0,0.0,0.0,0.0,0.0,0.0,0.0,0.0,0.0,0.0,0.0,0.0,0.0,0.0,0.0,0.0,0.0,0.0,0.0,0.0,0.0,0.0,0.0,0.0,0.0,0.0,0.0,0.0,0.0,0.0,0.0,0.0,0.0,0.0,0.0,0.0,0.0,0.0,0.0,0.0,0.0,0.0,0.0,0.0,0.0,0.0,0.0,0.0
apache/cayenne-website,7,0.14285714285714285,0.0,0.37796447300922725,0.0,0.0,0.0,1.0,0.0,1.5275252316519468,0.0,0.0,0.0,,,,0.0,0.0,0.0,33.42857142857143,22.0,52.62400321417702,0.14285714285714285,0.0,0.37796447300922725,0.0,0.0,0.0,0.14285714285714285,0.0,0.37796447300922725,1.0,0.0,1.5275252316519468,0.0,0.0,0.0,1.8571428571428572,2.0,2.0354009783964297,9.285714285714286,10.0,10.177004891982149,0.0,0.0,0.0,0.0,0.0,0.0,1.4285714285714286,1.0,1.618347187425374,0.42857142857142855,0.0,0.7867957924694432,0.0,0.0,0.0,1.5714285714285714,1.0,1.8126539343499313,0.2857142857142857,0.0,0.48795003647426666,0.0,0.0,0.0,-0.36602752083833845,-0.02628108335403967,0.7357066040650198,0.0,0.0,0.0,-0.9835715525100698,-0.16528925619835633,4.135370704287123,0.0,0.0,0.0,-1.4901974335936599,0.0,3.2627657495660003,0.0,0.0,0.0,-1.507951634460565,-0.02628108335403967,3.2533301511186634,-0.9710735683139718,-0.16528925619835633,4.133278497321063,0.0,0.0,0.0
apache/celix,45,0.0,0.0,0.0,0.0,0.0,0.0,0.022222222222222223,0.0,0.14907119849998596,0.0,0.0,0.0,0.0,0.0,0.0,-0.4875,0.0,1.3788582233137676,-0.17777777777777778,0.0,1.9103651351233744,-0.13333333333333333,0.0,0.8944271909999161,-0.06666666666666667,0.0,0.44721359549995804,0.0,0.0,0.0,0.022222222222222223,0.0,0.14907119849998596,0.0,0.0,0.0,0.022222222222222223,0.0,0.14907119849998596,0.1111111111111111,0.0,0.74535599249993,0.0,0.0,0.0,0.0,0.0,0.0,0.022222222222222223,0.0,0.14907119849998596,0.0,0.0,0.0,0.0,0.0,0.0,0.022222222222222223,0.0,0.14907119849998596,0.0,0.0,0.0,0.0,0.0,0.0,0.0,0.0,0.0,0.0,0.0,0.0,0.2497515977349909,0.0,0.7654395089746517,0.0,0.0,0.0,-0.9475774935950412,0.0,1.8558176930690748,0.026466615607994015,0.0,2.0265615653673374,0.0,0.0,0.0,0.2497515977349909,0.0,0.7654395089746517,0.0,0.0,0.0
apache/celix-site,13,0.0,0.0,0.0,0.0,0.0,0.0,0.3076923076923077,0.0,1.4366984945013912,0.0,0.0,0.0,,,,-0.025000000000000355,0.0,0.05000000000000071,2.1538461538461537,0.0,6.986250232255664,0.07692307692307693,0.0,0.2773500981126146,0.0,0.0,0.0,0.0,0.0,0.0,0.3076923076923077,0.0,1.4366984945013912,0.0,0.0,0.0,0.46153846153846156,0.0,1.39136531360295,1.8461538461538463,0.0,5.336137083542642,0.0,0.0,0.0,0.0,0.0,0.0,0.07692307692307693,0.0,0.2773500981126145,0.38461538461538464,0.0,1.3867504905630725,0.0,0.0,0.0,0.46153846153846156,0.0,1.39136531360295,0.0,0.0,0.0,0.0,0.0,0.0,-0.042951073767486636,0.0,0.09868556325244983,0.0,0.0,0.0,5.015529180386273,0.7837402671176172,11.830275987366981,0.0,0.0,0.0,0.7459287132385564,0.08501666326599988,1.380830243407486,0.0,0.0,0.0,-0.042951073767486636,0.0,0.09868556325244983,5.015529180386273,0.7837402671176172,11.830275987366981,0.0,0.0,0.0
apache/chukwa,1,0.0,0.0,,0.0,0.0,,0.0,0.0,,0.0,0.0,,,,,,,,0.0,0.0,,0.0,0.0,,0.0,0.0,,0.0,0.0,,0.0,0.0,,0.0,0.0,,0.0,0.0,,0.0,0.0,,0.0,0.0,,0.0,0.0,,0.0,0.0,,0.0,0.0,,0.0,0.0,,0.0,0.0,,0.0,0.0,,0.0,0.0,,,,,,,,,,,,,,,,,,,,,,,,,,,,
apache/clerezza,1,0.0,0.0,,0.0,0.0,,0.0,0.0,,0.0,0.0,,,,,,,,0.0,0.0,,0.0,0.0,,0.0,0.0,,0.0,0.0,,0.0,0.0,,0.0,0.0,,0.0,0.0,,0.0,0.0,,0.0,0.0,,0.0,0.0,,0.0,0.0,,0.0,0.0,,0.0,0.0,,0.0,0.0,,0.0,0.0,,0.0,0.0,,,,,,,,,,,,,,,,,,,,,,,,,,,,
apache/climate,56,0.0,0.0,0.0,0.0,0.0,0.0,-0.07142857142857142,0.0,0.37451267035941554,-0.14285714285714285,0.0,0.7490253407188311,0.0,0.0,,0.0,0.0,,-1.5714285714285714,0.0,8.544763718967715,0.0,0.0,0.19069251784911845,0.0,0.0,0.19069251784911845,0.0,0.0,0.0,-0.07142857142857142,0.0,0.37451267035941554,0.0,0.0,0.0,0.0,0.0,0.0,0.0,0.0,0.0,0.0,0.0,0.0,0.0,0.0,0.0,0.0,0.0,0.0,0.0,0.0,0.0,0.0,0.0,0.0,0.0,0.0,0.0,0.0,0.0,0.0,0.0,0.0,0.0,0.0,0.0,,0.0,0.0,,-2.901353965183759,-2.901353965183759,,-5.802707930367518,-5.802707930367518,,21.27659574468085,21.27659574468085,,21.27659574468085,21.27659574468085,,0.0,0.0,,-2.901353965183759,-2.901353965183759,,0.0,0.0,
apache/cloudberry,9,0.0,0.0,0.0,0.0,0.0,0.0,0.0,0.0,0.0,0.0,0.0,0.0,,,,,,,0.0,0.0,0.0,0.0,0.0,0.0,0.0,0.0,0.0,0.0,0.0,0.0,0.0,0.0,0.0,0.0,0.0,0.0,0.0,0.0,0.0,0.0,0.0,0.0,0.0,0.0,0.0,0.0,0.0,0.0,0.0,0.0,0.0,0.0,0.0,0.0,0.0,0.0,0.0,0.0,0.0,0.0,0.0,0.0,0.0,0.0,0.0,0.0,,,,,,,,,,,,,,,,,,,,,,,,,,,
apache/cloudberry-backup,34,0.0,0.0,0.0,0.0,0.0,0.0,0.4117647058823529,0.0,1.1313078261483283,0.0,0.0,0.0,0.0,0.0,0.0,-0.3999999999999999,0.0,2.1128856368212916,7.088235294117647,3.0,10.9443984484075,1.411764705882353,1.0,3.3131295016153763,3.588235294117647,2.5,5.980360012771216,0.0,0.0,0.0,0.4117647058823529,0.0,1.1313078261483283,0.0,0.0,0.0,0.4117647058823529,0.0,1.1313078261483283,0.7941176470588235,0.0,2.306504790668364,0.0,0.0,0.0,0.08823529411764706,0.0,0.2879022412812366,0.0,0.0,0.0,0.0,0.0,0.0,0.3235294117647059,0.0,0.9760957552162384,0.4117647058823529,0.0,1.1313078261483283,0.0,0.0,0.0,0.0,0.0,0.0,0.0,0.0,0.0,0.0,0.0,0.0,0.1934998954114813,-0.012626171528344443,0.9094069674119736,0.0,0.0,0.0,0.8394214243969151,0.4837051816917608,2.974867801701138,4.813308231103654,2.710833767421093,7.391352861835646,0.0,0.0,0.0,0.1934998954114813,-0.012626171528344443,0.9094069674119736,0.0,0.0,0.0
apache/cloudberry-bootcamp,11,0.0,0.0,0.0,0.0,0.0,0.0,0.09090909090909091,0.0,0.30151134457776363,0.0,0.0,0.0,,,,0.0,0.0,0.0,0.8181818181818182,0.0,1.6624188291872668,0.0,0.0,0.0,0.0,0.0,0.0,0.0,0.0,0.0,0.09090909090909091,0.0,0.30151134457776363,0.0,0.0,0.0,0.2727272727272727,0.0,0.6466697906828632,0.8181818181818182,0.0,1.8340219092574557,0.0,0.0,0.0,0.0,0.0,0.0,0.0,0.0,0.0,0.2727272727272727,0.0,0.6466697906828632,0.0,0.0,0.0,0.2727272727272727,0.0,0.6466697906828632,0.0,0.0,0.0,0.0,0.0,0.0,0.0,0.0,0.0,0.0,0.0,0.0,3.0487636481633253,-1.7704918032786878,9.043192263505556,-0.36025246492420965,-0.39344262295081833,0.06541090781777664,0.0,0.0,0.0,0.0,0.0,0.0,0.0,0.0,0.0,3.0487636481633253,-1.7704918032786878,9.043192263505556,0.0,0.0,0.0
apache/cloudberry-devops-release,12,0.0,0.0,0.0,0.0,0.0,0.0,0.0,0.0,0.0,0.0,0.0,0.0,,,,0.0,0.0,0.0,0.3333333333333333,0.0,1.1547005383792515,0.0,0.0,0.0,0.0,0.0,0.0,0.0,0.0,0.0,0.0,0.0,0.0,0.0,0.0,0.0,0.0,0.0,0.0,0.0,0.0,0.0,0.0,0.0,0.0,0.0,0.0,0.0,0.0,0.0,0.0,0.0,0.0,0.0,0.0,0.0,0.0,0.0,0.0,0.0,0.0,0.0,0.0,0.0,0.0,0.0,0.0,0.0,0.0,0.0,0.0,0.0,-2.0833333333333357,-2.0833333333333357,2.9462782549439512,0.0,0.0,0.0,0.0,0.0,0.0,0.0,0.0,0.0,0.0,0.0,0.0,-2.0833333333333357,-2.0833333333333357,2.9462782549439512,0.0,0.0,0.0
apache/cloudberry-go-libs,6,0.0,0.0,0.0,0.0,0.0,0.0,0.0,0.0,0.0,0.0,0.0,0.0,0.0,0.0,0.0,0.0,0.0,0.0,19.166666666666668,0.0,38.00219291918121,2.6666666666666665,0.5,5.125101625008685,2.0,0.5,2.756809750418044,0.0,0.0,0.0,0.0,0.0,0.0,0.0,0.0,0.0,0.0,0.0,0.0,0.0,0.0,0.0,0.0,0.0,0.0,0.0,0.0,0.0,0.0,0.0,0.0,0.0,0.0,0.0,0.0,0.0,0.0,0.0,0.0,0.0,0.0,0.0,0.0,0.0,0.0,0.0,0.0,0.0,0.0,0.0,0.0,0.0,-0.06042478624731871,0.0,0.13511392957489904,0.0,0.0,0.0,5.525986225483895,0.0,15.374936357698491,5.076447646694367,1.9801980198020033,8.03572773233501,0.0,0.0,0.0,-0.06042478624731871,0.0,0.13511392957489904,0.0,0.0,0.0
apache/cloudberry-site,20,-1.1,0.0,4.919349550499537,0.0,0.0,0.0,-7.0,0.0,31.30495168499706,0.0,0.0,0.0,0.0,0.0,,0.0,0.0,0.0,-330.6,0.0,1515.1262723128498,-17.35,0.0,77.5915588192427,-4.9,0.0,21.91346617949794,-2.4,0.0,10.73312629199899,-7.0,0.0,31.30495168499706,0.0,0.0,0.0,0.0,0.0,0.0,0.0,0.0,0.0,0.0,0.0,0.0,0.0,0.0,0.0,0.0,0.0,0.0,0.0,0.0,0.0,0.0,0.0,0.0,0.0,0.0,0.0,0.0,0.0,0.0,0.0,0.0,0.0,0.0,0.0,0.0,0.0,0.0,0.0,-0.44878660051435615,-0.44878660051435615,0.6346800970587186,0.0,0.0,0.0,0.0,0.0,0.0,0.0,0.0,0.0,0.0,0.0,0.0,-0.44878660051435615,-0.44878660051435615,0.6346800970587186,0.0,0.0,0.0
apache/cloudstack-cloudmonkey,60,0.0,0.0,0.0,0.0,0.0,0.0,0.0,0.0,0.31889640207164033,0.0,0.0,0.0,0.0,0.0,0.0,-0.03863636363636363,0.0,0.11455862537118043,9.85,3.0,19.576728661468085,3.3833333333333333,1.0,6.899009181296675,5.35,0.0,11.821877163167319,0.0,0.0,0.0,0.0,0.0,0.31889640207164033,0.0,0.0,0.0,0.08333333333333333,0.0,0.27871780678530217,5.166666666666667,0.0,13.867614591676423,0.0,0.0,0.0,0.08333333333333333,0.0,0.27871780678530217,0.0,0.0,0.0,0.0,0.0,0.0,0.0,0.0,0.0,0.08333333333333333,0.0,0.27871780678530217,0.0,0.0,0.0,0.0,0.0,0.0,0.0,0.0,0.0,0.0,0.0,0.0,-0.23068630147283023,-0.07149240393208167,0.9297335815689945,0.0,0.0,0.0,3.371229925846963,0.489175506351728,9.543406843493269,4.159633828100682,1.491155495273233,16.768046082168112,0.0,0.0,0.0,-0.23068630147283023,-0.07149240393208167,0.9297335815689945,0.0,0.0,0.0
apache/cloudstack-csbench,8,0.0,0.0,0.0,0.0,0.0,0.0,0.0,0.0,0.0,0.0,0.0,0.0,0.0,0.0,0.0,0.0,0.0,0.0,4.5,2.5,8.106434833777776,0.75,0.0,1.9086270308410556,2.625,0.0,7.463003991117019,0.0,0.0,0.0,0.0,0.0,0.0,0.0,0.0,0.0,0.0,0.0,0.0,1.875,0.0,7.529703086538576,0.0,0.0,0.0,0.0,0.0,0.0,0.0,0.0,0.0,0.0,0.0,0.0,0.0,0.0,0.0,0.0,0.0,0.0,0.0,0.0,0.0,0.0,0.0,0.0,0.0,0.0,0.0,0.0,0.0,0.0,-0.395305853498719,-0.08933889219773583,0.6133966758109132,0.0,0.0,0.0,0.2789415049496102,0.0,1.3315154374962577,4.79607284545412,0.0,10.472379584683537,0.0,0.0,0.0,-0.395305853498719,-0.08933889219773583,0.6133966758109132,0.0,0.0,0.0
apache/cloudstack-docs,4,0.0,0.0,0.0,0.0,0.0,0.0,0.0,0.0,0.0,0.0,0.0,0.0,,,,,,,0.0,0.0,0.0,0.0,0.0,0.0,0.0,0.0,0.0,0.0,0.0,0.0,0.0,0.0,0.0,0.0,0.0,0.0,0.0,0.0,0.0,0.0,0.0,0.0,0.0,0.0,0.0,0.0,0.0,0.0,0.0,0.0,0.0,0.0,0.0,0.0,0.0,0.0,0.0,0.0,0.0,0.0,0.0,0.0,0.0,0.0,0.0,0.0,,,,,,,,,,,,,,,,,,,,,,,,,,,
apache/cloudstack-docs-admin,8,0.0,0.0,0.0,0.0,0.0,0.0,0.0,0.0,0.0,0.0,0.0,0.0,,,,,,,0.0,0.0,0.0,0.0,0.0,0.0,0.0,0.0,0.0,0.0,0.0,0.0,0.0,0.0,0.0,0.0,0.0,0.0,0.0,0.0,0.0,0.0,0.0,0.0,0.0,0.0,0.0,0.0,0.0,0.0,0.0,0.0,0.0,0.0,0.0,0.0,0.0,0.0,0.0,0.0,0.0,0.0,0.0,0.0,0.0,0.0,0.0,0.0,,,,,,,,,,,,,,,,,,,,,,,,,,,
apache/cloudstack-docs-install,4,0.0,0.0,0.0,0.0,0.0,0.0,0.0,0.0,0.0,0.0,0.0,0.0,0.0,0.0,,0.0,0.0,,0.0,0.0,0.0,0.0,0.0,0.0,0.0,0.0,0.0,0.0,0.0,0.0,0.0,0.0,0.0,0.0,0.0,0.0,0.0,0.0,0.0,0.0,0.0,0.0,0.0,0.0,0.0,0.0,0.0,0.0,0.0,0.0,0.0,0.0,0.0,0.0,0.0,0.0,0.0,0.0,0.0,0.0,0.0,0.0,0.0,0.0,0.0,0.0,0.0,0.0,,0.0,0.0,,0.0,0.0,,0.0,0.0,,0.0,0.0,,0.0,0.0,,0.0,0.0,,0.0,0.0,,0.0,0.0,
apache/cloudstack-docs-rn,2,0.0,0.0,0.0,0.0,0.0,0.0,0.0,0.0,0.0,0.0,0.0,0.0,,,,,,,0.0,0.0,0.0,0.0,0.0,0.0,0.0,0.0,0.0,0.0,0.0,0.0,0.0,0.0,0.0,0.0,0.0,0.0,0.0,0.0,0.0,0.0,0.0,0.0,0.0,0.0,0.0,0.0,0.0,0.0,0.0,0.0,0.0,0.0,0.0,0.0,0.0,0.0,0.0,0.0,0.0,0.0,0.0,0.0,0.0,0.0,0.0,0.0,,,,,,,,,,,,,,,,,,,,,,,,,,,
apache/cloudstack-documentation,32,0.0,0.0,0.0,0.0,0.0,0.0,0.0,0.0,0.0,0.0,0.0,0.0,,,,,,,0.0,0.0,0.0,0.0,0.0,0.0,0.0,0.0,0.0,0.0,0.0,0.0,0.0,0.0,0.0,0.0,0.0,0.0,0.0,0.0,0.0,0.0,0.0,0.0,0.0,0.0,0.0,0.0,0.0,0.0,0.0,0.0,0.0,0.0,0.0,0.0,0.0,0.0,0.0,0.0,0.0,0.0,0.0,0.0,0.0,0.0,0.0,0.0,,,,,,,,,,,,,,,,,,,,,,,,,,,
apache/cloudstack-gcestack,2,0.0,0.0,0.0,0.0,0.0,0.0,0.0,0.0,0.0,0.0,0.0,0.0,,,,,,,0.0,0.0,0.0,0.0,0.0,0.0,0.0,0.0,0.0,0.0,0.0,0.0,0.0,0.0,0.0,0.0,0.0,0.0,0.0,0.0,0.0,0.0,0.0,0.0,0.0,0.0,0.0,0.0,0.0,0.0,0.0,0.0,0.0,0.0,0.0,0.0,0.0,0.0,0.0,0.0,0.0,0.0,0.0,0.0,0.0,0.0,0.0,0.0,,,,,,,,,,,,,,,,,,,,,,,,,,,
apache/cloudstack-go,40,0.0,0.0,0.0,0.0,0.0,0.0,0.325,0.0,0.8589647913741942,0.0,0.0,0.0,0.0,0.0,0.0,0.206666666666667,-0.09999999999999787,2.7851742139943148,121.1,7.5,370.2180092310129,38.325,1.0,120.05071310887212,27.775,0.0,81.03639179326653,0.0,0.0,0.0,0.325,0.0,0.8589647913741942,0.0,0.0,0.0,0.45,0.0,1.131144190405087,10.725,0.0,28.685730840369988,0.0,0.0,0.0,0.45,0.0,1.131144190405087,0.0,0.0,0.0,0.0,0.0,0.0,0.0,0.0,0.0,0.45,0.0,1.131144190405087,0.0,0.0,0.0,0.0,0.0,0.0,0.0,0.0,0.0,0.0,0.0,0.0,-0.03912119215235159,-0.01290119731062056,0.2698778381036684,0.0,0.0,0.0,2.7553606131901947,0.13307522622584145,8.203387865128448,2.0340686884933126,-0.009542488598597743,5.9578088637001265,0.0,0.0,0.0,-0.03912119215235159,-0.01290119731062056,0.2698778381036684,0.0,0.0,0.0
apache/cloudstack-installer,1,0.0,0.0,,0.0,0.0,,0.0,0.0,,0.0,0.0,,,,,,,,0.0,0.0,,0.0,0.0,,0.0,0.0,,0.0,0.0,,0.0,0.0,,0.0,0.0,,0.0,0.0,,0.0,0.0,,0.0,0.0,,0.0,0.0,,0.0,0.0,,0.0,0.0,,0.0,0.0,,0.0,0.0,,0.0,0.0,,0.0,0.0,,,,,,,,,,,,,,,,,,,,,,,,,,,,
apache/cloudstack-kubernetes-provider,29,0.0,0.0,0.0,0.13793103448275862,0.0,0.5157614295551275,0.034482758620689655,0.0,0.9056473068115286,0.06896551724137931,0.0,0.25788071477756375,0.0,0.0,0.0,0.0,0.0,0.0,19.310344827586206,1.0,31.648858530844656,3.103448275862069,0.0,7.011953200409217,4.379310344827586,0.0,11.577113485245203,0.20689655172413793,0.0,0.7736421443326913,0.1724137931034483,0.0,1.390502620258521,0.13793103448275862,0.0,0.5157614295551275,0.3448275862068966,0.0,1.2894035738878187,7.551724137931035,0.0,21.200717991373633,0.0,0.0,0.0,0.0,0.0,0.0,0.3448275862068966,0.0,1.2894035738878187,0.0,0.0,0.0,0.0,0.0,0.0,0.20689655172413793,0.0,0.7736421443326913,0.0,0.0,0.0,0.13793103448275862,0.0,0.5157614295551275,0.0,0.0,0.0,-0.04821458438779515,0.0,0.10683316436947062,-7.7066344951253765,-0.13842746400885808,31.01770859474615,-4.121697758858145,0.0,18.696109800689975,0.7212199901733595,0.0,2.1013721884927063,1.6845445134428851,0.0,5.15723265587534,-0.04821458438779515,0.0,0.10683316436947062,-7.754849079513171,-0.1843805122090636,31.011706191780007,-0.04821458438779515,0.0,0.10683316436947062
apache/cloudstack-primate,73,0.0136986301369863,0.0,0.11704114719613058,0.0,0.0,0.0,0.0273972602739726,0.0,0.8971034057163896,0.0,0.0,0.0,0.0,0.0,0.0,-0.2414285714285716,0.0,1.981764172134124,12.575342465753424,2.0,40.64135749599415,1.9863013698630136,0.0,5.329407801906877,0.7808219178082192,0.0,3.6524214773765946,0.0136986301369863,0.0,0.11704114719613058,0.0273972602739726,0.0,0.8971034057163896,0.0,0.0,0.0,0.2328767123287671,0.0,0.7731707434182503,1.356164383561644,0.0,4.0803385719192,0.0136986301369863,0.0,0.11704114719613058,0.0547945205479452,0.0,0.2833534776615454,0.0684931506849315,0.0,0.4809933911329203,0.0958904109589041,0.0,0.4461061022784899,0.0,0.0,0.0,0.2191780821917808,0.0,0.7682334595693072,0.0136986301369863,0.0,0.11704114719613058,0.0,0.0,0.0,0.04814582943883385,0.0,0.43893104464408844,0.0,0.0,0.0,-0.16327337798343958,-0.0476934090616723,2.237811553355052,0.0,0.0,0.0,0.25333739164885166,0.0,7.021275352908664,0.3720827583966894,0.0,6.9390943697060745,0.03633947885859406,0.0,0.4460254947192966,-0.16285071746225688,-0.0382785932340739,2.2378342939753804,0.0,0.0,0.0
apache/cloudstack-terraform-provider,16,0.0,0.0,0.0,0.0,0.0,0.0,0.375,0.0,0.7187952884282609,0.0,0.0,0.0,0.0,0.0,0.0,0.14444444444444413,0.0,1.5257056655127745,33.625,2.0,62.427424529074834,5.3125,0.5,10.460839673117386,7.3125,0.5,17.575432664185918,0.0,0.0,0.0,0.375,0.0,0.7187952884282609,0.0,0.0,0.0,0.375,0.0,0.7187952884282609,8.9375,0.0,24.78297466676132,0.0,0.0,0.0,0.25,0.0,0.5773502691896257,0.0,0.0,0.0,0.125,0.0,0.49999999999999994,0.0,0.0,0.0,0.375,0.0,0.7187952884282609,0.0,0.0,0.0,0.0,0.0,0.0,0.0,0.0,0.0,0.0,0.0,0.0,0.7415203258690072,0.0,1.3533654314089225,0.0,0.0,0.0,3.3473165471865607,0.0,7.98636799187513,3.1590478324786377,0.0,16.24434877393941,0.0,0.0,0.0,0.7415203258690072,0.0,1.3533654314089225,0.0,0.0,0.0
apache/cloudstack-www,16,0.0625,0.0,0.25,0.0,0.0,0.0,0.0,0.0,0.0,0.1875,0.0,0.5439056290693574,0.0,0.0,0.0,0.0,0.0,0.0,3.625,0.0,17.805897899291683,0.0,0.0,0.0,0.0,0.0,0.0,0.0625,0.0,0.25,0.0,0.0,0.0,0.0,0.0,0.0,0.0625,0.0,0.25,0.3125,0.0,1.25,0.0,0.0,0.0,0.0,0.0,0.0,0.0625,0.0,0.25,0.0,0.0,0.0,0.0,0.0,0.0,0.0,0.0,0.0,0.0625,0.0,0.25,0.0,0.0,0.0,0.9504197687311897,0.0,2.688193053774298,0.0,0.0,0.0,-0.019080294058271052,-0.03092145949288927,0.9892973851562484,1.4976798616933404,0.0,3.4988027391757175,0.05335013907138189,-0.004094512261699407,0.8345201220393215,0.0,0.0,0.0,0.8368934591421503,0.0,2.382054253249799,-0.017924282952789916,-0.02834467120181472,0.9891968830040094,0.0,0.0,0.0
apache/comdev-events-site,6,-0.5,0.0,0.8366600265340756,0.0,0.0,0.0,0.0,0.0,0.0,0.0,0.0,0.0,0.0,0.0,,0.0,0.0,0.0,0.8333333333333334,0.0,2.0412414523193148,0.0,0.0,0.0,0.0,0.0,0.0,-0.5,0.0,0.8366600265340756,0.0,0.0,0.0,0.0,0.0,0.0,0.0,0.0,0.0,0.0,0.0,0.0,0.0,0.0,0.0,0.0,0.0,0.0,0.0,0.0,0.0,0.0,0.0,0.0,0.0,0.0,0.0,0.0,0.0,0.0,0.0,0.0,0.0,0.0,0.0,0.0,-31.746031746031743,-11.904761904761903,45.070701157145024,0.0,0.0,0.0,-0.17203413157170408,0.0,0.29797185651818053,0.0,0.0,0.0,0.0,0.0,0.0,0.0,0.0,0.0,-31.746031746031743,-11.904761904761903,45.070701157145024,-0.17203413157170408,0.0,0.29797185651818053,0.0,0.0,0.0
apache/comdev-site,39,0.05128205128205128,0.0,0.32025630761017426,0.0,0.0,0.0,0.0,0.0,0.0,0.0,0.0,0.0,,,,0.0,0.0,0.0,1.8205128205128205,0.0,4.248044719705854,0.07692307692307693,0.0,0.2699527623995085,0.0,0.0,0.0,0.05128205128205128,0.0,0.32025630761017426,0.0,0.0,0.0,0.0,0.0,0.0,0.1282051282051282,0.0,0.5702948073947637,0.6410256410256411,0.0,2.8514740369738183,0.05128205128205128,0.0,0.32025630761017426,0.02564102564102564,0.0,0.1601281538050871,0.02564102564102564,0.0,0.1601281538050871,0.02564102564102564,0.0,0.1601281538050871,0.0,0.0,0.0,0.02564102564102564,0.0,0.1601281538050871,0.10256410256410256,0.0,0.4469117300619179,0.0,0.0,0.0,-0.11665349312941485,0.0,2.3697804301248886,0.0,0.0,0.0,-0.5231418453351664,0.0,0.8293372186962523,0.0,0.0,0.0,-1.520676526902822,-0.08735150244584222,12.656804652874076,0.0,0.0,0.0,-0.11665349312941485,0.0,2.3697804301248886,-0.6774210096591352,0.0,0.9818491237592233,0.0,0.0,0.0
apache/comdev-working-groups,18,0.0,0.0,0.0,0.0,0.0,0.0,0.0,0.0,0.0,0.0,0.0,0.0,,,,,,,0.0,0.0,0.0,0.0,0.0,0.0,0.0,0.0,0.0,0.0,0.0,0.0,0.0,0.0,0.0,0.0,0.0,0.0,0.0,0.0,0.0,0.0,0.0,0.0,0.0,0.0,0.0,0.0,0.0,0.0,0.0,0.0,0.0,0.0,0.0,0.0,0.0,0.0,0.0,0.0,0.0,0.0,0.0,0.0,0.0,0.0,0.0,0.0,,,,,,,,,,,,,,,,,,,,,,,,,,,
apache/commons-bcel,75,-0.013333333333333334,0.0,0.11547005383792516,0.0,0.0,0.0,-0.21333333333333335,0.0,1.8475208614068026,0.0,0.0,0.0,,,,0.0,0.0,0.0,-78.21333333333334,0.0,677.4643761120586,-0.013333333333333334,0.0,0.11547005383792516,0.0,0.0,0.0,-0.05333333333333334,0.0,0.46188021535170065,-0.21333333333333335,0.0,1.8475208614068026,0.0,0.0,0.0,0.0,0.0,0.0,0.0,0.0,0.0,0.0,0.0,0.0,0.0,0.0,0.0,0.0,0.0,0.0,0.0,0.0,0.0,0.0,0.0,0.0,0.0,0.0,0.0,0.0,0.0,0.0,0.0,0.0,0.0,-0.05598477214197738,0.0,0.0969684698000715,0.0,0.0,0.0,-0.8957563542716381,0.0,1.551495516801144,0.0,0.0,0.0,-0.05598477214197738,0.0,0.0969684698000715,0.0,0.0,0.0,-0.22393908856790953,0.0,0.387873879200286,-0.8957563542716381,0.0,1.551495516801144,0.0,0.0,0.0
apache/commons-beanutils,80,0.0,0.0,0.0,0.0,0.0,0.0,0.0,0.0,0.0,0.0,0.0,0.0,,,,,,,0.0,0.0,0.0,0.0,0.0,0.0,0.0,0.0,0.0,0.0,0.0,0.0,0.0,0.0,0.0,0.0,0.0,0.0,0.0,0.0,0.0,0.0,0.0,0.0,0.0,0.0,0.0,0.0,0.0,0.0,0.0,0.0,0.0,0.0,0.0,0.0,0.0,0.0,0.0,0.0,0.0,0.0,0.0,0.0,0.0,0.0,0.0,0.0,,,,,,,,,,,,,,,,,,,,,,,,,,,
apache/commons-bsf,94,0.0,0.0,0.0,0.0,0.0,0.0,0.0,0.0,0.0,0.0,0.0,0.0,,,,,,,0.0,0.0,0.0,0.0,0.0,0.0,0.0,0.0,0.0,0.0,0.0,0.0,0.0,0.0,0.0,0.0,0.0,0.0,0.0,0.0,0.0,0.0,0.0,0.0,0.0,0.0,0.0,0.0,0.0,0.0,0.0,0.0,0.0,0.0,0.0,0.0,0.0,0.0,0.0,0.0,0.0,0.0,0.0,0.0,0.0,0.0,0.0,0.0,,,,,,,,,,,,,,,,,,,,,,,,,,,
apache/commons-build-plugin,87,0.0,0.0,0.0,0.0,0.0,0.0,0.0,0.0,0.0,0.0,0.0,0.0,,,,0.0,0.0,,0.011494252873563218,0.0,0.10721125348377948,0.0,0.0,0.0,0.0,0.0,0.0,0.0,0.0,0.0,0.0,0.0,0.0,0.0,0.0,0.0,0.0,0.0,0.0,0.0,0.0,0.0,0.0,0.0,0.0,0.0,0.0,0.0,0.0,0.0,0.0,0.0,0.0,0.0,0.0,0.0,0.0,0.0,0.0,0.0,0.0,0.0,0.0,0.0,0.0,0.0,0.0,0.0,,0.0,0.0,,0.0,0.0,,0.0,0.0,,0.0,0.0,,0.0,0.0,,0.0,0.0,,0.0,0.0,,0.0,0.0,
apache/commons-chain,1,0.0,0.0,,0.0,0.0,,-8.0,-8.0,,0.0,0.0,,,,,,,,-1852.0,-1852.0,,0.0,0.0,,0.0,0.0,,0.0,0.0,,-8.0,-8.0,,0.0,0.0,,0.0,0.0,,0.0,0.0,,0.0,0.0,,0.0,0.0,,0.0,0.0,,0.0,0.0,,0.0,0.0,,0.0,0.0,,0.0,0.0,,0.0,0.0,,,,,,,,,,,,,,,,,,,,,,,,,,,,
apache/commons-cli,84,0.0,0.0,0.0,0.0,0.0,0.0,0.0,0.0,0.0,0.0,0.0,0.0,,,,,,,0.0,0.0,0.0,0.0,0.0,0.0,0.0,0.0,0.0,0.0,0.0,0.0,0.0,0.0,0.0,0.0,0.0,0.0,0.0,0.0,0.0,0.0,0.0,0.0,0.0,0.0,0.0,0.0,0.0,0.0,0.0,0.0,0.0,0.0,0.0,0.0,0.0,0.0,0.0,0.0,0.0,0.0,0.0,0.0,0.0,0.0,0.0,0.0,,,,,,,,,,,,,,,,,,,,,,,,,,,
apache/commons-codec,80,0.0,0.0,0.0,0.0,0.0,0.0,0.0,0.0,0.0,0.0,0.0,0.0,,,,,,,0.0,0.0,0.0,0.0,0.0,0.0,0.0,0.0,0.0,0.0,0.0,0.0,0.0,0.0,0.0,0.0,0.0,0.0,0.0,0.0,0.0,0.0,0.0,0.0,0.0,0.0,0.0,0.0,0.0,0.0,0.0,0.0,0.0,0.0,0.0,0.0,0.0,0.0,0.0,0.0,0.0,0.0,0.0,0.0,0.0,0.0,0.0,0.0,,,,,,,,,,,,,,,,,,,,,,,,,,,
apache/commons-collections,72,0.0,0.0,0.0,0.0,0.0,0.0,0.0,0.0,0.0,0.0,0.0,0.0,,,,0.0,0.0,,0.05555555555555555,0.0,0.4714045207910317,0.0,0.0,0.0,0.0,0.0,0.0,0.0,0.0,0.0,0.0,0.0,0.0,0.0,0.0,0.0,0.0,0.0,0.0,0.0,0.0,0.0,0.0,0.0,0.0,0.0,0.0,0.0,0.0,0.0,0.0,0.0,0.0,0.0,0.0,0.0,0.0,0.0,0.0,0.0,0.0,0.0,0.0,0.0,0.0,0.0,0.0,0.0,,0.0,0.0,,0.0,0.0,,0.0,0.0,,0.0,0.0,,0.0,0.0,,0.0,0.0,,0.0,0.0,,0.0,0.0,
apache/commons-compress,49,0.0,0.0,0.0,0.0,0.0,0.0,0.0,0.0,0.0,0.0,0.0,0.0,,,,0.0,0.0,0.0,0.04081632653061224,0.0,0.19991494790174605,0.0,0.0,0.0,0.0,0.0,0.0,0.0,0.0,0.0,0.0,0.0,0.0,0.0,0.0,0.0,0.0,0.0,0.0,0.0,0.0,0.0,0.0,0.0,0.0,0.0,0.0,0.0,0.0,0.0,0.0,0.0,0.0,0.0,0.0,0.0,0.0,0.0,0.0,0.0,0.0,0.0,0.0,0.0,0.0,0.0,0.0,0.0,0.0,0.0,0.0,0.0,0.0,0.0,0.0,0.0,0.0,0.0,0.0,0.0,0.0,0.0,0.0,0.0,0.0,0.0,0.0,0.0,0.0,0.0,0.0,0.0,0.0
apache/commons-configuration,73,0.0,0.0,0.0,0.0,0.0,0.0,-0.0273972602739726,0.0,0.23408229439226114,-0.0136986301369863,0.0,0.11704114719613057,,,,0.0,0.0,0.0,-281.972602739726,0.0,2410.0057801486855,0.0,0.0,0.0,0.0,0.0,0.0,0.0,0.0,0.0,-0.0273972602739726,0.0,0.23408229439226114,0.0,0.0,0.0,0.0,0.0,0.0,0.0,0.0,0.0,0.0,0.0,0.0,0.0,0.0,0.0,0.0,0.0,0.0,0.0,0.0,0.0,0.0,0.0,0.0,0.0,0.0,0.0,0.0,0.0,0.0,0.0,0.0,0.0,0.0,0.0,0.0,0.0,0.0,0.0,-0.04833019187086173,-0.04833019187086173,0.06834921281586656,-0.024165095935430866,-0.024165095935430866,0.03417460640793328,0.0,0.0,0.0,0.0,0.0,0.0,0.0,0.0,0.0,-0.04833019187086173,-0.04833019187086173,0.06834921281586656,0.0,0.0,0.0
apache/commons-crypto,73,0.0,0.0,0.0,0.0,0.0,0.0,0.0,0.0,0.0,0.0,0.0,0.0,,,,,,,0.0,0.0,0.0,0.0,0.0,0.0,0.0,0.0,0.0,0.0,0.0,0.0,0.0,0.0,0.0,0.0,0.0,0.0,0.0,0.0,0.0,0.0,0.0,0.0,0.0,0.0,0.0,0.0,0.0,0.0,0.0,0.0,0.0,0.0,0.0,0.0,0.0,0.0,0.0,0.0,0.0,0.0,0.0,0.0,0.0,0.0,0.0,0.0,,,,,,,,,,,,,,,,,,,,,,,,,,,
apache/commons-csv,82,0.0,0.0,0.0,0.0,0.0,0.0,0.0,0.0,0.0,0.0,0.0,0.0,,,,0.0,0.0,0.0,0.04878048780487805,0.0,0.5644277999381044,0.0,0.0,0.0,0.0,0.0,0.0,0.0,0.0,0.0,0.0,0.0,0.0,0.0,0.0,0.0,0.0,0.0,0.0,0.0,0.0,0.0,0.0,0.0,0.0,0.0,0.0,0.0,0.0,0.0,0.0,0.0,0.0,0.0,0.0,0.0,0.0,0.0,0.0,0.0,0.0,0.0,0.0,0.0,0.0,0.0,0.0,0.0,0.0,0.0,0.0,0.0,0.0,0.0,0.0,0.0,0.0,0.0,0.0,0.0,0.0,0.0,0.0,0.0,0.0,0.0,0.0,0.0,0.0,0.0,0.0,0.0,0.0
apache/commons-daemon,88,0.0,0.0,0.0,0.0,0.0,0.0,0.0,0.0,0.0,0.0,0.0,0.0,,,,0.0,0.0,0.0,0.14772727272727273,0.0,0.7036811700853637,0.0,0.0,0.0,0.0,0.0,0.0,0.0,0.0,0.0,0.0,0.0,0.0,0.0,0.0,0.0,0.0,0.0,0.0,0.0,0.0,0.0,0.0,0.0,0.0,0.0,0.0,0.0,0.0,0.0,0.0,0.0,0.0,0.0,0.0,0.0,0.0,0.0,0.0,0.0,0.0,0.0,0.0,0.0,0.0,0.0,0.0,0.0,0.0,0.0,0.0,0.0,0.0,0.0,0.0,0.0,0.0,0.0,0.0,0.0,0.0,0.0,0.0,0.0,0.0,0.0,0.0,0.0,0.0,0.0,0.0,0.0,0.0
apache/commons-dbcp,80,0.0,0.0,0.0,0.0,0.0,0.0,0.0,0.0,0.0,0.0,0.0,0.0,,,,0.0,0.0,,0.0125,0.0,0.11180339887498948,0.0,0.0,0.0,0.0,0.0,0.0,0.0,0.0,0.0,0.0,0.0,0.0,0.0,0.0,0.0,0.0,0.0,0.0,0.0,0.0,0.0,0.0,0.0,0.0,0.0,0.0,0.0,0.0,0.0,0.0,0.0,0.0,0.0,0.0,0.0,0.0,0.0,0.0,0.0,0.0,0.0,0.0,0.0,0.0,0.0,0.0,0.0,,0.0,0.0,,0.0,0.0,,0.0,0.0,,0.0,0.0,,0.0,0.0,,0.0,0.0,,0.0,0.0,,0.0,0.0,
apache/commons-dbutils,86,0.0,0.0,0.0,0.0,0.0,0.0,0.0,0.0,0.0,0.0,0.0,0.0,,,,,,,0.0,0.0,0.0,0.0,0.0,0.0,0.0,0.0,0.0,0.0,0.0,0.0,0.0,0.0,0.0,0.0,0.0,0.0,0.0,0.0,0.0,0.0,0.0,0.0,0.0,0.0,0.0,0.0,0.0,0.0,0.0,0.0,0.0,0.0,0.0,0.0,0.0,0.0,0.0,0.0,0.0,0.0,0.0,0.0,0.0,0.0,0.0,0.0,,,,,,,,,,,,,,,,,,,,,,,,,,,
apache/commons-digester,84,0.0,0.0,0.0,0.0,0.0,0.0,0.0,0.0,0.0,0.0,0.0,0.0,,,,,,,0.0,0.0,0.0,0.0,0.0,0.0,0.0,0.0,0.0,0.0,0.0,0.0,0.0,0.0,0.0,0.0,0.0,0.0,0.0,0.0,0.0,0.0,0.0,0.0,0.0,0.0,0.0,0.0,0.0,0.0,0.0,0.0,0.0,0.0,0.0,0.0,0.0,0.0,0.0,0.0,0.0,0.0,0.0,0.0,0.0,0.0,0.0,0.0,,,,,,,,,,,,,,,,,,,,,,,,,,,
apache/commons-email,87,0.0,0.0,0.0,0.0,0.0,0.0,0.0,0.0,0.0,0.0,0.0,0.0,,,,,,,0.0,0.0,0.0,0.0,0.0,0.0,0.0,0.0,0.0,0.0,0.0,0.0,0.0,0.0,0.0,0.0,0.0,0.0,0.0,0.0,0.0,0.0,0.0,0.0,0.0,0.0,0.0,0.0,0.0,0.0,0.0,0.0,0.0,0.0,0.0,0.0,0.0,0.0,0.0,0.0,0.0,0.0,0.0,0.0,0.0,0.0,0.0,0.0,,,,,,,,,,,,,,,,,,,,,,,,,,,
apache/commons-exec,88,0.0,0.0,0.0,0.0,0.0,0.0,0.0,0.0,0.0,0.0,0.0,0.0,,,,,,,0.0,0.0,0.0,0.0,0.0,0.0,0.0,0.0,0.0,0.0,0.0,0.0,0.0,0.0,0.0,0.0,0.0,0.0,0.0,0.0,0.0,0.0,0.0,0.0,0.0,0.0,0.0,0.0,0.0,0.0,0.0,0.0,0.0,0.0,0.0,0.0,0.0,0.0,0.0,0.0,0.0,0.0,0.0,0.0,0.0,0.0,0.0,0.0,,,,,,,,,,,,,,,,,,,,,,,,,,,
apache/commons-functor,28,0.0,0.0,0.0,0.0,0.0,0.0,0.0,0.0,0.0,0.0,0.0,0.0,,,,,,,-37.82142857142857,0.0,200.13218845838583,0.0,0.0,0.0,0.0,0.0,0.0,0.0,0.0,0.0,0.0,0.0,0.0,0.0,0.0,0.0,0.0,0.0,0.0,0.0,0.0,0.0,0.0,0.0,0.0,0.0,0.0,0.0,0.0,0.0,0.0,0.0,0.0,0.0,0.0,0.0,0.0,0.0,0.0,0.0,0.0,0.0,0.0,0.0,0.0,0.0,,,,,,,,,,,,,,,,,,,,,,,,,,,
apache/commons-geometry,40,0.0,0.0,0.0,0.0,0.0,0.0,0.0,0.0,0.0,0.0,0.0,0.0,,,,0.0,0.0,,0.125,0.0,0.7905694150420949,0.0,0.0,0.0,0.0,0.0,0.0,0.0,0.0,0.0,0.0,0.0,0.0,0.0,0.0,0.0,0.0,0.0,0.0,0.0,0.0,0.0,0.0,0.0,0.0,0.0,0.0,0.0,0.0,0.0,0.0,0.0,0.0,0.0,0.0,0.0,0.0,0.0,0.0,0.0,0.0,0.0,0.0,0.0,0.0,0.0,0.0,0.0,,0.0,0.0,,0.0,0.0,,0.0,0.0,,0.0,0.0,,0.0,0.0,,0.0,0.0,,0.0,0.0,,0.0,0.0,
apache/commons-graph,28,0.0,0.0,0.0,0.0,0.0,0.0,0.0,0.0,0.0,0.0,0.0,0.0,,,,0.0,0.0,,0.0,0.0,0.0,0.0,0.0,0.0,0.0,0.0,0.0,0.0,0.0,0.0,0.0,0.0,0.0,0.0,0.0,0.0,0.0,0.0,0.0,0.0,0.0,0.0,0.0,0.0,0.0,0.0,0.0,0.0,0.0,0.0,0.0,0.0,0.0,0.0,0.0,0.0,0.0,0.0,0.0,0.0,0.0,0.0,0.0,0.0,0.0,0.0,0.0,0.0,,0.0,0.0,,0.0,0.0,,0.0,0.0,,0.0,0.0,,0.0,0.0,,0.0,0.0,,0.0,0.0,,0.0,0.0,
apache/commons-imaging,84,0.0,0.0,0.0,0.0,0.0,0.0,0.0,0.0,0.0,0.0,0.0,0.0,,,,,,,0.0,0.0,0.0,0.0,0.0,0.0,0.0,0.0,0.0,0.0,0.0,0.0,0.0,0.0,0.0,0.0,0.0,0.0,0.0,0.0,0.0,0.0,0.0,0.0,0.0,0.0,0.0,0.0,0.0,0.0,0.0,0.0,0.0,0.0,0.0,0.0,0.0,0.0,0.0,0.0,0.0,0.0,0.0,0.0,0.0,0.0,0.0,0.0,,,,,,,,,,,,,,,,,,,,,,,,,,,
apache/commons-io,58,-0.034482758620689655,0.0,0.2626128657194451,0.0,0.0,0.0,-0.034482758620689655,0.0,0.2626128657194451,0.0,0.0,0.0,,,,0.0,0.0,0.0,-77.46551724137932,0.0,590.227051628684,-0.017241379310344827,0.0,0.13130643285972254,0.0,0.0,0.0,-0.034482758620689655,0.0,0.2626128657194451,-0.034482758620689655,0.0,0.2626128657194451,0.0,0.0,0.0,0.0,0.0,0.0,0.0,0.0,0.0,0.0,0.0,0.0,0.0,0.0,0.0,0.0,0.0,0.0,0.0,0.0,0.0,0.0,0.0,0.0,0.0,0.0,0.0,0.0,0.0,0.0,0.0,0.0,0.0,0.0,0.0,0.0,0.0,0.0,0.0,0.0,0.0,0.0,0.0,0.0,0.0,0.0,0.0,0.0,0.0,0.0,0.0,0.0,0.0,0.0,0.0,0.0,0.0,0.0,0.0,0.0
apache/commons-jci,93,0.0,0.0,0.0,0.0,0.0,0.0,0.0,0.0,0.0,0.0,0.0,0.0,,,,,,,0.0,0.0,0.0,0.0,0.0,0.0,0.0,0.0,0.0,0.0,0.0,0.0,0.0,0.0,0.0,0.0,0.0,0.0,0.0,0.0,0.0,0.0,0.0,0.0,0.0,0.0,0.0,0.0,0.0,0.0,0.0,0.0,0.0,0.0,0.0,0.0,0.0,0.0,0.0,0.0,0.0,0.0,0.0,0.0,0.0,0.0,0.0,0.0,,,,,,,,,,,,,,,,,,,,,,,,,,,
apache/commons-jcs,80,0.0,0.0,0.0,0.0,0.0,0.0,0.0,0.0,0.0,0.0,0.0,0.0,,,,0.0,0.0,,0.0,0.0,0.0,0.0,0.0,0.0,0.0,0.0,0.0,0.0,0.0,0.0,0.0,0.0,0.0,0.0,0.0,0.0,0.0,0.0,0.0,0.0,0.0,0.0,0.0,0.0,0.0,0.0,0.0,0.0,0.0,0.0,0.0,0.0,0.0,0.0,0.0,0.0,0.0,0.0,0.0,0.0,0.0,0.0,0.0,0.0,0.0,0.0,0.0,0.0,,0.0,0.0,,0.0,0.0,,0.0,0.0,,0.0,0.0,,0.0,0.0,,0.0,0.0,,0.0,0.0,,0.0,0.0,
apache/commons-jelly,75,0.0,0.0,0.0,0.0,0.0,0.0,0.0,0.0,0.0,0.0,0.0,0.0,,,,,,,-2.7733333333333334,0.0,16.86798769886346,0.0,0.0,0.0,0.0,0.0,0.0,0.0,0.0,0.0,0.0,0.0,0.0,0.0,0.0,0.0,0.0,0.0,0.0,0.0,0.0,0.0,0.0,0.0,0.0,0.0,0.0,0.0,0.0,0.0,0.0,0.0,0.0,0.0,0.0,0.0,0.0,0.0,0.0,0.0,0.0,0.0,0.0,0.0,0.0,0.0,,,,,,,,,,,,,,,,,,,,,,,,,,,
apache/commons-jexl,79,0.0,0.0,0.0,0.0,0.0,0.0,0.0,0.0,0.0,0.0,0.0,0.0,,,,0.0,0.0,,0.0379746835443038,0.0,0.3375263702778072,0.0,0.0,0.0,0.0,0.0,0.0,0.0,0.0,0.0,0.0,0.0,0.0,0.0,0.0,0.0,0.0,0.0,0.0,0.0,0.0,0.0,0.0,0.0,0.0,0.0,0.0,0.0,0.0,0.0,0.0,0.0,0.0,0.0,0.0,0.0,0.0,0.0,0.0,0.0,0.0,0.0,0.0,0.0,0.0,0.0,0.0,0.0,,0.0,0.0,,0.0,0.0,,0.0,0.0,,0.0,0.0,,0.0,0.0,,0.0,0.0,,0.0,0.0,,0.0,0.0,
apache/commons-jxpath,87,0.0,0.0,0.0,0.0,0.0,0.0,0.0,0.0,0.0,0.0,0.0,0.0,,,,,,,0.0,0.0,0.0,0.0,0.0,0.0,0.0,0.0,0.0,0.0,0.0,0.0,0.0,0.0,0.0,0.0,0.0,0.0,0.0,0.0,0.0,0.0,0.0,0.0,0.0,0.0,0.0,0.0,0.0,0.0,0.0,0.0,0.0,0.0,0.0,0.0,0.0,0.0,0.0,0.0,0.0,0.0,0.0,0.0,0.0,0.0,0.0,0.0,,,,,,,,,,,,,,,,,,,,,,,,,,,
apache/commons-lang,27,0.0,0.0,0.0,0.0,0.0,0.0,-0.6296296296296297,0.0,3.2716515254078793,0.0,0.0,0.0,,,,,,,-182.66666666666666,0.0,949.1638425477447,-0.037037037037037035,0.0,0.19245008972987526,0.0,0.0,0.0,-0.1111111111111111,0.0,0.5773502691896258,-0.6296296296296297,0.0,3.2716515254078793,0.0,0.0,0.0,0.0,0.0,0.0,0.0,0.0,0.0,0.0,0.0,0.0,0.0,0.0,0.0,0.0,0.0,0.0,0.0,0.0,0.0,0.0,0.0,0.0,0.0,0.0,0.0,0.0,0.0,0.0,0.0,0.0,0.0,,,,,,,,,,,,,,,,,,,,,,,,,,,
apache/commons-logging,79,0.0,0.0,0.0,0.0,0.0,0.0,0.0,0.0,0.0,0.0,0.0,0.0,,,,,,,0.0,0.0,0.0,0.0,0.0,0.0,0.0,0.0,0.0,0.0,0.0,0.0,0.0,0.0,0.0,0.0,0.0,0.0,0.0,0.0,0.0,0.0,0.0,0.0,0.0,0.0,0.0,0.0,0.0,0.0,0.0,0.0,0.0,0.0,0.0,0.0,0.0,0.0,0.0,0.0,0.0,0.0,0.0,0.0,0.0,0.0,0.0,0.0,,,,,,,,,,,,,,,,,,,,,,,,,,,
apache/commons-math,56,0.0,0.0,0.0,0.0,0.0,0.0,0.0,0.0,0.0,0.0,0.0,0.0,,,,0.0,0.0,,0.017857142857142856,0.0,0.13363062095621217,0.0,0.0,0.0,0.0,0.0,0.0,0.0,0.0,0.0,0.0,0.0,0.0,0.0,0.0,0.0,0.0,0.0,0.0,0.0,0.0,0.0,0.0,0.0,0.0,0.0,0.0,0.0,0.0,0.0,0.0,0.0,0.0,0.0,0.0,0.0,0.0,0.0,0.0,0.0,0.0,0.0,0.0,0.0,0.0,0.0,0.0,0.0,,0.0,0.0,,0.0,0.0,,0.0,0.0,,0.0,0.0,,0.0,0.0,,0.0,0.0,,0.0,0.0,,0.0,0.0,
apache/commons-net,84,0.0,0.0,0.0,0.0,0.0,0.0,0.0,0.0,0.0,0.0,0.0,0.0,,,,,,,0.0,0.0,0.0,0.0,0.0,0.0,0.0,0.0,0.0,0.0,0.0,0.0,0.0,0.0,0.0,0.0,0.0,0.0,0.0,0.0,0.0,0.0,0.0,0.0,0.0,0.0,0.0,0.0,0.0,0.0,0.0,0.0,0.0,0.0,0.0,0.0,0.0,0.0,0.0,0.0,0.0,0.0,0.0,0.0,0.0,0.0,0.0,0.0,,,,,,,,,,,,,,,,,,,,,,,,,,,
apache/commons-numbers,57,0.0,0.0,0.0,0.0,0.0,0.0,0.0,0.0,0.0,0.0,0.0,0.0,,,,0.0,0.0,0.0,0.05263157894736842,0.0,0.39735970711951324,0.0,0.0,0.0,0.0,0.0,0.0,0.0,0.0,0.0,0.0,0.0,0.0,0.0,0.0,0.0,0.0,0.0,0.0,0.0,0.0,0.0,0.0,0.0,0.0,0.0,0.0,0.0,0.0,0.0,0.0,0.0,0.0,0.0,0.0,0.0,0.0,0.0,0.0,0.0,0.0,0.0,0.0,0.0,0.0,0.0,0.0,0.0,0.0,0.0,0.0,0.0,0.0,0.0,0.0,0.0,0.0,0.0,0.0,0.0,0.0,0.0,0.0,0.0,0.0,0.0,0.0,0.0,0.0,0.0,0.0,0.0,0.0
apache/commons-ognl,67,0.0,0.0,0.0,0.0,0.0,0.0,0.0,0.0,0.0,0.0,0.0,0.0,,,,,,,0.0,0.0,0.0,0.0,0.0,0.0,0.0,0.0,0.0,0.0,0.0,0.0,0.0,0.0,0.0,0.0,0.0,0.0,0.0,0.0,0.0,0.0,0.0,0.0,0.0,0.0,0.0,0.0,0.0,0.0,0.0,0.0,0.0,0.0,0.0,0.0,0.0,0.0,0.0,0.0,0.0,0.0,0.0,0.0,0.0,0.0,0.0,0.0,,,,,,,,,,,,,,,,,,,,,,,,,,,
apache/commons-parent,70,0.0,0.0,0.0,0.0,0.0,0.0,0.0,0.0,0.0,0.0,0.0,0.0,,,,,,,0.0,0.0,0.0,0.0,0.0,0.0,0.0,0.0,0.0,0.0,0.0,0.0,0.0,0.0,0.0,0.0,0.0,0.0,0.0,0.0,0.0,0.0,0.0,0.0,0.0,0.0,0.0,0.0,0.0,0.0,0.0,0.0,0.0,0.0,0.0,0.0,0.0,0.0,0.0,0.0,0.0,0.0,0.0,0.0,0.0,0.0,0.0,0.0,,,,,,,,,,,,,,,,,,,,,,,,,,,
apache/commons-pool,82,0.0,0.0,0.0,0.0,0.0,0.0,0.0,0.0,0.0,0.0,0.0,0.0,,,,0.0,0.0,,0.024390243902439025,0.0,0.2208630521496931,0.0,0.0,0.0,0.0,0.0,0.0,0.0,0.0,0.0,0.0,0.0,0.0,0.0,0.0,0.0,0.0,0.0,0.0,0.0,0.0,0.0,0.0,0.0,0.0,0.0,0.0,0.0,0.0,0.0,0.0,0.0,0.0,0.0,0.0,0.0,0.0,0.0,0.0,0.0,0.0,0.0,0.0,0.0,0.0,0.0,0.0,0.0,,0.0,0.0,,0.0,0.0,,0.0,0.0,,0.0,0.0,,0.0,0.0,,0.0,0.0,,0.0,0.0,,0.0,0.0,
apache/commons-rdf,72,0.0,0.0,0.0,0.0,0.0,0.0,0.0,0.0,0.0,0.0,0.0,0.0,,,,,,,0.0,0.0,0.0,0.0,0.0,0.0,0.0,0.0,0.0,0.0,0.0,0.0,0.0,0.0,0.0,0.0,0.0,0.0,0.0,0.0,0.0,0.0,0.0,0.0,0.0,0.0,0.0,0.0,0.0,0.0,0.0,0.0,0.0,0.0,0.0,0.0,0.0,0.0,0.0,0.0,0.0,0.0,0.0,0.0,0.0,0.0,0.0,0.0,,,,,,,,,,,,,,,,,,,,,,,,,,,
apache/commons-release-plugin,91,0.0,0.0,0.0,0.0,0.0,0.0,0.0,0.0,0.0,0.0,0.0,0.0,,,,0.0,0.0,,0.01098901098901099,0.0,0.10482848367219183,0.0,0.0,0.0,0.0,0.0,0.0,0.0,0.0,0.0,0.0,0.0,0.0,0.0,0.0,0.0,0.0,0.0,0.0,0.0,0.0,0.0,0.0,0.0,0.0,0.0,0.0,0.0,0.0,0.0,0.0,0.0,0.0,0.0,0.0,0.0,0.0,0.0,0.0,0.0,0.0,0.0,0.0,0.0,0.0,0.0,0.0,0.0,,0.0,0.0,,0.0,0.0,,0.0,0.0,,0.0,0.0,,0.0,0.0,,0.0,0.0,,0.0,0.0,,0.0,0.0,
apache/commons-rng,57,0.0,0.0,0.0,0.0,0.0,0.0,0.0,0.0,0.0,0.0,0.0,0.0,,,,,,,0.0,0.0,0.0,0.0,0.0,0.0,0.0,0.0,0.0,0.0,0.0,0.0,0.0,0.0,0.0,0.0,0.0,0.0,0.0,0.0,0.0,0.0,0.0,0.0,0.0,0.0,0.0,0.0,0.0,0.0,0.0,0.0,0.0,0.0,0.0,0.0,0.0,0.0,0.0,0.0,0.0,0.0,0.0,0.0,0.0,0.0,0.0,0.0,,,,,,,,,,,,,,,,,,,,,,,,,,,
apache/commons-scxml,82,0.0,0.0,0.0,0.0,0.0,0.0,0.0,0.0,0.0,0.0,0.0,0.0,,,,0.0,0.0,,0.024390243902439025,0.0,0.2208630521496931,0.0,0.0,0.0,0.0,0.0,0.0,0.0,0.0,0.0,0.0,0.0,0.0,0.0,0.0,0.0,0.0,0.0,0.0,0.0,0.0,0.0,0.0,0.0,0.0,0.0,0.0,0.0,0.0,0.0,0.0,0.0,0.0,0.0,0.0,0.0,0.0,0.0,0.0,0.0,0.0,0.0,0.0,0.0,0.0,0.0,0.0,0.0,,0.0,0.0,,0.0,0.0,,0.0,0.0,,0.0,0.0,,0.0,0.0,,0.0,0.0,,0.0,0.0,,0.0,0.0,
apache/commons-skin,94,0.0,0.0,0.0,0.0,0.0,0.0,0.0,0.0,0.0,0.0,0.0,0.0,,,,,,,0.0,0.0,0.0,0.0,0.0,0.0,0.0,0.0,0.0,0.0,0.0,0.0,0.0,0.0,0.0,0.0,0.0,0.0,0.0,0.0,0.0,0.0,0.0,0.0,0.0,0.0,0.0,0.0,0.0,0.0,0.0,0.0,0.0,0.0,0.0,0.0,0.0,0.0,0.0,0.0,0.0,0.0,0.0,0.0,0.0,0.0,0.0,0.0,,,,,,,,,,,,,,,,,,,,,,,,,,,
apache/commons-statistics,53,0.0,0.0,0.0,0.0,0.0,0.0,0.0,0.0,0.0,0.0,0.0,0.0,,,,,,,0.0,0.0,0.0,0.0,0.0,0.0,0.0,0.0,0.0,0.0,0.0,0.0,0.0,0.0,0.0,0.0,0.0,0.0,0.0,0.0,0.0,0.0,0.0,0.0,0.0,0.0,0.0,0.0,0.0,0.0,0.0,0.0,0.0,0.0,0.0,0.0,0.0,0.0,0.0,0.0,0.0,0.0,0.0,0.0,0.0,0.0,0.0,0.0,,,,,,,,,,,,,,,,,,,,,,,,,,,
apache/commons-testing,1,0.0,0.0,,0.0,0.0,,0.0,0.0,,0.0,0.0,,,,,,,,0.0,0.0,,0.0,0.0,,0.0,0.0,,0.0,0.0,,0.0,0.0,,0.0,0.0,,0.0,0.0,,0.0,0.0,,0.0,0.0,,0.0,0.0,,0.0,0.0,,0.0,0.0,,0.0,0.0,,0.0,0.0,,0.0,0.0,,0.0,0.0,,,,,,,,,,,,,,,,,,,,,,,,,,,,
apache/commons-text,78,0.0,0.0,0.0,0.0,0.0,0.0,-0.01282051282051282,0.0,0.11322770341445958,0.0,0.0,0.0,,,,0.0,0.0,0.0,-18.243589743589745,0.0,161.12302195877598,0.0,0.0,0.0,0.0,0.0,0.0,0.0,0.0,0.0,-0.01282051282051282,0.0,0.11322770341445958,0.0,0.0,0.0,0.0,0.0,0.0,0.0,0.0,0.0,0.0,0.0,0.0,0.0,0.0,0.0,0.0,0.0,0.0,0.0,0.0,0.0,0.0,0.0,0.0,0.0,0.0,0.0,0.0,0.0,0.0,0.0,0.0,0.0,0.0,0.0,0.0,0.0,0.0,0.0,-0.16490765171503957,0.0,0.32981530343007914,0.0,0.0,0.0,0.0,0.0,0.0,0.0,0.0,0.0,0.0,0.0,0.0,-0.16490765171503957,0.0,0.32981530343007914,0.0,0.0,0.0
apache/commons-validator,82,0.0,0.0,0.0,0.0,0.0,0.0,0.0,0.0,0.0,0.0,0.0,0.0,,,,0.0,0.0,0.0,0.036585365853658534,0.0,0.2457099540344121,0.0,0.0,0.0,0.0,0.0,0.0,0.0,0.0,0.0,0.0,0.0,0.0,0.0,0.0,0.0,0.0,0.0,0.0,0.0,0.0,0.0,0.0,0.0,0.0,0.0,0.0,0.0,0.0,0.0,0.0,0.0,0.0,0.0,0.0,0.0,0.0,0.0,0.0,0.0,0.0,0.0,0.0,0.0,0.0,0.0,0.0,0.0,0.0,0.0,0.0,0.0,0.0,0.0,0.0,0.0,0.0,0.0,0.0,0.0,0.0,0.0,0.0,0.0,0.0,0.0,0.0,0.0,0.0,0.0,0.0,0.0,0.0
apache/commons-vfs,70,0.0,0.0,0.0,0.0,0.0,0.0,0.0,0.0,0.0,0.0,0.0,0.0,,,,0.0,0.0,,0.0,0.0,0.0,0.0,0.0,0.0,0.0,0.0,0.0,0.0,0.0,0.0,0.0,0.0,0.0,0.0,0.0,0.0,0.0,0.0,0.0,0.0,0.0,0.0,0.0,0.0,0.0,0.0,0.0,0.0,0.0,0.0,0.0,0.0,0.0,0.0,0.0,0.0,0.0,0.0,0.0,0.0,0.0,0.0,0.0,0.0,0.0,0.0,0.0,0.0,,0.0,0.0,,0.0,0.0,,0.0,0.0,,0.0,0.0,,0.0,0.0,,0.0,0.0,,0.0,0.0,,0.0,0.0,
apache/commons-weaver,52,0.0,0.0,0.0,0.0,0.0,0.0,0.0,0.0,0.0,0.0,0.0,0.0,,,,,,,0.0,0.0,0.0,0.0,0.0,0.0,0.0,0.0,0.0,0.0,0.0,0.0,0.0,0.0,0.0,0.0,0.0,0.0,0.0,0.0,0.0,0.0,0.0,0.0,0.0,0.0,0.0,0.0,0.0,0.0,0.0,0.0,0.0,0.0,0.0,0.0,0.0,0.0,0.0,0.0,0.0,0.0,0.0,0.0,0.0,0.0,0.0,0.0,,,,,,,,,,,,,,,,,,,,,,,,,,,
apache/cordova,7,0.0,0.0,0.0,0.0,0.0,0.0,0.0,0.0,0.0,0.0,0.0,0.0,,,,,,,0.0,0.0,0.0,0.0,0.0,0.0,0.0,0.0,0.0,0.0,0.0,0.0,0.0,0.0,0.0,0.0,0.0,0.0,0.0,0.0,0.0,0.0,0.0,0.0,0.0,0.0,0.0,0.0,0.0,0.0,0.0,0.0,0.0,0.0,0.0,0.0,0.0,0.0,0.0,0.0,0.0,0.0,0.0,0.0,0.0,0.0,0.0,0.0,,,,,,,,,,,,,,,,,,,,,,,,,,,
apache/cordova-app-harness,1,0.0,0.0,,0.0,0.0,,0.0,0.0,,0.0,0.0,,,,,,,,0.0,0.0,,0.0,0.0,,0.0,0.0,,0.0,0.0,,0.0,0.0,,0.0,0.0,,0.0,0.0,,0.0,0.0,,0.0,0.0,,0.0,0.0,,0.0,0.0,,0.0,0.0,,0.0,0.0,,0.0,0.0,,0.0,0.0,,0.0,0.0,,,,,,,,,,,,,,,,,,,,,,,,,,,,
apache/cordova-app-hello-world,22,-0.045454545454545456,0.0,0.21320071635561041,0.0,0.0,0.0,-0.2727272727272727,0.0,0.9351250581921512,0.0,0.0,0.0,0.0,0.0,0.0,0.0,0.0,0.0,-1.0909090909090908,0.0,3.865711182140092,-0.09090909090909091,0.0,0.42640143271122083,0.0,0.0,0.0,-0.045454545454545456,0.0,0.21320071635561041,-0.2727272727272727,0.0,0.9351250581921512,0.0,0.0,0.0,0.045454545454545456,0.0,0.21320071635561041,0.22727272727272727,0.0,1.0660035817780522,0.0,0.0,0.0,0.0,0.0,0.0,0.045454545454545456,0.0,0.21320071635561041,0.0,0.0,0.0,0.0,0.0,0.0,0.045454545454545456,0.0,0.21320071635561041,0.0,0.0,0.0,0.0,0.0,0.0,-0.523535039907235,0.0,2.5503431444788025,0.0,0.0,0.0,-15.849056603773587,0.0,62.34954082708921,0.0,0.0,0.0,-1.265561305857066,0.0,4.963352559857925,0.0,0.0,0.0,-0.523535039907235,0.0,2.5503431444788025,-15.849056603773587,0.0,62.34954082708921,0.0,0.0,0.0
apache/cordova-blackberry,3,0.0,0.0,0.0,0.0,0.0,0.0,-0.3333333333333333,-1.0,1.1547005383792517,0.3333333333333333,0.0,0.5773502691896258,0.0,0.0,0.0,0.033333333333333805,0.0,0.0577350269189634,9.666666666666666,0.0,19.39931270260195,1.6666666666666667,2.0,4.509249752822894,3.0,2.0,5.5677643628300215,0.0,0.0,0.0,-0.3333333333333333,-1.0,1.1547005383792517,0.0,0.0,0.0,3.0,3.0,2.0,16.333333333333332,15.0,12.055427546683417,0.0,0.0,0.0,1.6666666666666667,1.0,2.0816659994661326,0.3333333333333333,0.0,0.5773502691896258,1.0,1.0,0.0,0.0,0.0,0.0,3.0,3.0,2.0,0.0,0.0,0.0,0.0,0.0,0.0,0.0,0.0,0.0,0.0,0.0,0.0,-1.5764327081448595,-1.1438780482145745,4.242371249442481,0.24287672539287666,0.006960718346133321,0.4146612754739966,-0.4723473719624849,-2.712373652982876,4.643183286956608,-0.7120255317232704,-1.9606023341608818,5.070552577552818,-0.013375860208884852,0.0,0.02316766947672742,-1.5764327081448595,-1.1438780482145745,4.242371249442481,0.0,0.0,0.0
apache/cordova-browser,51,0.0,0.0,0.0,0.0,0.0,0.0,-0.23529411764705882,0.0,3.3561182058689036,0.0,0.0,0.0,0.0,0.0,0.0,-0.37142857142857144,0.0,1.7020995438407407,0.8431372549019608,0.0,10.450593378406046,0.19607843137254902,0.0,2.6609743166226716,0.6078431372549019,0.0,3.0204531538995867,0.0,0.0,0.0,-0.23529411764705882,0.0,3.3561182058689036,0.0,0.0,0.0,0.5490196078431373,0.0,1.9931254400081906,3.5294117647058822,0.0,11.080348263798339,0.0,0.0,0.0,0.45098039215686275,0.0,1.735669617066521,0.0,0.0,0.0,0.09803921568627451,0.0,0.41254827406180306,0.0,0.0,0.0,0.5490196078431373,0.0,1.9931254400081906,0.0,0.0,0.0,0.0,0.0,0.0,0.33602557192667826,0.0,1.7089828419545576,0.0,0.0,0.0,-6.964912033062523,0.0,21.133519905957375,-0.1563734989355493,0.0,0.6157957167330654,1.3128387232569452,0.0,23.595763574785583,4.793608487973412,0.0,15.033834635156763,0.31821190131407207,0.0,1.714203077131328,-6.947098362449918,0.0,21.128427387499706,0.0,0.0,0.0
apache/cordova-cli,39,0.0,0.0,0.0,0.0,0.0,0.0,-2.230769230769231,0.0,13.767737914684801,0.0,0.0,0.0,0.0,0.0,,0.0,0.0,,-15.820512820512821,0.0,95.40712535314725,-4.641025641025641,0.0,27.541821958888534,-4.3076923076923075,0.0,25.308781340781017,0.0,0.0,0.0,-2.230769230769231,0.0,13.767737914684801,0.0,0.0,0.0,0.0,0.0,0.0,-0.07692307692307693,0.0,0.48038446141526153,0.0,0.0,0.0,0.0,0.0,0.0,0.0,0.0,0.0,0.0,0.0,0.0,0.0,0.0,0.0,0.0,0.0,0.0,0.0,0.0,0.0,0.0,0.0,0.0,0.0,0.0,,0.0,0.0,,-0.4745333755140777,-0.4745333755140777,,0.0,0.0,,-7.223452493936577,-7.223452493936577,,-6.221659812295741,-6.221659812295741,,0.0,0.0,,-0.4745333755140777,-0.4745333755140777,,0.0,0.0,
apache/cordova-coho,61,-0.5409836065573771,0.0,2.87270935118634,0.0,0.0,0.0,-30.081967213114755,0.0,160.80374115485904,-0.3114754098360656,0.0,1.3233918997102025,0.0,0.0,0.0,0.15999999999999986,0.0,0.2958039891549806,-143.9344262295082,0.0,772.3243677120049,-27.868852459016395,0.0,150.95589592215737,-32.36065573770492,0.0,174.25996220081512,-0.5245901639344263,0.0,2.87869505955418,-30.114754098360656,0.0,160.98323912348306,0.0,0.0,0.0,0.14754098360655737,0.0,0.5110794319793643,0.5573770491803278,0.0,2.5853728948576227,0.0,0.0,0.0,0.03278688524590164,0.0,0.17955622283415842,0.0,0.0,0.0,0.11475409836065574,0.0,0.4864278177262517,0.0,0.0,0.0,0.14754098360655737,0.0,0.5110794319793643,0.0,0.0,0.0,0.0,0.0,0.0,-0.39041784121260087,0.0,2.216730505125853,0.0,0.0,0.0,-8.245835275710887,0.16935119674845645,41.23900092384273,-1.6346799467263906,0.0,5.847568009097493,-2.088306681989211,0.0,9.255768941640486,-7.5523329705988775,0.0,21.024188580727724,0.06412761333285365,0.0,3.3056262306952666,-8.245835275710887,0.16935119674845645,41.23900092384273,0.0,0.0,0.0
apache/cordova-common,51,0.0392156862745098,0.0,0.28005601680560194,-0.0196078431372549,0.0,0.14002800840280097,1.6274509803921569,0.0,11.340124839372317,0.0392156862745098,0.0,0.28005601680560194,0.0,0.0,0.0,0.0,0.0,0.0,36.666666666666664,0.0,260.71813643601143,12.901960784313726,0.0,91.7117778482046,6.607843137254902,0.0,47.35824254820804,0.21568627450980393,0.0,1.404474641852904,1.588235294117647,0.0,11.060156365238669,-0.0196078431372549,0.0,0.14002800840280097,1.7647058823529411,0.0,11.89384418141438,8.156862745098039,0.0,53.85624292466737,0.0,0.0,0.0,0.058823529411764705,0.0,0.42008402520840293,0.7254901960784313,0.0,5.181036310903635,0.8431372549019608,0.0,5.319295250386494,0.13725490196078433,0.0,0.9801960588196069,1.7254901960784315,0.0,11.613919977979096,0.0392156862745098,0.0,0.28005601680560194,0.0,0.0,0.0,0.06045583701106342,0.0,0.24926580168173995,-0.7022214826524669,0.0,2.8868396435919577,1.414608813791197,0.0,4.693101521867624,0.0628765755827123,0.0,0.2548266232092823,2.772349096331893,0.0,20.076054064340816,-5.115953234809972,0.0,44.14588630983176,0.49101569070574297,0.0,1.4174327720454631,1.3541529767801332,0.0,4.455160262200049,-0.7022214826524669,0.0,2.8868396435919577
apache/cordova-contribute,4,0.0,0.0,0.0,0.0,0.0,0.0,0.0,0.0,0.0,0.0,0.0,0.0,,,,,,,0.0,0.0,0.0,0.0,0.0,0.0,0.0,0.0,0.0,0.0,0.0,0.0,0.0,0.0,0.0,0.0,0.0,0.0,0.0,0.0,0.0,0.0,0.0,0.0,0.0,0.0,0.0,0.0,0.0,0.0,0.0,0.0,0.0,0.0,0.0,0.0,0.0,0.0,0.0,0.0,0.0,0.0,0.0,0.0,0.0,0.0,0.0,0.0,,,,,,,,,,,,,,,,,,,,,,,,,,,
apache/cordova-create,37,0.0,0.0,0.0,0.0,0.0,0.0,-1.1081081081081081,0.0,3.942530094183625,0.0,0.0,0.0,0.0,0.0,0.0,-0.050000000000000044,0.0,0.18516401995451023,-0.7027027027027027,0.0,6.045498163761861,-0.1891891891891892,0.0,1.578287360080854,-0.5135135135135135,0.0,2.422368235398546,0.0,0.0,0.0,-1.1081081081081081,0.0,3.942530094183625,0.0,0.0,0.0,0.08108108108108109,0.0,0.3634998378708471,0.40540540540540543,0.0,1.8174991893542356,0.0,0.0,0.0,0.02702702702702703,0.0,0.16439898730535726,0.0,0.0,0.0,0.05405405405405406,0.0,0.3287979746107146,0.0,0.0,0.0,0.08108108108108109,0.0,0.3634998378708471,0.0,0.0,0.0,0.0,0.0,0.0,0.06782801256524476,0.0,0.18550502832601554,0.0,0.0,0.0,-11.145833651742995,-5.25723729231035,18.92929799414262,-0.02303453780829598,0.0,0.07781966230036458,0.44643572184502744,0.31575121530144656,1.408192166846181,-3.043719266653353,0.0,5.761841777741904,0.06782801256524476,0.0,0.18550502832601554,-11.145833651742995,-5.25723729231035,18.92929799414262,0.0,0.0,0.0
apache/cordova-discuss,3,0.0,0.0,0.0,0.0,0.0,0.0,0.0,0.0,0.0,0.0,0.0,0.0,,,,,,,0.0,0.0,0.0,0.0,0.0,0.0,0.0,0.0,0.0,0.0,0.0,0.0,0.0,0.0,0.0,0.0,0.0,0.0,0.0,0.0,0.0,0.0,0.0,0.0,0.0,0.0,0.0,0.0,0.0,0.0,0.0,0.0,0.0,0.0,0.0,0.0,0.0,0.0,0.0,0.0,0.0,0.0,0.0,0.0,0.0,0.0,0.0,0.0,,,,,,,,,,,,,,,,,,,,,,,,,,,
apache/cordova-docs,34,0.0,0.0,0.0,0.0,0.0,0.0,0.0,0.0,0.0,0.0,0.0,0.0,0.0,0.0,0.0,0.0,0.0,0.0,-0.5,0.0,6.684445989146609,0.14705882352941177,0.0,0.8574929257125442,0.0,0.0,0.0,0.0,0.0,0.0,0.0,0.0,0.0,0.0,0.0,0.0,0.0,0.0,0.0,0.0,0.0,0.0,0.0,0.0,0.0,0.0,0.0,0.0,0.0,0.0,0.0,0.0,0.0,0.0,0.0,0.0,0.0,0.0,0.0,0.0,0.0,0.0,0.0,0.0,0.0,0.0,-1.1655860712464485,0.0,3.0838508761589165,0.0,0.0,0.0,0.8226320454787357,0.0,2.4439251568751725,0.0,0.0,0.0,13.86087477725644,0.0,43.07764734194963,-0.22651766837813422,0.0,0.5993094180907428,-1.2073327523852977,0.0,3.067376279595379,0.8226320454787357,0.0,2.4439251568751725,0.0,0.0,0.0
apache/cordova-electron,39,0.0,0.0,0.0,0.0,0.0,0.0,-0.05128205128205128,0.0,0.223455865030959,0.0,0.0,0.0,0.0,0.0,0.0,-0.0916666666666665,0.0,0.23915887961137752,0.8717948717948718,0.0,3.6068610582689793,0.1794871794871795,0.0,0.7904627183124042,0.05128205128205128,0.0,0.3202563076101742,0.0,0.0,0.0,-0.05128205128205128,0.0,0.223455865030959,0.0,0.0,0.0,0.02564102564102564,0.0,0.1601281538050871,0.0,0.0,0.0,0.0,0.0,0.0,0.0,0.0,0.0,0.0,0.0,0.0,0.0,0.0,0.0,0.02564102564102564,0.0,0.1601281538050871,0.02564102564102564,0.0,0.1601281538050871,0.0,0.0,0.0,0.0,0.0,0.0,0.0,0.0,0.0,0.0,0.0,0.0,-3.290475768920531,-0.3094310968934817,6.706871611917362,-0.011546281472143224,0.0,0.028900249785668988,-0.6074077917548296,0.0,3.713497382378397,-1.4953390311436514,0.0,4.234397805444861,-0.007845215398399089,0.0,0.024118262032109535,-3.290475768920531,-0.3094310968934817,6.706871611917362,0.0,0.0,0.0
apache/cordova-eslint,26,0.0,0.0,0.0,0.0,0.0,0.0,0.0,0.0,0.0,0.0,0.0,0.0,0.0,0.0,0.0,0.0,0.0,0.0,0.0,0.0,0.848528137423857,0.0,0.0,0.0,0.0,0.0,0.0,0.0,0.0,0.0,0.0,0.0,0.0,0.0,0.0,0.0,0.0,0.0,0.0,0.0,0.0,0.0,0.0,0.0,0.0,0.0,0.0,0.0,0.0,0.0,0.0,0.0,0.0,0.0,0.0,0.0,0.0,0.0,0.0,0.0,0.0,0.0,0.0,0.0,0.0,0.0,0.0,0.0,0.0,0.0,0.0,0.0,0.0,0.0,0.0,0.0,0.0,0.0,0.0,0.0,0.0,0.0,0.0,0.0,0.0,0.0,0.0,0.0,0.0,0.0,0.0,0.0,0.0
apache/cordova-fetch,52,0.0,0.0,0.0,0.0,0.0,0.0,-0.038461538461538464,0.0,0.44110104936012823,0.0,0.0,0.0,0.0,0.0,0.0,0.017647058823529505,0.0,0.0635933773836462,-1.2692307692307692,0.0,12.39562760453892,-0.5384615384615384,0.0,4.240151396027836,-0.057692307692307696,0.0,0.5744037501400581,0.0,0.0,0.19802950859533483,-0.038461538461538464,0.0,0.4411010493601283,0.0,0.0,0.0,0.1346153846153846,0.0,0.34464225008403493,0.6730769230769231,0.0,1.7232112504201746,0.0,0.0,0.0,0.019230769230769232,0.0,0.13867504905630726,0.019230769230769232,0.0,0.13867504905630726,0.09615384615384616,0.0,0.2976782961926058,0.0,0.0,0.0,0.1346153846153846,0.0,0.34464225008403493,0.0,0.0,0.0,0.0,0.0,0.0,0.0,0.0,0.0,0.0,0.0,0.0,-0.5823682578752758,0.0,3.223132275891573,0.0,0.0,0.0,-4.563144400619372,0.0,25.017311820436195,0.2162787656438981,0.0,9.747598184505657,0.07442257727021326,0.0,1.6079645593676615,-0.6515684784210477,0.0,3.001122707796218,0.0,0.0,0.0
apache/cordova-ios,41,0.0,0.0,0.0,0.0,0.0,0.0,0.04878048780487805,0.0,0.384136662673268,0.0,0.0,0.0,0.0,0.0,0.0,0.24,0.0,0.8302610031389729,2.5609756097560976,0.0,8.23725919371184,0.6341463414634146,0.0,2.0094289930347826,0.5365853658536586,0.0,2.086834456486783,0.024390243902439025,0.0,0.15617376188860604,0.04878048780487805,0.0,0.384136662673268,0.0,0.0,0.0,0.12195121951219512,0.0,0.45799137280190727,0.5365853658536586,0.0,2.0136727759942743,0.0,0.0,0.0,0.024390243902439025,0.0,0.15617376188860604,0.0,0.0,0.0,0.0975609756097561,0.0,0.3744915251898558,0.0,0.0,0.0,0.12195121951219512,0.0,0.45799137280190727,0.0,0.0,0.0,0.0,0.0,0.0,0.0,0.0,0.0,0.0,0.0,0.0,-2.5453664107869756,0.0,8.707424047527692,-0.004037521503956576,0.0,0.00851289416530124,-0.23268965639570355,0.0,3.3378825296068184,0.25085478411513973,0.0,5.7001947034612,0.17987203570718813,0.0,0.757918787752714,-2.5453664107869756,0.0,8.707424047527692,0.0,0.0,0.0
apache/cordova-js,44,0.0,0.0,0.0,0.0,0.0,0.0,-0.4090909090909091,0.0,1.3862813201223207,0.0,0.0,0.0,0.0,0.0,0.0,0.0,0.0,0.0,-0.7272727272727273,0.0,5.354257755276317,-0.38636363636363635,0.0,1.6735411431203902,-0.3181818181818182,0.0,1.443070487290777,0.022727272727272728,0.0,0.1507556722888818,-0.4090909090909091,0.0,1.3862813201223207,0.0,0.0,0.0,0.20454545454545456,0.0,0.8781467127129872,1.0227272727272727,0.0,4.390733563564937,0.0,0.0,0.0,0.1590909090909091,0.0,0.6800540955973203,0.0,0.0,0.0,0.045454545454545456,0.0,0.21070705494148545,0.0,0.0,0.0,0.20454545454545456,0.0,0.8781467127129872,0.0,0.0,0.0,0.0,0.0,0.0,0.0,0.0,0.0,0.0,0.0,0.0,-2.6196368045971177,-12.074071576870608,69.74777132820068,-0.0860267734500818,0.0,0.12473288441350028,-4.4270192787259575,-4.976580796252904,20.953035600165965,-16.853981664142545,-8.138562906999788,23.92038402381025,7.8125,0.0,23.595163817953527,-2.6196368045971177,-12.074071576870608,69.74777132820068,0.0,0.0,0.0
apache/cordova-labs,3,0.0,0.0,0.0,0.0,0.0,0.0,0.0,0.0,0.0,0.0,0.0,0.0,0.0,0.0,,0.0,0.0,,0.0,0.0,0.0,0.0,0.0,0.0,0.0,0.0,0.0,0.0,0.0,0.0,0.0,0.0,0.0,0.0,0.0,0.0,0.0,0.0,0.0,0.0,0.0,0.0,0.0,0.0,0.0,0.0,0.0,0.0,0.0,0.0,0.0,0.0,0.0,0.0,0.0,0.0,0.0,0.0,0.0,0.0,0.0,0.0,0.0,0.0,0.0,0.0,0.0,0.0,,0.0,0.0,,0.0,0.0,,0.0,0.0,,0.0,0.0,,0.0,0.0,,0.0,0.0,,0.0,0.0,,0.0,0.0,
apache/cordova-lib,47,0.02127659574468085,0.0,0.4418027152733918,0.02127659574468085,0.0,0.14586499149789453,2.872340425531915,0.0,20.447830778196618,0.02127659574468085,0.0,0.3289880202740083,0.0,0.0,0.0,0.0,0.0,0.0,68.97872340425532,0.0,461.0427920043913,19.72340425531915,0.0,132.9986436883539,16.638297872340427,0.0,113.68079366899971,0.0851063829787234,0.0,0.8029778066683102,2.872340425531915,0.0,20.447830778196618,0.02127659574468085,0.0,0.14586499149789453,3.148936170212766,0.0,20.846205705641587,29.148936170212767,0.0,190.2124645853322,0.0,0.0,0.0,0.44680851063829785,0.0,2.780432486207996,1.553191489361702,0.0,10.204024164915865,0.7446808510638298,0.0,5.105274702426309,0.40425531914893614,0.0,2.7714348384599963,3.0425531914893615,0.0,20.41307919043946,0.0851063829787234,0.0,0.40805941777715743,0.02127659574468085,0.0,0.14586499149789453,0.05184057509331038,0.0,1.3203639721766647,-0.011844869792264243,0.0,0.04764332010392167,-4.118318877370645,-1.52068727165004,5.724134859125881,-0.4998802157750047,0.0,1.777466047383361,-3.7466144667044534,-0.9362348178137552,20.17295733812603,9.135991534626635,0.0,46.433315305922186,0.05184057509331038,0.0,1.3203639721766647,-4.118318877370645,-1.52068727165004,5.724134859125881,-0.011844869792264243,0.0,0.04764332010392167
apache/cordova-medic,7,0.0,0.0,0.0,0.0,0.0,0.0,2.7142857142857144,2.0,3.3523268393901033,0.14285714285714285,0.0,0.37796447300922725,0.0,0.0,0.0,0.0,0.0,0.0,12.571428571428571,10.0,10.799029938797634,2.857142857142857,2.0,2.3401261667248794,2.5714285714285716,2.0,3.2071349029490923,0.0,0.0,0.0,2.7142857142857144,2.0,3.3523268393901033,0.0,0.0,0.0,3.0,2.0,3.5118845842842465,14.571428571428571,10.0,17.16447050214622,0.0,0.0,0.0,2.7142857142857144,2.0,3.093772546815388,0.0,0.0,0.0,0.2857142857142857,0.0,0.4879500364742666,0.0,0.0,0.0,3.0,2.0,3.5118845842842465,0.0,0.0,0.0,0.0,0.0,0.0,0.0,0.0,0.0,0.0,0.0,0.0,-2.629886518219166,-2.0698791190594648,7.014743690323983,0.1531937286628214,-0.09836437256121267,0.874990856412067,0.1155594091372194,-0.6248987779486868,3.9458632060157663,10.616892142296834,-2.097235603233429,36.13517343834934,0.0,0.0,0.0,-2.629886518219166,-2.0698791190594648,7.014743690323983,0.0,0.0,0.0
apache/cordova-mobile-spec,15,0.0,0.0,0.0,0.0,0.0,0.0,0.13333333333333333,0.0,1.1254628677422756,0.0,0.0,0.0,0.0,0.0,0.0,0.0,0.0,0.0,-0.6666666666666666,0.0,7.286647932708022,-0.13333333333333333,0.0,2.065591117977289,-0.13333333333333333,0.0,2.133630931623591,0.06666666666666667,0.0,0.2581988897471611,0.13333333333333333,0.0,1.1254628677422756,0.0,0.0,0.0,0.4666666666666667,0.0,1.5522640914238175,2.2,0.0,7.8212165659460275,0.0,0.0,0.0,0.2,0.0,0.5606119105813882,0.2,0.0,0.7745966692414834,0.06666666666666667,0.0,0.2581988897471611,0.0,0.0,0.0,0.4666666666666667,0.0,1.5522640914238175,0.0,0.0,0.0,0.0,0.0,0.0,0.0,0.0,0.0,0.01082661793570483,0.0,0.04720922005091898,0.4909105031640901,-0.127681307456589,2.276386047846677,0.005413308967852415,0.0,0.02360461002545949,-0.038124788555634836,-0.3329631260859287,1.6688970272227786,0.5865978072667121,0.0,2.9104356802959024,0.14853102032608198,0.0,0.49019857948076645,0.4909105031640901,-0.127681307456589,2.276386047846677,0.01082661793570483,0.0,0.04720922005091898
apache/cordova-new-committer-and-pmc,4,0.0,0.0,0.0,0.0,0.0,0.0,0.0,0.0,0.0,0.0,0.0,0.0,,,,,,,0.0,0.0,0.0,0.0,0.0,0.0,0.0,0.0,0.0,0.0,0.0,0.0,0.0,0.0,0.0,0.0,0.0,0.0,0.0,0.0,0.0,0.0,0.0,0.0,0.0,0.0,0.0,0.0,0.0,0.0,0.0,0.0,0.0,0.0,0.0,0.0,0.0,0.0,0.0,0.0,0.0,0.0,0.0,0.0,0.0,0.0,0.0,0.0,,,,,,,,,,,,,,,,,,,,,,,,,,,
apache/cordova-node-xcode,36,0.0,0.0,0.0,0.0,0.0,0.0,2.6666666666666665,0.0,5.707138387268051,0.0,0.0,0.0,0.0,0.0,0.0,2.01764705882353,0.0,10.496799232034833,13.277777777777779,0.0,30.591886049465664,2.5555555555555554,0.0,6.322045077999205,0.7777777777777778,0.0,3.780484557839576,-0.08333333333333333,0.0,0.5,2.6666666666666665,0.0,5.707138387268051,0.0,0.0,0.0,2.9166666666666665,0.0,5.773708884739019,15.777777777777779,0.0,31.31600331287604,0.05555555555555555,0.0,0.23231068414572323,2.4444444444444446,0.0,5.2232690608985175,0.25,0.0,0.9063269671749656,0.16666666666666666,0.0,0.6969320524371697,0.0,0.0,0.0,2.9166666666666665,0.0,5.773708884739019,0.0,0.0,0.0,0.0,0.0,0.0,-0.0027437193518510456,0.0,0.011967236589604708,0.0,0.0,0.0,0.9756135788579958,0.0,10.685484508669191,0.0,0.0,0.0,3.5666130117027715,0.0,10.327373222504797,2.0926401877819067,0.0,9.382768502188261,-0.1014739682805138,0.0,0.39464697034766166,0.9756135788579958,0.0,10.685484508669191,0.0,0.0,0.0
apache/cordova-osx,25,-0.04,0.0,0.19999999999999998,0.0,0.0,0.0,-0.24,0.0,1.920937271229855,-0.08,0.0,0.39999999999999997,0.0,0.0,0.0,-9.575,0.0,19.15,-0.16,0.0,6.128349424328435,-0.16,0.0,1.4910846164230027,-0.16,0.0,1.0279429296739517,-0.08,0.0,0.39999999999999997,-0.24,0.0,1.920937271229855,0.0,0.0,0.0,0.2,0.0,1.0,1.0,0.0,5.0,0.0,0.0,0.0,0.2,0.0,1.0,0.0,0.0,0.0,0.0,0.0,0.0,0.0,0.0,0.0,0.2,0.0,1.0,0.0,0.0,0.0,0.0,0.0,0.0,-1.6493055555555554,0.0,3.2986111111111107,-0.007265329845975055,0.0,0.01453065969195011,1.17044246614374,1.0559810768191085,2.245765623131606,-2.1846695485808394,-0.02906131938390022,4.330677346876127,6.450173387803282,2.1505376344086073,10.255507634822228,2.4385863514867605,2.3249055507120033,4.568351501376332,-2.311387277799132,-0.28249677782048543,4.252148340494442,1.17044246614374,1.0559810768191085,2.245765623131606,-0.007265329845975055,0.0,0.01453065969195011
apache/cordova-plugin-battery-status,22,0.0,0.0,0.0,0.0,0.0,0.0,-0.4090909090909091,0.0,2.1527190095781505,0.0,0.0,0.0,0.0,0.0,,0.0,0.0,,-2.772727272727273,0.0,13.005243697692237,-0.6818181818181818,0.0,3.1980107453341566,-0.36363636363636365,0.0,3.302891295379082,0.0,0.0,0.0,-0.4090909090909091,0.0,2.1527190095781505,0.0,0.0,0.0,0.045454545454545456,0.0,0.21320071635561041,0.22727272727272727,0.0,1.0660035817780522,0.0,0.0,0.0,0.045454545454545456,0.0,0.21320071635561041,0.0,0.0,0.0,0.0,0.0,0.0,0.0,0.0,0.0,0.045454545454545456,0.0,0.21320071635561041,0.0,0.0,0.0,0.0,0.0,0.0,0.0,0.0,,0.0,0.0,,12.987012987012974,12.987012987012974,,0.0,0.0,,0.0,0.0,,77.92207792207793,77.92207792207793,,0.0,0.0,,12.987012987012974,12.987012987012974,,0.0,0.0,
apache/cordova-plugin-camera,39,0.0,0.0,0.0,0.0,0.0,0.0,-0.10256410256410256,0.0,0.6405126152203484,0.0,0.0,0.0,0.0,0.0,0.0,0.0,0.0,0.0,-2.230769230769231,0.0,14.439458982541625,-0.46153846153846156,0.0,3.0508510792387606,-0.3333333333333333,0.0,2.251705007010574,0.0,0.0,0.0,-0.10256410256410256,0.0,0.6405126152203484,0.0,0.0,0.0,0.0,0.0,0.0,0.0,0.0,0.0,0.0,0.0,0.0,0.0,0.0,0.0,0.0,0.0,0.0,0.0,0.0,0.0,0.0,0.0,0.0,0.0,0.0,0.0,0.0,0.0,0.0,0.0,0.0,0.0,0.0,0.0,0.0,0.0,0.0,0.0,-3.031819647881837,0.0,5.731684699899262,0.0,0.0,0.0,1.339072214251549,1.4180374361883423,1.3013876312107422,2.056432329029169,1.915184678522536,2.1305705943599307,0.0,0.0,0.0,-3.031819647881837,0.0,5.731684699899262,0.0,0.0,0.0
apache/cordova-plugin-console,4,0.0,0.0,0.0,0.0,0.0,0.0,0.0,0.0,0.0,0.0,0.0,0.0,,,,,,,0.0,0.0,0.0,0.0,0.0,0.0,0.0,0.0,0.0,0.0,0.0,0.0,0.0,0.0,0.0,0.0,0.0,0.0,0.0,0.0,0.0,0.0,0.0,0.0,0.0,0.0,0.0,0.0,0.0,0.0,0.0,0.0,0.0,0.0,0.0,0.0,0.0,0.0,0.0,0.0,0.0,0.0,0.0,0.0,0.0,0.0,0.0,0.0,,,,,,,,,,,,,,,,,,,,,,,,,,,
apache/cordova-plugin-contacts,22,-0.18181818181818182,0.0,0.8528028654224417,0.0,0.0,0.0,-11.590909090909092,0.0,54.366182670680665,0.0,0.0,0.0,,,,,,,-66.68181818181819,0.0,312.7654508936805,-19.545454545454547,0.0,91.67630803291249,-18.545454545454547,0.0,86.98589227308905,-0.6363636363636364,0.0,2.984810028978546,-11.590909090909092,0.0,54.366182670680665,0.0,0.0,0.0,0.0,0.0,0.0,0.0,0.0,0.0,0.0,0.0,0.0,0.0,0.0,0.0,0.0,0.0,0.0,0.0,0.0,0.0,0.0,0.0,0.0,0.0,0.0,0.0,0.0,0.0,0.0,0.0,0.0,0.0,,,,,,,,,,,,,,,,,,,,,,,,,,,
apache/cordova-plugin-device,46,0.0,0.0,0.0,0.0,0.0,0.0,-1.6956521739130435,0.0,8.565744607232256,-0.021739130434782608,0.0,0.1474419561548971,0.0,0.0,0.0,0.0,0.0,0.0,-5.413043478260869,0.0,33.29970042371521,-1.2608695652173914,0.0,8.225798934811259,-1.326086956521739,0.0,8.493276681721285,0.0,0.0,0.0,-1.6956521739130435,0.0,8.565744607232256,0.0,0.0,0.0,0.0,0.0,0.0,0.13043478260869565,0.0,0.6185537128270866,0.0,0.0,0.0,0.0,0.0,0.0,0.0,0.0,0.0,0.0,0.0,0.0,0.0,0.0,0.0,0.0,0.0,0.0,0.0,0.0,0.0,0.0,0.0,0.0,0.0,0.0,0.0,0.0,0.0,0.0,-2.922148876244165,-2.2304989163141897,1.315783250119664,-0.014028295071158622,0.0,0.02429771980681479,7.747263485351918,6.9019211750099885,15.524731708008524,15.079064800499983,11.468131220672092,25.116307119999263,0.0,0.0,0.0,-2.922148876244165,-2.2304989163141897,1.315783250119664,0.0,0.0,0.0
apache/cordova-plugin-device-motion,15,0.0,0.0,0.0,0.0,0.0,0.0,-0.8666666666666667,0.0,3.3565855667130946,-0.2,0.0,0.7745966692414834,,,,,,,-4.333333333333333,0.0,16.782927833565473,-0.8666666666666667,0.0,3.3565855667130946,-0.5333333333333333,0.0,2.065591117977289,0.0,0.0,0.0,-0.8666666666666667,0.0,3.3565855667130946,0.0,0.0,0.0,0.0,0.0,0.0,0.0,0.0,0.0,0.0,0.0,0.0,0.0,0.0,0.0,0.0,0.0,0.0,0.0,0.0,0.0,0.0,0.0,0.0,0.0,0.0,0.0,0.0,0.0,0.0,0.0,0.0,0.0,,,,,,,,,,,,,,,,,,,,,,,,,,,
apache/cordova-plugin-device-orientation,21,0.0,0.0,0.0,0.0,0.0,0.0,-1.0,0.0,5.5677643628300215,0.0,0.0,0.0,,,,,,,-4.0,0.0,22.53219918250325,-0.7619047619047619,0.0,3.9737232151316464,-0.7142857142857143,0.0,3.2732683535398857,0.0,0.0,0.0,-1.0,0.0,5.5677643628300215,0.0,0.0,0.0,0.19047619047619047,0.0,0.8728715609439694,0.6666666666666666,0.0,3.055050463303893,0.0,0.0,0.0,0.09523809523809523,0.0,0.4364357804719847,0.0,0.0,0.0,0.09523809523809523,0.0,0.4364357804719847,0.0,0.0,0.0,0.19047619047619047,0.0,0.8728715609439694,0.0,0.0,0.0,0.0,0.0,0.0,,,,,,,,,,,,,,,,,,,,,,,,,,,
apache/cordova-plugin-dialogs,25,0.0,0.0,0.0,0.0,0.0,0.0,-1.28,0.0,7.743384273042376,0.0,0.0,0.0,0.0,0.0,0.0,0.0,0.0,0.0,-7.64,0.0,39.468215059716094,-1.6,0.0,9.768145508061735,-1.6,0.0,9.096702699330127,-0.04,0.0,0.2,-1.28,0.0,7.743384273042376,0.0,0.0,0.0,0.32,0.0,1.6,2.0,0.0,10.0,0.0,0.0,0.0,0.28,0.0,1.4000000000000001,0.0,0.0,0.0,0.04,0.0,0.2,0.0,0.0,0.0,0.32,0.0,1.6,0.0,0.0,0.0,0.0,0.0,0.0,0.0,0.0,0.0,0.0,0.0,0.0,13.472390462965691,13.472390462965691,19.05283731031202,0.0,0.0,0.0,18.022276715809383,18.022276715809383,17.67401355759209,9.823618045912497,9.823618045912497,13.892693872102535,-0.08863414778266909,-0.08863414778266909,0.1253476138836318,13.472390462965691,13.472390462965691,19.05283731031202,0.0,0.0,0.0
apache/cordova-plugin-file,35,0.0,0.0,1.212678125181665,0.0,0.0,0.0,0.0,0.0,51.90262375777526,0.0,0.0,0.0,,,,,,,0.0,0.0,247.1438019120233,0.0,0.0,73.00322313593622,0.0,0.0,46.56684000697593,0.0,0.0,2.6678918753996625,0.0,0.0,51.90262375777526,0.0,0.0,0.0,6.257142857142857,0.0,37.01775635710903,37.285714285714285,0.0,220.58526048414285,0.0,0.0,0.0,5.228571428571429,0.0,30.932645723063704,0.42857142857142855,0.0,2.5354627641855494,0.6,0.0,3.5496478698597698,0.0,0.0,0.0,6.114285714285714,0.0,36.17260210238051,0.14285714285714285,0.0,0.8451542547285167,0.0,0.0,0.0,,,,,,,,,,,,,,,,,,,,,,,,,,,
apache/cordova-plugin-file-transfer,39,0.0,0.0,0.0,0.0,0.0,0.0,0.0,0.0,0.0,0.0,0.0,0.0,0.0,0.0,,0.0,0.0,,0.10256410256410256,0.0,0.6405126152203484,0.02564102564102564,0.0,0.1601281538050871,0.1794871794871795,0.0,1.12089707663561,0.0,0.0,0.0,0.0,0.0,0.0,0.0,0.0,0.0,0.0,0.0,0.0,0.0,0.0,0.0,0.0,0.0,0.0,0.0,0.0,0.0,0.0,0.0,0.0,0.0,0.0,0.0,0.0,0.0,0.0,0.0,0.0,0.0,0.0,0.0,0.0,0.0,0.0,0.0,0.0,0.0,,0.0,0.0,,-2.893309222423113,-2.893309222423113,,-0.025379905459852026,-0.025379905459852026,,0.09517464547445798,0.09517464547445798,,14.472891088480708,14.472891088480708,,-0.15227943275911215,-0.15227943275911215,,-2.893309222423113,-2.893309222423113,,0.0,0.0,
apache/cordova-plugin-geolocation,31,0.0,0.0,0.0,0.0,0.0,0.0,-0.03225806451612903,0.0,0.1796053020267749,0.0,0.0,0.0,,,,,,,-4.516129032258065,0.0,25.144742283748485,-1.096774193548387,0.0,6.1065802689103466,-0.6774193548387096,0.0,3.771711342562273,0.0,0.0,0.0,-0.03225806451612903,0.0,0.1796053020267749,0.0,0.0,0.0,0.0,0.0,0.0,0.0,0.0,0.0,0.0,0.0,0.0,0.0,0.0,0.0,0.0,0.0,0.0,0.0,0.0,0.0,0.0,0.0,0.0,0.0,0.0,0.0,0.0,0.0,0.0,0.0,0.0,0.0,,,,,,,,,,,,,,,,,,,,,,,,,,,
apache/cordova-plugin-globalization,8,0.0,0.0,0.0,0.0,0.0,0.0,0.0,0.0,0.0,0.0,0.0,0.0,,,,0.0,0.0,,0.0,0.0,0.0,0.0,0.0,0.0,0.0,0.0,0.0,0.0,0.0,0.0,0.0,0.0,0.0,0.0,0.0,0.0,0.0,0.0,0.0,0.0,0.0,0.0,0.0,0.0,0.0,0.0,0.0,0.0,0.0,0.0,0.0,0.0,0.0,0.0,0.0,0.0,0.0,0.0,0.0,0.0,0.0,0.0,0.0,0.0,0.0,0.0,,,,,,,,,,,,,,,,,,,,,,,,,,,
apache/cordova-plugin-inappbrowser,28,0.0,0.0,0.0,0.0,0.0,0.0,0.42857142857142855,0.0,2.267786838055364,0.0,0.0,0.0,,,,,,,6.428571428571429,0.0,34.01680257083045,1.3214285714285714,0.0,6.992342750670704,1.2142857142857142,0.0,6.425396041156862,0.0,0.0,0.0,0.42857142857142855,0.0,2.267786838055364,0.0,0.0,0.0,0.42857142857142855,0.0,2.267786838055364,8.321428571428571,0.0,44.032861105574966,0.0,0.0,0.0,0.0,0.0,0.0,0.03571428571428571,0.0,0.1889822365046136,0.39285714285714285,0.0,2.0788046015507495,0.0,0.0,0.0,0.42857142857142855,0.0,2.267786838055364,0.0,0.0,0.0,0.0,0.0,0.0,,,,,,,,,,,,,,,,,,,,,,,,,,,
apache/cordova-plugin-media,44,0.0,0.0,0.0,0.0,0.0,0.0,0.0,0.0,0.0,0.0,0.0,0.0,,,,,,,0.0,0.0,0.0,0.0,0.0,0.0,0.0,0.0,0.0,0.0,0.0,0.0,0.0,0.0,0.0,0.0,0.0,0.0,0.0,0.0,0.0,0.0,0.0,0.0,0.0,0.0,0.0,0.0,0.0,0.0,0.0,0.0,0.0,0.0,0.0,0.0,0.0,0.0,0.0,0.0,0.0,0.0,0.0,0.0,0.0,0.0,0.0,0.0,,,,,,,,,,,,,,,,,,,,,,,,,,,
apache/cordova-plugin-media-capture,39,0.0,0.0,0.0,0.0,0.0,0.0,0.0,0.0,0.0,0.0,0.0,0.0,0.0,0.0,,0.0,0.0,,0.0,0.0,0.0,0.0,0.0,0.0,0.0,0.0,0.0,0.0,0.0,0.0,0.0,0.0,0.0,0.0,0.0,0.0,0.0,0.0,0.0,0.0,0.0,0.0,0.0,0.0,0.0,0.0,0.0,0.0,0.0,0.0,0.0,0.0,0.0,0.0,0.0,0.0,0.0,0.0,0.0,0.0,0.0,0.0,0.0,0.0,0.0,0.0,0.0,0.0,,0.0,0.0,,0.0,0.0,,0.0,0.0,,0.0,0.0,,0.0,0.0,,0.0,0.0,,0.0,0.0,,0.0,0.0,
apache/cordova-plugin-network-information,26,0.0,0.0,0.0,0.0,0.0,0.0,0.0,0.0,0.0,0.0,0.0,0.0,0.0,0.0,,0.0,0.0,,0.0,0.0,0.0,0.0,0.0,0.0,0.0,0.0,0.0,0.0,0.0,0.0,0.0,0.0,0.0,0.0,0.0,0.0,0.0,0.0,0.0,0.0,0.0,0.0,0.0,0.0,0.0,0.0,0.0,0.0,0.0,0.0,0.0,0.0,0.0,0.0,0.0,0.0,0.0,0.0,0.0,0.0,0.0,0.0,0.0,0.0,0.0,0.0,0.0,0.0,,0.0,0.0,,0.0,0.0,,0.0,0.0,,0.0,0.0,,0.0,0.0,,0.0,0.0,,0.0,0.0,,0.0,0.0,
apache/cordova-plugin-screen-orientation,34,0.0,0.0,0.0,0.0,0.0,0.0,-0.20588235294117646,0.0,1.950592944267101,0.0,0.0,0.0,0.0,0.0,,0.0,0.0,,-0.9705882352941176,0.0,9.82108212922325,-0.20588235294117646,0.0,2.0117746088090587,-0.17647058823529413,0.0,1.7139461509042933,0.0,0.0,0.0,-0.20588235294117646,0.0,1.950592944267101,0.0,0.0,0.0,0.20588235294117646,0.0,0.9138467401745377,0.8529411764705882,0.0,4.3214219947884045,0.0,0.0,0.0,0.11764705882352941,0.0,0.6859943405700354,0.029411764705882353,0.0,0.17149858514250885,0.058823529411764705,0.0,0.34299717028501764,0.0,0.0,0.0,0.20588235294117646,0.0,0.9138467401745377,0.0,0.0,0.0,0.0,0.0,0.0,0.0,0.0,,0.0,0.0,,44.59203036053131,44.59203036053131,,0.0,0.0,,12.333965844402258,12.333965844402258,,15.180265654648963,15.180265654648963,,0.0,0.0,,44.59203036053131,44.59203036053131,,0.0,0.0,
apache/cordova-plugin-splashscreen,39,0.0,0.0,0.0,0.0,0.0,0.0,-0.717948717948718,0.0,3.568493106331092,0.0,0.0,0.0,0.0,0.0,,0.0,0.0,,-4.0,0.0,19.173721051151453,-0.9230769230769231,0.0,4.438969862625285,-0.3333333333333333,0.0,1.7819760370137496,-0.02564102564102564,0.0,0.1601281538050871,-0.717948717948718,0.0,3.568493106331092,0.0,0.0,0.0,0.0,0.0,0.0,0.0,0.0,0.0,0.0,0.0,0.0,0.0,0.0,0.0,0.0,0.0,0.0,0.0,0.0,0.0,0.0,0.0,0.0,0.0,0.0,0.0,0.0,0.0,0.0,0.0,0.0,0.0,0.0,0.0,,0.0,0.0,,0.0,0.0,,0.0,0.0,,0.0,0.0,,0.0,0.0,,0.0,0.0,,0.0,0.0,,0.0,0.0,
apache/cordova-plugin-statusbar,42,0.0,0.0,0.0,0.0,0.0,0.0,-0.2619047619047619,0.0,1.697336849583011,0.0,0.0,0.0,0.0,0.0,0.0,0.0,0.0,0.0,-1.7857142857142858,0.0,10.407632551690632,-0.5238095238095238,0.0,3.2553003326140035,-0.21428571428571427,0.0,1.5544697831158407,-0.07142857142857142,0.0,0.4629100498862758,-0.2619047619047619,0.0,1.697336849583011,0.0,0.0,0.0,0.0,0.0,0.0,0.0,0.0,0.0,0.0,0.0,0.0,0.0,0.0,0.0,0.0,0.0,0.0,0.0,0.0,0.0,0.0,0.0,0.0,0.0,0.0,0.0,0.0,0.0,0.0,0.0,0.0,0.0,0.0,0.0,0.0,0.0,0.0,0.0,3.9511494252873596,0.0,6.843591552894276,0.0,0.0,0.0,15.3847589192417,5.928853754940718,17.163535034486543,19.102664576802514,11.853448275862078,21.679872269340724,1.0775862068965527,0.0,1.8664340598802576,3.9511494252873596,0.0,6.843591552894276,0.0,0.0,0.0
apache/cordova-plugin-test-framework,11,0.0,0.0,0.0,0.0,0.0,0.0,0.6363636363636364,0.0,2.1105794120443453,0.0,0.0,0.0,0.0,0.0,,0.0,0.0,0.0,0.5454545454545454,0.0,1.8090680674665818,0.0,0.0,0.0,0.0,0.0,0.0,0.0,0.0,0.0,0.6363636363636364,0.0,2.1105794120443453,0.0,0.0,0.0,0.9090909090909091,0.0,3.015113445777636,4.545454545454546,0.0,15.075567228888183,0.0,0.0,0.0,0.09090909090909091,0.0,0.30151134457776363,0.18181818181818182,0.0,0.6030226891555273,0.6363636363636364,0.0,2.1105794120443453,0.0,0.0,0.0,0.9090909090909091,0.0,3.015113445777636,0.0,0.0,0.0,0.0,0.0,0.0,0.0,0.0,0.0,0.0,0.0,0.0,-2.065162697081508,-2.065162697081508,21.18533190027626,0.0,0.0,0.0,0.0,0.0,0.0,0.0,0.0,0.0,0.0,0.0,0.0,-2.065162697081508,-2.065162697081508,21.18533190027626,0.0,0.0,0.0
apache/cordova-plugin-whitelist,9,0.0,0.0,0.0,0.0,0.0,0.0,0.0,0.0,0.0,0.0,0.0,0.0,,,,,,,0.0,0.0,0.0,0.0,0.0,0.0,0.0,0.0,0.0,0.0,0.0,0.0,0.0,0.0,0.0,0.0,0.0,0.0,0.0,0.0,0.0,0.0,0.0,0.0,0.0,0.0,0.0,0.0,0.0,0.0,0.0,0.0,0.0,0.0,0.0,0.0,0.0,0.0,0.0,0.0,0.0,0.0,0.0,0.0,0.0,0.0,0.0,0.0,,,,,,,,,,,,,,,,,,,,,,,,,,,
apache/cordova-plugin-wkwebview-engine,17,0.0,0.0,0.0,0.0,0.0,0.0,0.23529411764705882,0.0,0.7524469885568252,0.0,0.0,0.0,0.0,0.0,0.0,0.0,0.0,0.0,0.5294117647058824,0.0,2.294494689981422,0.0,0.0,0.3535533905932738,0.0,0.0,0.0,0.0,0.0,0.0,0.23529411764705882,0.0,0.7524469885568252,0.0,0.0,0.0,0.9411764705882353,0.0,2.4101501051618683,3.6470588235294117,0.0,8.688650473970256,0.0,0.0,0.0,0.17647058823529413,0.0,0.5285941398709243,0.35294117647058826,0.0,0.7018882096342192,0.4117647058823529,0.0,1.4602578338007541,0.0,0.0,0.0,0.9411764705882353,0.0,2.4101501051618683,0.0,0.0,0.0,0.0,0.0,0.0,0.0,0.0,0.0,0.0,0.0,0.0,3.7706363777363308,0.0,17.017430169397077,0.0,0.0,0.0,-5.855465100760725,-1.446400528969349,11.946746481453214,-3.0028026157747263,-1.65302917596496,6.58437357800962,-0.15014013078873623,-0.08265145879824765,0.3292186789004806,3.7706363777363308,0.0,17.017430169397077,0.0,0.0,0.0
apache/cordova-plugman,29,0.0,0.0,0.0,0.0,0.0,0.0,-0.4482758620689655,0.0,1.6165705962347694,0.0,0.0,0.0,0.0,0.0,0.0,0.0,0.0,0.0,-3.206896551724138,0.0,14.695430072802585,-1.1379310344827587,0.0,5.0123001415876525,-0.3103448275862069,0.0,1.6279577099601572,0.0,0.0,0.0,-0.4482758620689655,0.0,1.6165705962347694,0.0,0.0,0.0,0.13793103448275862,0.0,0.7427813527082074,0.6896551724137931,0.0,3.713906763541037,0.0,0.0,0.0,0.06896551724137931,0.0,0.3713906763541037,0.0,0.0,0.0,0.06896551724137931,0.0,0.3713906763541037,0.0,0.0,0.0,0.13793103448275862,0.0,0.7427813527082074,0.0,0.0,0.0,0.0,0.0,0.0,0.0,0.0,0.0,0.0,0.0,0.0,-31.58945118303357,0.0,137.39687936634243,0.0,0.0,0.0,-2.459539811489297,0.0,6.4747929545278105,-1.8286061982742257,0.0,5.520894433010644,-0.004022940820026173,0.0,0.010643700948919506,-31.58945118303357,0.0,137.39687936634243,0.0,0.0,0.0
apache/cordova-serve,44,0.0,0.0,0.0,0.0,0.0,0.0,-0.75,0.0,4.477982311420552,0.0,0.0,0.0,0.0,0.0,0.0,0.0,0.0,0.0,-0.06818181818181818,0.0,1.5157733044091417,0.022727272727272728,0.0,0.3402212934859108,0.022727272727272728,0.0,0.26313285738244374,0.0,0.0,0.0,-0.75,0.0,4.477982311420552,0.0,0.0,0.0,0.1590909090909091,0.0,0.4794949774542018,2.159090909090909,0.0,9.964922622643103,0.0,0.0,0.0,0.09090909090909091,0.0,0.36204726777242763,0.022727272727272728,0.0,0.1507556722888818,0.045454545454545456,0.0,0.21070705494148545,0.0,0.0,0.0,0.1590909090909091,0.0,0.4794949774542018,0.0,0.0,0.0,0.0,0.0,0.0,0.0,0.0,0.0,0.0,0.0,0.0,-10.360033623656786,0.0,40.5112835245503,-0.007084244773687231,0.0,0.10137285837664378,-1.3292008959615202,0.0,10.66016782045554,-0.9327097349624992,0.0,10.695920701476435,-0.004650264934820658,0.0,0.07467404063900034,-10.360838005941975,0.0,40.49643074788012,0.0,0.0,0.0
apache/cordova-status,1,0.0,0.0,,0.0,0.0,,0.0,0.0,,0.0,0.0,,,,,,,,0.0,0.0,,0.0,0.0,,0.0,0.0,,0.0,0.0,,0.0,0.0,,0.0,0.0,,0.0,0.0,,0.0,0.0,,0.0,0.0,,0.0,0.0,,0.0,0.0,,0.0,0.0,,0.0,0.0,,0.0,0.0,,0.0,0.0,,0.0,0.0,,,,,,,,,,,,,,,,,,,,,,,,,,,,
apache/cordova-template-reference,1,0.0,0.0,,0.0,0.0,,0.0,0.0,,0.0,0.0,,,,,,,,0.0,0.0,,0.0,0.0,,0.0,0.0,,0.0,0.0,,0.0,0.0,,0.0,0.0,,0.0,0.0,,0.0,0.0,,0.0,0.0,,0.0,0.0,,0.0,0.0,,0.0,0.0,,0.0,0.0,,0.0,0.0,,0.0,0.0,,0.0,0.0,,,,,,,,,,,,,,,,,,,,,,,,,,,,
apache/cordova-test-platform,9,0.0,0.0,0.0,0.0,0.0,0.0,-1.1111111111111112,0.0,2.9767618499152917,0.0,0.0,0.0,0.0,0.0,,0.0,0.0,,-10.777777777777779,0.0,31.96004450003855,-1.6666666666666667,0.0,5.0,-0.2222222222222222,0.0,0.6666666666666667,0.0,0.0,0.0,-1.1111111111111112,0.0,2.9767618499152917,0.0,0.0,0.0,0.0,0.0,0.0,0.0,0.0,0.0,0.0,0.0,0.0,0.0,0.0,0.0,0.0,0.0,0.0,0.0,0.0,0.0,0.0,0.0,0.0,0.0,0.0,0.0,0.0,0.0,0.0,0.0,0.0,0.0,0.0,0.0,,0.0,0.0,,-10.725830149867761,-10.725830149867761,,0.0,0.0,,2.2039377020276163,2.2039377020276163,,0.2938583602703524,0.2938583602703524,,0.0,0.0,,-10.725830149867761,-10.725830149867761,,0.0,0.0,
apache/cordova-ubuntu,3,0.0,0.0,0.0,0.0,0.0,0.0,0.0,0.0,0.0,0.0,0.0,0.0,,,,,,,0.0,0.0,0.0,0.0,0.0,0.0,0.0,0.0,0.0,0.0,0.0,0.0,0.0,0.0,0.0,0.0,0.0,0.0,0.0,0.0,0.0,0.0,0.0,0.0,0.0,0.0,0.0,0.0,0.0,0.0,0.0,0.0,0.0,0.0,0.0,0.0,0.0,0.0,0.0,0.0,0.0,0.0,0.0,0.0,0.0,0.0,0.0,0.0,,,,,,,,,,,,,,,,,,,,,,,,,,,
apache/cordova-weinre,1,0.0,0.0,,0.0,0.0,,0.0,0.0,,0.0,0.0,,,,,,,,0.0,0.0,,0.0,0.0,,0.0,0.0,,0.0,0.0,,0.0,0.0,,0.0,0.0,,0.0,0.0,,0.0,0.0,,0.0,0.0,,0.0,0.0,,0.0,0.0,,0.0,0.0,,0.0,0.0,,0.0,0.0,,0.0,0.0,,0.0,0.0,,,,,,,,,,,,,,,,,,,,,,,,,,,,
apache/cordova-windows,45,0.0,0.0,0.0,0.0,0.0,0.0,0.6,0.0,2.3683519394488033,0.0,0.0,0.0,0.0,0.0,0.0,0.13666666666666666,0.0,1.1037501383085269,3.022222222222222,0.0,11.608165012158251,0.6888888888888889,0.0,2.8108735476734097,0.4888888888888889,0.0,1.9261622491630888,0.0,0.0,0.0,0.6,0.0,2.3683519394488033,0.0,0.0,0.0,0.9111111111111111,0.0,2.5300217589993372,6.888888888888889,0.0,21.67132816987608,0.0,0.0,0.0,0.7111111111111111,0.0,2.1702767127951703,0.06666666666666667,0.0,0.2522624895547565,0.13333333333333333,0.0,0.504524979109513,0.0,0.0,0.0,0.9111111111111111,0.0,2.5300217589993372,0.0,0.0,0.0,0.0,0.0,0.0,-0.005931060114372411,0.0,0.02113527233357907,0.0,0.0,0.0,-1.994609289032231,0.0,15.684938736900236,-0.5804072028504803,0.0,1.7937639143118285,0.13546283545834967,0.0,3.97821197044041,1.6214480939887759,0.0,3.942225722785873,-0.019422778950718082,0.0,0.06274677982803616,-1.994609289032231,0.0,15.684938736900236,0.0,0.0,0.0
apache/cordova-wp7,1,0.0,0.0,,0.0,0.0,,0.0,0.0,,0.0,0.0,,,,,0.0,0.0,,0.0,0.0,,0.0,0.0,,0.0,0.0,,0.0,0.0,,0.0,0.0,,0.0,0.0,,0.0,0.0,,0.0,0.0,,0.0,0.0,,0.0,0.0,,0.0,0.0,,0.0,0.0,,0.0,0.0,,0.0,0.0,,0.0,0.0,,0.0,0.0,,,,,,,,,,,,,,,,,,,,,,,,,,,,
apache/cordova-wp8,4,1.0,1.0,1.1547005383792515,0.0,0.0,0.0,818.0,818.0,944.5450403942277,4.0,4.0,4.618802153517006,0.0,0.0,0.0,64.0,96.0,55.42562584220407,3728.0,3728.0,4304.72360707785,1157.0,1157.0,1335.988522904794,2222.0,2222.0,2565.744596278697,8.0,8.0,9.237604307034012,818.0,818.0,944.5450403942277,0.0,0.0,0.0,819.0,819.0,945.699740932607,4673.0,4673.0,5395.915615846242,0.0,0.0,0.0,481.0,481.0,555.41095896042,161.0,161.0,185.9067866790595,170.0,170.0,196.29909152447277,7.0,7.0,8.082903768654761,818.0,818.0,944.5450403942277,1.0,1.0,1.1547005383792515,0.0,0.0,0.0,-26.62665334492373,-26.62665334492373,0.0,0.0,0.0,0.0,30.082130709382795,30.082130709382795,0.0,1.067663152275457,1.067663152275457,0.0,201.24729026370557,201.24729026370557,0.0,512.4061736900386,512.4061736900386,0.0,-24.75824282844168,-24.75824282844168,0.0,30.082130709382795,30.082130709382795,0.0,0.0,0.0,0.0
apache/couchdb,26,0.0,0.0,0.0,0.0,0.0,0.0,0.0,0.0,0.0,0.0,0.0,0.0,,,,,,,0.0,0.0,0.0,0.0,0.0,0.0,0.0,0.0,0.0,0.0,0.0,0.0,0.0,0.0,0.0,0.0,0.0,0.0,0.0,0.0,0.0,0.0,0.0,0.0,0.0,0.0,0.0,0.0,0.0,0.0,0.0,0.0,0.0,0.0,0.0,0.0,0.0,0.0,0.0,0.0,0.0,0.0,0.0,0.0,0.0,0.0,0.0,0.0,,,,,,,,,,,,,,,,,,,,,,,,,,,
apache/couchdb-b64url,4,0.0,0.0,0.0,0.0,0.0,0.0,0.0,0.0,0.0,0.0,0.0,0.0,,,,,,,0.0,0.0,0.0,0.0,0.0,0.0,0.0,0.0,0.0,0.0,0.0,0.0,0.0,0.0,0.0,0.0,0.0,0.0,0.0,0.0,0.0,0.0,0.0,0.0,0.0,0.0,0.0,0.0,0.0,0.0,0.0,0.0,0.0,0.0,0.0,0.0,0.0,0.0,0.0,0.0,0.0,0.0,0.0,0.0,0.0,0.0,0.0,0.0,,,,,,,,,,,,,,,,,,,,,,,,,,,
apache/couchdb-cassim,2,0.0,0.0,0.0,0.0,0.0,0.0,0.0,0.0,0.0,0.0,0.0,0.0,,,,,,,0.0,0.0,0.0,0.0,0.0,0.0,0.0,0.0,0.0,0.0,0.0,0.0,0.0,0.0,0.0,0.0,0.0,0.0,0.0,0.0,0.0,0.0,0.0,0.0,0.0,0.0,0.0,0.0,0.0,0.0,0.0,0.0,0.0,0.0,0.0,0.0,0.0,0.0,0.0,0.0,0.0,0.0,0.0,0.0,0.0,0.0,0.0,0.0,,,,,,,,,,,,,,,,,,,,,,,,,,,
apache/couchdb-chttpd,44,0.0,0.0,0.0,0.0,0.0,0.0,0.0,0.0,0.0,0.0,0.0,0.0,,,,,,,0.0,0.0,0.0,0.0,0.0,0.0,0.0,0.0,0.0,0.0,0.0,0.0,0.0,0.0,0.0,0.0,0.0,0.0,0.0,0.0,0.0,0.0,0.0,0.0,0.0,0.0,0.0,0.0,0.0,0.0,0.0,0.0,0.0,0.0,0.0,0.0,0.0,0.0,0.0,0.0,0.0,0.0,0.0,0.0,0.0,0.0,0.0,0.0,,,,,,,,,,,,,,,,,,,,,,,,,,,
apache/couchdb-ci,60,0.0,0.0,0.0,0.0,0.0,0.0,0.0,0.0,0.0,0.0,0.0,0.0,,,,,,,0.0,0.0,0.0,0.0,0.0,0.0,0.0,0.0,0.0,0.0,0.0,0.0,0.0,0.0,0.0,0.0,0.0,0.0,0.0,0.0,0.0,0.0,0.0,0.0,0.0,0.0,0.0,0.0,0.0,0.0,0.0,0.0,0.0,0.0,0.0,0.0,0.0,0.0,0.0,0.0,0.0,0.0,0.0,0.0,0.0,0.0,0.0,0.0,,,,,,,,,,,,,,,,,,,,,,,,,,,
apache/couchdb-config,26,0.0,0.0,0.0,0.0,0.0,0.0,0.0,0.0,0.0,0.0,0.0,0.0,,,,,,,0.0,0.0,0.0,0.0,0.0,0.0,0.0,0.0,0.0,0.0,0.0,0.0,0.0,0.0,0.0,0.0,0.0,0.0,0.0,0.0,0.0,0.0,0.0,0.0,0.0,0.0,0.0,0.0,0.0,0.0,0.0,0.0,0.0,0.0,0.0,0.0,0.0,0.0,0.0,0.0,0.0,0.0,0.0,0.0,0.0,0.0,0.0,0.0,,,,,,,,,,,,,,,,,,,,,,,,,,,
apache/couchdb-couch,70,0.0,0.0,0.0,0.0,0.0,0.0,0.0,0.0,0.0,0.0,0.0,0.0,,,,,,,0.0,0.0,0.0,0.0,0.0,0.0,0.0,0.0,0.0,0.0,0.0,0.0,0.0,0.0,0.0,0.0,0.0,0.0,0.0,0.0,0.0,0.0,0.0,0.0,0.0,0.0,0.0,0.0,0.0,0.0,0.0,0.0,0.0,0.0,0.0,0.0,0.0,0.0,0.0,0.0,0.0,0.0,0.0,0.0,0.0,0.0,0.0,0.0,,,,,,,,,,,,,,,,,,,,,,,,,,,
apache/couchdb-couch-epi,2,0.0,0.0,0.0,0.0,0.0,0.0,0.0,0.0,0.0,0.0,0.0,0.0,,,,,,,0.0,0.0,0.0,0.0,0.0,0.0,0.0,0.0,0.0,0.0,0.0,0.0,0.0,0.0,0.0,0.0,0.0,0.0,0.0,0.0,0.0,0.0,0.0,0.0,0.0,0.0,0.0,0.0,0.0,0.0,0.0,0.0,0.0,0.0,0.0,0.0,0.0,0.0,0.0,0.0,0.0,0.0,0.0,0.0,0.0,0.0,0.0,0.0,,,,,,,,,,,,,,,,,,,,,,,,,,,
apache/couchdb-couch-index,5,0.0,0.0,0.0,0.0,0.0,0.0,0.0,0.0,0.0,0.0,0.0,0.0,,,,,,,0.0,0.0,0.0,0.0,0.0,0.0,0.0,0.0,0.0,0.0,0.0,0.0,0.0,0.0,0.0,0.0,0.0,0.0,0.0,0.0,0.0,0.0,0.0,0.0,0.0,0.0,0.0,0.0,0.0,0.0,0.0,0.0,0.0,0.0,0.0,0.0,0.0,0.0,0.0,0.0,0.0,0.0,0.0,0.0,0.0,0.0,0.0,0.0,,,,,,,,,,,,,,,,,,,,,,,,,,,
apache/couchdb-couch-log,4,0.0,0.0,0.0,0.0,0.0,0.0,0.0,0.0,0.0,0.0,0.0,0.0,,,,,,,0.0,0.0,0.0,0.0,0.0,0.0,0.0,0.0,0.0,0.0,0.0,0.0,0.0,0.0,0.0,0.0,0.0,0.0,0.0,0.0,0.0,0.0,0.0,0.0,0.0,0.0,0.0,0.0,0.0,0.0,0.0,0.0,0.0,0.0,0.0,0.0,0.0,0.0,0.0,0.0,0.0,0.0,0.0,0.0,0.0,0.0,0.0,0.0,,,,,,,,,,,,,,,,,,,,,,,,,,,
apache/couchdb-couch-mrview,24,0.0,0.0,0.0,0.0,0.0,0.0,0.0,0.0,0.0,0.0,0.0,0.0,,,,,,,0.0,0.0,0.0,0.0,0.0,0.0,0.0,0.0,0.0,0.0,0.0,0.0,0.0,0.0,0.0,0.0,0.0,0.0,0.0,0.0,0.0,0.0,0.0,0.0,0.0,0.0,0.0,0.0,0.0,0.0,0.0,0.0,0.0,0.0,0.0,0.0,0.0,0.0,0.0,0.0,0.0,0.0,0.0,0.0,0.0,0.0,0.0,0.0,,,,,,,,,,,,,,,,,,,,,,,,,,,
apache/couchdb-couch-replicator,26,0.0,0.0,0.0,0.0,0.0,0.0,0.0,0.0,0.0,0.0,0.0,0.0,,,,,,,0.0,0.0,0.0,0.0,0.0,0.0,0.0,0.0,0.0,0.0,0.0,0.0,0.0,0.0,0.0,0.0,0.0,0.0,0.0,0.0,0.0,0.0,0.0,0.0,0.0,0.0,0.0,0.0,0.0,0.0,0.0,0.0,0.0,0.0,0.0,0.0,0.0,0.0,0.0,0.0,0.0,0.0,0.0,0.0,0.0,0.0,0.0,0.0,,,,,,,,,,,,,,,,,,,,,,,,,,,
apache/couchdb-docker,44,0.0,0.0,0.0,0.0,0.0,0.0,0.22727272727272727,0.0,1.1177975929361204,0.1590909090909091,0.0,0.64495111832736,,,,0.0,0.0,0.0,7.818181818181818,0.0,34.412188705472616,0.0,0.0,0.0,0.0,0.0,0.0,0.0,0.0,0.0,0.22727272727272727,0.0,1.1177975929361204,0.0,0.0,0.0,0.2727272727272727,0.0,1.086141803317283,1.2954545454545454,0.0,5.1380004501549825,0.0,0.0,0.0,0.0,0.0,0.0,0.11363636363636363,0.0,0.49254484347415617,0.1590909090909091,0.0,0.6800540955973203,0.0,0.0,0.0,0.2727272727272727,0.0,1.086141803317283,0.0,0.0,0.0,0.0,0.0,0.0,0.0,0.0,0.0,0.0,0.0,0.0,-0.7984867973240737,0.0,4.635608931762197,0.1185187800030027,0.0,0.9071737238950549,0.0,0.0,0.0,0.0,0.0,0.0,0.0,0.0,0.0,-0.7984867973240737,0.0,4.635608931762197,0.0,0.0,0.0
apache/couchdb-documentation,54,0.0,0.0,0.0,0.0,0.0,0.0,-0.037037037037037035,0.0,0.19062587709298626,-0.037037037037037035,0.0,0.19062587709298626,0.0,0.0,0.0,0.0,0.0,0.0,-2.6296296296296298,0.0,13.534437273602025,-0.037037037037037035,0.0,0.19062587709298626,0.0,0.0,0.0,0.0,0.0,0.0,-0.037037037037037035,0.0,0.19062587709298626,0.0,0.0,0.0,0.0,0.0,0.0,0.0,0.0,0.0,0.0,0.0,0.0,0.0,0.0,0.0,0.0,0.0,0.0,0.0,0.0,0.0,0.0,0.0,0.0,0.0,0.0,0.0,0.0,0.0,0.0,0.0,0.0,0.0,0.0,0.0,0.0,0.0,0.0,0.0,0.0,0.0,0.0,0.0,0.0,0.0,0.0,0.0,0.0,0.0,0.0,0.0,0.0,0.0,0.0,0.0,0.0,0.0,0.0,0.0,0.0
apache/couchdb-erlang-tests,1,0.0,0.0,,0.0,0.0,,0.0,0.0,,0.0,0.0,,,,,,,,0.0,0.0,,0.0,0.0,,0.0,0.0,,0.0,0.0,,0.0,0.0,,0.0,0.0,,0.0,0.0,,0.0,0.0,,0.0,0.0,,0.0,0.0,,0.0,0.0,,0.0,0.0,,0.0,0.0,,0.0,0.0,,0.0,0.0,,0.0,0.0,,,,,,,,,,,,,,,,,,,,,,,,,,,,
apache/couchdb-erlfdb,30,0.0,0.0,0.0,0.0,0.0,0.0,0.0,0.0,0.0,0.0,0.0,0.0,,,,,,,0.0,0.0,0.0,0.0,0.0,0.0,0.0,0.0,0.0,0.0,0.0,0.0,0.0,0.0,0.0,0.0,0.0,0.0,0.0,0.0,0.0,0.0,0.0,0.0,0.0,0.0,0.0,0.0,0.0,0.0,0.0,0.0,0.0,0.0,0.0,0.0,0.0,0.0,0.0,0.0,0.0,0.0,0.0,0.0,0.0,0.0,0.0,0.0,,,,,,,,,,,,,,,,,,,,,,,,,,,
apache/couchdb-ets-lru,4,0.0,0.0,0.0,0.0,0.0,0.0,0.0,0.0,0.0,0.0,0.0,0.0,,,,,,,0.0,0.0,0.0,0.0,0.0,0.0,0.0,0.0,0.0,0.0,0.0,0.0,0.0,0.0,0.0,0.0,0.0,0.0,0.0,0.0,0.0,0.0,0.0,0.0,0.0,0.0,0.0,0.0,0.0,0.0,0.0,0.0,0.0,0.0,0.0,0.0,0.0,0.0,0.0,0.0,0.0,0.0,0.0,0.0,0.0,0.0,0.0,0.0,,,,,,,,,,,,,,,,,,,,,,,,,,,
apache/couchdb-fabric,40,0.0,0.0,0.0,0.0,0.0,0.0,0.0,0.0,0.0,0.0,0.0,0.0,,,,,,,0.0,0.0,0.0,0.0,0.0,0.0,0.0,0.0,0.0,0.0,0.0,0.0,0.0,0.0,0.0,0.0,0.0,0.0,0.0,0.0,0.0,0.0,0.0,0.0,0.0,0.0,0.0,0.0,0.0,0.0,0.0,0.0,0.0,0.0,0.0,0.0,0.0,0.0,0.0,0.0,0.0,0.0,0.0,0.0,0.0,0.0,0.0,0.0,,,,,,,,,,,,,,,,,,,,,,,,,,,
apache/couchdb-fauxton,38,0.0,0.0,0.0,0.0,0.0,0.0,0.47368421052631576,0.0,2.6070262867381975,-0.7631578947368421,0.0,3.914175281787673,0.0,0.0,0.0,0.0,0.0,0.0,3.3157894736842106,0.0,10.264357810003416,0.7894736842105263,0.0,2.5165172709449934,0.6578947368421053,0.0,2.1216555976658147,0.5789473684210527,0.0,3.406127855810469,0.47368421052631576,0.0,2.6070262867381975,0.0,0.0,0.0,0.868421052631579,0.0,4.8611590911854625,4.368421052631579,0.0,24.307068322044064,0.0,0.0,0.0,0.02631578947368421,0.0,0.16222142113076252,0.8157894736842105,0.0,4.864961671235335,0.02631578947368421,0.0,0.16222142113076252,0.0,0.0,0.0,0.868421052631579,0.0,4.8611590911854625,0.0,0.0,0.0,0.0,0.0,0.0,-0.024447615540432822,0.0,0.07947875236219643,0.0,0.0,0.0,-2.4780389799835763,0.0,9.557915699864022,-7.445803626760809,0.0,19.391009643187942,1.5400611811868183,0.0,5.364498680777567,5.923384274500906,0.0,18.451983646502903,1.113931299066525,0.0,7.335762947259838,-2.482075828844586,0.0,9.556602366758788,0.0,0.0,0.0
apache/couchdb-folsom,2,0.0,0.0,0.0,0.0,0.0,0.0,0.0,0.0,0.0,0.0,0.0,0.0,,,,,,,0.0,0.0,0.0,0.0,0.0,0.0,0.0,0.0,0.0,0.0,0.0,0.0,0.0,0.0,0.0,0.0,0.0,0.0,0.0,0.0,0.0,0.0,0.0,0.0,0.0,0.0,0.0,0.0,0.0,0.0,0.0,0.0,0.0,0.0,0.0,0.0,0.0,0.0,0.0,0.0,0.0,0.0,0.0,0.0,0.0,0.0,0.0,0.0,,,,,,,,,,,,,,,,,,,,,,,,,,,
apache/couchdb-glazier,34,0.0,0.0,0.0,0.0,0.0,0.0,0.0,0.0,0.0,0.0,0.0,0.0,,,,0.0,0.0,,0.0,0.0,0.0,0.0,0.0,0.0,0.0,0.0,0.0,0.0,0.0,0.0,0.0,0.0,0.0,0.0,0.0,0.0,0.0,0.0,0.0,0.0,0.0,0.0,0.0,0.0,0.0,0.0,0.0,0.0,0.0,0.0,0.0,0.0,0.0,0.0,0.0,0.0,0.0,0.0,0.0,0.0,0.0,0.0,0.0,0.0,0.0,0.0,,,,,,,,,,,,,,,,,,,,,,,,,,,
apache/couchdb-global-changes,4,0.0,0.0,0.0,0.0,0.0,0.0,0.0,0.0,0.0,0.0,0.0,0.0,,,,,,,0.0,0.0,0.0,0.0,0.0,0.0,0.0,0.0,0.0,0.0,0.0,0.0,0.0,0.0,0.0,0.0,0.0,0.0,0.0,0.0,0.0,0.0,0.0,0.0,0.0,0.0,0.0,0.0,0.0,0.0,0.0,0.0,0.0,0.0,0.0,0.0,0.0,0.0,0.0,0.0,0.0,0.0,0.0,0.0,0.0,0.0,0.0,0.0,,,,,,,,,,,,,,,,,,,,,,,,,,,
apache/couchdb-helm,5,0.0,0.0,0.0,0.0,0.0,0.0,0.0,0.0,0.0,0.0,0.0,0.0,,,,0.0,0.0,0.0,0.4,0.0,0.894427190999916,0.0,0.0,0.0,0.0,0.0,0.0,0.0,0.0,0.0,0.0,0.0,0.0,0.0,0.0,0.0,0.0,0.0,0.0,0.0,0.0,0.0,0.0,0.0,0.0,0.0,0.0,0.0,0.0,0.0,0.0,0.0,0.0,0.0,0.0,0.0,0.0,0.0,0.0,0.0,0.0,0.0,0.0,0.0,0.0,0.0,0.0,0.0,0.0,0.0,0.0,0.0,0.0,0.0,0.0,-0.039450066078860736,0.0,0.06832951881053632,0.0,0.0,0.0,0.0,0.0,0.0,0.0,0.0,0.0,0.0,0.0,0.0,0.0,0.0,0.0
apache/couchdb-hqueue,3,0.0,0.0,0.0,0.0,0.0,0.0,0.0,0.0,0.0,0.0,0.0,0.0,,,,,,,0.0,0.0,0.0,0.0,0.0,0.0,0.0,0.0,0.0,0.0,0.0,0.0,0.0,0.0,0.0,0.0,0.0,0.0,0.0,0.0,0.0,0.0,0.0,0.0,0.0,0.0,0.0,0.0,0.0,0.0,0.0,0.0,0.0,0.0,0.0,0.0,0.0,0.0,0.0,0.0,0.0,0.0,0.0,0.0,0.0,0.0,0.0,0.0,,,,,,,,,,,,,,,,,,,,,,,,,,,
apache/couchdb-hyper,6,0.0,0.0,0.0,0.0,0.0,0.0,0.0,0.0,0.0,0.0,0.0,0.0,,,,,,,0.0,0.0,0.0,0.0,0.0,0.0,0.0,0.0,0.0,0.0,0.0,0.0,0.0,0.0,0.0,0.0,0.0,0.0,0.0,0.0,0.0,0.0,0.0,0.0,0.0,0.0,0.0,0.0,0.0,0.0,0.0,0.0,0.0,0.0,0.0,0.0,0.0,0.0,0.0,0.0,0.0,0.0,0.0,0.0,0.0,0.0,0.0,0.0,,,,,,,,,,,,,,,,,,,,,,,,,,,
apache/couchdb-infra-cm,18,0.0,0.0,0.0,0.0,0.0,0.0,0.0,0.0,0.0,0.0,0.0,0.0,,,,,,,0.0,0.0,0.0,0.0,0.0,0.0,0.0,0.0,0.0,0.0,0.0,0.0,0.0,0.0,0.0,0.0,0.0,0.0,0.0,0.0,0.0,0.0,0.0,0.0,0.0,0.0,0.0,0.0,0.0,0.0,0.0,0.0,0.0,0.0,0.0,0.0,0.0,0.0,0.0,0.0,0.0,0.0,0.0,0.0,0.0,0.0,0.0,0.0,,,,,,,,,,,,,,,,,,,,,,,,,,,
apache/couchdb-ioq,19,0.0,0.0,0.0,0.0,0.0,0.0,0.0,0.0,0.0,0.0,0.0,0.0,,,,,,,0.0,0.0,0.0,0.0,0.0,0.0,0.0,0.0,0.0,0.0,0.0,0.0,0.0,0.0,0.0,0.0,0.0,0.0,0.0,0.0,0.0,0.0,0.0,0.0,0.0,0.0,0.0,0.0,0.0,0.0,0.0,0.0,0.0,0.0,0.0,0.0,0.0,0.0,0.0,0.0,0.0,0.0,0.0,0.0,0.0,0.0,0.0,0.0,,,,,,,,,,,,,,,,,,,,,,,,,,,
apache/couchdb-jaeger-passage,4,0.0,0.0,0.0,0.0,0.0,0.0,0.0,0.0,0.0,0.0,0.0,0.0,,,,,,,0.0,0.0,0.0,0.0,0.0,0.0,0.0,0.0,0.0,0.0,0.0,0.0,0.0,0.0,0.0,0.0,0.0,0.0,0.0,0.0,0.0,0.0,0.0,0.0,0.0,0.0,0.0,0.0,0.0,0.0,0.0,0.0,0.0,0.0,0.0,0.0,0.0,0.0,0.0,0.0,0.0,0.0,0.0,0.0,0.0,0.0,0.0,0.0,,,,,,,,,,,,,,,,,,,,,,,,,,,
apache/couchdb-jiffy,1,0.0,0.0,,0.0,0.0,,0.0,0.0,,0.0,0.0,,,,,,,,0.0,0.0,,0.0,0.0,,0.0,0.0,,0.0,0.0,,0.0,0.0,,0.0,0.0,,0.0,0.0,,0.0,0.0,,0.0,0.0,,0.0,0.0,,0.0,0.0,,0.0,0.0,,0.0,0.0,,0.0,0.0,,0.0,0.0,,0.0,0.0,,,,,,,,,,,,,,,,,,,,,,,,,,,,
apache/couchdb-jquery-couch,1,0.0,0.0,,0.0,0.0,,0.0,0.0,,0.0,0.0,,,,,0.0,0.0,,0.0,0.0,,0.0,0.0,,0.0,0.0,,0.0,0.0,,0.0,0.0,,0.0,0.0,,0.0,0.0,,0.0,0.0,,0.0,0.0,,0.0,0.0,,0.0,0.0,,0.0,0.0,,0.0,0.0,,0.0,0.0,,0.0,0.0,,0.0,0.0,,,,,,,,,,,,,,,,,,,,,,,,,,,,
apache/couchdb-ken,8,0.0,0.0,0.0,0.0,0.0,0.0,0.0,0.0,0.0,0.0,0.0,0.0,,,,,,,0.0,0.0,0.0,0.0,0.0,0.0,0.0,0.0,0.0,0.0,0.0,0.0,0.0,0.0,0.0,0.0,0.0,0.0,0.0,0.0,0.0,0.0,0.0,0.0,0.0,0.0,0.0,0.0,0.0,0.0,0.0,0.0,0.0,0.0,0.0,0.0,0.0,0.0,0.0,0.0,0.0,0.0,0.0,0.0,0.0,0.0,0.0,0.0,,,,,,,,,,,,,,,,,,,,,,,,,,,
apache/couchdb-khash,4,0.0,0.0,0.0,0.0,0.0,0.0,0.0,0.0,0.0,0.0,0.0,0.0,,,,,,,0.0,0.0,0.0,0.0,0.0,0.0,0.0,0.0,0.0,0.0,0.0,0.0,0.0,0.0,0.0,0.0,0.0,0.0,0.0,0.0,0.0,0.0,0.0,0.0,0.0,0.0,0.0,0.0,0.0,0.0,0.0,0.0,0.0,0.0,0.0,0.0,0.0,0.0,0.0,0.0,0.0,0.0,0.0,0.0,0.0,0.0,0.0,0.0,,,,,,,,,,,,,,,,,,,,,,,,,,,
apache/couchdb-mango,5,0.0,0.0,0.0,0.0,0.0,0.0,0.0,0.0,0.0,0.0,0.0,0.0,,,,,,,0.0,0.0,0.0,0.0,0.0,0.0,0.0,0.0,0.0,0.0,0.0,0.0,0.0,0.0,0.0,0.0,0.0,0.0,0.0,0.0,0.0,0.0,0.0,0.0,0.0,0.0,0.0,0.0,0.0,0.0,0.0,0.0,0.0,0.0,0.0,0.0,0.0,0.0,0.0,0.0,0.0,0.0,0.0,0.0,0.0,0.0,0.0,0.0,,,,,,,,,,,,,,,,,,,,,,,,,,,
apache/couchdb-mem3,7,0.0,0.0,0.0,0.0,0.0,0.0,0.0,0.0,0.0,0.0,0.0,0.0,,,,,,,0.0,0.0,0.0,0.0,0.0,0.0,0.0,0.0,0.0,0.0,0.0,0.0,0.0,0.0,0.0,0.0,0.0,0.0,0.0,0.0,0.0,0.0,0.0,0.0,0.0,0.0,0.0,0.0,0.0,0.0,0.0,0.0,0.0,0.0,0.0,0.0,0.0,0.0,0.0,0.0,0.0,0.0,0.0,0.0,0.0,0.0,0.0,0.0,,,,,,,,,,,,,,,,,,,,,,,,,,,
apache/couchdb-nano,53,0.018867924528301886,0.0,0.137360563948689,0.0,0.0,0.0,0.1320754716981132,0.0,0.8329220078239988,0.018867924528301886,0.0,0.137360563948689,0.0,0.0,0.0,0.2952380952380952,0.0,0.9749236844369873,7.830188679245283,0.0,18.074350556538366,1.0377358490566038,0.0,2.586668960941431,0.018867924528301886,0.0,3.987917164278075,0.018867924528301886,0.0,0.137360563948689,0.1320754716981132,0.0,0.8329220078239988,0.0,0.0,0.0,0.24528301886792453,0.0,0.7821484311560958,1.3962264150943395,0.0,4.30268083981241,0.0,0.0,0.0,0.0,0.0,0.0,0.09433962264150944,0.0,0.3543222644058669,0.1509433962264151,0.0,0.7178018372110986,0.0,0.0,0.0,0.22641509433962265,0.0,0.775626531708951,0.018867924528301886,0.0,0.137360563948689,0.0,0.0,0.0,0.025688573022522043,-0.0022538690479545487,0.19382168597568492,0.0,0.0,0.0,-0.17784743989855217,-0.027631885968322223,0.8768239677893969,0.02303115099488462,-0.0028010262960349586,0.17647940954521343,-1.8143154805117294,-0.4981050595979468,2.9364137939594275,-5.016666115350593,-2.410715890504548,7.32728475222612,0.02113879019753879,-0.0042157331159888844,0.18975530457625775,-0.17771405769397897,-0.027631885968322223,0.8764641742131766,0.0,0.0,0.0
apache/couchdb-nmo,3,0.0,0.0,0.0,0.0,0.0,0.0,1.3333333333333333,0.0,2.3094010767585034,0.0,0.0,0.0,0.0,0.0,0.0,0.0,0.0,0.0,34.0,12.0,42.50882261366456,8.333333333333334,5.0,10.408329997330663,5.666666666666667,3.0,7.371114795831994,0.0,0.0,0.0,1.3333333333333333,0.0,2.3094010767585034,0.0,0.0,0.0,1.3333333333333333,0.0,2.3094010767585034,26.666666666666668,0.0,46.18802153517006,0.0,0.0,0.0,1.3333333333333333,0.0,2.3094010767585034,0.0,0.0,0.0,0.0,0.0,0.0,0.0,0.0,0.0,1.3333333333333333,0.0,2.3094010767585034,0.0,0.0,0.0,0.0,0.0,0.0,0.0,0.0,0.0,0.0,0.0,0.0,7.954899238503931,0.0,18.198952206602186,-0.8187134502923984,0.0,1.4180532927464506,5.428940055975232,15.873015873015788,38.13709466996294,11.078725991637763,7.9365079365079225,34.861468701550265,0.0,0.0,0.0,7.954899238503931,0.0,18.198952206602186,0.0,0.0,0.0
apache/couchdb-oauth,1,0.0,0.0,,0.0,0.0,,0.0,0.0,,0.0,0.0,,,,,,,,0.0,0.0,,0.0,0.0,,0.0,0.0,,0.0,0.0,,0.0,0.0,,0.0,0.0,,0.0,0.0,,0.0,0.0,,0.0,0.0,,0.0,0.0,,0.0,0.0,,0.0,0.0,,0.0,0.0,,0.0,0.0,,0.0,0.0,,0.0,0.0,,,,,,,,,,,,,,,,,,,,,,,,,,,,
apache/couchdb-passage,1,0.0,0.0,,0.0,0.0,,0.0,0.0,,0.0,0.0,,,,,,,,0.0,0.0,,0.0,0.0,,0.0,0.0,,0.0,0.0,,0.0,0.0,,0.0,0.0,,0.0,0.0,,0.0,0.0,,0.0,0.0,,0.0,0.0,,0.0,0.0,,0.0,0.0,,0.0,0.0,,0.0,0.0,,0.0,0.0,,0.0,0.0,,,,,,,,,,,,,,,,,,,,,,,,,,,,
apache/couchdb-peruser,2,0.0,0.0,0.0,0.0,0.0,0.0,0.0,0.0,0.0,0.0,0.0,0.0,,,,,,,0.0,0.0,0.0,0.0,0.0,0.0,0.0,0.0,0.0,0.0,0.0,0.0,0.0,0.0,0.0,0.0,0.0,0.0,0.0,0.0,0.0,0.0,0.0,0.0,0.0,0.0,0.0,0.0,0.0,0.0,0.0,0.0,0.0,0.0,0.0,0.0,0.0,0.0,0.0,0.0,0.0,0.0,0.0,0.0,0.0,0.0,0.0,0.0,,,,,,,,,,,,,,,,,,,,,,,,,,,
apache/couchdb-pkg,78,0.0,0.0,0.0,0.0,0.0,0.0,0.0,0.0,0.0,0.0,0.0,0.0,,,,0.0,0.0,0.0,0.0,0.0,0.0,0.0,0.0,0.0,0.0,0.0,0.0,0.0,0.0,0.0,0.0,0.0,0.0,0.0,0.0,0.0,0.0,0.0,0.0,0.0,0.0,0.0,0.0,0.0,0.0,0.0,0.0,0.0,0.0,0.0,0.0,0.0,0.0,0.0,0.0,0.0,0.0,0.0,0.0,0.0,0.0,0.0,0.0,0.0,0.0,0.0,,,,,,,,,,,,,,,,,,,,,,,,,,,
apache/couchdb-rebar,9,0.0,0.0,0.0,0.0,0.0,0.0,0.0,0.0,0.0,0.0,0.0,0.0,,,,,,,0.0,0.0,0.0,0.0,0.0,0.0,0.0,0.0,0.0,0.0,0.0,0.0,0.0,0.0,0.0,0.0,0.0,0.0,0.0,0.0,0.0,0.0,0.0,0.0,0.0,0.0,0.0,0.0,0.0,0.0,0.0,0.0,0.0,0.0,0.0,0.0,0.0,0.0,0.0,0.0,0.0,0.0,0.0,0.0,0.0,0.0,0.0,0.0,,,,,,,,,,,,,,,,,,,,,,,,,,,
apache/couchdb-setup,4,0.0,0.0,0.0,0.0,0.0,0.0,0.0,0.0,0.0,0.0,0.0,0.0,,,,,,,0.0,0.0,0.0,0.0,0.0,0.0,0.0,0.0,0.0,0.0,0.0,0.0,0.0,0.0,0.0,0.0,0.0,0.0,0.0,0.0,0.0,0.0,0.0,0.0,0.0,0.0,0.0,0.0,0.0,0.0,0.0,0.0,0.0,0.0,0.0,0.0,0.0,0.0,0.0,0.0,0.0,0.0,0.0,0.0,0.0,0.0,0.0,0.0,,,,,,,,,,,,,,,,,,,,,,,,,,,
apache/couchdb-smoosh,3,0.0,0.0,0.0,0.0,0.0,0.0,0.0,0.0,0.0,0.0,0.0,0.0,,,,,,,0.0,0.0,0.0,0.0,0.0,0.0,0.0,0.0,0.0,0.0,0.0,0.0,0.0,0.0,0.0,0.0,0.0,0.0,0.0,0.0,0.0,0.0,0.0,0.0,0.0,0.0,0.0,0.0,0.0,0.0,0.0,0.0,0.0,0.0,0.0,0.0,0.0,0.0,0.0,0.0,0.0,0.0,0.0,0.0,0.0,0.0,0.0,0.0,,,,,,,,,,,,,,,,,,,,,,,,,,,
apache/couchdb-snappy,11,0.0,0.0,0.0,0.0,0.0,0.0,0.0,0.0,0.0,0.0,0.0,0.0,,,,,,,0.0,0.0,0.0,0.0,0.0,0.0,0.0,0.0,0.0,0.0,0.0,0.0,0.0,0.0,0.0,0.0,0.0,0.0,0.0,0.0,0.0,0.0,0.0,0.0,0.0,0.0,0.0,0.0,0.0,0.0,0.0,0.0,0.0,0.0,0.0,0.0,0.0,0.0,0.0,0.0,0.0,0.0,0.0,0.0,0.0,0.0,0.0,0.0,,,,,,,,,,,,,,,,,,,,,,,,,,,
apache/couchdb-twig,1,0.0,0.0,,0.0,0.0,,0.0,0.0,,0.0,0.0,,,,,,,,0.0,0.0,,0.0,0.0,,0.0,0.0,,0.0,0.0,,0.0,0.0,,0.0,0.0,,0.0,0.0,,0.0,0.0,,0.0,0.0,,0.0,0.0,,0.0,0.0,,0.0,0.0,,0.0,0.0,,0.0,0.0,,0.0,0.0,,0.0,0.0,,,,,,,,,,,,,,,,,,,,,,,,,,,,
apache/couchdb-www,31,-0.03225806451612903,0.0,0.1796053020267749,0.0,0.0,0.0,0.03225806451612903,0.0,0.65746335602536,0.0,0.0,0.0,,,,0.0,0.0,0.0,2.967741935483871,0.0,36.923780838341166,0.0,0.0,2.065591117977289,0.0,0.0,1.8073922282301278,0.0,0.0,0.2581988897471611,0.03225806451612903,0.0,0.65746335602536,0.0,0.0,0.0,0.0967741935483871,0.0,0.5388159060803248,0.4838709677419355,0.0,2.6940795304016234,0.0,0.0,0.0,0.06451612903225806,0.0,0.3592106040535498,0.0,0.0,0.0,0.03225806451612903,0.0,0.1796053020267749,0.0,0.0,0.0,0.0967741935483871,0.0,0.5388159060803248,0.0,0.0,0.0,0.0,0.0,0.0,-0.05733625136468769,0.0,0.32422170482339424,0.0,0.0,0.0,0.04013606299265472,0.0,0.4126165317492163,0.003129186279687004,0.0,0.02477617725353497,-0.2996440919223269,0.0,2.33497370018975,-0.270161199234879,0.0,2.0638918505567623,0.053208291485256555,0.0,0.537766156010992,0.03879396643033926,0.0,0.4112196285326512,0.0,0.0,0.0
apache/creadur-rat,46,0.0,0.0,0.0,0.0,0.0,0.0,0.0,0.0,0.0,0.0,0.0,0.0,,,,0.0,0.0,0.0,0.8260869565217391,0.0,2.8150732994292387,0.0,0.0,0.0,0.0,0.0,0.0,0.0,0.0,0.0,0.0,0.0,0.0,0.0,0.0,0.0,0.021739130434782608,0.0,0.1474419561548971,0.0,0.0,0.0,0.0,0.0,0.0,0.0,0.0,0.0,0.0,0.0,0.0,0.0,0.0,0.0,0.021739130434782608,0.0,0.1474419561548971,0.021739130434782608,0.0,0.1474419561548971,0.0,0.0,0.0,0.0,0.0,0.0,0.0,0.0,0.0,0.0,0.0,0.0,-0.003420629134495098,-0.0019123457215090012,0.003582356536187469,0.0,0.0,0.0,0.0,0.0,0.0,0.0,0.0,0.0,0.0,0.0,0.0,-0.003420629134495098,-0.0019123457215090012,0.003582356536187469,0.0,0.0,0.0
apache/creadur-tentacles,90,0.0,0.0,0.0,0.0,0.0,0.0,0.0,0.0,0.0,0.0,0.0,0.0,,,,0.0,0.0,,0.03333333333333333,0.0,0.31622776601683794,0.0,0.0,0.0,0.0,0.0,0.0,0.0,0.0,0.0,0.0,0.0,0.0,0.0,0.0,0.0,0.0,0.0,0.0,0.0,0.0,0.0,0.0,0.0,0.0,0.0,0.0,0.0,0.0,0.0,0.0,0.0,0.0,0.0,0.0,0.0,0.0,0.0,0.0,0.0,0.0,0.0,0.0,0.0,0.0,0.0,0.0,0.0,,0.0,0.0,,-2.1367521367521363,-2.1367521367521363,,0.0,0.0,,0.0,0.0,,0.0,0.0,,0.0,0.0,,-2.1367521367521363,-2.1367521367521363,,0.0,0.0,
apache/creadur-whisker,78,0.0,0.0,0.0,0.0,0.0,0.0,0.0,0.0,0.0,0.0,0.0,0.0,,,,0.0,0.0,,0.038461538461538464,0.0,0.33968311024337877,0.0,0.0,0.0,0.0,0.0,0.0,0.0,0.0,0.0,0.0,0.0,0.0,0.0,0.0,0.0,0.0,0.0,0.0,0.0,0.0,0.0,0.0,0.0,0.0,0.0,0.0,0.0,0.0,0.0,0.0,0.0,0.0,0.0,0.0,0.0,0.0,0.0,0.0,0.0,0.0,0.0,0.0,0.0,0.0,0.0,0.0,0.0,,0.0,0.0,,-1.8315018315018357,-1.8315018315018357,,0.0,0.0,,0.0,0.0,,0.0,0.0,,0.0,0.0,,-1.8315018315018357,-1.8315018315018357,,0.0,0.0,
apache/crunch,6,0.0,0.0,0.0,0.0,0.0,0.0,0.0,0.0,0.0,0.0,0.0,0.0,,,,,,,0.0,0.0,0.0,0.0,0.0,0.0,0.0,0.0,0.0,0.0,0.0,0.0,0.0,0.0,0.0,0.0,0.0,0.0,0.0,0.0,0.0,0.0,0.0,0.0,0.0,0.0,0.0,0.0,0.0,0.0,0.0,0.0,0.0,0.0,0.0,0.0,0.0,0.0,0.0,0.0,0.0,0.0,0.0,0.0,0.0,0.0,0.0,0.0,,,,,,,,,,,,,,,,,,,,,,,,,,,
apache/ctakes-site,1,0.0,0.0,,0.0,0.0,,0.0,0.0,,0.0,0.0,,,,,,,,0.0,0.0,,0.0,0.0,,0.0,0.0,,0.0,0.0,,0.0,0.0,,0.0,0.0,,0.0,0.0,,0.0,0.0,,0.0,0.0,,0.0,0.0,,0.0,0.0,,0.0,0.0,,0.0,0.0,,0.0,0.0,,0.0,0.0,,0.0,0.0,,,,,,,,,,,,,,,,,,,,,,,,,,,,
apache/ctakes-website,2,0.0,0.0,0.0,0.0,0.0,0.0,1.0,1.0,1.4142135623730951,0.0,0.0,0.0,,,,0.0,0.0,,60.5,60.5,85.55992052357225,0.0,0.0,0.0,0.0,0.0,0.0,0.0,0.0,0.0,1.0,1.0,1.4142135623730951,0.0,0.0,0.0,1.0,1.0,1.4142135623730951,5.0,5.0,7.0710678118654755,0.0,0.0,0.0,0.0,0.0,0.0,1.0,1.0,1.4142135623730951,0.0,0.0,0.0,0.0,0.0,0.0,1.0,1.0,1.4142135623730951,0.0,0.0,0.0,0.0,0.0,0.0,,,,,,,,,,,,,,,,,,,,,,,,,,,
apache/curator,52,0.0,0.0,0.0,0.0,0.0,0.0,0.0,0.0,0.0,0.0,0.0,0.0,,,,0.0,0.0,0.0,-0.11538461538461539,0.0,1.6879485884960275,0.0,0.0,0.0,0.0,0.0,0.0,0.0,0.0,0.0,0.0,0.0,0.0,0.0,0.0,0.0,0.0,0.0,0.0,0.0,0.0,0.0,0.0,0.0,0.0,0.0,0.0,0.0,0.0,0.0,0.0,0.0,0.0,0.0,0.0,0.0,0.0,0.0,0.0,0.0,0.0,0.0,0.0,0.0,0.0,0.0,0.0,0.0,0.0,0.0,0.0,0.0,0.0,0.0,0.0,0.0,0.0,0.0,0.0,0.0,0.0,0.0,0.0,0.0,0.0,0.0,0.0,0.0,0.0,0.0,0.0,0.0,0.0
apache/curator-site,9,0.0,0.0,0.0,0.0,0.0,0.0,0.0,0.0,0.0,0.0,0.0,0.0,,,,,,,0.0,0.0,0.0,0.0,0.0,0.0,0.0,0.0,0.0,0.0,0.0,0.0,0.0,0.0,0.0,0.0,0.0,0.0,0.0,0.0,0.0,0.0,0.0,0.0,0.0,0.0,0.0,0.0,0.0,0.0,0.0,0.0,0.0,0.0,0.0,0.0,0.0,0.0,0.0,0.0,0.0,0.0,0.0,0.0,0.0,0.0,0.0,0.0,,,,,,,,,,,,,,,,,,,,,,,,,,,
apache/cxf-build-utils,76,0.0,0.0,0.0,0.0,0.0,0.0,0.0,0.0,0.0,0.0,0.0,0.0,,,,0.0,0.0,0.0,0.039473684210526314,0.0,0.25512294937587565,0.0,0.0,0.0,0.0,0.0,0.0,0.0,0.0,0.0,0.0,0.0,0.0,0.0,0.0,0.0,0.0,0.0,0.0,0.0,0.0,0.0,0.0,0.0,0.0,0.0,0.0,0.0,0.0,0.0,0.0,0.0,0.0,0.0,0.0,0.0,0.0,0.0,0.0,0.0,0.0,0.0,0.0,0.0,0.0,0.0,0.0,0.0,0.0,0.0,0.0,0.0,0.0,0.0,0.0,0.0,0.0,0.0,0.0,0.0,0.0,0.0,0.0,0.0,0.0,0.0,0.0,0.0,0.0,0.0,0.0,0.0,0.0
apache/cxf-dosgi,5,0.0,0.0,0.0,0.0,0.0,0.0,0.0,0.0,0.0,0.0,0.0,0.0,,,,0.0,0.0,0.0,1.0,0.0,2.23606797749979,0.0,0.0,0.0,0.0,0.0,0.0,0.0,0.0,0.0,0.0,0.0,0.0,0.0,0.0,0.0,0.0,0.0,0.0,0.0,0.0,0.0,0.0,0.0,0.0,0.0,0.0,0.0,0.0,0.0,0.0,0.0,0.0,0.0,0.0,0.0,0.0,0.0,0.0,0.0,0.0,0.0,0.0,0.0,0.0,0.0,0.0,0.0,0.0,0.0,0.0,0.0,0.0,0.0,0.0,0.0,0.0,0.0,0.0,0.0,0.0,0.0,0.0,0.0,0.0,0.0,0.0,0.0,0.0,0.0,0.0,0.0,0.0
apache/cxf-fediz,45,0.0,0.0,0.0,0.0,0.0,0.0,0.0,0.0,0.0,0.0,0.0,0.0,,,,0.0,0.0,0.0,0.6888888888888889,0.0,2.6183115848873975,0.0,0.0,0.0,0.0,0.0,0.0,0.0,0.0,0.0,0.0,0.0,0.0,0.0,0.0,0.0,0.0,0.0,0.0,0.0,0.0,0.0,0.0,0.0,0.0,0.0,0.0,0.0,0.0,0.0,0.0,0.0,0.0,0.0,0.0,0.0,0.0,0.0,0.0,0.0,0.0,0.0,0.0,0.0,0.0,0.0,0.0,0.0,0.0,0.0,0.0,0.0,-0.01507783331595624,0.0,0.05013688156285204,0.0,0.0,0.0,0.0,0.0,0.0,0.0,0.0,0.0,0.0,0.0,0.0,-0.01507783331595624,0.0,0.05013688156285204,0.0,0.0,0.0
apache/cxf-xjc-utils,75,0.0,0.0,0.0,0.0,0.0,0.0,0.0,0.0,0.0,0.0,0.0,0.0,,,,0.0,0.0,0.0,0.6133333333333333,0.0,5.117255739779507,0.0,0.0,0.0,0.0,0.0,0.0,0.0,0.0,0.0,0.0,0.0,0.0,0.0,0.0,0.0,0.0,0.0,0.0,0.0,0.0,0.0,0.0,0.0,0.0,0.0,0.0,0.0,0.0,0.0,0.0,0.0,0.0,0.0,0.0,0.0,0.0,0.0,0.0,0.0,0.0,0.0,0.0,0.0,0.0,0.0,0.0,0.0,0.0,0.0,0.0,0.0,0.0,0.0,0.0,0.0,0.0,0.0,0.0,0.0,0.0,0.0,0.0,0.0,0.0,0.0,0.0,0.0,0.0,0.0,0.0,0.0,0.0
apache/daffodil,38,0.0,0.0,0.0,0.0,0.0,0.0,0.15789473684210525,0.0,0.7175904044928411,0.0,0.0,0.0,0.0,0.0,0.0,0.0090909090909091,0.0,0.04264014327112212,1.9210526315789473,0.0,7.997910466802744,-0.47368421052631576,0.0,8.503534534136818,0.2894736842105263,0.0,2.9400119023186364,0.0,0.0,0.0,0.15789473684210525,0.0,0.7175904044928411,0.0,0.0,0.0,0.21052631578947367,0.0,0.7409962153618966,0.7105263157894737,0.0,4.349016010093032,0.0,0.0,0.0,0.0,0.0,0.0,0.0,0.0,0.0,0.21052631578947367,0.0,0.7409962153618966,0.0,0.0,0.0,0.21052631578947367,0.0,0.7409962153618966,0.0,0.0,0.0,0.0,0.0,0.0,0.0,0.0,0.0,0.0,0.0,0.0,-0.2612582267756455,0.0,1.7496943744138673,0.004597919223755076,0.0,0.021566152789495915,-0.5351890787662434,0.0,5.017893870706557,1.257998136530155,0.0,12.112651201045484,0.0,0.0,0.0,-0.2612582267756455,0.0,1.7496943744138673,0.0,0.0,0.0
apache/daffodil-sbt,43,0.0,0.0,0.0,0.0,0.0,0.0,-0.4186046511627907,0.0,2.442018662807813,0.0,0.0,0.0,0.0,0.0,0.0,0.0,0.0,0.0,-15.465116279069768,0.0,125.89363402287727,-0.813953488372093,0.0,8.361635218161258,-0.7674418604651163,0.0,7.144219139250598,0.0,0.0,0.0,-0.4186046511627907,0.0,2.442018662807813,0.0,0.0,0.0,0.23255813953488372,0.0,0.6487060124485764,2.6744186046511627,0.0,6.527308678353029,0.0,0.0,0.0,0.20930232558139536,0.0,0.599926167476494,0.0,0.0,0.0,0.023255813953488372,0.0,0.15249857033260467,0.0,0.0,0.0,0.23255813953488372,0.0,0.6487060124485764,0.0,0.0,0.0,0.0,0.0,0.0,0.0,0.0,0.0,0.0,0.0,0.0,-4.245615086192865,-0.1032302464622128,17.773061053066883,0.0,0.0,0.0,-2.6299426136316146,0.0,16.244575518585233,-0.20753915692740413,0.0,3.6477574669741903,0.0,0.0,0.0,-4.245615086192865,-0.1032302464622128,17.773061053066883,0.0,0.0,0.0
apache/daffodil-schema.g8,7,0.0,0.0,0.0,0.0,0.0,0.0,0.0,0.0,0.0,0.0,0.0,0.0,,,,0.0,0.0,0.0,0.0,0.0,0.0,0.0,0.0,0.0,0.0,0.0,0.0,0.0,0.0,0.0,0.0,0.0,0.0,0.0,0.0,0.0,0.0,0.0,0.0,0.0,0.0,0.0,0.0,0.0,0.0,0.0,0.0,0.0,0.0,0.0,0.0,0.0,0.0,0.0,0.0,0.0,0.0,0.0,0.0,0.0,0.0,0.0,0.0,0.0,0.0,0.0,,,,,,,,,,,,,,,,,,,,,,,,,,,
apache/daffodil-site,32,0.0,0.0,0.0,0.0,0.0,0.0,0.0,0.0,0.0,0.0,0.0,0.0,,,,0.0,0.0,0.0,0.0,0.0,0.0,0.0,0.0,0.0,0.0,0.0,0.0,0.0,0.0,0.0,0.0,0.0,0.0,0.0,0.0,0.0,0.0,0.0,0.0,0.0,0.0,0.0,0.0,0.0,0.0,0.0,0.0,0.0,0.0,0.0,0.0,0.0,0.0,0.0,0.0,0.0,0.0,0.0,0.0,0.0,0.0,0.0,0.0,0.0,0.0,0.0,0.0,0.0,0.0,0.0,0.0,0.0,0.0,0.0,0.0,0.0,0.0,0.0,0.0,0.0,0.0,0.0,0.0,0.0,0.0,0.0,0.0,0.0,0.0,0.0,0.0,0.0,0.0
apache/daffodil-vscode,25,0.0,0.0,0.0,0.0,0.0,0.0,-0.08,0.0,0.3999999999999999,0.0,0.0,0.0,0.0,0.0,,0.0,0.0,,-0.2,0.0,1.0,-0.04,0.0,0.19999999999999996,-0.04,0.0,0.19999999999999996,0.0,0.0,0.0,-0.08,0.0,0.3999999999999999,0.0,0.0,0.0,0.0,0.0,0.0,0.0,0.0,0.0,0.0,0.0,0.0,0.0,0.0,0.0,0.0,0.0,0.0,0.0,0.0,0.0,0.0,0.0,0.0,0.0,0.0,0.0,0.0,0.0,0.0,0.0,0.0,0.0,0.0,0.0,,0.0,0.0,,-1.5157008410450956,-1.5157008410450956,,0.0034463411574469083,0.0034463411574469083,,-0.25985412327148083,-0.25985412327148083,,-0.34945899336509,-0.34945899336509,,0.027570729259575266,0.027570729259575266,,-1.5191471822025449,-1.5191471822025449,,0.0,0.0,
apache/datafu,18,0.0,0.0,0.0,0.0,0.0,0.0,-0.05555555555555555,0.0,0.2357022603955158,0.05555555555555555,0.0,0.2357022603955158,0.0,0.0,0.0,-0.17272727272727273,0.0,0.5728715546977509,6.777777777777778,0.0,16.909988539863082,1.1111111111111112,0.0,2.166289559942608,0.3333333333333333,0.0,0.7669649888473705,0.0,0.0,0.0,-0.05555555555555555,0.0,0.2357022603955158,0.0,0.0,0.0,0.05555555555555555,0.0,0.23570226039551584,0.2222222222222222,0.0,0.6467616667635545,0.0,0.0,0.0,0.0,0.0,0.0,0.0,0.0,0.0,0.05555555555555555,0.0,0.23570226039551584,0.0,0.0,0.0,0.05555555555555555,0.0,0.23570226039551584,0.0,0.0,0.0,0.0,0.0,0.0,0.5484711367064308,0.0,1.819072968794954,0.0,0.0,0.0,-2.9614834450347143,-0.35082923273191113,6.9360039039411525,5.642633228840126,0.0,18.714497249654297,1.967717830179025,1.7322834645669332,2.4431800892887203,0.3906005079217252,0.0,3.3082778427158352,0.5484711367064308,0.0,1.819072968794954,-2.9614834450347143,-0.35082923273191113,6.9360039039411525,0.0,0.0,0.0
apache/datafusion-ballista-python,2,0.0,0.0,0.0,0.0,0.0,0.0,0.0,0.0,0.0,0.0,0.0,0.0,,,,0.0,0.0,,1.5,1.5,2.1213203435596424,0.0,0.0,0.0,0.0,0.0,0.0,0.0,0.0,0.0,0.0,0.0,0.0,0.0,0.0,0.0,0.0,0.0,0.0,0.0,0.0,0.0,0.0,0.0,0.0,0.0,0.0,0.0,0.0,0.0,0.0,0.0,0.0,0.0,0.0,0.0,0.0,0.0,0.0,0.0,0.0,0.0,0.0,0.0,0.0,0.0,0.0,0.0,,0.0,0.0,,0.0,0.0,,0.0,0.0,,-1.6232816613044747,-1.6232816613044747,,-0.13161743199766107,-0.13161743199766107,,0.0,0.0,,0.0,0.0,,0.0,0.0,
apache/datafusion-benchmarks,6,0.0,0.0,0.0,0.0,0.0,0.0,0.0,0.0,0.0,0.0,0.0,0.0,0.0,0.0,0.0,0.0,0.0,0.0,19.333333333333332,9.5,32.17245198406032,1.5,1.5,1.6431676725154984,3.1666666666666665,2.5,3.5449494589721118,-0.16666666666666666,0.0,0.408248290463863,0.0,0.0,0.0,-0.16666666666666666,0.0,0.408248290463863,0.6666666666666666,0.5,0.816496580927726,6.666666666666667,2.5,8.75595035770913,0.0,0.0,0.0,0.3333333333333333,0.0,0.5163977794943222,0.16666666666666666,0.0,0.408248290463863,0.16666666666666666,0.0,0.408248290463863,0.0,0.0,0.0,0.6666666666666666,0.5,0.816496580927726,0.0,0.0,0.0,0.0,0.0,0.0,-0.5441014237193909,0.0,0.7537559213665935,0.0,0.0,0.0,-4.505294092747346,-3.5958904109589085,4.596440188883047,-7.097092483156862,-1.5218769816106512,14.026321843160368,-14.330423059678258,12.324929971988809,64.59300929838064,-19.114156840830105,19.93464052287584,117.6746748833707,-2.953739977936258,0.0,5.957361161034405,-4.505294092747346,-3.5958904109589085,4.596440188883047,-2.4096385542168672,0.0,5.388115608433227
apache/datafusion-python,7,0.0,0.0,0.0,0.0,0.0,0.0,0.0,0.0,0.0,0.0,0.0,0.0,,,,0.0,0.0,0.0,5.0,0.0,8.925618559330589,1.5714285714285714,0.0,2.699206232527312,0.42857142857142855,0.0,1.1338934190276817,0.0,0.0,0.0,0.0,0.0,0.0,0.0,0.0,0.0,0.0,0.0,0.0,0.0,0.0,0.0,0.0,0.0,0.0,0.0,0.0,0.0,0.0,0.0,0.0,0.0,0.0,0.0,0.0,0.0,0.0,0.0,0.0,0.0,0.0,0.0,0.0,0.0,0.0,0.0,0.0,0.0,0.0,0.0,0.0,0.0,0.0,0.0,0.0,0.0,0.0,0.0,1.8500331671882908,2.27592640407795,1.678121317127591,0.3079177452653781,0.0,0.9143465105159195,0.0,0.0,0.0,0.0,0.0,0.0,0.0,0.0,0.0
apache/datafusion-ray,17,0.0,0.0,0.0,0.0,0.0,0.0,0.0,0.0,0.0,0.0,0.0,0.0,,,,0.0,0.0,0.0,-74.52941176470588,0.0,300.90615597870766,-10.176470588235293,0.0,41.44610249184724,-3.823529411764706,0.0,15.009310835768106,0.0,0.0,0.0,0.0,0.0,0.0,0.0,0.0,0.0,0.0,0.0,0.0,0.0,0.0,0.0,0.0,0.0,0.0,0.0,0.0,0.0,0.0,0.0,0.0,0.0,0.0,0.0,0.0,0.0,0.0,0.0,0.0,0.0,0.0,0.0,0.0,0.0,0.0,0.0,0.0,0.0,0.0,0.0,0.0,0.0,0.0,0.0,0.0,0.0,0.0,0.0,1.0249606797242212,0.3855421686747036,1.4542280629141644,-1.3876628174295458,0.0,2.5438914059059865,0.0,0.0,0.0,0.0,0.0,0.0,0.0,0.0,0.0
apache/datafusion-sandbox,5,0.0,0.0,0.0,0.0,0.0,0.0,0.0,0.0,0.0,0.0,0.0,0.0,,,,,,,0.0,0.0,0.0,0.0,0.0,0.0,0.0,0.0,0.0,0.0,0.0,0.0,0.0,0.0,0.0,0.0,0.0,0.0,0.0,0.0,0.0,0.0,0.0,0.0,0.0,0.0,0.0,0.0,0.0,0.0,0.0,0.0,0.0,0.0,0.0,0.0,0.0,0.0,0.0,0.0,0.0,0.0,0.0,0.0,0.0,0.0,0.0,0.0,,,,,,,,,,,,,,,,,,,,,,,,,,,
apache/datafusion-site,15,0.0,0.0,0.0,0.0,0.0,0.0,0.5333333333333333,0.0,3.9436507137905803,0.0,0.0,0.3779644730092272,,,,0.0,0.0,0.0,-3.066666666666667,0.0,55.36433440229842,1.0666666666666667,0.0,4.495500395898526,0.8,0.0,3.0983866769659336,-0.4666666666666667,0.0,1.8073922282301278,0.5333333333333333,0.0,3.9436507137905803,0.0,0.0,0.0,1.0,0.0,3.359421718944242,5.0,0.0,16.797108594721212,0.0,0.0,0.0,0.0,0.0,0.0,1.0,0.0,3.359421718944242,0.0,0.0,0.0,0.0,0.0,0.0,1.0,0.0,3.359421718944242,0.0,0.0,0.0,0.0,0.0,0.0,0.0,0.0,0.0,0.0,0.0,0.0,18.168114950675175,0.0,69.1471487921792,-3.3955857385398986,0.0,27.355020796092127,28.69085489773231,-6.038647342995169,71.83307458816203,23.255813953488374,0.0,56.96487773914369,-11.411648411217934,0.0,17.680831155264194,23.804185804137333,0.0,65.33565206970589,0.0,0.0,0.0
apache/datafusion-sqlparser-rs,16,0.0,0.0,0.0,0.0,0.0,0.0,0.3125,0.0,0.6020797289396148,0.0,0.0,0.0,,,,-7.401486830834377e-18,0.0,0.07559289460184543,85.75,36.0,164.07498285844798,20.25,9.0,39.5550249652304,15.375,3.5,37.830983774326214,0.0,0.0,0.0,0.3125,0.0,0.6020797289396148,0.0,0.0,0.0,0.3125,0.0,0.6020797289396148,1.875,0.0,3.6124783736376886,0.0,0.0,0.0,0.3125,0.0,0.6020797289396148,0.0,0.0,0.0,0.0,0.0,0.0,0.0,0.0,0.0,0.3125,0.0,0.6020797289396148,0.0,0.0,0.0,0.0,0.0,0.0,0.0,0.0,0.0,0.0,0.0,0.0,0.004707219559938173,0.0,0.017318871458779816,0.0,0.0,0.0,-2.0146199331921366,0.049307344920521246,6.7429298640467215,0.10197086208293697,0.10739161092078575,5.441266109532825,0.0,0.0,0.0,0.004707219559938173,0.0,0.017318871458779816,0.0,0.0,0.0
apache/datafusion-testing,2,0.0,0.0,0.0,0.0,0.0,0.0,0.0,0.0,0.0,0.0,0.0,0.0,,,,,,,0.0,0.0,0.0,0.0,0.0,0.0,0.0,0.0,0.0,0.0,0.0,0.0,0.0,0.0,0.0,0.0,0.0,0.0,0.0,0.0,0.0,0.0,0.0,0.0,0.0,0.0,0.0,0.0,0.0,0.0,0.0,0.0,0.0,0.0,0.0,0.0,0.0,0.0,0.0,0.0,0.0,0.0,0.0,0.0,0.0,0.0,0.0,0.0,,,,,,,,,,,,,,,,,,,,,,,,,,,
apache/datasketches-bigquery,33,0.0,0.0,0.0,0.0,0.0,0.0,0.0,0.0,0.0,0.0,0.0,0.0,,,,,,,0.0,0.0,0.0,0.0,0.0,0.0,0.0,0.0,0.0,0.0,0.0,0.0,0.0,0.0,0.0,0.0,0.0,0.0,0.0,0.0,0.0,0.0,0.0,0.0,0.0,0.0,0.0,0.0,0.0,0.0,0.0,0.0,0.0,0.0,0.0,0.0,0.0,0.0,0.0,0.0,0.0,0.0,0.0,0.0,0.0,0.0,0.0,0.0,,,,,,,,,,,,,,,,,,,,,,,,,,,
apache/datasketches-characterization,37,0.0,0.0,0.0,0.0,0.0,0.0,0.0,0.0,0.0,0.0,0.0,0.0,0.0,0.0,,0.0,0.0,,0.0,0.0,0.0,0.0,0.0,0.0,0.0,0.0,0.0,0.0,0.0,0.0,0.0,0.0,0.0,0.0,0.0,0.0,0.0,0.0,0.0,0.0,0.0,0.0,0.0,0.0,0.0,0.0,0.0,0.0,0.0,0.0,0.0,0.0,0.0,0.0,0.0,0.0,0.0,0.0,0.0,0.0,0.0,0.0,0.0,0.0,0.0,0.0,0.0,0.0,,0.0,0.0,,0.0,0.0,,0.0,0.0,,0.0,0.0,,0.0,0.0,,0.0,0.0,,0.0,0.0,,0.0,0.0,
apache/datasketches-cpp,54,0.0,0.0,0.0,0.0,0.0,0.0,0.0,0.0,0.0,0.0,0.0,0.0,,,,,,,0.0,0.0,0.0,0.0,0.0,0.0,0.0,0.0,0.0,0.0,0.0,0.0,0.0,0.0,0.0,0.0,0.0,0.0,0.0,0.0,0.0,0.0,0.0,0.0,0.0,0.0,0.0,0.0,0.0,0.0,0.0,0.0,0.0,0.0,0.0,0.0,0.0,0.0,0.0,0.0,0.0,0.0,0.0,0.0,0.0,0.0,0.0,0.0,,,,,,,,,,,,,,,,,,,,,,,,,,,
apache/datasketches-go,34,0.0,0.0,0.0,0.0,0.0,0.0,0.08823529411764706,0.0,0.3788057036804223,0.0,0.0,0.0,0.0,0.0,0.0,0.8571428571428571,0.0,3.5987064107381466,26.0,1.0,46.853090839475264,3.264705882352941,0.0,6.792637830677581,4.029411764705882,0.0,9.11371026503525,0.0,0.0,0.0,0.08823529411764706,0.0,0.3788057036804223,0.0,0.0,0.0,0.17647058823529413,0.0,0.3869529949759475,1.2352941176470589,0.0,4.729397575381557,0.0,0.0,0.0,0.17647058823529413,0.0,0.3869529949759475,0.0,0.0,0.0,0.0,0.0,0.0,0.0,0.0,0.0,0.17647058823529413,0.0,0.3869529949759475,0.0,0.0,0.0,0.0,0.0,0.0,0.0,0.0,0.0,0.0,0.0,0.0,0.20610132308172455,0.0,1.307999819630168,0.0,0.0,0.0,-4.777717774789563,-0.207916943518633,29.04849993509966,-5.399336944802352,0.0,58.23921347280458,0.0,0.0,0.0,0.20610132308172455,0.0,1.307999819630168,0.0,0.0,0.0
apache/datasketches-hive,25,-0.4,0.0,0.816496580927726,0.0,0.0,0.0,-1.44,0.0,3.3674916480965473,0.0,0.0,0.0,,,,,,,-93.96,0.0,217.0020122794564,-0.2,0.0,0.408248290463863,0.0,0.0,0.0,-0.4,0.0,0.816496580927726,-1.44,0.0,3.3674916480965473,0.0,0.0,0.0,0.0,0.0,0.0,0.0,0.0,0.0,0.0,0.0,0.0,0.0,0.0,0.0,0.0,0.0,0.0,0.0,0.0,0.0,0.0,0.0,0.0,0.0,0.0,0.0,0.0,0.0,0.0,0.0,0.0,0.0,,,,,,,,,,,,,,,,,,,,,,,,,,,
apache/datasketches-java,31,-0.1935483870967742,0.0,0.7491931143441223,0.0,0.0,0.0,-1.7419354838709677,0.0,6.742738029097102,0.0,0.0,0.0,,,,,,,-15.548387096774194,0.0,60.18518018564449,-0.12903225806451613,0.0,0.4994620762294149,0.0,0.0,0.0,-0.1935483870967742,0.0,0.7491931143441223,-1.7419354838709677,0.0,6.742738029097102,0.0,0.0,0.0,0.0,0.0,0.0,0.0,0.0,0.0,0.0,0.0,0.0,0.0,0.0,0.0,0.0,0.0,0.0,0.0,0.0,0.0,0.0,0.0,0.0,0.0,0.0,0.0,0.0,0.0,0.0,0.0,0.0,0.0,,,,,,,,,,,,,,,,,,,,,,,,,,,
apache/kylin,53,0.0,0.0,0.0,0.0,0.0,0.0,0.018867924528301886,0.0,0.137360563948689,0.0,0.0,0.0,0.0,0.0,0.0,0.22000000000000003,0.0,1.5830350596243912,3.018867924528302,0.0,13.620531117563965,0.22641509433962265,0.0,1.0677350116730249,0.11320754716981132,0.0,0.5771407426832919,0.0,0.0,0.0,0.018867924528301886,0.0,0.137360563948689,0.0,0.0,0.0,0.018867924528301886,0.0,0.137360563948689,0.18867924528301888,0.0,1.3736056394868905,0.0,0.0,0.0,0.018867924528301886,0.0,0.137360563948689,0.0,0.0,0.0,0.0,0.0,0.0,0.0,0.0,0.0,0.018867924528301886,0.0,0.137360563948689,0.0,0.0,0.0,0.0,0.0,0.0,0.0,0.0,0.0,0.0,0.0,0.0,0.11937133671170339,0.0,0.8381553380608548,0.0,0.0,0.0,0.2243563728442936,0.0,5.635214061534226,-0.750808306324714,0.0,4.259257141524255,0.0,0.0,0.0,0.11937133671170339,0.0,0.8381553380608548,0.0,0.0,0.0
apache/nuttx,56,0.017857142857142856,0.0,0.13363062095621217,0.0,0.0,0.0,0.2857142857142857,0.0,1.510138894446296,0.0,0.0,0.0,0.0,0.0,0.0,0.0,0.0,0.0,17.071428571428573,0.0,89.53777407894943,4.892857142857143,0.0,25.65695267913204,7.589285714285714,0.0,40.136030870353565,0.017857142857142856,0.0,0.13363062095621217,0.2857142857142857,0.0,1.510138894446296,0.0,0.0,0.0,0.30357142857142855,0.0,1.5945320528394742,3.9285714285714284,0.0,22.170297199678625,0.0,0.0,0.0,0.21428571428571427,0.0,1.1865041962809098,0.05357142857142857,0.0,0.4008918628686366,0.03571428571428571,0.0,0.1872563351797078,0.0,0.0,0.0,0.2857142857142857,0.0,1.510138894446296,0.017857142857142856,0.0,0.13363062095621217,0.0,0.0,0.0,0.00037213092062682307,0.0,0.004663035047196255,-3.3965739938824016e-05,0.0,0.00017828706523643833,-0.03341219785906776,0.0,0.1761584597633463,-0.0009850064582258963,0.0,0.005170324891856711,0.08674722075915652,0.0,0.4549252427581911,0.21637291952154364,0.0,1.1566706482379039,0.00037213092062682307,0.0,0.004663035047196255,-0.03341219785906776,0.0,0.1761584597633463,-3.3965739938824016e-05,0.0,0.00017828706523643833
apache/sqoop,10,0.0,0.0,0.0,0.0,0.0,0.0,-0.6,0.0,0.9660917830792959,0.0,0.0,0.0,0.0,0.0,0.0,0.0,0.0,0.0,-164.4,0.0,264.7091485637271,0.0,0.0,0.0,0.0,0.0,0.0,0.0,0.0,0.0,-0.6,0.0,0.9660917830792959,0.0,0.0,0.0,0.0,0.0,0.0,0.0,0.0,0.0,0.0,0.0,0.0,0.0,0.0,0.0,0.0,0.0,0.0,0.0,0.0,0.0,0.0,0.0,0.0,0.0,0.0,0.0,0.0,0.0,0.0,0.0,0.0,0.0,0.013989530827386298,0.0,0.022525284635787342,0.0,0.0,0.0,0.3000601192428805,0.0,0.48314269271723426,0.0,0.0,0.0,0.6714974797145423,0.0,1.0812136625177926,0.6994765413693147,0.0,1.1262642317893667,0.013989530827386298,0.0,0.022525284635787342,0.3000601192428805,0.0,0.48314269271723426,0.0,0.0,0.0
